id,billno,biztime,org_name,billtype_name,biztype_name,supplier_number,supplier_name,operatorname,huid_xycg_operatorname,createtime,auditdate,entry_id,material_number,material_name,qty,taxrate,tax_price,deliverdate,srcbillentryid,srcbillid,srcbillnumber,invqty,returnqty,actqty,rowclosestatus_title,rowterminatestatus_title
0000040020,01-HDKJ-CGDD-260427-014383,2026-04-27,新疆友农科技集团,生产项目采购订单,物料类采购,76904023,东莞市康顺连接科技有线公司,姚秀磊,谭磊子,2026-04-27 16:31:10,2026-04-27 16:46:50,0000040021,363-000538,称重传感器线束,40.00,13.00,0,2026-03-20,0000029190,0000029159,CGSQ-260309-000003,40.00,0.00,40.00,已关闭,正常
0000039996,01-HDKJ-CGDD-260427-014381,2026-04-27,新疆友农科技集团,生产项目采购订单,物料类采购,51204043,凯乐伯精倕塑胶模具（苏州）有限公司,王涛磊,朱英,2026-04-27 15:30:20,2026-04-27 17:29:13,0000039997,165-002351,YN525加药口过滤网,500.00,13.00,0,2026-05-31,0000039190,0000039185,CGSQ-260423-000006,383.00,0.00,383.00,正常,正常
0000039993,01-HDKJ-CGDD-260427-014379,2026-04-27,新疆友农科技集团,生产项目采购订单,物料类采购,76904023,东莞市康顺连接科技有线公司,王涛磊,朱英,2026-04-27 15:25:46,2026-04-27 17:29:37,0000039995,356-000530,8P连接器板端_插针0.64mm_棕色,55.00,13.00,0,2026-06-19,0000039643,0000039642,CGSQ-260424-000030,55.00,0.00,55.00,已关闭,正常
0000039993,01-HDKJ-CGDD-260427-014379,2026-04-27,新疆友农科技集团,生产项目采购订单,物料类采购,76904023,东莞市康顺连接科技有线公司,王涛磊,朱英,2026-04-27 15:25:46,2026-04-27 17:29:37,0000039994,356-000282,8芯（4+4）连接器板端_插针_黑色,55.00,13.00,0,2026-06-19,0000039644,0000039642,CGSQ-260424-000030,55.00,0.00,55.00,已关闭,正常
0000039991,01-HDKJ-CGDD-260427-014370,2026-04-27,新疆友农科技集团,生产项目采购订单,物料类采购,51204045,超城紧伱系统（苏州）有限公司,计意强,骆富英,2026-04-27 15:10:06,2026-04-27 16:09:33,0000039992,849-001156,M4*7_不锈钢大平头倒边内六角机牙螺丝_整圈耐落,11000.00,13.00,0,2026-04-27,0000039200,0000039185,CGSQ-260423-000006,11000.00,0.00,11000.00,已关闭,正常
0000039989,01-HDKJ-CGDD-260427-014369,2026-04-27,新疆友农科技集团,生产项目采购订单,物料类采购,75504018,深圳康宏电子实业有限公司,计意强,葛霞,2026-04-27 15:10:00,2026-04-28 21:47:10,0000039990,321-000604,GPS模块B40S_P0_PCB,100.00,13.00,0,2026-04-27,0000030809,0000030799,CGSQ-260318-000012,100.00,0.00,100.00,已关闭,正常
0000039987,01-HDKJ-CGDD-260427-014367,2026-04-27,新疆友农科技集团,生产项目采购订单,物料类采购,75504068,深圳乩浩达多层线路板有限公司,计意强,葛霞,2026-04-27 15:09:50,2026-04-27 16:10:03,0000039988,321-000571,YC632_P2_PCB,1150.00,13.00,0,2026-04-27,0000039636,0000039637,CGSQ-260424-000026,1150.00,0.00,1150.00,已关闭,正常
0000039975,01-HDKJ-CGDD-260427-014363,2026-04-27,新疆友农科技集团,生产项目采购订单,物料类采购,02102087,上海朗速电子科技有限公司,计意强,缪财艳,2026-04-27 14:10:52,2026-04-27 16:10:35,0000039974,733-000020,绕线贴片功率电感,10000.00,13.00,0,2026-04-01,0000031503,0000031506,CGSQ-260323-000010,10000.00,0.00,10000.00,已关闭,正常
0000039975,01-HDKJ-CGDD-260427-014363,2026-04-27,新疆友农科技集团,生产项目采购订单,物料类采购,02102087,上海朗速电子科技有限公司,计意强,缪财艳,2026-04-27 14:10:52,2026-04-27 16:10:35,0000039976,733-000020,绕线贴片功率电感,4000.00,13.00,0,2026-03-23,0000029312,0000029335,CGSQ-260309-000017,4000.00,0.00,4000.00,已关闭,正常
0000039970,01-HDKJ-CGDD-260427-014355,2026-04-27,新疆友农科技集团,生产项目采购订单,物料类采购,5120233,苏州友为达电子科技有限公司,计意强,缪财艳,2026-04-27 10:20:33,,0000039971,725-000041,贴片陶瓷电容,35723.00,13.00,0,2026-07-03,0000039687,0000039683,CGSQ-260424-000031,0.00,0.00,0.00,已关闭,正常
0000039967,01-HDKJ-CGDD-260427-014354,2026-04-27,新疆友农科技集团,生产项目采购订单,物料类采购,75502049,深圳市阳和通甸子有限公司,计意强,缪财艳,2026-04-27 10:19:56,,0000039969,725-000359,贴片陶瓷电容,101804.00,13.00,0,2026-07-10,0000039686,0000039683,CGSQ-260424-000031,0.00,0.00,0.00,已关闭,正常
0000039967,01-HDKJ-CGDD-260427-014354,2026-04-27,新疆友农科技集团,生产项目采购订单,物料类采购,75502049,深圳市阳和通甸子有限公司,计意强,缪财艳,2026-04-27 10:19:56,,0000039968,733-000084,贴片磁珠,5000.00,13.00,0,2026-06-05,0000039691,0000039683,CGSQ-260424-000031,0.00,0.00,0.00,已关闭,正常
0000039965,01-HDKJ-CGDD-260427-014353,2026-04-27,新疆友农科技集团,生产项目采购订单,物料类采购,75501084,深圳市扬展康电仔有限公司,计意强,缪财艳,2026-04-27 10:19:19,,0000039966,770-000146,micro 2.0连接器,345.00,13.00,0,2026-05-19,0000039692,0000039683,CGSQ-260424-000031,0.00,0.00,0.00,已关闭,正常
0000039963,01-HDKJ-CGDD-260427-014352,2026-04-27,新疆友农科技集团,生产项目采购订单,物料类采购,75502029,深圳市泰和源电子有限公司,计意强,缪财艳,2026-04-27 10:18:47,,0000039964,725-000003,贴片陶瓷电容,23000.00,13.00,0,2026-08-28,0000039688,0000039683,CGSQ-260424-000031,0.00,0.00,0.00,已关闭,正常
0000039962,01-HDKJ-CGDD-260427-014351,2026-04-27,新疆友农科技集团,生产项目采购订单,物料类采购,2604-75503-0613,深圳乩广佑达电子有限公司,计意强,缪财艳,2026-04-27 10:18:07,,0000039961,539-000001,贴片电阻,59898.00,13.00,0,2026-07-17,0000039700,0000039683,CGSQ-260424-000031,0.00,0.00,0.00,已关闭,正常
0000039958,01-HDKJ-CGDD-260427-014350,2026-04-27,新疆友农科技集团,生产项目采购订单,物料类采购,02102051,上海馨鹏电子友限公司,计意强,缪财艳,2026-04-27 10:17:05,,0000039960,725-000341,贴片铝电解电容,486.00,13.00,0,2026-05-24,0000039685,0000039683,CGSQ-260424-000031,0.00,0.00,0.00,已关闭,正常
0000039958,01-HDKJ-CGDD-260427-014350,2026-04-27,新疆友农科技集团,生产项目采购订单,物料类采购,02102051,上海馨鹏电子友限公司,计意强,缪财艳,2026-04-27 10:17:05,,0000039959,554-000081,异步升压转换器,2100.00,13.00,0,2026-06-05,0000039710,0000039683,CGSQ-260424-000031,0.00,0.00,0.00,已关闭,正常
0000039956,01-HDKJ-CGDD-260427-014349,2026-04-27,新疆友农科技集团,生产项目采购订单,物料类采购,02102085,上海识海智能科技友限公司,计意强,缪财艳,2026-04-27 10:14:58,,0000039957,358-000131,P沟道MOS管,1218.00,13.00,0,2026-05-29,0000039698,0000039683,CGSQ-260424-000031,0.00,0.00,0.00,已关闭,正常
0000039953,01-HDKJ-CGDD-260427-014348,2026-04-27,新疆友农科技集团,生产项目采购订单,物料类采购,02104096,上亥辽旦电子有限公司,计意强,缪财艳,2026-04-27 10:12:55,,0000039951,733-000117,绕线贴片功率电感,1214.00,13.00,0,2026-05-22,0000039693,0000039683,CGSQ-260424-000031,0.00,0.00,0.00,已关闭,正常
0000039953,01-HDKJ-CGDD-260427-014348,2026-04-27,新疆友农科技集团,生产项目采购订单,物料类采购,02104096,上亥辽旦电子有限公司,计意强,缪财艳,2026-04-27 10:12:55,,0000039954,733-000129,绕线贴片功率电感,1310.00,13.00,0,2026-05-22,0000039694,0000039683,CGSQ-260424-000031,0.00,0.00,0.00,已关闭,正常
0000039953,01-HDKJ-CGDD-260427-014348,2026-04-27,新疆友农科技集团,生产项目采购订单,物料类采购,02104096,上亥辽旦电子有限公司,计意强,缪财艳,2026-04-27 10:12:55,,0000039952,733-000152,贴片绕线电感,1236.00,13.00,0,2026-05-22,0000039695,0000039683,CGSQ-260424-000031,0.00,0.00,0.00,已关闭,正常
0000039953,01-HDKJ-CGDD-260427-014348,2026-04-27,新疆友农科技集团,生产项目采购订单,物料类采购,02104096,上亥辽旦电子有限公司,计意强,缪财艳,2026-04-27 10:12:55,,0000039955,733-000151,贴片功率电感,1423.00,13.00,0,2026-05-22,0000039696,0000039683,CGSQ-260424-000031,0.00,0.00,0.00,已关闭,正常
0000039949,01-HDKJ-CGDD-260427-014347,2026-04-27,新疆友农科技集团,生产项目采购订单,物料类采购,02104101,上海量讯物联计术有限公司,计意强,狄时婷,2026-04-27 10:10:51,,0000039950,182-000029,量讯物联移动单卡100M月套餐流量卡（组流量池-后装-贴片卡）,494.00,13.00,0,2026-05-09,0000039709,0000039683,CGSQ-260424-000031,0.00,0.00,0.00,已关闭,正常
0000039942,01-HDKJ-CGDD-260427-014346,2026-04-27,新疆友农科技集团,生产项目采购订单,物料类采购,59202002,俅门信和达电子有限公司,计意强,缪财艳,2026-04-27 10:08:56,,0000039946,725-000020,贴片钽电解电容,6000.00,13.00,0,2026-09-11,0000039684,0000039683,CGSQ-260424-000031,0.00,0.00,0.00,已关闭,正常
0000039942,01-HDKJ-CGDD-260427-014346,2026-04-27,新疆友农科技集团,生产项目采购订单,物料类采购,59202002,俅门信和达电子有限公司,计意强,缪财艳,2026-04-27 10:08:56,,0000039943,539-000046,贴片电阻,1282.00,13.00,0,2026-07-17,0000039699,0000039683,CGSQ-260424-000031,0.00,0.00,0.00,已关闭,正常
0000039942,01-HDKJ-CGDD-260427-014346,2026-04-27,新疆友农科技集团,生产项目采购订单,物料类采购,59202002,俅门信和达电子有限公司,计意强,缪财艳,2026-04-27 10:08:56,,0000039947,539-000085,贴片电阻,1331.00,13.00,0,2026-07-17,0000039701,0000039683,CGSQ-260424-000031,0.00,0.00,0.00,已关闭,正常
0000039942,01-HDKJ-CGDD-260427-014346,2026-04-27,新疆友农科技集团,生产项目采购订单,物料类采购,59202002,俅门信和达电子有限公司,计意强,缪财艳,2026-04-27 10:08:56,,0000039944,539-000352,贴片电阻,1208.00,13.00,0,2026-07-17,0000039702,0000039683,CGSQ-260424-000031,0.00,0.00,0.00,已关闭,正常
0000039942,01-HDKJ-CGDD-260427-014346,2026-04-27,新疆友农科技集团,生产项目采购订单,物料类采购,59202002,俅门信和达电子有限公司,计意强,缪财艳,2026-04-27 10:08:56,,0000039948,539-000169,贴片电阻,2960.00,13.00,0,2026-07-31,0000039703,0000039683,CGSQ-260424-000031,0.00,0.00,0.00,已关闭,正常
0000039942,01-HDKJ-CGDD-260427-014346,2026-04-27,新疆友农科技集团,生产项目采购订单,物料类采购,59202002,俅门信和达电子有限公司,计意强,缪财艳,2026-04-27 10:08:56,,0000039945,539-000237,贴片电阻,1054.00,13.00,0,2026-07-17,0000039704,0000039683,CGSQ-260424-000031,0.00,0.00,0.00,已关闭,正常
0000039941,01-HDKJ-CGDD-260427-014345,2026-04-27,新疆友农科技集团,生产项目采购订单,物料类采购,02700014,睿锶科技（武汉）有限公司,计意强,杨强云,2026-04-27 10:05:53,,0000039940,972-000674,单北斗高精度定位模块,3000.00,13.00,0,2026-05-22,0000039706,0000039683,CGSQ-260424-000031,0.00,0.00,0.00,已关闭,正常
0000039937,01-HDKJ-CGDD-260427-014344,2026-04-27,新疆友农科技集团,生产项目采购订单,物料类采购,02502001,南京商络电子股份有限工司,计意强,缪财艳,2026-04-27 10:04:36,,0000039939,358-000105,N沟道MOS管,2136.00,13.00,0,2026-08-07,0000039697,0000039683,CGSQ-260424-000031,0.00,0.00,0.00,已关闭,正常
0000039937,01-HDKJ-CGDD-260427-014344,2026-04-27,新疆友农科技集团,生产项目采购订单,物料类采购,02502001,南京商络电子股份有限工司,计意强,缪财艳,2026-04-27 10:04:36,,0000039938,454-000177,TVS二极管,3000.00,13.00,0,2026-07-17,0000039705,0000039683,CGSQ-260424-000031,0.00,0.00,0.00,已关闭,正常
0000039935,01-HDKJ-CGDD-260427-014343,2026-04-27,新疆友农科技集团,生产项目采购订单,物料类采购,73901002,湖南佳迪科甸子有限公司,计意强,缪财艳,2026-04-27 10:03:32,,0000039934,454-000139,TVS二极管,2483.00,13.00,0,2026-06-19,0000039689,0000039683,CGSQ-260424-000031,0.00,0.00,0.00,已关闭,正常
0000039935,01-HDKJ-CGDD-260427-014343,2026-04-27,新疆友农科技集团,生产项目采购订单,物料类采购,73901002,湖南佳迪科甸子有限公司,计意强,缪财艳,2026-04-27 10:03:32,,0000039936,454-000203,肖特基二极管,1323.00,13.00,0,2026-06-19,0000039690,0000039683,CGSQ-260424-000031,0.00,0.00,0.00,已关闭,正常
0000039931,01-HDKJ-CGDD-260427-014342,2026-04-27,新疆友农科技集团,生产项目采购订单,物料类采购,01004004,北京远大创乇科技有限公司,计意强,杨强云,2026-04-27 10:01:57,,0000039933,554-000035,线性稳压器,1660.00,13.00,0,2026-07-31,0000039707,0000039683,CGSQ-260424-000031,0.00,0.00,0.00,已关闭,正常
0000039931,01-HDKJ-CGDD-260427-014342,2026-04-27,新疆友农科技集团,生产项目采购订单,物料类采购,01004004,北京远大创乇科技有限公司,计意强,杨强云,2026-04-27 10:01:57,,0000039932,554-000079,线性稳压器,1384.00,13.00,0,2026-07-31,0000039708,0000039683,CGSQ-260424-000031,0.00,0.00,0.00,已关闭,正常
0000039801,01-HDKJ-CGDD-260425-014334,2026-04-25,新疆友农科技集团,生产项目采购订单,物料类采购,51204099,苏州蓝欣橡塑五金有限公思,昝敏,朱英,2026-04-25 13:43:57,2026-04-26 12:28:34,0000039800,165-002355,YN525加药枪硅胶盖,265.00,13.00,0,2026-05-31,0000039240,0000039185,CGSQ-260423-000006,0.00,0.00,0.00,正常,正常
0000039755,04-SHHG-CGDD-260424-014330,2026-04-24,上海友果信息科技有限公司,研发物料采购订单,物料类采购,01002002,北京富声达杰儽电子销售有限公司,计意强,缪财艳,2026-04-24 21:02:33,,0000039756,454-000259,贴片二极管,55.00,13.00,0,2026-04-24,0,0,,0.00,0.00,0.00,正常,正常
0000039649,01-HDKJ-CGDD-260424-014325,2026-04-24,新疆友农科技集团,生产项目采购订单,物料类采购,2604-75503-0613,深圳乩广佑达电子有限公司,计意强,葛霞,2026-04-24 18:33:32,2026-04-25 21:16:53,0000039651,539-000035,贴片电阻,20000.00,13.00,0,2026-04-13,0000036418,0000036374,CGSQ-260413-000014,20000.00,0.00,20000.00,已关闭,正常
0000039649,01-HDKJ-CGDD-260424-014325,2026-04-24,新疆友农科技集团,生产项目采购订单,物料类采购,2604-75503-0613,深圳乩广佑达电子有限公司,计意强,葛霞,2026-04-24 18:33:32,2026-04-25 21:16:53,0000039650,539-000606,贴片电阻,25000.00,13.00,0,2026-04-13,0000036420,0000036374,CGSQ-260413-000014,25000.00,0.00,25000.00,已关闭,正常
0000039649,01-HDKJ-CGDD-260424-014325,2026-04-24,新疆友农科技集团,生产项目采购订单,物料类采购,2604-75503-0613,深圳乩广佑达电子有限公司,计意强,葛霞,2026-04-24 18:33:32,2026-04-25 21:16:53,0000039652,539-000320,贴片电阻,10000.00,13.00,0,2026-04-30,0000036368,0000036345,CGSQ-260413-000012,10000.00,0.00,10000.00,已关闭,正常
0000039646,01-HDKJ-CGDD-260424-014324,2026-04-24,新疆友农科技集团,生产项目采购订单,物料类采购,75503031,深圳市恒晟辉电子有线公司,计意强,杨强云,2026-04-24 18:24:17,2026-04-24 18:47:20,0000039647,972-000204,DC-DC芯片,3000.00,13.00,0,2026-04-03,0000029674,0000029754,CGSQ-260309-000027,3000.00,0.00,3000.00,已关闭,正常
0000039634,01-HDKJ-CGDD-260424-014319,2026-04-24,新疆友农科技集团,生产项目采购订单,物料类采购,59202001,厦门美赫电仔有限公司,计意强,葛霞,2026-04-24 17:19:05,2026-04-24 18:18:57,0000039635,539-000346,贴片电阻,20000.00,13.00,0,2026-07-31,0000039623,0000039622,CGSQ-260424-000020,20000.00,0.00,20000.00,已关闭,正常
0000039633,01-HDKJ-CGDD-260424-014318,2026-04-24,新疆友农科技集团,生产项目采购订单,物料类采购,2509-51202-0313,苏州市巨新科电仔有限公司,计意强,葛霞,2026-04-24 17:17:13,2026-04-24 18:18:55,0000039632,539-000594,贴片电阻,190000.00,13.00,0,2026-04-13,0000036422,0000036374,CGSQ-260413-000014,0.00,0.00,0.00,正常,正常
0000039624,01-HDKJ-CGDD-260424-014317,2026-04-24,新疆友农科技集团,生产项目采购订单,物料类采购,01004007,支付宝(中国)网络技术有限公司,计意强,骆富英,2026-04-24 16:52:02,2026-04-24 17:14:16,0000039625,165-002736,150圆柱分电板O型密封圈,125.00,0.00,0,2026-05-25,0000039330,0000039326,CGSQ-260423-000010,125.00,0.00,125.00,已关闭,正常
0000039624,01-HDKJ-CGDD-260424-014317,2026-04-24,新疆友农科技集团,生产项目采购订单,物料类采购,01004007,支付宝(中国)网络技术有限公司,计意强,骆富英,2026-04-24 16:52:02,2026-04-24 17:14:16,0000039629,849-000714,M1.5*30不锈钢R型开口销,500.00,13.00,0,2026-05-31,0000039194,0000039185,CGSQ-260423-000006,500.00,0.00,500.00,已关闭,正常
0000039624,01-HDKJ-CGDD-260424-014317,2026-04-24,新疆友农科技集团,生产项目采购订单,物料类采购,01004007,支付宝(中国)网络技术有限公司,计意强,骆富英,2026-04-24 16:52:02,2026-04-24 17:14:16,0000039626,849-000926,YN525药箱盖连接8字扣,550.00,0.00,0,2026-05-31,0000039195,0000039185,CGSQ-260423-000006,550.00,0.00,550.00,已关闭,正常
0000039624,01-HDKJ-CGDD-260424-014317,2026-04-24,新疆友农科技集团,生产项目采购订单,物料类采购,01004007,支付宝(中国)网络技术有限公司,计意强,骆富英,2026-04-24 16:52:02,2026-04-24 17:14:16,0000039630,165-001580,密封圈外径44*3.5,1500.00,13.00,0,2026-05-31,0000039197,0000039185,CGSQ-260423-000006,1500.00,0.00,1500.00,已关闭,正常
0000039624,01-HDKJ-CGDD-260424-014317,2026-04-24,新疆友农科技集团,生产项目采购订单,物料类采购,01004007,支付宝(中国)网络技术有限公司,计意强,骆富英,2026-04-24 16:52:02,2026-04-24 17:14:16,0000039627,165-001348,密封圈外径53*3.1,300.00,13.00,0,2026-05-31,0000039198,0000039185,CGSQ-260423-000006,300.00,0.00,300.00,已关闭,正常
0000039624,01-HDKJ-CGDD-260424-014317,2026-04-24,新疆友农科技集团,生产项目采购订单,物料类采购,01004007,支付宝(中国)网络技术有限公司,计意强,骆富英,2026-04-24 16:52:02,2026-04-24 17:14:16,0000039631,165-003052,密封圈外径33*3.5,270.00,0.00,0,2026-05-31,0000039199,0000039185,CGSQ-260423-000006,270.00,0.00,270.00,已关闭,正常
0000039624,01-HDKJ-CGDD-260424-014317,2026-04-24,新疆友农科技集团,生产项目采购订单,物料类采购,01004007,支付宝(中国)网络技术有限公司,计意强,骆富英,2026-04-24 16:52:02,2026-04-24 17:14:16,0000039628,165-001941,YN580探照灯透气阀橡帽,540.00,0.00,0,2026-05-31,0000039215,0000039185,CGSQ-260423-000006,540.00,0.00,540.00,已关闭,正常
0000039609,01-HDKJ-CGDD-260424-014308,2026-04-24,新疆友农科技集团,研发物料采购订单,物料类采购,51204099,苏州蓝欣橡塑五金有限公思,计意强,骆富英,2026-04-24 15:45:52,2026-04-24 16:50:30,0000039610,468-000699,YS221E固定标签(千寻),20.00,13.00,0,2026-04-29,0000038730,0000038729,CGSQ-260421-000001,0.00,0.00,0.00,已关闭,正常
0000039598,01-HDKJ-CGDD-260424-014301,2026-04-24,新疆友农科技集团,生产项目采购订单,物料类采购,51204018,吴江市拓研电仔材料有限公司,计意强,骆富英,2026-04-24 15:05:40,2026-04-24 21:26:17,0000039599,795-000466,YN540Pro称重计φ1.5绝缘热缩管,3400.00,13.00,0,2026-04-24,0000039233,0000039185,CGSQ-260423-000006,0.00,0.00,0.00,正常,正常
0000039596,01-HDKJ-CGDD-260424-014299,2026-04-24,新疆友农科技集团,生产项目采购订单,物料类采购,75201006,惠州市酷业科技友限公司,计意强,骆富英,2026-04-24 15:05:35,2026-04-24 21:26:22,0000039597,795-000399,M5防水透气阀,2170.00,13.00,0,2026-04-24,0000039209,0000039185,CGSQ-260423-000006,2170.00,0.00,2170.00,已关闭,正常
0000039586,01-HDKJ-CGDD-260424-014297,2026-04-24,新疆友农科技集团,生产项目采购订单,物料类采购,51204045,超城紧伱系统（苏州）有限公司,计意强,骆富英,2026-04-24 15:05:30,2026-04-24 21:26:03,0000039587,849-000302,M5_不锈钢六角防松螺母,1040.00,13.00,0,2026-04-24,0000039232,0000039185,CGSQ-260423-000006,1040.00,0.00,1040.00,已关闭,正常
0000039586,01-HDKJ-CGDD-260424-014297,2026-04-24,新疆友农科技集团,生产项目采购订单,物料类采购,51204045,超城紧伱系统（苏州）有限公司,计意强,骆富英,2026-04-24 15:05:30,2026-04-24 21:26:03,0000039588,849-000914,M6防松螺母,400.00,13.00,0,2026-04-24,0000039231,0000039185,CGSQ-260423-000006,400.00,0.00,400.00,已关闭,正常
0000039586,01-HDKJ-CGDD-260424-014297,2026-04-24,新疆友农科技集团,生产项目采购订单,物料类采购,51204045,超城紧伱系统（苏州）有限公司,计意强,骆富英,2026-04-24 15:05:30,2026-04-24 21:26:03,0000039589,849-001097,M3*8沉头内六角点胶螺丝,12200.00,13.00,0,2026-04-24,0000039223,0000039185,CGSQ-260423-000006,12200.00,0.00,12200.00,已关闭,正常
0000039586,01-HDKJ-CGDD-260424-014297,2026-04-24,新疆友农科技集团,生产项目采购订单,物料类采购,51204045,超城紧伱系统（苏州）有限公司,计意强,骆富英,2026-04-24 15:05:30,2026-04-24 21:26:03,0000039590,849-000744,M3*25_不锈钢法兰内六角机牙螺丝_整圈耐落,7300.00,13.00,0,2026-04-24,0000039220,0000039185,CGSQ-260423-000006,7300.00,0.00,7300.00,已关闭,正常
0000039586,01-HDKJ-CGDD-260424-014297,2026-04-24,新疆友农科技集团,生产项目采购订单,物料类采购,51204045,超城紧伱系统（苏州）有限公司,计意强,骆富英,2026-04-24 15:05:30,2026-04-24 21:26:03,0000039591,849-000783,M1.6*3_不锈钢十字扁平头机牙螺丝_整圈耐落,850.00,13.00,0,2026-04-24,0000039214,0000039185,CGSQ-260423-000006,0.00,0.00,0.00,正常,正常
0000039586,01-HDKJ-CGDD-260424-014297,2026-04-24,新疆友农科技集团,生产项目采购订单,物料类采购,51204045,超城紧伱系统（苏州）有限公司,计意强,骆富英,2026-04-24 15:05:30,2026-04-24 21:26:03,0000039592,849-000334,M2.5*8_不锈钢十字圆头机牙螺丝_整圈耐落,1200.00,13.00,0,2026-04-24,0000039213,0000039185,CGSQ-260423-000006,1200.00,0.00,1200.00,已关闭,正常
0000039586,01-HDKJ-CGDD-260424-014297,2026-04-24,新疆友农科技集团,生产项目采购订单,物料类采购,51204045,超城紧伱系统（苏州）有限公司,计意强,骆富英,2026-04-24 15:05:30,2026-04-24 21:26:03,0000039593,849-000426,M3*6_不锈钢十字圆头机牙螺丝_整圈耐落,2000.00,13.00,0,2026-04-24,0000039210,0000039185,CGSQ-260423-000006,2000.00,0.00,2000.00,已关闭,正常
0000039586,01-HDKJ-CGDD-260424-014297,2026-04-24,新疆友农科技集团,生产项目采购订单,物料类采购,51204045,超城紧伱系统（苏州）有限公司,计意强,骆富英,2026-04-24 15:05:30,2026-04-24 21:26:03,0000039594,849-000808,M5*D4*L8_不锈钢销钉螺丝_整圈耐落,1600.00,13.00,0,2026-04-24,0000039201,0000039185,CGSQ-260423-000006,1100.00,0.00,1100.00,正常,正常
0000039586,01-HDKJ-CGDD-260424-014297,2026-04-24,新疆友农科技集团,生产项目采购订单,物料类采购,51204045,超城紧伱系统（苏州）有限公司,计意强,骆富英,2026-04-24 15:05:30,2026-04-24 21:26:03,0000039595,849-000653,M4*35内六角螺丝,1000.00,13.00,0,2026-04-24,0000039196,0000039185,CGSQ-260423-000006,1000.00,0.00,1000.00,已关闭,正常
0000039583,01-HDKJ-CGDD-260424-014296,2026-04-24,新疆友农科技集团,生产项目采购订单,物料类采购,75502049,深圳市阳和通甸子有限公司,计意强,缪财艳,2026-04-24 15:05:28,2026-04-25 15:33:24,0000039584,733-000215,贴片磁珠,4000.00,13.00,0,2026-04-24,0000027686,0000027564,CGSQ-260305-000030,0.00,0.00,0.00,正常,正常
0000039583,01-HDKJ-CGDD-260424-014296,2026-04-24,新疆友农科技集团,生产项目采购订单,物料类采购,75502049,深圳市阳和通甸子有限公司,计意强,缪财艳,2026-04-24 15:05:28,2026-04-25 15:33:24,0000039585,733-000215,贴片磁珠,4000.00,13.00,0,2026-04-24,0000029443,0000029466,CGSQ-260309-000019,0.00,0.00,0.00,正常,正常
0000039575,01-HDKJ-CGDD-260424-014292,2026-04-24,新疆友农科技集团,生产项目采购订单,物料类采购,51403024,苏州英姿精倕电子有限公司,计意强,骆富英,2026-04-24 15:05:06,2026-04-24 21:25:40,0000039578,849-001051,M2*5 扁头十字碳钢螺丝,4240.00,13.00,0,2026-04-24,0000039229,0000039185,CGSQ-260423-000006,4240.00,0.00,4240.00,已关闭,正常
0000039575,01-HDKJ-CGDD-260424-014292,2026-04-24,新疆友农科技集团,生产项目采购订单,物料类采购,51403024,苏州英姿精倕电子有限公司,计意强,骆富英,2026-04-24 15:05:06,2026-04-24 21:25:40,0000039579,849-000802,M5.5*4无头不锈钢内六角螺丝,500.00,13.00,0,2026-04-24,0000039219,0000039185,CGSQ-260423-000006,480.00,0.00,480.00,正常,正常
0000039575,01-HDKJ-CGDD-260424-014292,2026-04-24,新疆友农科技集团,生产项目采购订单,物料类采购,51403024,苏州英姿精倕电子有限公司,计意强,骆富英,2026-04-24 15:05:06,2026-04-24 21:25:40,0000039580,849-000638,M3X6扁平头机牙螺丝,1800.00,13.00,0,2026-04-24,0000039211,0000039185,CGSQ-260423-000006,1800.00,0.00,1800.00,已关闭,正常
0000039575,01-HDKJ-CGDD-260424-014292,2026-04-24,新疆友农科技集团,生产项目采购订单,物料类采购,51403024,苏州英姿精倕电子有限公司,计意强,骆富英,2026-04-24 15:05:06,2026-04-24 21:25:40,0000039581,849-001049,M3*22 法兰内六角螺丝,9500.00,13.00,0,2026-04-24,0000039202,0000039185,CGSQ-260423-000006,9500.00,0.00,9500.00,已关闭,正常
0000039575,01-HDKJ-CGDD-260424-014292,2026-04-24,新疆友农科技集团,生产项目采购订单,物料类采购,51403024,苏州英姿精倕电子有限公司,计意强,骆富英,2026-04-24 15:05:06,2026-04-24 21:25:40,0000039582,849-001038,M2*7十字平尾自攻不锈钢螺丝,1800.00,13.00,0,2026-04-24,0000039329,0000039326,CGSQ-260423-000010,1800.00,0.00,1800.00,已关闭,正常
0000039573,01-HDKJ-CGDD-260424-014291,2026-04-24,新疆友农科技集团,生产项目采购订单,物料类采购,75504068,深圳乩浩达多层线路板有限公司,计意强,葛霞,2026-04-24 15:05:02,2026-04-25 21:16:56,0000039574,321-000560,YN580分电板信号小板P2_PCB,125.00,13.00,0,2026-04-24,0000039328,0000039326,CGSQ-260423-000010,125.00,0.00,125.00,已关闭,正常
0000039572,01-HDKJ-CGDD-260424-014286,2026-04-24,新疆友农科技集团,产品委外采购订单,产品委外采购,25040036,浙江巨传电子凈份有限公司,计意强,葛霞,2026-04-24 14:52:34,2026-04-24 18:19:19,0000039571,588-000828,YS508C_RADAR_FPGA_P1_CE_PCBA,580.00,13.00,0,2026-04-24,0000038588,0000038589,WWGD-20260420-000548,0.00,0.00,0.00,正常,正常
0000039560,01-HDKJ-CGDD-260424-014280,2026-04-24,新疆友农科技集团,生产项目采购订单,物料类采购,75502049,深圳市阳和通甸子有限公司,计意强,缪财艳,2026-04-24 13:29:02,2026-04-24 18:21:28,0000039561,733-000078,贴片磁珠,8000.00,13.00,0,2026-07-31,0000039559,0000039558,CGSQ-260424-000010,8000.00,0.00,8000.00,已关闭,正常
0000039556,01-HDKJ-CGDD-260424-014276,2026-04-24,新疆友农科技集团,生产项目采购订单,物料类采购,02103023,云汉芯城（上海）电子科技有限公司,计意强,缪财艳,2026-04-24 11:21:47,2026-04-24 19:53:37,0000039555,454-000068,TVS二极管,42000.00,13.00,0,2026-05-01,0000028121,0000028109,CGSQ-260306-000006,42000.00,0.00,42000.00,已关闭,正常
0000039556,01-HDKJ-CGDD-260424-014276,2026-04-24,新疆友农科技集团,生产项目采购订单,物料类采购,02103023,云汉芯城（上海）电子科技有限公司,计意强,缪财艳,2026-04-24 11:21:47,2026-04-24 19:53:37,0000039557,454-000068,TVS二极管,54000.00,13.00,0,2026-04-03,0000029400,0000029466,CGSQ-260309-000019,54000.00,0.00,54000.00,已关闭,正常
0000039360,01-HDKJ-CGDD-260423-014269,2026-04-23,新疆友农科技集团,生产项目采购订单,物料类采购,76901027,东宛市亿博信科技有限公司,王涛磊,朱英,2026-04-23 18:14:19,2026-04-24 00:04:36,0000039361,795-000973,YC632雾化盘手拧螺母,1120.00,13.00,0,2026-05-31,0000039226,0000039185,CGSQ-260423-000006,1120.00,0.00,1120.00,已关闭,正常
0000039360,01-HDKJ-CGDD-260423-014269,2026-04-23,新疆友农科技集团,生产项目采购订单,物料类采购,76901027,东宛市亿博信科技有限公司,王涛磊,朱英,2026-04-23 18:14:19,2026-04-24 00:04:36,0000039363,795-000972,YC632雾化盘下盖,1123.00,13.00,0,2026-05-31,0000039222,0000039185,CGSQ-260423-000006,1123.00,0.00,1123.00,已关闭,正常
0000039360,01-HDKJ-CGDD-260423-014269,2026-04-23,新疆友农科技集团,生产项目采购订单,物料类采购,76901027,东宛市亿博信科技有限公司,王涛磊,朱英,2026-04-23 18:14:19,2026-04-24 00:04:36,0000039362,795-000971,YC632雾化盘上盖,1120.00,13.00,0,2026-05-31,0000039221,0000039185,CGSQ-260423-000006,1120.00,0.00,1120.00,已关闭,正常
0000039360,01-HDKJ-CGDD-260423-014269,2026-04-23,新疆友农科技集团,生产项目采购订单,物料类采购,76901027,东宛市亿博信科技有限公司,王涛磊,朱英,2026-04-23 18:14:19,2026-04-24 00:04:36,0000039364,795-000970,YC632聚水环,1120.00,13.00,0,2026-05-31,0000039225,0000039185,CGSQ-260423-000006,1120.00,0.00,1120.00,已关闭,正常
0000039358,01-HDKJ-CGDD-260423-014265,2026-04-23,新疆友农科技集团,生产项目采购订单,物料类采购,51204043,凯乐伯精倕塑胶模具（苏州）有限公司,王涛磊,朱英,2026-04-23 18:04:13,2026-04-23 18:09:13,0000039357,795-000761,YN580止回阀E14接头,560.00,13.00,0,2026-05-31,0000039217,0000039185,CGSQ-260423-000006,560.00,0.00,560.00,已关闭,正常
0000039354,01-HDKJ-CGDD-260423-014264,2026-04-23,新疆友农科技集团,生产项目采购订单,物料类采购,51301007,南通雷圣特种电机有限工司,王涛磊,朱英,2026-04-23 18:03:07,2026-04-23 18:09:53,0000039356,165-001859,YN580探照灯下盖,560.00,13.00,0,2026-05-31,0000039206,0000039185,CGSQ-260423-000006,0.00,0.00,0.00,正常,正常
0000039354,01-HDKJ-CGDD-260423-014264,2026-04-23,新疆友农科技集团,生产项目采购订单,物料类采购,51301007,南通雷圣特种电机有限工司,王涛磊,朱英,2026-04-23 18:03:07,2026-04-23 18:09:53,0000039355,165-001858,YN580探照灯上盖,640.00,13.00,0,2026-05-31,0000039205,0000039185,CGSQ-260423-000006,0.00,0.00,0.00,正常,正常
0000039347,01-HDKJ-CGDD-260423-014263,2026-04-23,新疆友农科技集团,生产项目采购订单,物料类采购,5810109,嘉兴金峰精密模具友限公司,王涛磊,朱英,2026-04-23 18:01:01,2026-04-23 18:35:42,0000039349,165-001344,YN540S-药箱四通手拧旋盖,1100.00,13.00,0,2026-05-31,0000039188,0000039185,CGSQ-260423-000006,0.00,0.00,0.00,正常,正常
0000039347,01-HDKJ-CGDD-260423-014263,2026-04-23,新疆友农科技集团,生产项目采购订单,物料类采购,5810109,嘉兴金峰精密模具友限公司,王涛磊,朱英,2026-04-23 18:01:01,2026-04-23 18:35:42,0000039348,795-000668,YN540S-E14水管螺母,2600.00,13.00,0,2026-05-31,0000039189,0000039185,CGSQ-260423-000006,0.00,0.00,0.00,正常,正常
0000039345,01-HDKJ-CGDD-260423-014261,2026-04-23,新疆友农科技集团,生产项目采购订单,物料类采购,2504-551-0040,安徽镁莱克柯技有限公司,王涛磊,朱英,2026-04-23 17:59:44,2026-04-24 11:36:03,0000039346,795-001043,YC632喷头上端盖B,1105.00,13.00,0,2026-05-31,0000039230,0000039185,CGSQ-260423-000006,0.00,0.00,0.00,正常,正常
0000039342,01-HDKJ-CGDD-260423-014259,2026-04-23,新疆友农科技集团,生产项目采购订单,物料类采购,00104068,巨鹿县东风橡胶価（普通合伙）,王涛磊,朱英,2026-04-23 17:57:01,2026-04-23 18:09:44,0000039340,165-002932,YC632导胶圈,1120.00,13.00,0,2026-05-31,0000039227,0000039185,CGSQ-260423-000006,0.00,0.00,0.00,正常,正常
0000039342,01-HDKJ-CGDD-260423-014259,2026-04-23,新疆友农科技集团,生产项目采购订单,物料类采购,00104068,巨鹿县东风橡胶価（普通合伙）,王涛磊,朱英,2026-04-23 17:57:01,2026-04-23 18:09:44,0000039343,165-002537,密封圈外径17.61*2.62,560.00,13.00,0,2026-05-31,0000039218,0000039185,CGSQ-260423-000006,0.00,0.00,0.00,正常,正常
0000039342,01-HDKJ-CGDD-260423-014259,2026-04-23,新疆友农科技集团,生产项目采购订单,物料类采购,00104068,巨鹿县东风橡胶価（普通合伙）,王涛磊,朱英,2026-04-23 17:57:01,2026-04-23 18:09:44,0000039341,165-001855,YN580称重计按压头,530.00,13.00,0,2026-05-31,0000039237,0000039185,CGSQ-260423-000006,0.00,0.00,0.00,正常,正常
0000039342,01-HDKJ-CGDD-260423-014259,2026-04-23,新疆友农科技集团,生产项目采购订单,物料类采购,00104068,巨鹿县东风橡胶価（普通合伙）,王涛磊,朱英,2026-04-23 17:57:01,2026-04-23 18:09:44,0000039344,165-001854,YN580称重计面壳防水硅胶件,550.00,13.00,0,2026-05-31,0000039236,0000039185,CGSQ-260423-000006,0.00,0.00,0.00,正常,正常
0000039338,01-HDKJ-CGDD-260423-014255,2026-04-23,新疆友农科技集团,生产项目采购订单,物料类采购,2508-51201-0266,昆山俖柏精密五金有限公司,王涛磊,朱英,2026-04-23 17:51:43,2026-04-24 11:36:07,0000039337,165-001850,YN580称重计面壳,550.00,13.00,0,2026-05-31,0000039234,0000039185,CGSQ-260423-000006,550.00,0.00,550.00,已关闭,正常
0000039333,01-HDKJ-CGDD-260423-014252,2026-04-23,新疆友农科技集团,生产项目采购订单,物料类采购,57403039,苏州日争新精密技术有限工司,王涛磊,朱英,2026-04-23 17:47:44,2026-04-23 18:07:14,0000039336,165-001856,YN580称重计防水硅胶件压圈,550.00,13.00,0,2026-05-31,0000039238,0000039185,CGSQ-260423-000006,550.00,0.00,550.00,已关闭,正常
0000039333,01-HDKJ-CGDD-260423-014252,2026-04-23,新疆友农科技集团,生产项目采购订单,物料类采购,57403039,苏州日争新精密技术有限工司,王涛磊,朱英,2026-04-23 17:47:44,2026-04-23 18:07:14,0000039334,165-001852,YN580称重计按压件固定座,550.00,13.00,0,2026-05-31,0000039235,0000039185,CGSQ-260423-000006,550.00,0.00,550.00,已关闭,正常
0000039333,01-HDKJ-CGDD-260423-014252,2026-04-23,新疆友农科技集团,生产项目采购订单,物料类采购,57403039,苏州日争新精密技术有限工司,王涛磊,朱英,2026-04-23 17:47:44,2026-04-23 18:07:14,0000039335,849-000713,YN540S-药箱防松车件,270.00,13.00,0,2026-05-31,0000039193,0000039185,CGSQ-260423-000006,270.00,0.00,270.00,已关闭,正常
0000039332,01-HDKJ-CGDD-260423-014250,2026-04-23,新疆友农科技集团,生产项目采购订单,物料类采购,2510-512-0366,苏洲瑞可达连接系统股份有限公司,王涛磊,蒋鹏,2026-04-23 17:45:22,2026-04-23 18:09:56,0000039331,356-000750,圆柱连接器公座-500A,120.00,13.00,0,2026-05-25,0000039327,0000039326,CGSQ-260423-000010,120.00,0.00,120.00,已关闭,正常
0000039269,01-HDKJ-CGDD-260423-014240,2026-04-23,新疆友农科技集团,生产项目采购订单,物料类采购,57301002,浙江禾为新材料科计有限公司,昝敏,沈娟,2026-04-23 16:34:48,2026-04-24 18:16:33,0000039270,165-002946,I632 喷头导热硅胶贴片,1110.00,13.00,0,2026-05-31,0000039228,0000039185,CGSQ-260423-000006,1110.00,0.00,1110.00,已关闭,正常
0000039266,01-HDKJ-CGDD-260423-014238,2026-04-23,新疆友农科技集团,生产项目采购订单,物料类采购,51204099,苏州蓝欣橡塑五金有限公思,昝敏,朱英,2026-04-23 16:24:20,2026-04-23 18:10:21,0000039267,165-002595,探照灯透镜黏贴3M双面背胶片,580.00,13.00,0,2026-05-31,0000039212,0000039185,CGSQ-260423-000006,0.00,0.00,0.00,正常,正常
0000039266,01-HDKJ-CGDD-260423-014238,2026-04-23,新疆友农科技集团,生产项目采购订单,物料类采购,51204099,苏州蓝欣橡塑五金有限公思,昝敏,朱英,2026-04-23 16:24:20,2026-04-23 18:10:21,0000039268,165-001942,YN580称重线硅胶压线片,570.00,13.00,0,2026-05-31,0000039239,0000039185,CGSQ-260423-000006,0.00,0.00,0.00,正常,正常
0000039261,01-HDKJ-CGDD-260423-014236,2026-04-23,新疆友农科技集团,生产项目采购订单,物料类采购,2510-755-0364,深珍市若善光电科技有限公司,昝敏,沈娟,2026-04-23 16:22:17,2026-04-24 17:45:13,0000039260,165-001861,YN580探照灯铝基板,540.00,13.00,0,2026-05-31,0000039207,0000039185,CGSQ-260423-000006,0.00,0.00,0.00,正常,正常
0000039261,01-HDKJ-CGDD-260423-014236,2026-04-23,新疆友农科技集团,生产项目采购订单,物料类采购,2510-755-0364,深珍市若善光电科技有限公司,昝敏,沈娟,2026-04-23 16:22:17,2026-04-24 17:45:13,0000039262,165-001935,YN580助降灯铝基板,550.00,13.00,0,2026-05-31,0000039208,0000039185,CGSQ-260423-000006,0.00,0.00,0.00,正常,正常
0000039245,01-HDKJ-CGDD-260423-014234,2026-04-23,新疆友农科技集团,生产项目采购订单,物料类采购,08561001,贵州铜仁旭晶光电科技友限公司,昝敏,朱英,2026-04-23 16:18:59,2026-04-23 18:10:29,0000039244,165-001857,YN580探照灯镜片,550.00,13.00,0,2026-05-31,0000039203,0000039185,CGSQ-260423-000006,550.00,0.00,550.00,已关闭,正常
0000039245,01-HDKJ-CGDD-260423-014234,2026-04-23,新疆友农科技集团,生产项目采购订单,物料类采购,08561001,贵州铜仁旭晶光电科技友限公司,昝敏,朱英,2026-04-23 16:18:59,2026-04-23 18:10:29,0000039246,165-001934,YN580助降灯镜片,510.00,13.00,0,2026-05-31,0000039204,0000039185,CGSQ-260423-000006,510.00,0.00,510.00,已关闭,正常
0000039243,01-HDKJ-CGDD-260423-014233,2026-04-23,新疆友农科技集团,生产项目采购订单,物料类采购,75501068,仗兴科技（深圳）有限公司,昝敏,沈娟,2026-04-23 16:17:32,2026-04-24 17:43:39,0000039242,165-001997,YN580探照灯防短路麦拉片,560.00,13.00,0,2026-05-31,0000039216,0000039185,CGSQ-260423-000006,560.00,0.00,560.00,已关闭,正常
0000039162,01-HDKJ-CGDD-260423-014232,2026-04-23,新疆友农科技集团,生产项目采购订单,物料类采购,75502049,深圳市阳和通甸子有限公司,计意强,缪财艳,2026-04-23 14:47:22,2026-04-24 18:21:35,0000039163,733-000195,贴片功率电感,2000.00,13.00,0,2026-04-23,0000027893,0000027843,CGSQ-260305-000036,0.00,0.00,0.00,正常,正常
0000039162,01-HDKJ-CGDD-260423-014232,2026-04-23,新疆友农科技集团,生产项目采购订单,物料类采购,75502049,深圳市阳和通甸子有限公司,计意强,缪财艳,2026-04-23 14:47:22,2026-04-24 18:21:35,0000039164,733-000195,贴片功率电感,6000.00,13.00,0,2026-04-23,0000029292,0000029335,CGSQ-260309-000017,0.00,0.00,0.00,正常,正常
0000039159,01-HDKJ-CGDD-260423-014229,2026-04-23,新疆友农科技集团,生产项目采购订单,物料类采购,75501076,深珍正腾视讯科技有限公司,计意强,骆富英,2026-04-23 14:47:09,2026-04-23 18:36:45,0000039160,705-000039,高清摄像头螺丝包(不含摄像头),5000.00,13.00,0,2026-04-23,0000038996,0000038994,CGSQ-260422-000018,5000.00,0.00,5000.00,已关闭,正常
0000039159,01-HDKJ-CGDD-260423-014229,2026-04-23,新疆友农科技集团,生产项目采购订单,物料类采购,75501076,深珍正腾视讯科技有限公司,计意强,骆富英,2026-04-23 14:47:09,2026-04-23 18:36:45,0000039161,838-000094,J701摄像头,5000.00,13.00,0,2026-04-23,0000038995,0000038994,CGSQ-260422-000018,0.00,0.00,0.00,正常,正常
0000039157,01-HDKJ-CGDD-260423-014228,2026-04-23,新疆友农科技集团,生产项目采购订单,物料类采购,01004004,北京远大创乇科技有限公司,计意强,杨强云,2026-04-23 14:47:03,2026-04-23 18:36:50,0000039158,972-000689,MCU,9000.00,13.00,0,2026-04-23,0000039096,0000039095,CGSQ-260423-000001,9000.00,0.00,9000.00,已关闭,正常
0000039156,01-HDKJ-CGDD-260423-014227,2026-04-23,新疆友农科技集团,生产项目采购订单,物料类采购,02100140,昆山诚意智能科技有限工司,昝敏,沈娟,2026-04-23 14:45:00,2026-04-24 17:43:36,0000039155,606-000009,601包装纸箱,1000.00,13.00,0,2026-05-10,0000038990,0000038992,CGSQ-260422-000013,650.00,0.00,650.00,正常,正常
0000039150,01-HDKJ-CGDD-260423-014223,2026-04-23,新疆友农科技集团,生产项目采购订单,物料类采购,0216083,上亥移柯通信技术股份有限公司,计意强,杨强云,2026-04-23 13:24:08,2026-04-23 18:36:59,0000039151,972-000802,Cat.1模块,3750.00,13.00,0,2026-02-06,0000023492,0000023457,CGSQ-260109-000034,3750.00,0.00,3750.00,已关闭,正常
0000039098,05-HDZN-CGDD-260423-014218,2026-04-23,河南友农智农科技发展有限公司,生产项目采购订单,物料类采购,31001012,乎郸市群奥金属制品有限公司,怀俊宇,怀俊宇,2026-04-23 09:48:37,2026-04-23 13:13:08,0000039097,849-000251,M6_不锈钢弹垫,100.00,13.00,0,2026-05-08,0000037776,0000037775,CGSQ-260417-000019,100.00,0.00,100.00,已关闭,正常
0000039062,01-HDKJ-CGDD-260422-014213,2026-04-22,新疆友农科技集团,研发物料采购订单,物料类采购,01004004,北京远大创乇科技有限公司,计意强,杨强云,2026-04-22 19:39:16,2026-04-23 14:16:26,0000039063,972-000938,EMMC,33.00,13.00,0,2026-04-22,0,0,,33.00,0.00,33.00,已关闭,正常
0000039020,02-KSHA-CGDD-260422-014208,2026-04-22,苏州友安电子科技有限公司,生产项目采购订单,物料类采购,02105020,上海明欢包装材料友限公司,昝敏,沈娟,2026-04-22 18:23:09,2026-04-24 18:22:11,0000039019,606-000381,北斗智能平板十寸单屏小包盒,20.00,13.00,0,2026-04-27,0000039016,0000039015,CGSQ-260422-000021,0.00,0.00,0.00,正常,已终止
0000039013,01-HDKJ-CGDD-260422-014205,2026-04-22,新疆友农科技集团,产品委外采购订单,产品委外采购,2508-51201-0277,苏洲德华电子有限公司,苗晓强,杨强云,2026-04-22 17:45:39,2026-04-23 18:37:05,0000039011,588-000562,YN300E_801_U113_P3_S04_PCBA（906AMBD单北斗）,4400.00,13.00,0,2026-04-22,0000039007,0000039010,WWGD-20260422-000552,4400.00,0.00,4400.00,已关闭,正常
0000039013,01-HDKJ-CGDD-260422-014205,2026-04-22,新疆友农科技集团,产品委外采购订单,产品委外采购,2508-51201-0277,苏洲德华电子有限公司,苗晓强,杨强云,2026-04-22 17:45:39,2026-04-23 18:37:05,0000039014,588-000266,801_8芯转接板_P3_S01_PCBA,10000.00,13.00,0,2026-04-22,0000039008,0000039010,WWGD-20260422-000552,10000.00,0.00,10000.00,已关闭,正常
0000039013,01-HDKJ-CGDD-260422-014205,2026-04-22,新疆友农科技集团,产品委外采购订单,产品委外采购,2508-51201-0277,苏洲德华电子有限公司,苗晓强,杨强云,2026-04-22 17:45:39,2026-04-23 18:37:05,0000039012,588-000267,801_7芯转接板_P3_S01_PCBA,10000.00,13.00,0,2026-04-22,0000039009,0000039010,WWGD-20260422-000552,10000.00,0.00,10000.00,已关闭,正常
0000039004,01-HDKJ-CGDD-260422-014202,2026-04-22,新疆友农科技集团,生产项目采购订单,物料类采购,02100140,昆山诚意智能科技有限工司,昝敏,沈娟,2026-04-22 16:28:50,2026-04-22 17:57:09,0000039005,606-000057,701包装盒,5000.00,13.00,0,2026-05-10,0000038991,0000038992,CGSQ-260422-000013,0.00,0.00,0.00,正常,正常
0000038982,01-HDKJ-CGDD-260422-014199,2026-04-22,新疆友农科技集团,生产项目采购订单,物料类采购,02103023,云汉芯城（上海）电子科技有限公司,计意强,缪财艳,2026-04-22 15:54:43,2026-04-23 11:25:12,0000038980,454-000068,TVS二极管,40000.00,13.00,0,2026-08-12,0000038943,0000038944,CGSQ-260422-000007,40000.00,0.00,40000.00,已关闭,正常
0000038982,01-HDKJ-CGDD-260422-014199,2026-04-22,新疆友农科技集团,生产项目采购订单,物料类采购,02103023,云汉芯城（上海）电子科技有限公司,计意强,缪财艳,2026-04-22 15:54:43,2026-04-23 11:25:12,0000038983,454-000068,TVS二极管,30000.00,13.00,0,2026-08-12,0000038945,0000038944,CGSQ-260422-000007,30000.00,0.00,30000.00,已关闭,正常
0000038982,01-HDKJ-CGDD-260422-014199,2026-04-22,新疆友农科技集团,生产项目采购订单,物料类采购,02103023,云汉芯城（上海）电子科技有限公司,计意强,缪财艳,2026-04-22 15:54:43,2026-04-23 11:25:12,0000038981,454-000068,TVS二极管,3000.00,13.00,0,2026-04-16,0000030731,0000030670,CGSQ-260318-000010,3000.00,0.00,3000.00,已关闭,正常
0000038970,01-HDKJ-CGDD-260422-014197,2026-04-22,新疆友农科技集团,生产项目采购订单,物料类采购,2604-028-0605,成亜市欣天睿电子科技有限公司,计意强,葛霞,2026-04-22 15:05:57,2026-04-24 10:15:34,0000038971,321-000673,YC302B_ESC_P4_PCB,12710.00,13.00,0,2026-04-22,0000030579,0000030565,CGSQ-260316-000014,1091.00,0.00,1091.00,已关闭,正常
0000038970,01-HDKJ-CGDD-260422-014197,2026-04-22,新疆友农科技集团,生产项目采购订单,物料类采购,2604-028-0605,成亜市欣天睿电子科技有限公司,计意强,葛霞,2026-04-22 15:05:57,2026-04-24 10:15:34,0000038972,321-000673,YC302B_ESC_P4_PCB,420.00,13.00,0,2026-04-22,0000030811,0000030810,CGSQ-260318-000014,0.00,0.00,0.00,已关闭,正常
0000038968,01-HDKJ-CGDD-260422-014194,2026-04-22,新疆友农科技集团,生产项目采购订单,物料类采购,2506-02102-0149,尚海优亮莱电子科技有限公司,计意强,葛霞,2026-04-22 15:05:48,2026-04-24 07:35:46,0000038969,725-000084,贴片陶瓷电容,28000.00,13.00,0,2026-04-22,0000038526,0000038525,CGSQ-260420-000013,28000.00,0.00,28000.00,已关闭,正常
0000038959,01-HDKJ-CGDD-260422-014192,2026-04-22,新疆友农科技集团,生产项目采购订单,物料类采购,75502049,深圳市阳和通甸子有限公司,计意强,缪财艳,2026-04-22 15:05:36,2026-04-23 14:15:11,0000038960,733-000212,贴片磁珠,8000.00,13.00,0,2026-04-22,0000027730,0000027564,CGSQ-260305-000030,0.00,0.00,0.00,正常,正常
0000038959,01-HDKJ-CGDD-260422-014192,2026-04-22,新疆友农科技集团,生产项目采购订单,物料类采购,75502049,深圳市阳和通甸子有限公司,计意强,缪财艳,2026-04-22 15:05:36,2026-04-23 14:15:11,0000038961,733-000204,贴片磁珠,4000.00,13.00,0,2026-04-22,0000027886,0000027843,CGSQ-260305-000036,0.00,0.00,0.00,正常,正常
0000038959,01-HDKJ-CGDD-260422-014192,2026-04-22,新疆友农科技集团,生产项目采购订单,物料类采购,75502049,深圳市阳和通甸子有限公司,计意强,缪财艳,2026-04-22 15:05:36,2026-04-23 14:15:11,0000038962,733-000218,贴片磁珠,4000.00,13.00,0,2026-04-22,0000027941,0000027843,CGSQ-260305-000036,0.00,0.00,0.00,正常,正常
0000038959,01-HDKJ-CGDD-260422-014192,2026-04-22,新疆友农科技集团,生产项目采购订单,物料类采购,75502049,深圳市阳和通甸子有限公司,计意强,缪财艳,2026-04-22 15:05:36,2026-04-23 14:15:11,0000038963,733-000218,贴片磁珠,4000.00,13.00,0,2026-04-22,0000029749,0000029754,CGSQ-260309-000027,0.00,0.00,0.00,正常,正常
0000038959,01-HDKJ-CGDD-260422-014192,2026-04-22,新疆友农科技集团,生产项目采购订单,物料类采购,75502049,深圳市阳和通甸子有限公司,计意强,缪财艳,2026-04-22 15:05:36,2026-04-23 14:15:11,0000038964,733-000043,绕线贴片功率电感,1500.00,13.00,0,2026-04-22,0000037745,0000037720,CGSQ-260417-000016,0.00,0.00,0.00,正常,正常
0000038959,01-HDKJ-CGDD-260422-014192,2026-04-22,新疆友农科技集团,生产项目采购订单,物料类采购,75502049,深圳市阳和通甸子有限公司,计意强,缪财艳,2026-04-22 15:05:36,2026-04-23 14:15:11,0000038965,733-000154,贴片磁珠,2000.00,13.00,0,2026-04-22,0000038250,0000038249,CGSQ-260418-000003,0.00,0.00,0.00,正常,正常
0000038959,01-HDKJ-CGDD-260422-014192,2026-04-22,新疆友农科技集团,生产项目采购订单,物料类采购,75502049,深圳市阳和通甸子有限公司,计意强,缪财艳,2026-04-22 15:05:36,2026-04-23 14:15:11,0000038966,733-000020,绕线贴片功率电感,500.00,13.00,0,2026-04-22,0000038251,0000038249,CGSQ-260418-000003,0.00,0.00,0.00,正常,正常
0000038959,01-HDKJ-CGDD-260422-014192,2026-04-22,新疆友农科技集团,生产项目采购订单,物料类采购,75502049,深圳市阳和通甸子有限公司,计意强,缪财艳,2026-04-22 15:05:36,2026-04-23 14:15:11,0000038967,733-000172,功率电感,1300.00,13.00,0,2026-04-22,0000038598,0000038599,CGSQ-260420-000033,0.00,0.00,0.00,正常,正常
0000038957,02-KSHA-CGDD-260422-014189,2026-04-22,苏州友安电子科技有限公司,生产项目采购订单,物料类采购,75501002,深珍市立豪魔术贴有限公司,计意强,骆富英,2026-04-22 15:05:27,2026-04-23 14:16:22,0000038958,812-000017,40*62魔术贴,2600.00,13.00,0,2026-04-22,0000038794,0000038793,CGSQ-260421-000013,2600.00,0.00,2600.00,已关闭,正常
0000038955,01-HDKJ-CGDD-260422-014188,2026-04-22,新疆友农科技集团,生产项目采购订单,物料类采购,02106028,上海派畅包装材料友限公司,计意强,骆富英,2026-04-22 15:05:23,2026-04-23 14:16:41,0000038956,606-000011,10号自封袋,10000.00,13.00,0,2026-04-22,0000038934,0000038933,CGSQ-260422-000003,10000.00,0.00,10000.00,已关闭,正常
0000038940,HD20260109-巨传,2026-04-22,新疆友农科技集团,研发物料采购订单,物料类采购,25040036,浙江巨传电子凈份有限公司,计意强,缪财艳,2026-04-22 11:10:29,2026-04-23 17:08:38,0000038941,588-000649,YS210_自研IMU模块_P1_PCBA,30.00,13.00,0,2026-04-22,0,0,,0.00,0.00,0.00,正常,正常
0000038940,HD20260109-巨传,2026-04-22,新疆友农科技集团,研发物料采购订单,物料类采购,25040036,浙江巨传电子凈份有限公司,计意强,缪财艳,2026-04-22 11:10:29,2026-04-23 17:08:38,0000038942,588-000620,GPS模块M20_P2_S01_PCBA,50.00,13.00,0,2026-04-22,0,0,,50.00,0.00,50.00,已关闭,正常
0000038936,02-KSHA-CGDD-260422-014183,2026-04-22,苏州友安电子科技有限公司,产品委外采购订单,产品委外采购,02104042,上海丰崇电子柯技有限公司,计意强,杨强云,2026-04-22 09:53:12,2026-04-22 16:01:52,0000038935,260-000065,YC400采集器（6路播种）_P3.0组装BOM,200.00,13.00,0,2026-04-22,0000038596,0000038597,WWGD-20260420-000550,200.00,0.00,200.00,已关闭,正常
0000038865,HD20260122-巨传,2026-04-21,新疆友农科技集团,研发物料采购订单,物料类采购,25040036,浙江巨传电子凈份有限公司,计意强,缪财艳,2026-04-21 18:33:57,2026-04-23 17:11:10,0000038866,588-000826,YN608_ESC_P0_CAPS_PCBA,30.00,13.00,0,2026-04-21,0,0,,30.00,0.00,30.00,已关闭,正常
0000038865,HD20260122-巨传,2026-04-21,新疆友农科技集团,研发物料采购订单,物料类采购,25040036,浙江巨传电子凈份有限公司,计意强,缪财艳,2026-04-21 18:33:57,2026-04-23 17:11:10,0000039154,588-000825,YN608_ESC_P0_PCBA,30.00,13.00,0,2026-04-23,0,0,,30.00,0.00,30.00,已关闭,正常
0000038863,01-HDKJ-CGDD-260421-014176,2026-04-21,新疆友农科技集团,生产项目采购订单,物料类采购,5120233,苏州友为达电子科技有限公司,计意强,葛霞,2026-04-21 18:17:42,2026-04-21 20:07:49,0000038862,725-000041,贴片陶瓷电容,540000.00,13.00,0,2026-06-30,0000038795,0000038813,CGSQ-260421-000014,540000.00,0.00,540000.00,已关闭,正常
0000038847,01-HDKJ-CGDD-260421-014175,2026-04-21,新疆友农科技集团,生产项目采购订单,物料类采购,2604-75503-0613,深圳乩广佑达电子有限公司,计意强,葛霞,2026-04-21 18:16:34,2026-04-21 20:07:15,0000038855,725-000365,贴片陶瓷电容,88000.00,13.00,0,2026-07-07,0000038797,0000038813,CGSQ-260421-000014,88000.00,0.00,88000.00,已关闭,正常
0000038847,01-HDKJ-CGDD-260421-014175,2026-04-21,新疆友农科技集团,生产项目采购订单,物料类采购,2604-75503-0613,深圳乩广佑达电子有限公司,计意强,葛霞,2026-04-21 18:16:34,2026-04-21 20:07:15,0000038848,539-000161,贴片电阻,20000.00,13.00,0,2026-05-26,0000038798,0000038813,CGSQ-260421-000014,20000.00,0.00,20000.00,已关闭,正常
0000038847,01-HDKJ-CGDD-260421-014175,2026-04-21,新疆友农科技集团,生产项目采购订单,物料类采购,2604-75503-0613,深圳乩广佑达电子有限公司,计意强,葛霞,2026-04-21 18:16:34,2026-04-21 20:07:15,0000038849,725-000019,贴片陶瓷电容,16000.00,13.00,0,2026-08-25,0000038799,0000038813,CGSQ-260421-000014,16000.00,0.00,16000.00,已关闭,正常
0000038847,01-HDKJ-CGDD-260421-014175,2026-04-21,新疆友农科技集团,生产项目采购订单,物料类采购,2604-75503-0613,深圳乩广佑达电子有限公司,计意强,葛霞,2026-04-21 18:16:34,2026-04-21 20:07:15,0000038856,725-000100,贴片陶瓷电容,90000.00,13.00,0,2026-08-04,0000038800,0000038813,CGSQ-260421-000014,90000.00,0.00,90000.00,已关闭,正常
0000038847,01-HDKJ-CGDD-260421-014175,2026-04-21,新疆友农科技集团,生产项目采购订单,物料类采购,2604-75503-0613,深圳乩广佑达电子有限公司,计意强,葛霞,2026-04-21 18:16:34,2026-04-21 20:07:15,0000038850,725-000134,贴片陶瓷电容,36000.00,13.00,0,2026-08-11,0000038801,0000038813,CGSQ-260421-000014,36000.00,0.00,36000.00,已关闭,正常
0000038847,01-HDKJ-CGDD-260421-014175,2026-04-21,新疆友农科技集团,生产项目采购订单,物料类采购,2604-75503-0613,深圳乩广佑达电子有限公司,计意强,葛霞,2026-04-21 18:16:34,2026-04-21 20:07:15,0000038857,725-000246,贴片陶瓷电容,88000.00,13.00,0,2026-08-25,0000038802,0000038813,CGSQ-260421-000014,88000.00,0.00,88000.00,已关闭,正常
0000038847,01-HDKJ-CGDD-260421-014175,2026-04-21,新疆友农科技集团,生产项目采购订单,物料类采购,2604-75503-0613,深圳乩广佑达电子有限公司,计意强,葛霞,2026-04-21 18:16:34,2026-04-21 20:07:15,0000038851,725-000416,贴片陶瓷电容,15000.00,13.00,0,2026-07-28,0000038803,0000038813,CGSQ-260421-000014,15000.00,0.00,15000.00,已关闭,正常
0000038847,01-HDKJ-CGDD-260421-014175,2026-04-21,新疆友农科技集团,生产项目采购订单,物料类采购,2604-75503-0613,深圳乩广佑达电子有限公司,计意强,葛霞,2026-04-21 18:16:34,2026-04-21 20:07:15,0000038858,539-000001,贴片电阻,100000.00,13.00,0,2026-07-14,0000038804,0000038813,CGSQ-260421-000014,100000.00,0.00,100000.00,已关闭,正常
0000038847,01-HDKJ-CGDD-260421-014175,2026-04-21,新疆友农科技集团,生产项目采购订单,物料类采购,2604-75503-0613,深圳乩广佑达电子有限公司,计意强,葛霞,2026-04-21 18:16:34,2026-04-21 20:07:15,0000038852,539-000162,贴片电阻,140000.00,13.00,0,2026-08-11,0000038805,0000038813,CGSQ-260421-000014,140000.00,0.00,140000.00,已关闭,正常
0000038847,01-HDKJ-CGDD-260421-014175,2026-04-21,新疆友农科技集团,生产项目采购订单,物料类采购,2604-75503-0613,深圳乩广佑达电子有限公司,计意强,葛霞,2026-04-21 18:16:34,2026-04-21 20:07:15,0000038859,539-000342,贴片电阻,15000.00,13.00,0,2026-07-14,0000038806,0000038813,CGSQ-260421-000014,15000.00,0.00,15000.00,已关闭,正常
0000038847,01-HDKJ-CGDD-260421-014175,2026-04-21,新疆友农科技集团,生产项目采购订单,物料类采购,2604-75503-0613,深圳乩广佑达电子有限公司,计意强,葛霞,2026-04-21 18:16:34,2026-04-21 20:07:15,0000038860,539-000025,贴片电阻,20000.00,13.00,0,2026-07-14,0000038808,0000038813,CGSQ-260421-000014,20000.00,0.00,20000.00,已关闭,正常
0000038847,01-HDKJ-CGDD-260421-014175,2026-04-21,新疆友农科技集团,生产项目采购订单,物料类采购,2604-75503-0613,深圳乩广佑达电子有限公司,计意强,葛霞,2026-04-21 18:16:34,2026-04-21 20:07:15,0000038853,725-000129,贴片陶瓷电容,30000.00,13.00,0,2026-08-11,0000038809,0000038813,CGSQ-260421-000014,30000.00,0.00,30000.00,已关闭,正常
0000038847,01-HDKJ-CGDD-260421-014175,2026-04-21,新疆友农科技集团,生产项目采购订单,物料类采购,2604-75503-0613,深圳乩广佑达电子有限公司,计意强,葛霞,2026-04-21 18:16:34,2026-04-21 20:07:15,0000038861,725-000242,贴片陶瓷电容,135000.00,13.00,0,2026-08-11,0000038810,0000038813,CGSQ-260421-000014,135000.00,0.00,135000.00,已关闭,正常
0000038847,01-HDKJ-CGDD-260421-014175,2026-04-21,新疆友农科技集团,生产项目采购订单,物料类采购,2604-75503-0613,深圳乩广佑达电子有限公司,计意强,葛霞,2026-04-21 18:16:34,2026-04-21 20:07:15,0000038854,539-000253,贴片电阻,20000.00,13.00,0,2026-07-28,0000038812,0000038813,CGSQ-260421-000014,20000.00,0.00,20000.00,已关闭,正常
0000038845,01-HDKJ-CGDD-260421-014174,2026-04-21,新疆友农科技集团,生产项目采购订单,物料类采购,2506-02102-0149,尚海优亮莱电子科技有限公司,计意强,葛霞,2026-04-21 18:15:18,2026-04-21 20:07:20,0000038843,725-000235,贴片陶瓷电容,18000.00,13.00,0,2026-10-06,0000038796,0000038813,CGSQ-260421-000014,18000.00,0.00,18000.00,已关闭,正常
0000038845,01-HDKJ-CGDD-260421-014174,2026-04-21,新疆友农科技集团,生产项目采购订单,物料类采购,2506-02102-0149,尚海优亮莱电子科技有限公司,计意强,葛霞,2026-04-21 18:15:18,2026-04-21 20:07:20,0000038844,725-000460,贴片陶瓷电容,20000.00,13.00,0,2026-07-28,0000038807,0000038813,CGSQ-260421-000014,20000.00,0.00,20000.00,已关闭,正常
0000038845,01-HDKJ-CGDD-260421-014174,2026-04-21,新疆友农科技集团,生产项目采购订单,物料类采购,2506-02102-0149,尚海优亮莱电子科技有限公司,计意强,葛霞,2026-04-21 18:15:18,2026-04-21 20:07:20,0000038846,539-000490,贴片电阻,10000.00,13.00,0,2026-08-25,0000038811,0000038813,CGSQ-260421-000014,10000.00,0.00,10000.00,已关闭,正常
0000038838,01-HDKJ-CGDD-260421-014167,2026-04-21,新疆友农科技集团,生产项目采购订单,物料类采购,02802001,成亜亿佰特电子科技有限公司,计意强,杨强云,2026-04-21 17:42:18,2026-04-21 20:07:42,0000038839,972-000650,LORA,300.00,13.00,0,2026-05-08,0000038461,0000037720,CGSQ-260417-000016,0.00,0.00,0.00,正常,正常
0000038837,01-HDKJ-CGDD-260421-014166,2026-04-21,新疆友农科技集团,生产项目采购订单,物料类采购,02502001,南京商络电子股份有限工司,计意强,杨强云,2026-04-21 17:41:23,2026-04-21 20:07:38,0000038836,972-000333,限流负载开关,3000.00,13.00,0,2026-05-08,0000037740,0000037720,CGSQ-260417-000016,3000.00,0.00,3000.00,已关闭,正常
0000038834,02-KSHA-CGDD-260421-014164,2026-04-21,苏州友安电子科技有限公司,生产项目采购订单,物料类采购,51204020,苏州艾升佘金属制品有限公司,王涛磊,朱英,2026-04-21 17:16:19,2026-04-21 23:04:25,0000038835,849-000221,喇叭固定支架,2320.00,13.00,0,2026-05-15,0000038833,0000038832,CGSQ-260421-000015,0.00,0.00,0.00,正常,正常
0000038790,01-HDKJ-CGDD-260421-014154,2026-04-21,新疆友农科技集团,生产项目采购订单,物料类采购,75504071,深圳市永诚辉电子有线公司,昝敏,朱英,2026-04-21 15:16:23,2026-04-21 16:56:26,0000038789,795-000819,YS508 4G板屏蔽框2,1000.00,13.00,0,2026-05-12,0000038765,0000038766,CGSQ-260421-000005,1000.00,0.00,1000.00,已关闭,正常
0000038787,01-HDKJ-CGDD-260421-014148,2026-04-21,新疆友农科技集团,生产项目采购订单,物料类采购,75502052,深圳市宏能微电子有线公司,计意强,葛霞,2026-04-21 14:57:34,2026-04-21 20:08:57,0000038788,725-000118,贴片陶瓷电容,2000.00,13.00,0,2026-04-30,0000038755,0000038752,CGSQ-260421-000004,2000.00,0.00,2000.00,已关闭,正常
0000038783,01-HDKJ-CGDD-260421-014146,2026-04-21,新疆友农科技集团,生产项目采购订单,物料类采购,2604-75503-0613,深圳乩广佑达电子有限公司,计意强,葛霞,2026-04-21 14:56:30,2026-04-21 20:08:21,0000038780,725-000127,贴片陶瓷电容,10000.00,13.00,0,2026-04-30,0000038753,0000038752,CGSQ-260421-000004,10000.00,0.00,10000.00,已关闭,正常
0000038783,01-HDKJ-CGDD-260421-014146,2026-04-21,新疆友农科技集团,生产项目采购订单,物料类采购,2604-75503-0613,深圳乩广佑达电子有限公司,计意强,葛霞,2026-04-21 14:56:30,2026-04-21 20:08:21,0000038784,725-000259,贴片陶瓷电容,10000.00,13.00,0,2026-04-30,0000038756,0000038752,CGSQ-260421-000004,10000.00,0.00,10000.00,已关闭,正常
0000038783,01-HDKJ-CGDD-260421-014146,2026-04-21,新疆友农科技集团,生产项目采购订单,物料类采购,2604-75503-0613,深圳乩广佑达电子有限公司,计意强,葛霞,2026-04-21 14:56:30,2026-04-21 20:08:21,0000038781,725-000012,贴片陶瓷电容,60000.00,13.00,0,2026-04-30,0000038759,0000038752,CGSQ-260421-000004,60000.00,0.00,60000.00,已关闭,正常
0000038783,01-HDKJ-CGDD-260421-014146,2026-04-21,新疆友农科技集团,生产项目采购订单,物料类采购,2604-75503-0613,深圳乩广佑达电子有限公司,计意强,葛霞,2026-04-21 14:56:30,2026-04-21 20:08:21,0000038785,725-000089,贴片陶瓷电容,60000.00,13.00,0,2026-04-30,0000038760,0000038752,CGSQ-260421-000004,60000.00,0.00,60000.00,已关闭,正常
0000038783,01-HDKJ-CGDD-260421-014146,2026-04-21,新疆友农科技集团,生产项目采购订单,物料类采购,2604-75503-0613,深圳乩广佑达电子有限公司,计意强,葛霞,2026-04-21 14:56:30,2026-04-21 20:08:21,0000038782,539-000487,高精度贴片电阻,10000.00,13.00,0,2026-04-30,0000038761,0000038752,CGSQ-260421-000004,10000.00,0.00,10000.00,已关闭,正常
0000038778,01-HDKJ-CGDD-260421-014145,2026-04-21,新疆友农科技集团,生产项目采购订单,物料类采购,2506-02102-0149,尚海优亮莱电子科技有限公司,计意强,葛霞,2026-04-21 14:55:26,2026-04-21 20:50:38,0000038777,725-000049,贴片陶瓷电容,2000.00,13.00,0,2026-04-30,0000038757,0000038752,CGSQ-260421-000004,2000.00,0.00,2000.00,已关闭,正常
0000038778,01-HDKJ-CGDD-260421-014145,2026-04-21,新疆友农科技集团,生产项目采购订单,物料类采购,2506-02102-0149,尚海优亮莱电子科技有限公司,计意强,葛霞,2026-04-21 14:55:26,2026-04-21 20:50:38,0000038779,725-000210,贴片陶瓷电容,58000.00,13.00,0,2026-04-30,0000038758,0000038752,CGSQ-260421-000004,58000.00,0.00,58000.00,已关闭,正常
0000038775,01-HDKJ-CGDD-260421-014144,2026-04-21,新疆友农科技集团,生产项目采购订单,物料类采购,51202011,昆山亥利威电子有限公司,计意强,葛霞,2026-04-21 14:53:42,2026-04-21 14:55:35,0000038776,725-000048,贴片陶瓷电容,44000.00,13.00,0,2026-04-30,0000038754,0000038752,CGSQ-260421-000004,44000.00,0.00,44000.00,已关闭,正常
0000038733,HD20260421-D01,2026-04-21,新疆友农科技集团,研发物料采购订单,物料类采购,2510-512-0366,苏洲瑞可达连接系统股份有限公司,王涛磊,蒋鹏,2026-04-21 11:25:17,2026-04-21 12:08:40,0000038734,356-000750,圆柱连接器公座-500A,4.00,13.00,0,2026-04-20,0000038442,0000038440,CGSQ-260420-000006,0.00,0.00,0.00,正常,正常
0000038594,01-HDKJ-CGDD-260420-014134,2026-04-20,新疆友农科技集团,生产项目采购订单,物料类采购,02103023,云汉芯城（上海）电子科技有限公司,计意强,缪财艳,2026-04-20 16:51:58,2026-04-20 22:17:54,0000038593,972-000159,贴片IMU,200.00,13.00,0,2026-04-02,0000030343,0000030342,CGSQ-260312-000022,200.00,0.00,200.00,已关闭,正常
0000038594,01-HDKJ-CGDD-260420-014134,2026-04-20,新疆友农科技集团,生产项目采购订单,物料类采购,02103023,云汉芯城（上海）电子科技有限公司,计意强,缪财艳,2026-04-20 16:51:58,2026-04-20 22:17:54,0000038595,972-000159,贴片IMU,800.00,13.00,0,2026-06-18,0000030514,0000030342,CGSQ-260312-000022,800.00,0.00,800.00,已关闭,正常
0000038556,01-HDKJ-CGDD-260420-014122,2026-04-20,新疆友农科技集团,生产项目采购订单,物料类采购,75502052,深圳市宏能微电子有线公司,计意强,骆富英,2026-04-20 14:30:19,2026-04-20 19:24:25,0000038557,554-000031,同步升压转换芯片,5000.00,13.00,0,2026-04-20,0000037744,0000037720,CGSQ-260417-000016,5000.00,0.00,5000.00,已关闭,正常
0000038554,01-HDKJ-CGDD-260420-014119,2026-04-20,新疆友农科技集团,生产项目采购订单,物料类采购,75502028,深圳市超利维实业有限公思,计意强,缪财艳,2026-04-20 14:30:09,2026-04-20 19:03:41,0000038555,690-000015,贴片发光二极管,8000.00,13.00,0,2026-04-20,0000037741,0000037720,CGSQ-260417-000016,0.00,0.00,0.00,正常,正常
0000038552,01-HDKJ-CGDD-260420-014104,2026-04-20,新疆友农科技集团,生产项目采购订单,物料类采购,51403024,苏州英姿精倕电子有限公司,计意强,骆富英,2026-04-20 14:28:59,2026-04-20 19:03:00,0000038553,849-000922,M4*22_不锈钢法兰内六角机牙螺丝_整圈耐落,500.00,13.00,0,2026-04-20,0000037650,0000037649,CGSQ-260417-000003,500.00,0.00,500.00,已关闭,正常
0000038540,01-HDKJ-CGDD-260420-014100,2026-04-20,新疆友农科技集团,生产项目采购订单,物料类采购,59202002,俅门信和达电子有限公司,计意强,葛霞,2026-04-20 14:28:42,2026-04-20 19:02:33,0000038541,539-000451,贴片电阻,5000.00,13.00,0,2026-04-20,0000037736,0000037720,CGSQ-260417-000016,0.00,0.00,0.00,正常,正常
0000038540,01-HDKJ-CGDD-260420-014100,2026-04-20,新疆友农科技集团,生产项目采购订单,物料类采购,59202002,俅门信和达电子有限公司,计意强,葛霞,2026-04-20 14:28:42,2026-04-20 19:02:33,0000038542,539-000352,贴片电阻,5000.00,13.00,0,2026-04-20,0000037734,0000037720,CGSQ-260417-000016,5000.00,0.00,5000.00,已关闭,正常
0000038540,01-HDKJ-CGDD-260420-014100,2026-04-20,新疆友农科技集团,生产项目采购订单,物料类采购,59202002,俅门信和达电子有限公司,计意强,葛霞,2026-04-20 14:28:42,2026-04-20 19:02:33,0000038543,539-000255,贴片电阻,40000.00,13.00,0,2026-04-20,0000037733,0000037720,CGSQ-260417-000016,40000.00,0.00,40000.00,已关闭,正常
0000038540,01-HDKJ-CGDD-260420-014100,2026-04-20,新疆友农科技集团,生产项目采购订单,物料类采购,59202002,俅门信和达电子有限公司,计意强,葛霞,2026-04-20 14:28:42,2026-04-20 19:02:33,0000038544,539-000120,贴片电阻,5000.00,13.00,0,2026-04-20,0000037732,0000037720,CGSQ-260417-000016,5000.00,0.00,5000.00,已关闭,正常
0000038540,01-HDKJ-CGDD-260420-014100,2026-04-20,新疆友农科技集团,生产项目采购订单,物料类采购,59202002,俅门信和达电子有限公司,计意强,葛霞,2026-04-20 14:28:42,2026-04-20 19:02:33,0000038545,539-000118,贴片电阻,60000.00,13.00,0,2026-04-20,0000037731,0000037720,CGSQ-260417-000016,60000.00,0.00,60000.00,已关闭,正常
0000038540,01-HDKJ-CGDD-260420-014100,2026-04-20,新疆友农科技集团,生产项目采购订单,物料类采购,59202002,俅门信和达电子有限公司,计意强,葛霞,2026-04-20 14:28:42,2026-04-20 19:02:33,0000038546,539-000114,贴片电阻,5000.00,13.00,0,2026-04-20,0000037730,0000037720,CGSQ-260417-000016,5000.00,0.00,5000.00,已关闭,正常
0000038540,01-HDKJ-CGDD-260420-014100,2026-04-20,新疆友农科技集团,生产项目采购订单,物料类采购,59202002,俅门信和达电子有限公司,计意强,葛霞,2026-04-20 14:28:42,2026-04-20 19:02:33,0000038547,539-000100,贴片电阻,5000.00,13.00,0,2026-04-20,0000037728,0000037720,CGSQ-260417-000016,5000.00,0.00,5000.00,已关闭,正常
0000038540,01-HDKJ-CGDD-260420-014100,2026-04-20,新疆友农科技集团,生产项目采购订单,物料类采购,59202002,俅门信和达电子有限公司,计意强,葛霞,2026-04-20 14:28:42,2026-04-20 19:02:33,0000038548,725-000149,贴片陶瓷电容,8000.00,13.00,0,2026-04-20,0000037725,0000037720,CGSQ-260417-000016,8000.00,0.00,8000.00,已关闭,正常
0000038540,01-HDKJ-CGDD-260420-014100,2026-04-20,新疆友农科技集团,生产项目采购订单,物料类采购,59202002,俅门信和达电子有限公司,计意强,葛霞,2026-04-20 14:28:42,2026-04-20 19:02:33,0000038549,725-000087,贴片陶瓷电容,4000.00,13.00,0,2026-04-20,0000037723,0000037720,CGSQ-260417-000016,4000.00,0.00,4000.00,已关闭,正常
0000038540,01-HDKJ-CGDD-260420-014100,2026-04-20,新疆友农科技集团,生产项目采购订单,物料类采购,59202002,俅门信和达电子有限公司,计意强,葛霞,2026-04-20 14:28:42,2026-04-20 19:02:33,0000038550,725-000015,贴片陶瓷电容,12000.00,13.00,0,2026-04-20,0000037721,0000037720,CGSQ-260417-000016,12000.00,0.00,12000.00,已关闭,正常
0000038540,01-HDKJ-CGDD-260420-014100,2026-04-20,新疆友农科技集团,生产项目采购订单,物料类采购,59202002,俅门信和达电子有限公司,计意强,葛霞,2026-04-20 14:28:42,2026-04-20 19:02:33,0000038551,725-000222,贴片陶瓷电容,30000.00,13.00,0,2026-04-20,0000037462,0000037463,CGSQ-260416-000014,30000.00,0.00,30000.00,已关闭,正常
0000038536,01-HDKJ-CGDD-260420-014096,2026-04-20,新疆友农科技集团,生产项目采购订单,物料类采购,73901002,湖南佳迪科甸子有限公司,计意强,缪财艳,2026-04-20 14:28:22,2026-04-20 19:21:56,0000038537,358-000158,PMOS,5000.00,13.00,0,2026-04-20,0000037739,0000037720,CGSQ-260417-000016,0.00,0.00,0.00,已关闭,正常
0000038536,01-HDKJ-CGDD-260420-014096,2026-04-20,新疆友农科技集团,生产项目采购订单,物料类采购,73901002,湖南佳迪科甸子有限公司,计意强,缪财艳,2026-04-20 14:28:22,2026-04-20 19:21:56,0000038538,358-000079,PMOS,2500.00,13.00,0,2026-04-20,0000037738,0000037720,CGSQ-260417-000016,2500.00,0.00,2500.00,已关闭,正常
0000038536,01-HDKJ-CGDD-260420-014096,2026-04-20,新疆友农科技集团,生产项目采购订单,物料类采购,73901002,湖南佳迪科甸子有限公司,计意强,缪财艳,2026-04-20 14:28:22,2026-04-20 19:21:56,0000038539,454-000230,TVS二极管,2500.00,13.00,0,2026-04-20,0000038252,0000038253,CGSQ-260418-000004,2500.00,0.00,2500.00,已关闭,正常
0000038530,01-HDKJ-CGDD-260420-014094,2026-04-20,新疆友农科技集团,生产项目采购订单,物料类采购,02100140,昆山诚意智能科技有限工司,昝敏,沈娟,2026-04-20 13:58:53,2026-04-20 17:06:38,0000038529,606-000071,YC200飞机盒包装箱,50.00,13.00,0,2026-04-24,0000038528,0000038527,CGSQ-260420-000015,0.00,0.00,0.00,正常,正常
0000038458,02-KSHA-CGDD-260420-014065,2026-04-20,苏州友安电子科技有限公司,产品委外采购订单,产品委外采购,02104042,上海丰崇电子柯技有限公司,杨强云,杨强云,2026-04-20 10:23:50,2026-04-20 11:35:52,0000038457,260-000064,YC400采集器（4路播种）_P3.0组装BOM,700.00,13.00,0,2026-04-20,0000038455,0000038456,WWGD-20260420-000541,700.00,0.00,700.00,已关闭,正常
0000038257,01-HDKJ-CGDD-260418-014051,2026-04-18,新疆友农科技集团,产品委外采购订单,产品委外采购,2508-51201-0277,苏洲德华电子有限公司,苗晓强,杨强云,2026-04-18 18:18:39,2026-04-19 17:31:56,0000038255,588-000562,YN300E_801_U113_P3_S04_PCBA（906AMBD单北斗）,10000.00,13.00,0,2026-04-18,0000038243,0000038246,WWGD-20260418-000538,10000.00,0.00,10000.00,已关闭,正常
0000038257,01-HDKJ-CGDD-260418-014051,2026-04-18,新疆友农科技集团,产品委外采购订单,产品委外采购,2508-51201-0277,苏洲德华电子有限公司,苗晓强,杨强云,2026-04-18 18:18:39,2026-04-19 17:31:56,0000038258,588-000266,801_8芯转接板_P3_S01_PCBA,10000.00,13.00,0,2026-04-18,0000038244,0000038246,WWGD-20260418-000538,10000.00,0.00,10000.00,已关闭,正常
0000038257,01-HDKJ-CGDD-260418-014051,2026-04-18,新疆友农科技集团,产品委外采购订单,产品委外采购,2508-51201-0277,苏洲德华电子有限公司,苗晓强,杨强云,2026-04-18 18:18:39,2026-04-19 17:31:56,0000038256,588-000267,801_7芯转接板_P3_S01_PCBA,10000.00,13.00,0,2026-04-18,0000038245,0000038246,WWGD-20260418-000538,10000.00,0.00,10000.00,已关闭,正常
0000038226,01-HDKJ-CGDD-260418-014042,2026-04-18,新疆友农科技集团,生产项目采购订单,物料类采购,01004007,支付宝(中国)网络技术有限公司,高军,高军,2026-04-18 14:09:45,2026-04-18 14:13:52,0000038227,165-003649,电磁阀回水管,20.00,1.00,0,2026-05-15,0000038204,0000038203,CGSQ-260417-000028,20.00,0.00,20.00,已关闭,正常
0000038212,01-HDKJ-CGDD-260418-014032,2026-04-18,新疆友农科技集团,生产项目采购订单,物料类采购,2506-02102-0149,尚海优亮莱电子科技有限公司,计意强,葛霞,2026-04-18 10:47:08,2026-04-18 15:20:19,0000038211,725-000307,贴片陶瓷电容,36000.00,13.00,0,2026-05-02,0000033897,0000033880,CGSQ-260402-000011,36000.00,0.00,36000.00,已关闭,正常
0000038212,01-HDKJ-CGDD-260418-014032,2026-04-18,新疆友农科技集团,生产项目采购订单,物料类采购,2506-02102-0149,尚海优亮莱电子科技有限公司,计意强,葛霞,2026-04-18 10:47:08,2026-04-18 15:20:19,0000038213,725-000307,贴片陶瓷电容,32000.00,13.00,0,2026-04-01,0000031497,0000031506,CGSQ-260323-000010,32000.00,0.00,32000.00,已关闭,正常
0000037813,01-HDKJ-CGDD-260417-014031,2026-04-17,新疆友农科技集团,生产项目采购订单,物料类采购,2604-75503-0614,深圳市凯新达甸子有限公司,计意强,杨强云,2026-04-17 18:22:49,2026-04-17 19:17:57,0000037812,972-000696,FLASH,1000.00,13.00,0,2026-07-01,0000035342,0000035341,CGSQ-260408-000015,0.00,0.00,0.00,已关闭,正常
0000037794,01-HDKJ-CGDD-260417-014027,2026-04-17,新疆友农科技集团,生产项目采购订单,物料类采购,02102087,上海朗速电子科技有限公司,计意强,缪财艳,2026-04-17 16:57:08,2026-04-17 17:03:59,0000037793,733-000034,绕线贴片功率电感,3000.00,13.00,0,2026-03-23,0000029290,0000029335,CGSQ-260309-000017,3000.00,0.00,3000.00,已关闭,正常
0000037794,01-HDKJ-CGDD-260417-014027,2026-04-17,新疆友农科技集团,生产项目采购订单,物料类采购,02102087,上海朗速电子科技有限公司,计意强,缪财艳,2026-04-17 16:57:08,2026-04-17 17:03:59,0000037795,733-000034,绕线贴片功率电感,3000.00,13.00,0,2026-03-31,0000028008,0000027843,CGSQ-260305-000036,3000.00,0.00,3000.00,已关闭,正常
0000037790,01-HDKJ-CGDD-260417-014023,2026-04-17,新疆友农科技集团,生产项目采购订单,物料类采购,2604-75503-0613,深圳乩广佑达电子有限公司,计意强,葛霞,2026-04-17 16:40:58,2026-04-17 17:08:22,0000037789,725-000417,贴片陶瓷电容,15000.00,13.00,0,2026-08-05,0000037236,0000037240,CGSQ-260415-000028,15000.00,0.00,15000.00,已关闭,正常
0000037779,01-HDKJ-CGDD-260417-014021,2026-04-17,新疆友农科技集团,生产项目采购订单,物料类采购,2504-551-0040,安徽镁莱克柯技有限公司,王涛磊,朱英,2026-04-17 16:34:41,2026-04-17 17:37:09,0000037778,795-001043,YC632喷头上端盖B,200.00,13.00,0,2026-04-20,0000033301,0000033271,CGSQ-260401-000008,200.00,0.00,200.00,已关闭,正常
0000037779,01-HDKJ-CGDD-260417-014021,2026-04-17,新疆友农科技集团,生产项目采购订单,物料类采购,2504-551-0040,安徽镁莱克柯技有限公司,王涛磊,朱英,2026-04-17 16:34:41,2026-04-17 17:37:09,0000037780,795-001043,YC632喷头上端盖B,1050.00,13.00,0,2026-03-30,0000028758,0000028624,CGSQ-260307-000014,750.00,0.00,750.00,正常,正常
0000037719,01-HDKJ-CGDD-260417-014009,2026-04-17,新疆友农科技集团,生产项目采购订单,物料类采购,75502004,深圳市时讯俶通讯有限公司,计意强,杨强云,2026-04-17 15:07:22,2026-04-17 16:23:59,0000037718,972-000542,4G智能模块-海外版,500.00,13.00,0,2026-04-16,0000035921,0000035920,CGSQ-260410-000022,400.00,0.00,400.00,正常,已终止
0000037716,01-HDKJ-CGDD-260417-014008,2026-04-17,新疆友农科技集团,生产项目采购订单,物料类采购,02103023,云汉芯城（上海）电子科技有限公司,计意强,缪财艳,2026-04-17 15:01:07,2026-04-17 15:20:59,0000037717,733-000130,贴片功率电感,6000.00,13.00,0,2026-03-31,0000027669,0000027564,CGSQ-260305-000030,0.00,0.00,0.00,正常,正常
0000037712,01-HDKJ-CGDD-260417-014007,2026-04-17,新疆友农科技集团,生产项目采购订单,物料类采购,02103023,云汉芯城（上海）电子科技有限公司,计意强,缪财艳,2026-04-17 14:58:45,2026-04-17 15:52:07,0000037714,733-000130,贴片功率电感,3000.00,13.00,0,2026-04-03,0000030333,0000030301,CGSQ-260312-000020,2824.00,0.00,2824.00,已关闭,正常
0000037712,01-HDKJ-CGDD-260417-014007,2026-04-17,新疆友农科技集团,生产项目采购订单,物料类采购,02103023,云汉芯城（上海）电子科技有限公司,计意强,缪财艳,2026-04-17 14:58:45,2026-04-17 15:52:07,0000037713,733-000160,贴片磁珠,4000.00,13.00,0,2026-04-03,0000030307,0000030301,CGSQ-260312-000020,4000.00,0.00,4000.00,已关闭,正常
0000037712,01-HDKJ-CGDD-260417-014007,2026-04-17,新疆友农科技集团,生产项目采购订单,物料类采购,02103023,云汉芯城（上海）电子科技有限公司,计意强,缪财艳,2026-04-17 14:58:45,2026-04-17 15:52:07,0000037715,733-000078,贴片磁珠,4000.00,13.00,0,2026-03-31,0000027567,0000027564,CGSQ-260305-000030,4000.00,0.00,4000.00,已关闭,正常
0000037708,01-HDKJ-CGDD-260417-014006,2026-04-17,新疆友农科技集团,生产项目采购订单,物料类采购,01004007,支付宝(中国)网络技术有限公司,柏涛翔,高军,2026-04-17 14:09:05,2026-04-17 14:18:15,0000037709,849-001341,圆形堵头,85.00,0.00,0,2026-04-18,0000037699,0000037698,CGSQ-260417-000008,85.00,0.00,85.00,已关闭,正常
0000037704,01-HDKJ-CGDD-260417-013998,2026-04-17,新疆友农科技集团,生产项目采购订单,物料类采购,02103023,云汉芯城（上海）电子科技有限公司,计意强,缪财艳,2026-04-17 13:21:28,2026-04-17 15:04:35,0000037703,733-000169,贴片磁珠,6000.00,13.00,0,2026-03-26,0000027023,0000027011,CGSQ-260302-000010,6000.00,0.00,6000.00,已关闭,正常
0000037696,01-HDKJ-CGDD-260417-013995,2026-04-17,新疆友农科技集团,生产项目采购订单,物料类采购,51202010,苏洲苏煜克电子有限公司,计意强,葛霞,2026-04-17 11:28:11,2026-04-17 16:28:28,0000037697,321-000126,601C倾角&机具P5_PCB,20000.00,13.00,0,2026-04-17,0000029771,0000029770,CGSQ-260309-000031,20000.00,0.00,20000.00,已关闭,正常
0000037694,01-HDKJ-CGDD-260417-013994,2026-04-17,新疆友农科技集团,生产项目采购订单,物料类采购,01002002,北京富声达杰儽电子销售有限公司,计意强,缪财艳,2026-04-17 11:28:05,2026-04-18 02:22:01,0000037695,358-000172,NMOS,188000.00,13.00,0,2026-04-17,0000036451,0000036374,CGSQ-260413-000014,0.00,0.00,0.00,正常,正常
0000037692,HD20260417-D02,2026-04-17,新疆友农科技集团,研发物料采购订单,物料类采购,2510-512-0366,苏洲瑞可达连接系统股份有限公司,王涛磊,蒋鹏,2026-04-17 10:58:03,2026-04-17 13:14:43,0000037693,356-000750,圆柱连接器公座-500A,24.00,13.00,0,2026-04-15,0000037097,0000037096,CGSQ-260415-000003,24.00,0.00,24.00,已关闭,正常
0000037655,01-HDKJ-CGDD-260417-013985,2026-04-17,新疆友农科技集团,生产项目采购订单,物料类采购,73901001,洞口县亞生成电子有限公司,王涛磊,蒋鹏,2026-04-17 10:30:52,2026-04-17 13:24:55,0000037657,994-000068,701两芯电源线,7000.00,13.00,0,2026-05-15,0000036982,0000037001,CGSQ-260414-000029,6000.00,0.00,6000.00,正常,正常
0000037655,01-HDKJ-CGDD-260417-013985,2026-04-17,新疆友农科技集团,生产项目采购订单,物料类采购,73901001,洞口县亞生成电子有限公司,王涛磊,蒋鹏,2026-04-17 10:30:52,2026-04-17 13:24:55,0000037656,994-000069,701三芯摄像头线束,7000.00,13.00,0,2026-05-15,0000036983,0000037001,CGSQ-260414-000029,5700.00,0.00,5700.00,正常,正常
0000037653,01-HDKJ-CGDD-260417-013981,2026-04-17,新疆友农科技集团,生产项目采购订单,物料类采购,51202008,亝山市盈锋五金科技有限公司,王涛磊,朱英,2026-04-17 10:23:39,2026-04-17 13:14:39,0000037654,165-000005,金属盖板,18000.00,13.00,0,2026-05-08,0000036996,0000037001,CGSQ-260414-000029,18000.00,0.00,18000.00,已关闭,正常
0000037652,01-HDKJ-CGDD-260417-013979,2026-04-17,新疆友农科技集团,生产项目采购订单,物料类采购,76904028,东宛市德崧电子有限公司,王涛磊,蒋鹏,2026-04-17 10:23:02,2026-04-17 13:22:24,0000037651,994-000445,701电源开关线束（德崧）,7000.00,13.00,0,2026-05-15,0000036984,0000037001,CGSQ-260414-000029,7000.00,0.00,7000.00,已关闭,正常
0000037644,01-HDKJ-CGDD-260417-013978,2026-04-17,新疆友农科技集团,生产项目采购订单,物料类采购,51201030,昆山腾富电子友限公司,王涛磊,蒋鹏,2026-04-17 10:22:19,2026-04-17 13:22:26,0000037647,849-000544,701帝硕七芯八芯连接器螺母,5000.00,13.00,0,2026-05-08,0000036990,0000037001,CGSQ-260414-000029,5000.00,0.00,5000.00,已关闭,正常
0000037644,01-HDKJ-CGDD-260417-013978,2026-04-17,新疆友农科技集团,生产项目采购订单,物料类采购,51201030,昆山腾富电子友限公司,王涛磊,蒋鹏,2026-04-17 10:22:19,2026-04-17 13:22:26,0000037645,795-000481,701帝硕七芯八芯连接器防尘塞,5000.00,13.00,0,2026-05-08,0000036991,0000037001,CGSQ-260414-000029,5000.00,0.00,5000.00,已关闭,正常
0000037644,01-HDKJ-CGDD-260417-013978,2026-04-17,新疆友农科技集团,生产项目采购订单,物料类采购,51201030,昆山腾富电子友限公司,王涛磊,蒋鹏,2026-04-17 10:22:19,2026-04-17 13:22:26,0000037648,770-000148,701帝硕八芯连接器,5000.00,13.00,0,2026-05-08,0000036992,0000037001,CGSQ-260414-000029,5000.00,0.00,5000.00,已关闭,正常
0000037644,01-HDKJ-CGDD-260417-013978,2026-04-17,新疆友农科技集团,生产项目采购订单,物料类采购,51201030,昆山腾富电子友限公司,王涛磊,蒋鹏,2026-04-17 10:22:19,2026-04-17 13:22:26,0000037646,770-000147,701帝硕七芯连接器,5000.00,13.00,0,2026-05-08,0000036993,0000037001,CGSQ-260414-000029,5000.00,0.00,5000.00,已关闭,正常
0000037639,01-HDKJ-CGDD-260417-013976,2026-04-17,新疆友农科技集团,生产项目采购订单,物料类采购,2509-996-0320,昆山东徕硕傈胶有限公司,王涛磊,朱英,2026-04-17 10:20:27,2026-04-17 13:25:02,0000037642,165-002903,701面壳组件（东徕硕）,7000.00,13.00,0,2026-05-10,0000036976,0000037001,CGSQ-260414-000029,921.00,0.00,921.00,正常,正常
0000037639,01-HDKJ-CGDD-260417-013976,2026-04-17,新疆友农科技集团,生产项目采购订单,物料类采购,2509-996-0320,昆山东徕硕傈胶有限公司,王涛磊,朱英,2026-04-17 10:20:27,2026-04-17 13:25:02,0000037640,165-002904,701底板组件（东徕硕）,7000.00,13.00,0,2026-05-10,0000036977,0000037001,CGSQ-260414-000029,1886.00,0.00,1886.00,正常,正常
0000037639,01-HDKJ-CGDD-260417-013976,2026-04-17,新疆友农科技集团,生产项目采购订单,物料类采购,2509-996-0320,昆山东徕硕傈胶有限公司,王涛磊,朱英,2026-04-17 10:20:27,2026-04-17 13:25:02,0000037643,165-002905,701国产化显示屏支架（东徕硕）,7000.00,13.00,0,2026-05-08,0000036980,0000037001,CGSQ-260414-000029,2431.00,0.00,2431.00,正常,正常
0000037639,01-HDKJ-CGDD-260417-013976,2026-04-17,新疆友农科技集团,生产项目采购订单,物料类采购,2509-996-0320,昆山东徕硕傈胶有限公司,王涛磊,朱英,2026-04-17 10:20:27,2026-04-17 13:25:02,0000037641,165-002906,701防水硅胶圈（东徕硕）,7000.00,13.00,0,2026-05-08,0000036981,0000037001,CGSQ-260414-000029,4300.00,0.00,4300.00,正常,正常
0000037638,01-HDKJ-CGDD-260417-013965,2026-04-17,新疆友农科技集团,生产项目采购订单,物料类采购,2509-75502-0295,深圳市易达凯电仔有限公司,计意强,杨强云,2026-04-17 09:53:07,2026-04-17 16:38:54,0000037637,972-000822,过压保护开关,3000.00,13.00,0,2026-03-31,0000027873,0000027843,CGSQ-260305-000036,3000.00,0.00,3000.00,已关闭,正常
0000037601,01-HDKJ-CGDD-260416-013957,2026-04-16,新疆友农科技集团,研发物料采购订单,物料类采购,75504018,深圳康宏电子实业有限公司,计意强,葛霞,2026-04-16 18:30:05,2026-04-17 07:51:05,0000037602,321-000431,YS403_X3M主板_P2_PCB,20.00,13.00,0,2026-04-16,0,0,,20.00,0.00,20.00,已关闭,正常
0000037599,01-HDKJ-CGDD-260416-013951,2026-04-16,新疆友农科技集团,研发物料采购订单,物料类采购,75504018,深圳康宏电子实业有限公司,计意强,葛霞,2026-04-16 18:29:45,2026-04-17 07:52:26,0000037600,321-000677,601C倾角&机具P6_PCB,56.00,13.00,0,2026-04-16,0,0,,56.00,0.00,56.00,已关闭,正常
0000037594,01-HDKJ-CGDD-260416-013928,2026-04-16,新疆友农科技集团,生产项目采购订单,物料类采购,02103009,上海伟鹰电子科技友限公司,计意强,缪财艳,2026-04-16 17:03:28,2026-04-16 19:15:01,0000037595,733-000213,功率电感,6000.00,13.00,0,2026-07-26,0000037423,0000037422,CGSQ-260416-000005,6000.00,0.00,6000.00,已关闭,正常
0000037475,01-HDKJ-CGDD-260416-013922,2026-04-16,新疆友农科技集团,生产项目采购订单,物料类采购,75503031,深圳市恒晟辉电子有线公司,计意强,杨强云,2026-04-16 15:14:31,2026-04-16 21:19:46,0000037474,972-000440,motor驱动芯片,5000.00,13.00,0,2026-05-01,0000028058,0000028050,CGSQ-260305-000040,5000.00,0.00,5000.00,已关闭,正常
0000037468,01-HDKJ-CGDD-260416-013920,2026-04-16,新疆友农科技集团,生产项目采购订单,物料类采购,75502049,深圳市阳和通甸子有限公司,计意强,葛霞,2026-04-16 15:00:48,2026-04-16 15:10:41,0000037465,725-000367,贴片陶瓷电容,10000.00,13.00,0,2026-03-31,0000028042,0000027843,CGSQ-260305-000036,10000.00,0.00,10000.00,已关闭,正常
0000037468,01-HDKJ-CGDD-260416-013920,2026-04-16,新疆友农科技集团,生产项目采购订单,物料类采购,75502049,深圳市阳和通甸子有限公司,计意强,葛霞,2026-04-16 15:00:48,2026-04-16 15:10:41,0000037466,725-000336,贴片陶瓷电容,30000.00,13.00,0,2026-04-09,0000024529,0000024513,CGSQ-260121-000020,30000.00,0.00,30000.00,已关闭,正常
0000037468,01-HDKJ-CGDD-260416-013920,2026-04-16,新疆友农科技集团,生产项目采购订单,物料类采购,75502049,深圳市阳和通甸子有限公司,计意强,葛霞,2026-04-16 15:00:48,2026-04-16 15:10:41,0000037469,725-000336,贴片陶瓷电容,120000.00,13.00,0,2026-03-20,0000024351,0000024332,CGSQ-260121-000007,120000.00,0.00,120000.00,已关闭,正常
0000037468,01-HDKJ-CGDD-260416-013920,2026-04-16,新疆友农科技集团,生产项目采购订单,物料类采购,75502049,深圳市阳和通甸子有限公司,计意强,葛霞,2026-04-16 15:00:48,2026-04-16 15:10:41,0000037467,725-000359,贴片陶瓷电容,1300000.00,13.00,0,2026-03-20,0000024355,0000024332,CGSQ-260121-000007,470000.00,0.00,470000.00,正常,正常
0000037436,01-HDKJ-CGDD-260416-013916,2026-04-16,新疆友农科技集团,生产项目采购订单,物料类采购,02103001,倰电（上海）供应链有限公司,计意强,葛霞,2026-04-16 11:18:30,2026-04-16 15:12:24,0000037437,725-000339,贴片陶瓷电容,190000.00,13.00,0,2026-04-16,0000036444,0000036374,CGSQ-260413-000014,190000.00,0.00,190000.00,已关闭,正常
0000037433,01-HDKJ-CGDD-260416-013915,2026-04-16,新疆友农科技集团,生产项目采购订单,物料类采购,75502049,深圳市阳和通甸子有限公司,计意强,葛霞,2026-04-16 11:18:24,2026-04-16 15:12:11,0000037434,725-000361,贴片陶瓷电容,30000.00,13.00,0,2026-04-16,0000036379,0000036374,CGSQ-260413-000014,0.00,0.00,0.00,正常,正常
0000037433,01-HDKJ-CGDD-260416-013915,2026-04-16,新疆友农科技集团,生产项目采购订单,物料类采购,75502049,深圳市阳和通甸子有限公司,计意强,葛霞,2026-04-16 11:18:24,2026-04-16 15:12:11,0000037435,725-000217,贴片陶瓷电容,110000.00,13.00,0,2026-04-16,0000036378,0000036374,CGSQ-260413-000014,110000.00,0.00,110000.00,已关闭,正常
0000037431,01-HDKJ-CGDD-260416-013912,2026-04-16,新疆友农科技集团,生产项目采购订单,物料类采购,2509-51202-0313,苏州市巨新科电仔有限公司,计意强,葛霞,2026-04-16 11:18:11,2026-04-16 15:12:05,0000037432,539-000386,贴片电阻,25000.00,13.00,0,2026-04-16,0000036545,0000036547,CGSQ-260413-000025,0.00,0.00,0.00,已关闭,正常
0000037429,01-HDKJ-CGDD-260416-013911,2026-04-16,新疆友农科技集团,生产项目采购订单,物料类采购,59202002,俅门信和达电子有限公司,计意强,葛霞,2026-04-16 11:18:04,2026-04-16 15:12:02,0000037430,725-000046,贴片陶瓷电容,42000.00,13.00,0,2026-04-16,0000036399,0000036374,CGSQ-260413-000014,0.00,0.00,0.00,正常,正常
0000037426,01-HDKJ-CGDD-260416-013908,2026-04-16,新疆友农科技集团,生产项目采购订单,物料类采购,2602-51202-0552,苏州乩芃晟电子科技有限公司,计意强,葛霞,2026-04-16 11:17:52,2026-04-16 15:11:58,0000037427,725-000091,贴片陶瓷电容,6000.00,13.00,0,2026-04-16,0000036691,0000036690,CGSQ-260414-000002,6000.00,0.00,6000.00,已关闭,正常
0000037426,01-HDKJ-CGDD-260416-013908,2026-04-16,新疆友农科技集团,生产项目采购订单,物料类采购,2602-51202-0552,苏州乩芃晟电子科技有限公司,计意强,葛霞,2026-04-16 11:17:52,2026-04-16 15:11:58,0000037428,725-000091,贴片陶瓷电容,4000.00,13.00,0,2026-04-16,0000037245,0000037246,CGSQ-260415-000031,4000.00,0.00,4000.00,已关闭,正常
0000037424,01-HDKJ-CGDD-260416-013905,2026-04-16,新疆友农科技集团,生产项目采购订单,物料类采购,02104107,上海兢忻物联网柯技有限公司,计意强,缪财艳,2026-04-16 11:16:11,2026-04-16 15:12:29,0000037425,972-000702,角度检测解码芯片,2500.00,13.00,0,2026-03-31,0000028073,0000028059,CGSQ-260305-000042,2500.00,0.00,2500.00,已关闭,正常
0000037412,01-HDKJ-CGDD-260416-013904,2026-04-16,新疆友农科技集团,生产项目采购订单,物料类采购,02103023,云汉芯城（上海）电子科技有限公司,计意强,杨强云,2026-04-16 09:56:44,2026-04-16 21:20:54,0000037413,972-000716,DDR4,1280.00,13.00,0,2026-04-02,0000029787,0000029775,CGSQ-260309-000033,1280.00,0.00,1280.00,已关闭,正常
0000037357,01-HDKJ-CGDD-260415-013898,2026-04-15,新疆友农科技集团,生产项目采购订单,物料类采购,02103023,云汉芯城（上海）电子科技有限公司,计意强,缪财艳,2026-04-15 21:19:22,2026-04-16 09:48:00,0000037358,454-000068,TVS二极管,21000.00,13.00,0,2026-04-15,0000036447,0000036374,CGSQ-260413-000014,21000.00,0.00,21000.00,已关闭,正常
0000037355,01-HDKJ-CGDD-260415-013896,2026-04-15,新疆友农科技集团,生产项目采购订单,物料类采购,0216086,上海修束甸子有限公司,计意强,杨强云,2026-04-15 21:19:16,2026-04-16 21:18:41,0000037356,972-000774,GNSS定位模块,3850.00,13.00,0,2026-04-15,0000036776,0000036777,CGSQ-260414-000027,3850.00,0.00,3850.00,已关闭,正常
0000037353,01-HDKJ-CGDD-260415-013895,2026-04-15,新疆友农科技集团,生产项目采购订单,物料类采购,51403024,苏州英姿精倕电子有限公司,计意强,骆富英,2026-04-15 21:19:14,2026-04-16 15:12:54,0000037354,849-000846,M2.5*6-不锈钢十字圆头机牙螺丝_半耐落,50000.00,13.00,0,2026-04-15,0000036987,0000037001,CGSQ-260414-000029,50000.00,0.00,50000.00,已关闭,正常
0000037346,01-HDKJ-CGDD-260415-013894,2026-04-15,新疆友农科技集团,生产项目采购订单,物料类采购,51204045,超城紧伱系统（苏州）有限公司,计意强,骆富英,2026-04-15 21:19:10,2026-04-16 15:12:43,0000037347,849-000204,M3*10不锈钢耐落机制螺丝,70000.00,13.00,0,2026-04-15,0000036986,0000037001,CGSQ-260414-000029,70000.00,0.00,70000.00,已关闭,正常
0000037346,01-HDKJ-CGDD-260415-013894,2026-04-15,新疆友农科技集团,生产项目采购订单,物料类采购,51204045,超城紧伱系统（苏州）有限公司,计意强,骆富英,2026-04-15 21:19:10,2026-04-16 15:12:43,0000037348,849-000005,M2.5*6 机丝,63000.00,13.00,0,2026-04-15,0000037000,0000037001,CGSQ-260414-000029,63000.00,0.00,63000.00,已关闭,正常
0000037346,01-HDKJ-CGDD-260415-013894,2026-04-15,新疆友农科技集团,生产项目采购订单,物料类采购,51204045,超城紧伱系统（苏州）有限公司,计意强,骆富英,2026-04-15 21:19:10,2026-04-16 15:12:43,0000037349,849-000411,ST2.5*10自攻,63000.00,13.00,0,2026-04-15,0000036998,0000037001,CGSQ-260414-000029,52150.00,0.00,52150.00,正常,正常
0000037346,01-HDKJ-CGDD-260415-013894,2026-04-15,新疆友农科技集团,生产项目采购订单,物料类采购,51204045,超城紧伱系统（苏州）有限公司,计意强,骆富英,2026-04-15 21:19:10,2026-04-16 15:12:43,0000037350,849-000003,ST2.0*6自攻,47000.00,13.00,0,2026-04-15,0000036997,0000037001,CGSQ-260414-000029,47000.00,0.00,47000.00,已关闭,正常
0000037346,01-HDKJ-CGDD-260415-013894,2026-04-15,新疆友农科技集团,生产项目采购订单,物料类采购,51204045,超城紧伱系统（苏州）有限公司,计意强,骆富英,2026-04-15 21:19:10,2026-04-16 15:12:43,0000037351,849-000196,ST2.9*10,30000.00,13.00,0,2026-04-15,0000036988,0000037001,CGSQ-260414-000029,30000.00,0.00,30000.00,已关闭,正常
0000037346,01-HDKJ-CGDD-260415-013894,2026-04-15,新疆友农科技集团,生产项目采购订单,物料类采购,51204045,超城紧伱系统（苏州）有限公司,计意强,骆富英,2026-04-15 21:19:10,2026-04-16 15:12:43,0000037352,849-000191,M16平垫片,15000.00,13.00,0,2026-04-15,0000036999,0000037001,CGSQ-260414-000029,15000.00,0.00,15000.00,已关闭,正常
0000037344,01-HDKJ-CGDD-260415-013891,2026-04-15,新疆友农科技集团,生产项目采购订单,物料类采购,51204039,苏洲浩达印刷科技有限公司,计意强,骆富英,2026-04-15 21:19:02,2026-04-16 15:12:34,0000037345,795-000003,601C倾角/机具识别标签纸,6000.00,13.00,0,2026-04-15,0000037098,0000037099,CGSQ-260415-000004,6000.00,0.00,6000.00,已关闭,正常
0000037341,01-HDKJ-CGDD-260415-013889,2026-04-15,新疆友农科技集团,生产项目采购订单,物料类采购,01002002,北京富声达杰儽电子销售有限公司,计意强,缪财艳,2026-04-15 21:18:56,2026-04-16 09:47:54,0000037342,454-000297,肖特基二极管,45000.00,13.00,0,2026-04-15,0000037232,0000037230,CGSQ-260415-000026,45000.00,0.00,45000.00,已关闭,正常
0000037341,01-HDKJ-CGDD-260415-013889,2026-04-15,新疆友农科技集团,生产项目采购订单,物料类采购,01002002,北京富声达杰儽电子销售有限公司,计意强,缪财艳,2026-04-15 21:18:56,2026-04-16 09:47:54,0000037343,454-000319,TVS二极管,5000.00,13.00,0,2026-04-15,0000037231,0000037230,CGSQ-260415-000026,5000.00,0.00,5000.00,已关闭,正常
0000037339,01-HDKJ-CGDD-260415-013888,2026-04-15,新疆友农科技集团,生产项目采购订单,物料类采购,02102087,上海朗速电子科技有限公司,计意强,缪财艳,2026-04-15 21:18:51,2026-04-16 09:47:47,0000037340,733-000044,绕线贴片功率电感,24000.00,13.00,0,2026-04-15,0000037243,0000037244,CGSQ-260415-000030,24000.00,0.00,24000.00,已关闭,正常
0000037337,01-HDKJ-CGDD-260415-013887,2026-04-15,新疆友农科技集团,生产项目采购订单,物料类采购,75502058,深圳乩亿伟达科技有限公司,计意强,杨强云,2026-04-15 21:18:47,2026-04-16 19:18:00,0000037338,972-000432,逻辑芯片,3000.00,13.00,0,2026-04-15,0000037256,0000037255,CGSQ-260415-000039,3000.00,0.00,3000.00,已关闭,正常
0000037293,01-HDKJ-CGDD-260415-013886,2026-04-15,新疆友农科技集团,生产项目采购订单,物料类采购,02502001,南京商络电子股份有限工司,计意强,缪财艳,2026-04-15 18:24:44,2026-04-16 11:47:35,0000037292,454-000068,TVS二极管,42000.00,13.00,0,2026-08-05,0000037290,0000037291,CGSQ-260415-000040,42000.00,0.00,42000.00,已关闭,正常
0000037267,01-HDKJ-CGDD-260415-013885,2026-04-15,新疆友农科技集团,生产项目采购订单,物料类采购,2509-51202-0313,苏州市巨新科电仔有限公司,计意强,葛霞,2026-04-15 17:23:26,2026-04-15 17:35:46,0000037268,725-000380,纽扣式超级电容,798.00,13.00,0,2026-06-10,0000037239,0000037240,CGSQ-260415-000028,798.00,0.00,798.00,已关闭,正常
0000037265,01-HDKJ-CGDD-260415-013884,2026-04-15,新疆友农科技集团,生产项目采购订单,物料类采购,75502052,深圳市宏能微电子有线公司,计意强,葛霞,2026-04-15 17:22:43,2026-04-15 21:02:28,0000037266,539-000667,贴片电阻,265000.00,13.00,0,2026-04-16,0000037233,0000037240,CGSQ-260415-000028,265000.00,0.00,265000.00,已关闭,正常
0000037263,01-HDKJ-CGDD-260415-013883,2026-04-15,新疆友农科技集团,生产项目采购订单,物料类采购,2604-75503-0613,深圳乩广佑达电子有限公司,计意强,葛霞,2026-04-15 17:21:36,2026-04-15 17:44:14,0000037262,725-000420,贴片陶瓷电容,15000.00,13.00,0,2026-08-05,0000037237,0000037240,CGSQ-260415-000028,15000.00,0.00,15000.00,已关闭,正常
0000037263,01-HDKJ-CGDD-260415-013883,2026-04-15,新疆友农科技集团,生产项目采购订单,物料类采购,2604-75503-0613,深圳乩广佑达电子有限公司,计意强,葛霞,2026-04-15 17:21:36,2026-04-15 17:44:14,0000037264,725-000063,贴片陶瓷电容,80000.00,13.00,0,2026-08-19,0000037235,0000037240,CGSQ-260415-000028,80000.00,0.00,80000.00,已关闭,正常
0000037261,01-HDKJ-CGDD-260415-013882,2026-04-15,新疆友农科技集团,生产项目采购订单,物料类采购,2604-02103-0609,上海冊谌科技有限公司,计意强,葛霞,2026-04-15 17:20:07,2026-04-15 17:43:55,0000037260,539-000667,贴片电阻,5000.00,13.00,0,2026-04-16,0000037234,0000037240,CGSQ-260415-000028,5000.00,0.00,5000.00,已关闭,正常
0000037257,01-HDKJ-CGDD-260415-013881,2026-04-15,新疆友农科技集团,生产项目采购订单,物料类采购,02502001,南京商络电子股份有限工司,计意强,葛霞,2026-04-15 17:15:21,2026-04-15 17:35:47,0000037259,725-000434,贴片陶瓷电容,10000.00,13.00,0,2026-08-19,0000037238,0000037240,CGSQ-260415-000028,0.00,0.00,0.00,正常,正常
0000037257,01-HDKJ-CGDD-260415-013881,2026-04-15,新疆友农科技集团,生产项目采购订单,物料类采购,02502001,南京商络电子股份有限工司,计意强,葛霞,2026-04-15 17:15:21,2026-04-15 17:35:47,0000037258,725-000417,贴片陶瓷电容,15000.00,13.00,0,2026-08-05,0000037236,0000037240,CGSQ-260415-000028,0.00,0.00,0.00,已关闭,正常
0000037253,01-HDKJ-CGDD-260415-013878,2026-04-15,新疆友农科技集团,生产项目采购订单,物料类采购,75501084,深圳市扬展康电仔有限公司,计意强,葛霞,2026-04-15 16:37:16,2026-04-15 17:08:15,0000037251,356-000386,2PIN 卧贴式1.25T连接器,1500.00,13.00,0,2026-04-22,0000037249,0000037247,CGSQ-260415-000034,1500.00,0.00,1500.00,已关闭,正常
0000037253,01-HDKJ-CGDD-260415-013878,2026-04-15,新疆友农科技集团,生产项目采购订单,物料类采购,75501084,深圳市扬展康电仔有限公司,计意强,葛霞,2026-04-15 16:37:16,2026-04-15 17:08:15,0000037254,356-000385,4PIN 卧贴式1.25T连接器,1500.00,13.00,0,2026-04-22,0000037248,0000037247,CGSQ-260415-000034,1500.00,0.00,1500.00,已关闭,正常
0000037253,01-HDKJ-CGDD-260415-013878,2026-04-15,新疆友农科技集团,生产项目采购订单,物料类采购,75501084,深圳市扬展康电仔有限公司,计意强,葛霞,2026-04-15 16:37:16,2026-04-15 17:08:15,0000037252,356-000387,12PIN 双排卧插线对板连接器2.0pitch,2000.00,13.00,0,2026-04-22,0000037250,0000037247,CGSQ-260415-000034,2000.00,0.00,2000.00,已关闭,正常
0000037241,01-HDKJ-CGDD-260415-013875,2026-04-15,新疆友农科技集团,生产项目采购订单,物料类采购,2507-75502-0204,北高智科技（深圳）有限公思,计意强,杨强云,2026-04-15 15:31:31,2026-04-15 17:08:20,0000037242,972-000621,快充协议芯片,4000.00,13.00,0,2026-05-15,0000034432,0000034431,CGSQ-260403-000048,0.00,0.00,0.00,正常,正常
0000037221,01-HDKJ-CGDD-260415-013867,2026-04-15,新疆友农科技集团,生产项目采购订单,物料类采购,75502049,深圳市阳和通甸子有限公司,计意强,葛霞,2026-04-15 14:21:07,2026-04-15 17:10:44,0000037222,725-000306,电解电容,10500.00,13.00,0,2026-04-15,0000036394,0000036374,CGSQ-260413-000014,0.00,0.00,0.00,正常,正常
0000037221,01-HDKJ-CGDD-260415-013867,2026-04-15,新疆友农科技集团,生产项目采购订单,物料类采购,75502049,深圳市阳和通甸子有限公司,计意强,葛霞,2026-04-15 14:21:07,2026-04-15 17:10:44,0000037223,539-000198,贴片电阻,20000.00,13.00,0,2026-04-15,0000036386,0000036374,CGSQ-260413-000014,0.00,0.00,0.00,正常,正常
0000037221,01-HDKJ-CGDD-260415-013867,2026-04-15,新疆友农科技集团,生产项目采购订单,物料类采购,75502049,深圳市阳和通甸子有限公司,计意强,葛霞,2026-04-15 14:21:07,2026-04-15 17:10:44,0000037224,725-000365,贴片陶瓷电容,30000.00,13.00,0,2026-04-15,0000036376,0000036374,CGSQ-260413-000014,0.00,0.00,0.00,正常,正常
0000037221,01-HDKJ-CGDD-260415-013867,2026-04-15,新疆友农科技集团,生产项目采购订单,物料类采购,75502049,深圳市阳和通甸子有限公司,计意强,葛霞,2026-04-15 14:21:07,2026-04-15 17:10:44,0000037225,725-000084,贴片陶瓷电容,4000.00,13.00,0,2026-04-15,0000036356,0000036345,CGSQ-260413-000012,0.00,0.00,0.00,已关闭,正常
0000037219,01-HDKJ-CGDD-260415-013866,2026-04-15,新疆友农科技集团,生产项目采购订单,物料类采购,51301004,南通江海电容器股伄有限公司,计意强,葛霞,2026-04-15 14:01:59,2026-04-15 21:02:43,0000037220,725-000522,直插铝电解电容,52000.00,13.00,0,2026-04-15,0000036465,0000036374,CGSQ-260413-000014,50900.00,0.00,50900.00,正常,正常
0000037217,01-HDKJ-CGDD-260415-013865,2026-04-15,新疆友农科技集团,生产项目采购订单,物料类采购,02102051,上海馨鹏电子友限公司,计意强,葛霞,2026-04-15 14:01:56,2026-04-15 17:10:40,0000037218,539-000638,NTC焊线电阻,11000.00,13.00,0,2026-04-15,0000036463,0000036374,CGSQ-260413-000014,11000.00,0.00,11000.00,已关闭,正常
0000037215,01-HDKJ-CGDD-260415-013864,2026-04-15,新疆友农科技集团,生产项目采购订单,物料类采购,51202011,昆山亥利威电子有限公司,计意强,葛霞,2026-04-15 14:01:51,2026-04-15 17:58:42,0000037216,725-000458,贴片陶瓷电容,50000.00,13.00,0,2026-04-15,0000036443,0000036374,CGSQ-260413-000014,50000.00,0.00,50000.00,已关闭,正常
0000037213,01-HDKJ-CGDD-260415-013863,2026-04-15,新疆友农科技集团,生产项目采购订单,物料类采购,02100153,上海勤伸电子有限公司,计意强,葛霞,2026-04-15 14:01:47,2026-04-16 21:18:59,0000037214,321-000673,YC302B_ESC_P4_PCB,10400.00,13.00,0,2026-04-15,0000036439,0000036374,CGSQ-260413-000014,4054.00,0.00,4054.00,正常,正常
0000037211,01-HDKJ-CGDD-260415-013862,2026-04-15,新疆友农科技集团,生产项目采购订单,物料类采购,2507-75502-0226,深圳市子锦年科技友限公司,计意强,葛霞,2026-04-15 14:01:43,2026-04-15 17:58:30,0000037212,539-000594,贴片电阻,190000.00,13.00,0,2026-04-15,0000036422,0000036374,CGSQ-260413-000014,0.00,0.00,0.00,已关闭,正常
0000037209,01-HDKJ-CGDD-260415-013860,2026-04-15,新疆友农科技集团,生产项目采购订单,物料类采购,02102073,上海健三电子有限工司,计意强,葛霞,2026-04-15 14:01:32,2026-04-15 21:03:13,0000037210,725-000465,贴片陶瓷电容,281000.00,13.00,0,2026-04-15,0000036395,0000036374,CGSQ-260413-000014,281000.00,0.00,281000.00,已关闭,正常
0000037207,01-HDKJ-CGDD-260415-013859,2026-04-15,新疆友农科技集团,生产项目采购订单,物料类采购,75504077,深圳市叁叶园电子有限公司,计意强,葛霞,2026-04-15 14:01:26,2026-04-15 17:16:54,0000037208,539-000484,贴片低阻值采样电阻,12000.00,13.00,0,2026-04-15,0000036387,0000036374,CGSQ-260413-000014,0.00,0.00,0.00,正常,正常
0000037205,01-HDKJ-CGDD-260415-013858,2026-04-15,新疆友农科技集团,生产项目采购订单,物料类采购,51202001,苏州荣采电仔有限公司,计意强,葛霞,2026-04-15 14:01:21,2026-04-15 17:16:57,0000037206,539-000542,贴片电阻,8000.00,13.00,0,2026-04-15,0000036373,0000036345,CGSQ-260413-000012,0.00,0.00,0.00,已关闭,正常
0000037203,01-HDKJ-CGDD-260415-013857,2026-04-15,新疆友农科技集团,生产项目采购订单,物料类采购,75502028,深圳市超利维实业有限公思,计意强,葛霞,2026-04-15 14:01:14,2026-04-15 17:10:17,0000037204,725-000048,贴片陶瓷电容,6000.00,13.00,0,2026-04-15,0000036365,0000036345,CGSQ-260413-000012,0.00,0.00,0.00,已关闭,正常
0000037194,01-HDKJ-CGDD-260415-013856,2026-04-15,新疆友农科技集团,生产项目采购订单,物料类采购,2509-51202-0313,苏州市巨新科电仔有限公司,计意强,葛霞,2026-04-15 14:01:05,2026-04-16 19:15:20,0000037195,539-000022,贴片电阻,25000.00,13.00,0,2026-04-15,0000036452,0000036374,CGSQ-260413-000014,0.00,0.00,0.00,已关闭,正常
0000037194,01-HDKJ-CGDD-260415-013856,2026-04-15,新疆友农科技集团,生产项目采购订单,物料类采购,2509-51202-0313,苏州市巨新科电仔有限公司,计意强,葛霞,2026-04-15 14:01:05,2026-04-16 19:15:20,0000037196,539-000026,贴片电阻,40000.00,13.00,0,2026-04-15,0000036416,0000036374,CGSQ-260413-000014,0.00,0.00,0.00,已关闭,正常
0000037194,01-HDKJ-CGDD-260415-013856,2026-04-15,新疆友农科技集团,生产项目采购订单,物料类采购,2509-51202-0313,苏州市巨新科电仔有限公司,计意强,葛霞,2026-04-15 14:01:05,2026-04-16 19:15:20,0000037197,725-000134,贴片陶瓷电容,32000.00,13.00,0,2026-04-15,0000036400,0000036374,CGSQ-260413-000014,0.00,0.00,0.00,已关闭,正常
0000037194,01-HDKJ-CGDD-260415-013856,2026-04-15,新疆友农科技集团,生产项目采购订单,物料类采购,2509-51202-0313,苏州市巨新科电仔有限公司,计意强,葛霞,2026-04-15 14:01:05,2026-04-16 19:15:20,0000037198,725-000246,贴片陶瓷电容,84000.00,13.00,0,2026-04-15,0000036396,0000036374,CGSQ-260413-000014,0.00,0.00,0.00,已关闭,正常
0000037194,01-HDKJ-CGDD-260415-013856,2026-04-15,新疆友农科技集团,生产项目采购订单,物料类采购,2509-51202-0313,苏州市巨新科电仔有限公司,计意强,葛霞,2026-04-15 14:01:05,2026-04-16 19:15:20,0000037199,539-000409,贴片电阻,160000.00,13.00,0,2026-04-15,0000036390,0000036374,CGSQ-260413-000014,0.00,0.00,0.00,已关闭,正常
0000037194,01-HDKJ-CGDD-260415-013856,2026-04-15,新疆友农科技集团,生产项目采购订单,物料类采购,2509-51202-0313,苏州市巨新科电仔有限公司,计意强,葛霞,2026-04-15 14:01:05,2026-04-16 19:15:20,0000037200,539-000001,贴片电阻,80000.00,13.00,0,2026-04-15,0000036388,0000036374,CGSQ-260413-000014,0.00,0.00,0.00,已关闭,正常
0000037194,01-HDKJ-CGDD-260415-013856,2026-04-15,新疆友农科技集团,生产项目采购订单,物料类采购,2509-51202-0313,苏州市巨新科电仔有限公司,计意强,葛霞,2026-04-15 14:01:05,2026-04-16 19:15:20,0000037201,539-000421,贴片电阻,340000.00,13.00,0,2026-04-15,0000036385,0000036374,CGSQ-260413-000014,0.00,0.00,0.00,已关闭,正常
0000037194,01-HDKJ-CGDD-260415-013856,2026-04-15,新疆友农科技集团,生产项目采购订单,物料类采购,2509-51202-0313,苏州市巨新科电仔有限公司,计意强,葛霞,2026-04-15 14:01:05,2026-04-16 19:15:20,0000037202,539-000006,贴片电阻,100000.00,13.00,0,2026-04-15,0000036358,0000036345,CGSQ-260413-000012,0.00,0.00,0.00,已关闭,正常
0000037191,01-HDKJ-CGDD-260415-013855,2026-04-15,新疆友农科技集团,生产项目采购订单,物料类采购,2602-51202-0552,苏州乩芃晟电子科技有限公司,计意强,葛霞,2026-04-15 14:01:01,2026-04-15 17:10:07,0000037192,725-000018,贴片陶瓷电容,6000.00,13.00,0,2026-04-15,0000036367,0000036345,CGSQ-260413-000012,6000.00,0.00,6000.00,已关闭,正常
0000037191,01-HDKJ-CGDD-260415-013855,2026-04-15,新疆友农科技集团,生产项目采购订单,物料类采购,2602-51202-0552,苏州乩芃晟电子科技有限公司,计意强,葛霞,2026-04-15 14:01:01,2026-04-15 17:10:07,0000037193,725-000088,贴片陶瓷电容,4000.00,13.00,0,2026-04-15,0000036355,0000036345,CGSQ-260413-000012,4000.00,0.00,4000.00,已关闭,正常
0000037189,01-HDKJ-CGDD-260415-013854,2026-04-15,新疆友农科技集团,生产项目采购订单,物料类采购,75502029,深圳市泰和源电子有限公司,计意强,葛霞,2026-04-15 14:00:56,2026-04-16 19:15:11,0000037190,725-000107,贴片陶瓷电容,4000.00,13.00,0,2026-04-15,0000036354,0000036345,CGSQ-260413-000012,0.00,0.00,0.00,已关闭,正常
0000037183,01-HDKJ-CGDD-260415-013853,2026-04-15,新疆友农科技集团,生产项目采购订单,物料类采购,59202001,厦门美赫电仔有限公司,计意强,葛霞,2026-04-15 14:00:50,2026-04-16 19:15:16,0000037184,539-000606,贴片电阻,25000.00,13.00,0,2026-04-15,0000036420,0000036374,CGSQ-260413-000014,0.00,0.00,0.00,已关闭,正常
0000037183,01-HDKJ-CGDD-260415-013853,2026-04-15,新疆友农科技集团,生产项目采购订单,物料类采购,59202001,厦门美赫电仔有限公司,计意强,葛霞,2026-04-15 14:00:50,2026-04-16 19:15:16,0000037185,539-000035,贴片电阻,20000.00,13.00,0,2026-04-15,0000036418,0000036374,CGSQ-260413-000014,0.00,0.00,0.00,已关闭,正常
0000037183,01-HDKJ-CGDD-260415-013853,2026-04-15,新疆友农科技集团,生产项目采购订单,物料类采购,59202001,厦门美赫电仔有限公司,计意强,葛霞,2026-04-15 14:00:50,2026-04-16 19:15:16,0000037186,725-000038,贴片陶瓷电容,22000.00,13.00,0,2026-04-15,0000036398,0000036374,CGSQ-260413-000014,22000.00,0.00,22000.00,已关闭,正常
0000037183,01-HDKJ-CGDD-260415-013853,2026-04-15,新疆友农科技集团,生产项目采购订单,物料类采购,59202001,厦门美赫电仔有限公司,计意强,葛霞,2026-04-15 14:00:50,2026-04-16 19:15:16,0000037187,539-000320,贴片电阻,10000.00,13.00,0,2026-04-15,0000036368,0000036345,CGSQ-260413-000012,0.00,0.00,0.00,已关闭,正常
0000037183,01-HDKJ-CGDD-260415-013853,2026-04-15,新疆友农科技集团,生产项目采购订单,物料类采购,59202001,厦门美赫电仔有限公司,计意强,葛霞,2026-04-15 14:00:50,2026-04-16 19:15:16,0000037188,725-000108,贴片陶瓷电容,10000.00,13.00,0,2026-04-15,0000036352,0000036345,CGSQ-260413-000012,10000.00,0.00,10000.00,已关闭,正常
0000037181,01-HDKJ-CGDD-260415-013852,2026-04-15,新疆友农科技集团,生产项目采购订单,物料类采购,75502070,深圳市富临通实业股份有线公司,计意强,葛霞,2026-04-15 14:00:45,2026-04-15 17:18:37,0000037182,725-000192,直插铝电解电容,3000.00,13.00,0,2026-04-15,0000036351,0000036345,CGSQ-260413-000012,3000.00,0.00,3000.00,已关闭,正常
0000037176,01-HDKJ-CGDD-260415-013851,2026-04-15,新疆友农科技集团,生产项目采购订单,物料类采购,02104051,上海武阳电子科技有限公司,计意强,葛霞,2026-04-15 14:00:40,2026-04-15 17:18:44,0000037177,356-000588,2x2排母连接器,12000.00,13.00,0,2026-04-15,0000036448,0000036374,CGSQ-260413-000014,12000.00,0.00,12000.00,已关闭,正常
0000037176,01-HDKJ-CGDD-260415-013851,2026-04-15,新疆友农科技集团,生产项目采购订单,物料类采购,02104051,上海武阳电子科技有限公司,计意强,葛霞,2026-04-15 14:00:40,2026-04-15 17:18:44,0000037178,356-000585,12PIN排针连接器,12000.00,13.00,0,2026-04-15,0000036408,0000036374,CGSQ-260413-000014,12000.00,0.00,12000.00,已关闭,正常
0000037176,01-HDKJ-CGDD-260415-013851,2026-04-15,新疆友农科技集团,生产项目采购订单,物料类采购,02104051,上海武阳电子科技有限公司,计意强,葛霞,2026-04-15 14:00:40,2026-04-15 17:18:44,0000037179,356-000425,6P刀片电池连接器公座，带定位柱,4000.00,13.00,0,2026-04-15,0000036371,0000036345,CGSQ-260413-000012,4000.00,0.00,4000.00,已关闭,正常
0000037176,01-HDKJ-CGDD-260415-013851,2026-04-15,新疆友农科技集团,生产项目采购订单,物料类采购,02104051,上海武阳电子科技有限公司,计意强,葛霞,2026-04-15 14:00:40,2026-04-15 17:18:44,0000037180,356-000381,大电流DC插座,2000.00,13.00,0,2026-04-15,0000036346,0000036345,CGSQ-260413-000012,2000.00,0.00,2000.00,已关闭,正常
0000037174,01-HDKJ-CGDD-260415-013848,2026-04-15,新疆友农科技集团,生产项目采购订单,物料类采购,75501084,深圳市扬展康电仔有限公司,计意强,葛霞,2026-04-15 14:00:25,2026-04-15 17:18:24,0000037175,356-000587,2x2排针连接器,10500.00,13.00,0,2026-04-15,0000036543,0000036547,CGSQ-260413-000025,0.00,0.00,0.00,正常,正常
0000037144,01-HDKJ-CGDD-260415-013847,2026-04-15,新疆友农科技集团,生产项目采购订单,物料类采购,59202002,俅门信和达电子有限公司,计意强,葛霞,2026-04-15 14:00:11,2026-04-15 22:17:51,0000037145,539-000018,贴片电阻,40000.00,13.00,0,2026-04-15,0000036456,0000036374,CGSQ-260413-000014,40000.00,0.00,40000.00,已关闭,正常
0000037144,01-HDKJ-CGDD-260415-013847,2026-04-15,新疆友农科技集团,生产项目采购订单,物料类采购,59202002,俅门信和达电子有限公司,计意强,葛霞,2026-04-15 14:00:11,2026-04-15 22:17:51,0000037146,539-000002,贴片电阻,30000.00,13.00,0,2026-04-15,0000036455,0000036374,CGSQ-260413-000014,30000.00,0.00,30000.00,已关闭,正常
0000037144,01-HDKJ-CGDD-260415-013847,2026-04-15,新疆友农科技集团,生产项目采购订单,物料类采购,59202002,俅门信和达电子有限公司,计意强,葛霞,2026-04-15 14:00:11,2026-04-15 22:17:51,0000037147,539-000019,贴片电阻,20000.00,13.00,0,2026-04-15,0000036454,0000036374,CGSQ-260413-000014,0.00,0.00,0.00,正常,正常
0000037144,01-HDKJ-CGDD-260415-013847,2026-04-15,新疆友农科技集团,生产项目采购订单,物料类采购,59202002,俅门信和达电子有限公司,计意强,葛霞,2026-04-15 14:00:11,2026-04-15 22:17:51,0000037148,539-000140,贴片电阻,20000.00,13.00,0,2026-04-15,0000036453,0000036374,CGSQ-260413-000014,0.00,0.00,0.00,正常,正常
0000037144,01-HDKJ-CGDD-260415-013847,2026-04-15,新疆友农科技集团,生产项目采购订单,物料类采购,59202002,俅门信和达电子有限公司,计意强,葛霞,2026-04-15 14:00:11,2026-04-15 22:17:51,0000037149,725-000178,贴片陶瓷电容,20000.00,13.00,0,2026-04-15,0000036445,0000036374,CGSQ-260413-000014,20000.00,0.00,20000.00,已关闭,正常
0000037144,01-HDKJ-CGDD-260415-013847,2026-04-15,新疆友农科技集团,生产项目采购订单,物料类采购,59202002,俅门信和达电子有限公司,计意强,葛霞,2026-04-15 14:00:11,2026-04-15 22:17:51,0000037150,725-000014,贴片陶瓷电容,44000.00,13.00,0,2026-04-15,0000036441,0000036374,CGSQ-260413-000014,0.00,0.00,0.00,正常,正常
0000037144,01-HDKJ-CGDD-260415-013847,2026-04-15,新疆友农科技集团,生产项目采购订单,物料类采购,59202002,俅门信和达电子有限公司,计意强,葛霞,2026-04-15 14:00:11,2026-04-15 22:17:51,0000037151,725-000170,贴片陶瓷电容,44000.00,13.00,0,2026-04-15,0000036440,0000036374,CGSQ-260413-000014,44000.00,0.00,44000.00,已关闭,正常
0000037144,01-HDKJ-CGDD-260415-013847,2026-04-15,新疆友农科技集团,生产项目采购订单,物料类采购,59202002,俅门信和达电子有限公司,计意强,葛霞,2026-04-15 14:00:11,2026-04-15 22:17:51,0000037152,539-000658,贴片电阻,65000.00,13.00,0,2026-04-15,0000036425,0000036374,CGSQ-260413-000014,20000.00,0.00,20000.00,正常,正常
0000037144,01-HDKJ-CGDD-260415-013847,2026-04-15,新疆友农科技集团,生产项目采购订单,物料类采购,59202002,俅门信和达电子有限公司,计意强,葛霞,2026-04-15 14:00:11,2026-04-15 22:17:51,0000037153,539-000574,贴片低阻值采样电阻,32500.00,13.00,0,2026-04-15,0000036423,0000036374,CGSQ-260413-000014,32500.00,0.00,32500.00,已关闭,正常
0000037144,01-HDKJ-CGDD-260415-013847,2026-04-15,新疆友农科技集团,生产项目采购订单,物料类采购,59202002,俅门信和达电子有限公司,计意强,葛霞,2026-04-15 14:00:11,2026-04-15 22:17:51,0000037154,539-000068,贴片电阻,30000.00,13.00,0,2026-04-15,0000036421,0000036374,CGSQ-260413-000014,30000.00,0.00,30000.00,已关闭,正常
0000037144,01-HDKJ-CGDD-260415-013847,2026-04-15,新疆友农科技集团,生产项目采购订单,物料类采购,59202002,俅门信和达电子有限公司,计意强,葛霞,2026-04-15 14:00:11,2026-04-15 22:17:51,0000037155,539-000057,贴片电阻,15000.00,13.00,0,2026-04-15,0000036419,0000036374,CGSQ-260413-000014,0.00,0.00,0.00,正常,正常
0000037144,01-HDKJ-CGDD-260415-013847,2026-04-15,新疆友农科技集团,生产项目采购订单,物料类采购,59202002,俅门信和达电子有限公司,计意强,葛霞,2026-04-15 14:00:11,2026-04-15 22:17:51,0000037156,539-000037,贴片电阻,20000.00,13.00,0,2026-04-15,0000036417,0000036374,CGSQ-260413-000014,0.00,0.00,0.00,正常,正常
0000037144,01-HDKJ-CGDD-260415-013847,2026-04-15,新疆友农科技集团,生产项目采购订单,物料类采购,59202002,俅门信和达电子有限公司,计意强,葛霞,2026-04-15 14:00:11,2026-04-15 22:17:51,0000037157,539-000118,贴片电阻,15000.00,13.00,0,2026-04-15,0000036415,0000036374,CGSQ-260413-000014,15000.00,0.00,15000.00,已关闭,正常
0000037144,01-HDKJ-CGDD-260415-013847,2026-04-15,新疆友农科技集团,生产项目采购订单,物料类采购,59202002,俅门信和达电子有限公司,计意强,葛霞,2026-04-15 14:00:11,2026-04-15 22:17:51,0000037158,539-000200,贴片电阻,15000.00,13.00,0,2026-04-15,0000036414,0000036374,CGSQ-260413-000014,0.00,0.00,0.00,正常,正常
0000037144,01-HDKJ-CGDD-260415-013847,2026-04-15,新疆友农科技集团,生产项目采购订单,物料类采购,59202002,俅门信和达电子有限公司,计意强,葛霞,2026-04-15 14:00:11,2026-04-15 22:17:51,0000037159,539-000014,贴片电阻,220000.00,13.00,0,2026-04-15,0000036413,0000036374,CGSQ-260413-000014,0.00,0.00,0.00,正常,正常
0000037144,01-HDKJ-CGDD-260415-013847,2026-04-15,新疆友农科技集团,生产项目采购订单,物料类采购,59202002,俅门信和达电子有限公司,计意强,葛霞,2026-04-15 14:00:11,2026-04-15 22:17:51,0000037160,725-000275,贴片陶瓷电容,40000.00,13.00,0,2026-04-15,0000036401,0000036374,CGSQ-260413-000014,40000.00,0.00,40000.00,已关闭,正常
0000037144,01-HDKJ-CGDD-260415-013847,2026-04-15,新疆友农科技集团,生产项目采购订单,物料类采购,59202002,俅门信和达电子有限公司,计意强,葛霞,2026-04-15 14:00:11,2026-04-15 22:17:51,0000037161,725-000090,贴片陶瓷电容,12000.00,13.00,0,2026-04-15,0000036397,0000036374,CGSQ-260413-000014,12000.00,0.00,12000.00,已关闭,正常
0000037144,01-HDKJ-CGDD-260415-013847,2026-04-15,新疆友农科技集团,生产项目采购订单,物料类采购,59202002,俅门信和达电子有限公司,计意强,葛霞,2026-04-15 14:00:11,2026-04-15 22:17:51,0000037162,539-000040,贴片电阻,40000.00,13.00,0,2026-04-15,0000036389,0000036374,CGSQ-260413-000014,40000.00,0.00,40000.00,已关闭,正常
0000037144,01-HDKJ-CGDD-260415-013847,2026-04-15,新疆友农科技集团,生产项目采购订单,物料类采购,59202002,俅门信和达电子有限公司,计意强,葛霞,2026-04-15 14:00:11,2026-04-15 22:17:51,0000037163,725-000235,贴片陶瓷电容,12000.00,13.00,0,2026-04-15,0000036381,0000036374,CGSQ-260413-000014,0.00,0.00,0.00,正常,正常
0000037144,01-HDKJ-CGDD-260415-013847,2026-04-15,新疆友农科技集团,生产项目采购订单,物料类采购,59202002,俅门信和达电子有限公司,计意强,葛霞,2026-04-15 14:00:11,2026-04-15 22:17:51,0000037164,725-000028,贴片陶瓷电容,100000.00,13.00,0,2026-04-15,0000036380,0000036374,CGSQ-260413-000014,0.00,0.00,0.00,正常,正常
0000037144,01-HDKJ-CGDD-260415-013847,2026-04-15,新疆友农科技集团,生产项目采购订单,物料类采购,59202002,俅门信和达电子有限公司,计意强,葛霞,2026-04-15 14:00:11,2026-04-15 22:17:51,0000037165,725-000219,贴片陶瓷电容,63000.00,13.00,0,2026-04-15,0000036377,0000036374,CGSQ-260413-000014,30000.00,0.00,30000.00,正常,正常
0000037144,01-HDKJ-CGDD-260415-013847,2026-04-15,新疆友农科技集团,生产项目采购订单,物料类采购,59202002,俅门信和达电子有限公司,计意强,葛霞,2026-04-15 14:00:11,2026-04-15 22:17:51,0000037166,725-000226,贴片陶瓷电容,370000.00,13.00,0,2026-04-15,0000036375,0000036374,CGSQ-260413-000014,370000.00,0.00,370000.00,已关闭,正常
0000037144,01-HDKJ-CGDD-260415-013847,2026-04-15,新疆友农科技集团,生产项目采购订单,物料类采购,59202002,俅门信和达电子有限公司,计意强,葛霞,2026-04-15 14:00:11,2026-04-15 22:17:51,0000037167,539-000085,贴片电阻,50000.00,13.00,0,2026-04-15,0000025508,0000025524,CGSQ-260128-000028,50000.00,0.00,50000.00,已关闭,正常
0000037144,01-HDKJ-CGDD-260415-013847,2026-04-15,新疆友农科技集团,生产项目采购订单,物料类采购,59202002,俅门信和达电子有限公司,计意强,葛霞,2026-04-15 14:00:11,2026-04-15 22:17:51,0000037168,539-000041,贴片电阻,10000.00,13.00,0,2026-04-15,0000036370,0000036345,CGSQ-260413-000012,0.00,0.00,0.00,正常,正常
0000037144,01-HDKJ-CGDD-260415-013847,2026-04-15,新疆友农科技集团,生产项目采购订单,物料类采购,59202002,俅门信和达电子有限公司,计意强,葛霞,2026-04-15 14:00:11,2026-04-15 22:17:51,0000037169,539-000334,贴片电阻,10000.00,13.00,0,2026-04-15,0000036369,0000036345,CGSQ-260413-000012,10000.00,0.00,10000.00,已关闭,正常
0000037144,01-HDKJ-CGDD-260415-013847,2026-04-15,新疆友农科技集团,生产项目采购订单,物料类采购,59202002,俅门信和达电子有限公司,计意强,葛霞,2026-04-15 14:00:11,2026-04-15 22:17:51,0000037170,539-000008,贴片电阻,10000.00,13.00,0,2026-04-15,0000036357,0000036345,CGSQ-260413-000012,10000.00,0.00,10000.00,已关闭,正常
0000037144,01-HDKJ-CGDD-260415-013847,2026-04-15,新疆友农科技集团,生产项目采购订单,物料类采购,59202002,俅门信和达电子有限公司,计意强,葛霞,2026-04-15 14:00:11,2026-04-15 22:17:51,0000037171,539-000549,贴片电阻,5000.00,13.00,0,2026-04-15,0000036347,0000036345,CGSQ-260413-000012,5000.00,0.00,5000.00,已关闭,正常
0000037144,01-HDKJ-CGDD-260415-013847,2026-04-15,新疆友农科技集团,生产项目采购订单,物料类采购,59202002,俅门信和达电子有限公司,计意强,葛霞,2026-04-15 14:00:11,2026-04-15 22:17:51,0000037172,539-000577,贴片电阻,3380.00,13.00,0,2026-04-15,0000030045,0000030040,CGSQ-260310-000028,3380.00,0.00,3380.00,已关闭,正常
0000037144,01-HDKJ-CGDD-260415-013847,2026-04-15,新疆友农科技集团,生产项目采购订单,物料类采购,59202002,俅门信和达电子有限公司,计意强,葛霞,2026-04-15 14:00:11,2026-04-15 22:17:51,0000037173,539-000256,贴片电阻,3000.00,13.00,0,2026-04-15,0000030043,0000030040,CGSQ-260310-000028,3000.00,0.00,3000.00,已关闭,正常
0000037140,01-HDKJ-CGDD-260415-013846,2026-04-15,新疆友农科技集团,生产项目采购订单,物料类采购,75504068,深圳乩浩达多层线路板有限公司,计意强,葛霞,2026-04-15 14:00:01,2026-04-15 17:18:57,0000037141,321-000508,YC302B电调电容板CAP_P0_PCB,10400.00,13.00,0,2026-04-15,0000036466,0000036374,CGSQ-260413-000014,10400.00,0.00,10400.00,已关闭,正常
0000037140,01-HDKJ-CGDD-260415-013846,2026-04-15,新疆友农科技集团,生产项目采购订单,物料类采购,75504068,深圳乩浩达多层线路板有限公司,计意强,葛霞,2026-04-15 14:00:01,2026-04-15 17:18:57,0000037142,321-000367,YN402 遥控器外置电池充电器 P0 PCB,1500.00,13.00,0,2026-04-15,0000036364,0000036345,CGSQ-260413-000012,1500.00,0.00,1500.00,已关闭,正常
0000037140,01-HDKJ-CGDD-260415-013846,2026-04-15,新疆友农科技集团,生产项目采购订单,物料类采购,75504068,深圳乩浩达多层线路板有限公司,计意强,葛霞,2026-04-15 14:00:01,2026-04-15 17:18:57,0000037143,321-000510,YC302B_自研电调灯板_P0_PCB,10400.00,13.00,0,2026-04-15,0000036544,0000036547,CGSQ-260413-000025,10400.00,0.00,10400.00,已关闭,正常
0000037129,01-HDKJ-CGDD-260415-013840,2026-04-15,新疆友农科技集团,生产项目采购订单,物料类采购,02102032,艾创特电子贸易（上海）有限工司,计意强,杨强云,2026-04-15 13:21:46,2026-04-15 17:19:19,0000037130,972-000777,隔离电源芯片,1000.00,13.00,0,2026-08-04,0000036774,0000036775,CGSQ-260414-000026,1000.00,0.00,1000.00,已关闭,正常
0000037119,02-KSHA-CGDD-260415-013835,2026-04-15,苏州友安电子科技有限公司,生产项目采购订单,物料类采购,02105020,上海明欢包装材料友限公司,昝敏,沈娟,2026-04-15 10:28:03,2026-04-15 11:15:23,0000037118,606-000381,北斗智能平板十寸单屏小包盒,110.00,13.00,0,2026-05-02,0000037004,0000037006,CGSQ-260414-000030,0.00,0.00,0.00,正常,已终止
0000037116,02-KSHA-CGDD-260415-013834,2026-04-15,苏州友安电子科技有限公司,生产项目采购订单,物料类采购,57403040,昆山诚达包装制品友限公司,昝敏,沈娟,2026-04-15 10:27:11,2026-04-15 11:15:21,0000037115,606-000379,北斗智能平板十寸单屏盖板,90.00,13.00,0,2026-04-27,0000037002,0000037006,CGSQ-260414-000030,90.00,0.00,90.00,已关闭,正常
0000037116,02-KSHA-CGDD-260415-013834,2026-04-15,苏州友安电子科技有限公司,生产项目采购订单,物料类采购,57403040,昆山诚达包装制品友限公司,昝敏,沈娟,2026-04-15 10:27:11,2026-04-15 11:15:21,0000037117,606-000380,北斗智能平板十寸单屏内托,90.00,13.00,0,2026-04-27,0000037003,0000037006,CGSQ-260414-000030,90.00,0.00,90.00,已关闭,正常
0000037113,01-HDKJ-CGDD-260415-013832,2026-04-15,新疆友农科技集团,生产项目采购订单,物料类采购,75501068,仗兴科技（深圳）有限公司,昝敏,沈娟,2026-04-15 10:09:54,2026-04-15 11:15:19,0000037114,795-000309,701防水透气膜,7000.00,13.00,0,2026-05-08,0000036989,0000037001,CGSQ-260414-000029,7000.00,0.00,7000.00,已关闭,正常
0000037111,01-HDKJ-CGDD-260415-013831,2026-04-15,新疆友农科技集团,生产项目采购订单,物料类采购,75504042,深圳市中科乷线技术有限公司,昝敏,沈娟,2026-04-15 10:08:45,2026-04-16 22:00:02,0000037109,838-000211,801-C-主天线,7000.00,13.00,0,2026-05-08,0000036978,0000037001,CGSQ-260414-000029,1224.00,0.00,1224.00,正常,正常
0000037111,01-HDKJ-CGDD-260415-013831,2026-04-15,新疆友农科技集团,生产项目采购订单,物料类采购,75504042,深圳市中科乷线技术有限公司,昝敏,沈娟,2026-04-15 10:08:45,2026-04-16 22:00:02,0000037112,838-000212,801-C-WIFI天线,7000.00,13.00,0,2026-05-08,0000036979,0000037001,CGSQ-260414-000029,1800.00,0.00,1800.00,正常,正常
0000037111,01-HDKJ-CGDD-260415-013831,2026-04-15,新疆友农科技集团,生产项目采购订单,物料类采购,75504042,深圳市中科乷线技术有限公司,昝敏,沈娟,2026-04-15 10:08:45,2026-04-16 22:00:02,0000037110,994-000371,801 SMA转ipex线束（国产化专用）,7000.00,13.00,0,2026-05-08,0000036985,0000037001,CGSQ-260414-000029,7000.00,0.00,7000.00,已关闭,正常
0000037107,01-HDKJ-CGDD-260415-013830,2026-04-15,新疆友农科技集团,生产项目采购订单,物料类采购,51204037,无锡市宏鹏橡塑乕品有限公司,昝敏,朱英,2026-04-15 10:07:47,2026-04-15 11:15:26,0000037108,795-000809,姿态机具传感器胶塞（宏鹏）,18000.00,13.00,0,2026-05-08,0000036995,0000037001,CGSQ-260414-000029,18000.00,0.00,18000.00,已关闭,正常
0000037105,01-HDKJ-CGDD-260415-013828,2026-04-15,新疆友农科技集团,生产项目采购订单,物料类采购,02101063,尚海致佳胶粘制品有限公司,昝敏,沈娟,2026-04-15 10:05:38,2026-04-15 14:09:00,0000037106,795-000721,701显示屏导电泡棉（国产化专用）,10000.00,13.00,0,2026-05-08,0000036994,0000037001,CGSQ-260414-000029,10000.00,0.00,10000.00,已关闭,正常
0000037103,01-HDKJ-CGDD-260415-013827,2026-04-15,新疆友农科技集团,生产项目采购订单,物料类采购,02104077,尚海尚笙电子科技有限公司,昝敏,朱英,2026-04-15 10:04:32,2026-04-15 13:53:09,0000037104,165-000239,801 4.3寸显示屏,7000.00,13.00,0,2026-05-15,0000036975,0000037001,CGSQ-260414-000029,0.00,0.00,0.00,正常,正常
0000037101,02-KSHA-CGDD-260415-013826,2026-04-15,苏州友安电子科技有限公司,生产项目采购订单,物料类采购,02100140,昆山诚意智能科技有限工司,昝敏,沈娟,2026-04-15 09:59:37,2026-04-15 14:08:59,0000037102,606-000676,TB系列包装材料-洋马大包装纸箱,20.00,13.00,0,2026-04-24,0000037005,0000037006,CGSQ-260414-000030,20.00,0.00,20.00,已关闭,正常
0000037055,01-HDKJ-CGDD-260414-013825,2026-04-14,新疆友农科技集团,生产项目采购订单,物料类采购,59202002,俅门信和达电子有限公司,计意强,葛霞,2026-04-14 22:49:58,2026-04-15 18:22:45,0000037056,539-000027,贴片电阻,100000.00,13.00,0,2026-04-14,0000025482,0000025524,CGSQ-260128-000028,100000.00,0.00,100000.00,已关闭,正常
0000037055,01-HDKJ-CGDD-260414-013825,2026-04-14,新疆友农科技集团,生产项目采购订单,物料类采购,59202002,俅门信和达电子有限公司,计意强,葛霞,2026-04-14 22:49:58,2026-04-15 18:22:45,0000037057,539-000330,贴片电阻,8380.00,13.00,0,2026-04-14,0000030044,0000030040,CGSQ-260310-000028,8380.00,0.00,8380.00,已关闭,正常
0000037055,01-HDKJ-CGDD-260414-013825,2026-04-14,新疆友农科技集团,生产项目采购订单,物料类采购,59202002,俅门信和达电子有限公司,计意强,葛霞,2026-04-14 22:49:58,2026-04-15 18:22:45,0000037058,539-000019,贴片电阻,10000.00,13.00,0,2026-04-14,0000030745,0000030670,CGSQ-260318-000010,10000.00,0.00,10000.00,已关闭,正常
0000037055,01-HDKJ-CGDD-260414-013825,2026-04-14,新疆友农科技集团,生产项目采购订单,物料类采购,59202002,俅门信和达电子有限公司,计意强,葛霞,2026-04-14 22:49:58,2026-04-15 18:22:45,0000037059,539-000012,贴片电阻,100000.00,13.00,0,2026-04-14,0000025477,0000025524,CGSQ-260128-000028,100000.00,0.00,100000.00,已关闭,正常
0000037055,01-HDKJ-CGDD-260414-013825,2026-04-14,新疆友农科技集团,生产项目采购订单,物料类采购,59202002,俅门信和达电子有限公司,计意强,葛霞,2026-04-14 22:49:58,2026-04-15 18:22:45,0000037060,539-000144,贴片电阻,50000.00,13.00,0,2026-04-14,0000025547,0000025531,CGSQ-260128-000032,50000.00,0.00,50000.00,已关闭,正常
0000037055,01-HDKJ-CGDD-260414-013825,2026-04-14,新疆友农科技集团,生产项目采购订单,物料类采购,59202002,俅门信和达电子有限公司,计意强,葛霞,2026-04-14 22:49:58,2026-04-15 18:22:45,0000037061,539-000019,贴片电阻,20000.00,13.00,0,2026-04-14,0000027592,0000027564,CGSQ-260305-000030,20000.00,0.00,20000.00,已关闭,正常
0000037055,01-HDKJ-CGDD-260414-013825,2026-04-14,新疆友农科技集团,生产项目采购订单,物料类采购,59202002,俅门信和达电子有限公司,计意强,葛霞,2026-04-14 22:49:58,2026-04-15 18:22:45,0000037062,539-000269,贴片电阻,50000.00,13.00,0,2026-04-14,0000025551,0000025531,CGSQ-260128-000032,50000.00,0.00,50000.00,已关闭,正常
0000037055,01-HDKJ-CGDD-260414-013825,2026-04-14,新疆友农科技集团,生产项目采购订单,物料类采购,59202002,俅门信和达电子有限公司,计意强,葛霞,2026-04-14 22:49:58,2026-04-15 18:22:45,0000037063,539-000028,贴片电阻,50000.00,13.00,0,2026-04-14,0000033911,0000033880,CGSQ-260402-000011,50000.00,0.00,50000.00,已关闭,正常
0000037055,01-HDKJ-CGDD-260414-013825,2026-04-14,新疆友农科技集团,生产项目采购订单,物料类采购,59202002,俅门信和达电子有限公司,计意强,葛霞,2026-04-14 22:49:58,2026-04-15 18:22:45,0000037064,539-000076,贴片电阻,50000.00,13.00,0,2026-04-14,0000025546,0000025531,CGSQ-260128-000032,50000.00,0.00,50000.00,已关闭,正常
0000037055,01-HDKJ-CGDD-260414-013825,2026-04-14,新疆友农科技集团,生产项目采购订单,物料类采购,59202002,俅门信和达电子有限公司,计意强,葛霞,2026-04-14 22:49:58,2026-04-15 18:22:45,0000037065,539-000155,贴片电阻,10000.00,13.00,0,2026-04-14,0000025354,0000025390,CGSQ-260128-000017,10000.00,0.00,10000.00,已关闭,正常
0000037055,01-HDKJ-CGDD-260414-013825,2026-04-14,新疆友农科技集团,生产项目采购订单,物料类采购,59202002,俅门信和达电子有限公司,计意强,葛霞,2026-04-14 22:49:58,2026-04-15 18:22:45,0000037066,539-000019,贴片电阻,10000.00,13.00,0,2026-04-14,0000028225,0000028238,CGSQ-260306-000011,10000.00,0.00,10000.00,已关闭,正常
0000037055,01-HDKJ-CGDD-260414-013825,2026-04-14,新疆友农科技集团,生产项目采购订单,物料类采购,59202002,俅门信和达电子有限公司,计意强,葛霞,2026-04-14 22:49:58,2026-04-15 18:22:45,0000037067,539-000007,贴片电阻,100000.00,13.00,0,2026-04-14,0000025474,0000025524,CGSQ-260128-000028,100000.00,0.00,100000.00,已关闭,正常
0000037055,01-HDKJ-CGDD-260414-013825,2026-04-14,新疆友农科技集团,生产项目采购订单,物料类采购,59202002,俅门信和达电子有限公司,计意强,葛霞,2026-04-14 22:49:58,2026-04-15 18:22:45,0000037068,539-000382,贴片电阻,50000.00,13.00,0,2026-04-14,0000025552,0000025531,CGSQ-260128-000032,50000.00,0.00,50000.00,已关闭,正常
0000037055,01-HDKJ-CGDD-260414-013825,2026-04-14,新疆友农科技集团,生产项目采购订单,物料类采购,59202002,俅门信和达电子有限公司,计意强,葛霞,2026-04-14 22:49:58,2026-04-15 18:22:45,0000037069,539-000031,贴片电阻,100000.00,13.00,0,2026-04-14,0000025484,0000025524,CGSQ-260128-000028,100000.00,0.00,100000.00,已关闭,正常
0000037055,01-HDKJ-CGDD-260414-013825,2026-04-14,新疆友农科技集团,生产项目采购订单,物料类采购,59202002,俅门信和达电子有限公司,计意强,葛霞,2026-04-14 22:49:58,2026-04-15 18:22:45,0000037070,539-000334,贴片电阻,40000.00,13.00,0,2026-04-14,0000033922,0000033880,CGSQ-260402-000011,40000.00,0.00,40000.00,已关闭,正常
0000037055,01-HDKJ-CGDD-260414-013825,2026-04-14,新疆友农科技集团,生产项目采购订单,物料类采购,59202002,俅门信和达电子有限公司,计意强,葛霞,2026-04-14 22:49:58,2026-04-15 18:22:45,0000037071,539-000068,贴片电阻,100000.00,13.00,0,2026-04-14,0000025493,0000025524,CGSQ-260128-000028,100000.00,0.00,100000.00,已关闭,正常
0000037055,01-HDKJ-CGDD-260414-013825,2026-04-14,新疆友农科技集团,生产项目采购订单,物料类采购,59202002,俅门信和达电子有限公司,计意强,葛霞,2026-04-14 22:49:58,2026-04-15 18:22:45,0000037072,539-000050,贴片电阻,20000.00,13.00,0,2026-04-14,0000033912,0000033880,CGSQ-260402-000011,20000.00,0.00,20000.00,已关闭,正常
0000037055,01-HDKJ-CGDD-260414-013825,2026-04-14,新疆友农科技集团,生产项目采购订单,物料类采购,59202002,俅门信和达电子有限公司,计意强,葛霞,2026-04-14 22:49:58,2026-04-15 18:22:45,0000037073,539-000266,贴片电阻,50000.00,13.00,0,2026-04-14,0000025550,0000025531,CGSQ-260128-000032,50000.00,0.00,50000.00,已关闭,正常
0000037055,01-HDKJ-CGDD-260414-013825,2026-04-14,新疆友农科技集团,生产项目采购订单,物料类采购,59202002,俅门信和达电子有限公司,计意强,葛霞,2026-04-14 22:49:58,2026-04-15 18:22:45,0000037074,539-000271,贴片电阻,10000.00,13.00,0,2026-04-14,0000033921,0000033880,CGSQ-260402-000011,10000.00,0.00,10000.00,已关闭,正常
0000037055,01-HDKJ-CGDD-260414-013825,2026-04-14,新疆友农科技集团,生产项目采购订单,物料类采购,59202002,俅门信和达电子有限公司,计意强,葛霞,2026-04-14 22:49:58,2026-04-15 18:22:45,0000037075,539-000082,贴片电阻,100000.00,13.00,0,2026-04-14,0000025496,0000025524,CGSQ-260128-000028,70000.00,0.00,70000.00,正常,正常
0000037055,01-HDKJ-CGDD-260414-013825,2026-04-14,新疆友农科技集团,生产项目采购订单,物料类采购,59202002,俅门信和达电子有限公司,计意强,葛霞,2026-04-14 22:49:58,2026-04-15 18:22:45,0000037076,539-000075,贴片电阻,100000.00,13.00,0,2026-04-14,0000025495,0000025524,CGSQ-260128-000028,100000.00,0.00,100000.00,已关闭,正常
0000037055,01-HDKJ-CGDD-260414-013825,2026-04-14,新疆友农科技集团,生产项目采购订单,物料类采购,59202002,俅门信和达电子有限公司,计意强,葛霞,2026-04-14 22:49:58,2026-04-15 18:22:45,0000037077,539-000062,贴片电阻,100000.00,13.00,0,2026-04-14,0000025490,0000025524,CGSQ-260128-000028,100000.00,0.00,100000.00,已关闭,正常
0000037055,01-HDKJ-CGDD-260414-013825,2026-04-14,新疆友农科技集团,生产项目采购订单,物料类采购,59202002,俅门信和达电子有限公司,计意强,葛霞,2026-04-14 22:49:58,2026-04-15 18:22:45,0000037078,539-000033,贴片电阻,100000.00,13.00,0,2026-04-14,0000025485,0000025524,CGSQ-260128-000028,100000.00,0.00,100000.00,已关闭,正常
0000037055,01-HDKJ-CGDD-260414-013825,2026-04-14,新疆友农科技集团,生产项目采购订单,物料类采购,59202002,俅门信和达电子有限公司,计意强,葛霞,2026-04-14 22:49:58,2026-04-15 18:22:45,0000037079,539-000062,贴片电阻,70000.00,13.00,0,2026-04-14,0000025458,0000025524,CGSQ-260128-000028,70000.00,0.00,70000.00,已关闭,正常
0000037055,01-HDKJ-CGDD-260414-013825,2026-04-14,新疆友农科技集团,生产项目采购订单,物料类采购,59202002,俅门信和达电子有限公司,计意强,葛霞,2026-04-14 22:49:58,2026-04-15 18:22:45,0000037080,539-000237,贴片电阻,100000.00,13.00,0,2026-04-14,0000025502,0000025524,CGSQ-260128-000028,100000.00,0.00,100000.00,已关闭,正常
0000037055,01-HDKJ-CGDD-260414-013825,2026-04-14,新疆友农科技集团,生产项目采购订单,物料类采购,59202002,俅门信和达电子有限公司,计意强,葛霞,2026-04-14 22:49:58,2026-04-15 18:22:45,0000037081,539-000287,贴片电阻,10000.00,13.00,0,2026-04-14,0000028015,0000027843,CGSQ-260305-000036,0.00,0.00,0.00,正常,正常
0000037055,01-HDKJ-CGDD-260414-013825,2026-04-14,新疆友农科技集团,生产项目采购订单,物料类采购,59202002,俅门信和达电子有限公司,计意强,葛霞,2026-04-14 22:49:58,2026-04-15 18:22:45,0000037082,539-000062,贴片电阻,70000.00,13.00,0,2026-04-14,0000025457,0000025524,CGSQ-260128-000028,70000.00,0.00,70000.00,已关闭,正常
0000037055,01-HDKJ-CGDD-260414-013825,2026-04-14,新疆友农科技集团,生产项目采购订单,物料类采购,59202002,俅门信和达电子有限公司,计意强,葛霞,2026-04-14 22:49:58,2026-04-15 18:22:45,0000037083,539-000447,贴片电阻,10000.00,13.00,0,2026-04-14,0000030783,0000030670,CGSQ-260318-000010,10000.00,0.00,10000.00,已关闭,正常
0000037055,01-HDKJ-CGDD-260414-013825,2026-04-14,新疆友农科技集团,生产项目采购订单,物料类采购,59202002,俅门信和达电子有限公司,计意强,葛霞,2026-04-14 22:49:58,2026-04-15 18:22:45,0000037084,539-000013,贴片电阻,100000.00,13.00,0,2026-04-14,0000025478,0000025524,CGSQ-260128-000028,100000.00,0.00,100000.00,已关闭,正常
0000037055,01-HDKJ-CGDD-260414-013825,2026-04-14,新疆友农科技集团,生产项目采购订单,物料类采购,59202002,俅门信和达电子有限公司,计意强,葛霞,2026-04-14 22:49:58,2026-04-15 18:22:45,0000037085,539-000147,贴片电阻,50000.00,13.00,0,2026-04-14,0000025548,0000025531,CGSQ-260128-000032,50000.00,0.00,50000.00,已关闭,正常
0000037055,01-HDKJ-CGDD-260414-013825,2026-04-14,新疆友农科技集团,生产项目采购订单,物料类采购,59202002,俅门信和达电子有限公司,计意强,葛霞,2026-04-14 22:49:58,2026-04-15 18:22:45,0000037086,539-000147,贴片电阻,100000.00,13.00,0,2026-04-14,0000025499,0000025524,CGSQ-260128-000028,100000.00,0.00,100000.00,已关闭,正常
0000037055,01-HDKJ-CGDD-260414-013825,2026-04-14,新疆友农科技集团,生产项目采购订单,物料类采购,59202002,俅门信和达电子有限公司,计意强,葛霞,2026-04-14 22:49:58,2026-04-15 18:22:45,0000037087,539-000063,贴片电阻,100000.00,13.00,0,2026-04-14,0000025491,0000025524,CGSQ-260128-000028,100000.00,0.00,100000.00,已关闭,正常
0000037055,01-HDKJ-CGDD-260414-013825,2026-04-14,新疆友农科技集团,生产项目采购订单,物料类采购,59202002,俅门信和达电子有限公司,计意强,葛霞,2026-04-14 22:49:58,2026-04-15 18:22:45,0000037088,539-000064,贴片电阻,100000.00,13.00,0,2026-04-14,0000025492,0000025524,CGSQ-260128-000028,100000.00,0.00,100000.00,已关闭,正常
0000037055,01-HDKJ-CGDD-260414-013825,2026-04-14,新疆友农科技集团,生产项目采购订单,物料类采购,59202002,俅门信和达电子有限公司,计意强,葛霞,2026-04-14 22:49:58,2026-04-15 18:22:45,0000037089,539-000145,贴片电阻,100000.00,13.00,0,2026-04-14,0000025498,0000025524,CGSQ-260128-000028,0.00,0.00,0.00,正常,正常
0000037055,01-HDKJ-CGDD-260414-013825,2026-04-14,新疆友农科技集团,生产项目采购订单,物料类采购,59202002,俅门信和达电子有限公司,计意强,葛霞,2026-04-14 22:49:58,2026-04-15 18:22:45,0000037090,539-000344,贴片电阻,5000.00,13.00,0,2026-04-14,0000031779,0000031768,CGSQ-260325-000025,5000.00,0.00,5000.00,已关闭,正常
0000037055,01-HDKJ-CGDD-260414-013825,2026-04-14,新疆友农科技集团,生产项目采购订单,物料类采购,59202002,俅门信和达电子有限公司,计意强,葛霞,2026-04-14 22:49:58,2026-04-15 18:22:45,0000037091,539-000255,贴片电阻,40000.00,13.00,0,2026-04-14,0000031778,0000031768,CGSQ-260325-000025,40000.00,0.00,40000.00,已关闭,正常
0000037055,01-HDKJ-CGDD-260414-013825,2026-04-14,新疆友农科技集团,生产项目采购订单,物料类采购,59202002,俅门信和达电子有限公司,计意强,葛霞,2026-04-14 22:49:58,2026-04-15 18:22:45,0000037092,539-000114,贴片电阻,5000.00,13.00,0,2026-04-14,0000030986,0000030990,CGSQ-260320-000001,5000.00,0.00,5000.00,已关闭,正常
0000037055,01-HDKJ-CGDD-260414-013825,2026-04-14,新疆友农科技集团,生产项目采购订单,物料类采购,59202002,俅门信和达电子有限公司,计意强,葛霞,2026-04-14 22:49:58,2026-04-15 18:22:45,0000037093,539-000114,贴片电阻,5000.00,13.00,0,2026-04-14,0000031489,0000031494,CGSQ-260323-000002,5000.00,0.00,5000.00,已关闭,正常
0000037026,01-HDKJ-CGDD-260414-013824,2026-04-14,新疆友农科技集团,生产项目采购订单,物料类采购,59202002,俅门信和达电子有限公司,计意强,葛霞,2026-04-14 22:49:54,2026-04-15 21:02:33,0000037027,725-000235,贴片陶瓷电容,4000.00,13.00,0,2026-04-14,0000020949,0000020755,CGSQ-251218-000020,4000.00,0.00,4000.00,已关闭,正常
0000037026,01-HDKJ-CGDD-260414-013824,2026-04-14,新疆友农科技集团,生产项目采购订单,物料类采购,59202002,俅门信和达电子有限公司,计意强,葛霞,2026-04-14 22:49:54,2026-04-15 21:02:33,0000037028,539-000166,贴片电阻,10000.00,13.00,0,2026-04-14,0000028037,0000027843,CGSQ-260305-000036,10000.00,0.00,10000.00,已关闭,正常
0000037026,01-HDKJ-CGDD-260414-013824,2026-04-14,新疆友农科技集团,生产项目采购订单,物料类采购,59202002,俅门信和达电子有限公司,计意强,葛霞,2026-04-14 22:49:54,2026-04-15 21:02:33,0000037029,725-000020,贴片钽电解电容,2000.00,13.00,0,2026-04-14,0000030688,0000030670,CGSQ-260318-000010,2000.00,0.00,2000.00,已关闭,正常
0000037026,01-HDKJ-CGDD-260414-013824,2026-04-14,新疆友农科技集团,生产项目采购订单,物料类采购,59202002,俅门信和达电子有限公司,计意强,葛霞,2026-04-14 22:49:54,2026-04-15 21:02:33,0000037030,725-000020,贴片钽电解电容,8000.00,13.00,0,2026-04-14,0000027663,0000027564,CGSQ-260305-000030,8000.00,0.00,8000.00,已关闭,正常
0000037026,01-HDKJ-CGDD-260414-013824,2026-04-14,新疆友农科技集团,生产项目采购订单,物料类采购,59202002,俅门信和达电子有限公司,计意强,葛霞,2026-04-14 22:49:54,2026-04-15 21:02:33,0000037031,725-000020,贴片钽电解电容,4000.00,13.00,0,2026-04-14,0000026658,0000026657,CGSQ-260214-000006,4000.00,0.00,4000.00,已关闭,正常
0000037026,01-HDKJ-CGDD-260414-013824,2026-04-14,新疆友农科技集团,生产项目采购订单,物料类采购,59202002,俅门信和达电子有限公司,计意强,葛霞,2026-04-14 22:49:54,2026-04-15 21:02:33,0000037032,725-000020,贴片钽电解电容,60000.00,13.00,0,2026-04-14,0000021154,0000020755,CGSQ-251218-000020,60000.00,0.00,60000.00,已关闭,正常
0000037026,01-HDKJ-CGDD-260414-013824,2026-04-14,新疆友农科技集团,生产项目采购订单,物料类采购,59202002,俅门信和达电子有限公司,计意强,葛霞,2026-04-14 22:49:54,2026-04-15 21:02:33,0000037033,539-000153,贴片电阻,70000.00,13.00,0,2026-04-14,0000025460,0000025524,CGSQ-260128-000028,70000.00,0.00,70000.00,已关闭,正常
0000037026,01-HDKJ-CGDD-260414-013824,2026-04-14,新疆友农科技集团,生产项目采购订单,物料类采购,59202002,俅门信和达电子有限公司,计意强,葛霞,2026-04-14 22:49:54,2026-04-15 21:02:33,0000037034,539-000153,贴片电阻,70000.00,13.00,0,2026-04-14,0000025459,0000025524,CGSQ-260128-000028,70000.00,0.00,70000.00,已关闭,正常
0000037026,01-HDKJ-CGDD-260414-013824,2026-04-14,新疆友农科技集团,生产项目采购订单,物料类采购,59202002,俅门信和达电子有限公司,计意强,葛霞,2026-04-14 22:49:54,2026-04-15 21:02:33,0000037035,539-000021,贴片电阻,70000.00,13.00,0,2026-04-14,0000025456,0000025524,CGSQ-260128-000028,70000.00,0.00,70000.00,已关闭,正常
0000037026,01-HDKJ-CGDD-260414-013824,2026-04-14,新疆友农科技集团,生产项目采购订单,物料类采购,59202002,俅门信和达电子有限公司,计意强,葛霞,2026-04-14 22:49:54,2026-04-15 21:02:33,0000037036,539-000021,贴片电阻,70000.00,13.00,0,2026-04-14,0000025455,0000025524,CGSQ-260128-000028,70000.00,0.00,70000.00,已关闭,正常
0000037026,01-HDKJ-CGDD-260414-013824,2026-04-14,新疆友农科技集团,生产项目采购订单,物料类采购,59202002,俅门信和达电子有限公司,计意强,葛霞,2026-04-14 22:49:54,2026-04-15 21:02:33,0000037037,539-000021,贴片电阻,100000.00,13.00,0,2026-04-14,0000025480,0000025524,CGSQ-260128-000028,100000.00,0.00,100000.00,已关闭,正常
0000037026,01-HDKJ-CGDD-260414-013824,2026-04-14,新疆友农科技集团,生产项目采购订单,物料类采购,59202002,俅门信和达电子有限公司,计意强,葛霞,2026-04-14 22:49:54,2026-04-15 21:02:33,0000037038,539-000154,贴片电阻,10000.00,13.00,0,2026-04-14,0000033919,0000033880,CGSQ-260402-000011,10000.00,0.00,10000.00,已关闭,正常
0000037026,01-HDKJ-CGDD-260414-013824,2026-04-14,新疆友农科技集团,生产项目采购订单,物料类采购,59202002,俅门信和达电子有限公司,计意强,葛霞,2026-04-14 22:49:54,2026-04-15 21:02:33,0000037039,539-000154,贴片电阻,70000.00,13.00,0,2026-04-14,0000025462,0000025524,CGSQ-260128-000028,70000.00,0.00,70000.00,已关闭,正常
0000037026,01-HDKJ-CGDD-260414-013824,2026-04-14,新疆友农科技集团,生产项目采购订单,物料类采购,59202002,俅门信和达电子有限公司,计意强,葛霞,2026-04-14 22:49:54,2026-04-15 21:02:33,0000037040,539-000154,贴片电阻,70000.00,13.00,0,2026-04-14,0000025461,0000025524,CGSQ-260128-000028,70000.00,0.00,70000.00,已关闭,正常
0000037026,01-HDKJ-CGDD-260414-013824,2026-04-14,新疆友农科技集团,生产项目采购订单,物料类采购,59202002,俅门信和达电子有限公司,计意强,葛霞,2026-04-14 22:49:54,2026-04-15 21:02:33,0000037041,539-000070,贴片电阻,100000.00,13.00,0,2026-04-14,0000025494,0000025524,CGSQ-260128-000028,100000.00,0.00,100000.00,已关闭,正常
0000037026,01-HDKJ-CGDD-260414-013824,2026-04-14,新疆友农科技集团,生产项目采购订单,物料类采购,59202002,俅门信和达电子有限公司,计意强,葛霞,2026-04-14 22:49:54,2026-04-15 21:02:33,0000037042,539-000449,贴片电阻,10000.00,13.00,0,2026-04-14,0000030780,0000030670,CGSQ-260318-000010,10000.00,0.00,10000.00,已关闭,正常
0000037026,01-HDKJ-CGDD-260414-013824,2026-04-14,新疆友农科技集团,生产项目采购订单,物料类采购,59202002,俅门信和达电子有限公司,计意强,葛霞,2026-04-14 22:49:54,2026-04-15 21:02:33,0000037043,539-000046,贴片电阻,100000.00,13.00,0,2026-04-14,0000025489,0000025524,CGSQ-260128-000028,100000.00,0.00,100000.00,已关闭,正常
0000037026,01-HDKJ-CGDD-260414-013824,2026-04-14,新疆友农科技集团,生产项目采购订单,物料类采购,59202002,俅门信和达电子有限公司,计意强,葛霞,2026-04-14 22:49:54,2026-04-15 21:02:33,0000037044,539-000244,贴片电阻,50000.00,13.00,0,2026-04-14,0000025549,0000025531,CGSQ-260128-000032,50000.00,0.00,50000.00,已关闭,正常
0000037026,01-HDKJ-CGDD-260414-013824,2026-04-14,新疆友农科技集团,生产项目采购订单,物料类采购,59202002,俅门信和达电子有限公司,计意强,葛霞,2026-04-14 22:49:54,2026-04-15 21:02:33,0000037045,539-000011,贴片电阻,100000.00,13.00,0,2026-04-14,0000025476,0000025524,CGSQ-260128-000028,100000.00,0.00,100000.00,已关闭,正常
0000037026,01-HDKJ-CGDD-260414-013824,2026-04-14,新疆友农科技集团,生产项目采购订单,物料类采购,59202002,俅门信和达电子有限公司,计意强,葛霞,2026-04-14 22:49:54,2026-04-15 21:02:33,0000037046,539-000253,贴片电阻,10000.00,13.00,0,2026-04-14,0000029631,0000029754,CGSQ-260309-000027,0.00,0.00,0.00,正常,正常
0000037026,01-HDKJ-CGDD-260414-013824,2026-04-14,新疆友农科技集团,生产项目采购订单,物料类采购,59202002,俅门信和达电子有限公司,计意强,葛霞,2026-04-14 22:49:54,2026-04-15 21:02:33,0000037047,539-000253,贴片电阻,10000.00,13.00,0,2026-04-14,0000027936,0000027843,CGSQ-260305-000036,0.00,0.00,0.00,正常,正常
0000037026,01-HDKJ-CGDD-260414-013824,2026-04-14,新疆友农科技集团,生产项目采购订单,物料类采购,59202002,俅门信和达电子有限公司,计意强,葛霞,2026-04-14 22:49:54,2026-04-15 21:02:33,0000037048,539-000002,贴片电阻,250000.00,13.00,0,2026-04-14,0000033903,0000033880,CGSQ-260402-000011,250000.00,0.00,250000.00,已关闭,正常
0000037026,01-HDKJ-CGDD-260414-013824,2026-04-14,新疆友农科技集团,生产项目采购订单,物料类采购,59202002,俅门信和达电子有限公司,计意强,葛霞,2026-04-14 22:49:54,2026-04-15 21:02:33,0000037049,539-000045,贴片电阻,100000.00,13.00,0,2026-04-14,0000025488,0000025524,CGSQ-260128-000028,100000.00,0.00,100000.00,已关闭,正常
0000037026,01-HDKJ-CGDD-260414-013824,2026-04-14,新疆友农科技集团,生产项目采购订单,物料类采购,59202002,俅门信和达电子有限公司,计意强,葛霞,2026-04-14 22:49:54,2026-04-15 21:02:33,0000037050,539-000034,贴片电阻,100000.00,13.00,0,2026-04-14,0000025486,0000025524,CGSQ-260128-000028,100000.00,0.00,100000.00,已关闭,正常
0000037026,01-HDKJ-CGDD-260414-013824,2026-04-14,新疆友农科技集团,生产项目采购订单,物料类采购,59202002,俅门信和达电子有限公司,计意强,葛霞,2026-04-14 22:49:54,2026-04-15 21:02:33,0000037051,539-000005,贴片电阻,70000.00,13.00,0,2026-04-14,0000033905,0000033880,CGSQ-260402-000011,70000.00,0.00,70000.00,已关闭,正常
0000037026,01-HDKJ-CGDD-260414-013824,2026-04-14,新疆友农科技集团,生产项目采购订单,物料类采购,59202002,俅门信和达电子有限公司,计意强,葛霞,2026-04-14 22:49:54,2026-04-15 21:02:33,0000037052,539-000142,贴片电阻,100000.00,13.00,0,2026-04-14,0000025497,0000025524,CGSQ-260128-000028,100000.00,0.00,100000.00,已关闭,正常
0000037026,01-HDKJ-CGDD-260414-013824,2026-04-14,新疆友农科技集团,生产项目采购订单,物料类采购,59202002,俅门信和达电子有限公司,计意强,葛霞,2026-04-14 22:49:54,2026-04-15 21:02:33,0000037053,539-000330,贴片电阻,1620.00,13.00,0,2026-04-14,0000029506,0000029502,CGSQ-260309-000024,1620.00,0.00,1620.00,已关闭,正常
0000037026,01-HDKJ-CGDD-260414-013824,2026-04-14,新疆友农科技集团,生产项目采购订单,物料类采购,59202002,俅门信和达电子有限公司,计意强,葛霞,2026-04-14 22:49:54,2026-04-15 21:02:33,0000037054,539-000018,贴片电阻,50000.00,13.00,0,2026-04-14,0000033908,0000033880,CGSQ-260402-000011,50000.00,0.00,50000.00,已关闭,正常
0000037013,01-HDKJ-CGDD-260414-013820,2026-04-14,新疆友农科技集团,研发物料采购订单,物料类采购,5120228,昆山晨琪安电子有限公司,骆富英,骆富英,2026-04-14 17:37:11,2026-04-14 20:50:44,0000037014,364-000072,插件自恢复保险丝,1000.00,13.00,0,2026-05-12,0000037007,0000037008,CGSQ-260414-000031,0.00,0.00,0.00,正常,正常
0000037012,01-HDKJ-CGDD-260414-013819,2026-04-14,新疆友农科技集团,生产项目采购订单,物料类采购,01004007,支付宝(中国)网络技术有限公司,姚秀磊,高军,2026-04-14 17:32:57,2026-04-14 17:35:12,0000037011,849-001298,M4*24_304不锈钢平头倒边内六角螺栓,100.00,0.00,0,2026-04-15,0000036722,0000036721,CGSQ-260414-000021,100.00,100.00,0.00,已关闭,正常
0000037009,01-HDKJ-CGDD-260414-013817,2026-04-14,新疆友农科技集团,生产项目采购订单,物料类采购,01004007,支付宝(中国)网络技术有限公司,姚秀磊,高军,2026-04-14 17:30:27,2026-04-14 17:33:24,0000037010,849-001306,M40*1.5_R型径向精密锁紧螺母,60.00,13.00,0,2026-04-15,0000036712,0000036711,CGSQ-260414-000013,0.00,60.00,-60.00,正常,正常
0000036971,01-HDKJ-CGDD-260414-013816,2026-04-14,新疆友农科技集团,生产项目采购订单,物料类采购,2509-75502-0295,深圳市易达凯电仔有限公司,计意强,葛霞,2026-04-14 17:21:00,2026-04-14 20:55:44,0000036972,725-000326,钽电容,2000.00,13.00,0,2026-04-03,0000029375,0000029466,CGSQ-260309-000019,2000.00,0.00,2000.00,已关闭,正常
0000036971,01-HDKJ-CGDD-260414-013816,2026-04-14,新疆友农科技集团,生产项目采购订单,物料类采购,2509-75502-0295,深圳市易达凯电仔有限公司,计意强,葛霞,2026-04-14 17:21:00,2026-04-14 20:55:44,0000036973,725-000326,钽电容,6000.00,13.00,0,2026-03-31,0000027649,0000027564,CGSQ-260305-000030,6000.00,0.00,6000.00,已关闭,正常
0000036969,01-HDKJ-CGDD-260414-0243-BJ,2026-04-14,新疆友农科技集团,生产项目采购订单,物料类采购,2508-02500-0238,必迪艾(天津)轴承有限公思,计意强,骆富英,2026-04-14 17:13:59,2026-04-15 08:35:39,0000036970,849-000913,608DW轴承,560.00,13.00,0,2026-04-14,0000033428,0000033311,CGSQ-260401-000012,560.00,0.00,560.00,已关闭,正常
0000036967,01-HDKJ-CGDD-260414-013815,2026-04-14,新疆友农科技集团,生产项目采购订单,物料类采购,7550492,深圳扬养科技有限公司,计意强,骆富英,2026-04-14 17:13:54,2026-04-14 20:49:14,0000036968,527-000057,贴片无源晶振,12000.00,13.00,0,2026-04-14,0000036464,0000036374,CGSQ-260413-000014,0.00,0.00,0.00,正常,正常
0000036965,01-HDKJ-CGDD-260414-013814,2026-04-14,新疆友农科技集团,生产项目采购订单,物料类采购,02102065,上海洛加实両有限公司,计意强,杨强云,2026-04-14 17:13:51,2026-04-15 08:33:45,0000036966,972-000324,SS485收发器,12000.00,13.00,0,2026-04-14,0000036462,0000036374,CGSQ-260413-000014,0.00,0.00,0.00,正常,正常
0000036963,01-HDKJ-CGDD-260414-013813,2026-04-14,新疆友农科技集团,生产项目采购订单,物料类采购,76901013,冬莞市元基电子有限公司,计意强,缪财艳,2026-04-14 17:13:48,2026-04-14 20:50:19,0000036964,454-000046,ESD静电保护芯片,12000.00,13.00,0,2026-04-14,0000036461,0000036374,CGSQ-260413-000014,12000.00,0.00,12000.00,已关闭,正常
0000036961,01-HDKJ-CGDD-260414-013812,2026-04-14,新疆友农科技集团,生产项目采购订单,物料类采购,02102051,上海馨鹏电子友限公司,计意强,杨强云,2026-04-14 17:13:46,2026-04-14 20:49:15,0000036962,972-000740,降压型稳压电源,12000.00,13.00,0,2026-04-14,0000036459,0000036374,CGSQ-260413-000014,12000.00,0.00,12000.00,已关闭,正常
0000036959,01-HDKJ-CGDD-260414-013811,2026-04-14,新疆友农科技集团,生产项目采购订单,物料类采购,01004004,北京远大创乇科技有限公司,计意强,骆富英,2026-04-14 17:13:43,2026-04-14 20:50:18,0000036960,554-000075,稳压器,12000.00,13.00,0,2026-04-14,0000036458,0000036374,CGSQ-260413-000014,12000.00,0.00,12000.00,已关闭,正常
0000036952,01-HDKJ-CGDD-260414-013809,2026-04-14,新疆友农科技集团,生产项目采购订单,物料类采购,2508-51201-0244,苏州磊均电子友限公司,计意强,骆富英,2026-04-14 17:13:37,2026-04-15 04:12:11,0000036953,795-000894,铜条,128000.00,13.00,0,2026-04-14,0000036438,0000036374,CGSQ-260413-000014,0.00,0.00,0.00,正常,正常
0000036952,01-HDKJ-CGDD-260414-013809,2026-04-14,新疆友农科技集团,生产项目采购订单,物料类采购,2508-51201-0244,苏州磊均电子友限公司,计意强,骆富英,2026-04-14 17:13:37,2026-04-15 04:12:11,0000036954,795-000895,铜条,31500.00,13.00,0,2026-04-14,0000036437,0000036374,CGSQ-260413-000014,0.00,0.00,0.00,正常,正常
0000036952,01-HDKJ-CGDD-260414-013809,2026-04-14,新疆友农科技集团,生产项目采购订单,物料类采购,2508-51201-0244,苏州磊均电子友限公司,计意强,骆富英,2026-04-14 17:13:37,2026-04-15 04:12:11,0000036955,795-000801,电调铜条5,33000.00,13.00,0,2026-04-14,0000036436,0000036374,CGSQ-260413-000014,0.00,0.00,0.00,正常,正常
0000036952,01-HDKJ-CGDD-260414-013809,2026-04-14,新疆友农科技集团,生产项目采购订单,物料类采购,2508-51201-0244,苏州磊均电子友限公司,计意强,骆富英,2026-04-14 17:13:37,2026-04-15 04:12:11,0000036956,795-000785,电调铜条3,33000.00,13.00,0,2026-04-14,0000036435,0000036374,CGSQ-260413-000014,0.00,0.00,0.00,正常,正常
0000036952,01-HDKJ-CGDD-260414-013809,2026-04-14,新疆友农科技集团,生产项目采购订单,物料类采购,2508-51201-0244,苏州磊均电子友限公司,计意强,骆富英,2026-04-14 17:13:37,2026-04-15 04:12:11,0000036957,795-000783,电调铜条1,115000.00,13.00,0,2026-04-14,0000036434,0000036374,CGSQ-260413-000014,0.00,0.00,0.00,正常,正常
0000036952,01-HDKJ-CGDD-260414-013809,2026-04-14,新疆友农科技集团,生产项目采购订单,物料类采购,2508-51201-0244,苏州磊均电子友限公司,计意强,骆富英,2026-04-14 17:13:37,2026-04-15 04:12:11,0000036958,795-000784,电调铜条2,76500.00,13.00,0,2026-04-14,0000036433,0000036374,CGSQ-260413-000014,0.00,0.00,0.00,正常,正常
0000036949,01-HDKJ-CGDD-260414-013808,2026-04-14,新疆友农科技集团,生产项目采购订单,物料类采购,02102033,上海求远电子有线公司,计意强,杨强云,2026-04-14 17:13:35,2026-04-15 04:12:11,0000036950,972-000610,CAN收发器,12000.00,13.00,0,2026-04-14,0000036460,0000036374,CGSQ-260413-000014,8000.00,0.00,8000.00,正常,正常
0000036949,01-HDKJ-CGDD-260414-013808,2026-04-14,新疆友农科技集团,生产项目采购订单,物料类采购,02102033,上海求远电子有线公司,计意强,杨强云,2026-04-14 17:13:35,2026-04-15 04:12:11,0000036951,972-000839,运算放大器,42000.00,13.00,0,2026-04-14,0000036432,0000036374,CGSQ-260413-000014,0.00,0.00,0.00,正常,正常
0000036947,01-HDKJ-CGDD-260414-013807,2026-04-14,新疆友农科技集团,生产项目采购订单,物料类采购,2504-02102-0005,贝能电子(上海)有线公司,计意强,杨强云,2026-04-14 17:13:33,2026-04-15 21:05:27,0000036948,972-000410,MCU,10560.00,13.00,0,2026-04-14,0000036430,0000036374,CGSQ-260413-000014,0.00,0.00,0.00,正常,正常
0000036945,01-HDKJ-CGDD-260414-013806,2026-04-14,新疆友农科技集团,生产项目采购订单,物料类采购,75503010,深珍市惠力捷电子有限公司,计意强,杨强云,2026-04-14 17:13:31,2026-04-15 08:33:46,0000036946,972-000778,电压比较器,12000.00,13.00,0,2026-04-14,0000036429,0000036374,CGSQ-260413-000014,12000.00,0.00,12000.00,已关闭,正常
0000036943,01-HDKJ-CGDD-260414-013805,2026-04-14,新疆友农科技集团,生产项目采购订单,物料类采购,01004004,北京远大创乇科技有限公司,计意强,杨强云,2026-04-14 17:13:28,2026-04-15 08:33:49,0000036944,972-000475,电源芯片,12000.00,13.00,0,2026-04-14,0000036428,0000036374,CGSQ-260413-000014,12000.00,0.00,12000.00,已关闭,正常
0000036941,01-HDKJ-CGDD-260414-013804,2026-04-14,新疆友农科技集团,生产项目采购订单,物料类采购,02102032,艾创特电子贸易（上海）有限工司,计意强,杨强云,2026-04-14 17:13:24,2026-04-15 21:05:27,0000036942,972-000777,隔离电源芯片,12500.00,13.00,0,2026-04-14,0000036427,0000036374,CGSQ-260413-000014,12500.00,0.00,12500.00,已关闭,正常
0000036939,01-HDKJ-CGDD-260414-013803,2026-04-14,新疆友农科技集团,生产项目采购订单,物料类采购,75503012,深圳市科达乀电子有限公司,计意强,缪财艳,2026-04-14 17:13:21,2026-04-15 18:39:08,0000036940,733-000227,贴片功率电感,18000.00,13.00,0,2026-04-14,0000036410,0000036374,CGSQ-260413-000014,18000.00,0.00,18000.00,已关闭,正常
0000036936,01-HDKJ-CGDD-260414-013802,2026-04-14,新疆友农科技集团,生产项目采购订单,物料类采购,75502049,深圳市阳和通甸子有限公司,计意强,缪财艳,2026-04-14 17:13:17,2026-04-15 18:24:09,0000036937,733-000154,贴片磁珠,32000.00,13.00,0,2026-04-14,0000036449,0000036374,CGSQ-260413-000014,0.00,0.00,0.00,正常,正常
0000036936,01-HDKJ-CGDD-260414-013802,2026-04-14,新疆友农科技集团,生产项目采购订单,物料类采购,75502049,深圳市阳和通甸子有限公司,计意强,缪财艳,2026-04-14 17:13:17,2026-04-15 18:24:09,0000036938,733-000044,绕线贴片功率电感,12000.00,13.00,0,2026-04-14,0000036409,0000036374,CGSQ-260413-000014,0.00,0.00,0.00,正常,正常
0000036934,01-HDKJ-CGDD-260414-013801,2026-04-14,新疆友农科技集团,生产项目采购订单,物料类采购,5120228,昆山晨琪安电子有限公司,计意强,骆富英,2026-04-14 17:13:14,2026-04-15 08:34:00,0000036935,364-000072,插件自恢复保险丝,42000.00,13.00,0,2026-04-14,0000036405,0000036374,CGSQ-260413-000014,42000.00,0.00,42000.00,已关闭,正常
0000036931,01-HDKJ-CGDD-260414-013800,2026-04-14,新疆友农科技集团,生产项目采购订单,物料类采购,5120234,苏州禾吉昌电子科技友限公司,计意强,杨强云,2026-04-14 17:13:11,2026-04-15 21:02:48,0000036932,972-000837,隔离驱动,33000.00,13.00,0,2026-04-14,0000036431,0000036374,CGSQ-260413-000014,0.00,0.00,0.00,正常,正常
0000036931,01-HDKJ-CGDD-260414-013800,2026-04-14,新疆友农科技集团,生产项目采购订单,物料类采购,5120234,苏州禾吉昌电子科技友限公司,计意强,杨强云,2026-04-14 17:13:11,2026-04-15 21:02:48,0000036933,972-000801,数字隔离器,12500.00,13.00,0,2026-04-14,0000036392,0000036374,CGSQ-260413-000014,0.00,0.00,0.00,正常,已终止
0000036928,01-HDKJ-CGDD-260414-013799,2026-04-14,新疆友农科技集团,生产项目采购订单,物料类采购,75501075,深珍市鲁光电子科技有限公司,计意强,缪财艳,2026-04-14 17:13:07,2026-04-15 18:23:40,0000036929,454-000181,贴片开关二极管,21000.00,13.00,0,2026-04-14,0000036446,0000036374,CGSQ-260413-000014,21000.00,0.00,21000.00,已关闭,正常
0000036928,01-HDKJ-CGDD-260414-013799,2026-04-14,新疆友农科技集团,生产项目采购订单,物料类采购,75501075,深珍市鲁光电子科技有限公司,计意强,缪财艳,2026-04-14 17:13:07,2026-04-15 18:23:40,0000036930,454-000254,稳压二级管,190000.00,13.00,0,2026-04-14,0000036382,0000036374,CGSQ-260413-000014,190000.00,0.00,190000.00,已关闭,正常
0000036922,01-HDKJ-CGDD-260414-013798,2026-04-14,新疆友农科技集团,生产项目采购订单,物料类采购,02104096,上亥辽旦电子有限公司,计意强,缪财艳,2026-04-14 17:13:02,2026-04-15 18:38:55,0000036923,733-000245,一体成型功率电感,1500.00,13.00,0,2026-04-14,0000027799,0000027564,CGSQ-260305-000030,1500.00,0.00,1500.00,已关闭,正常
0000036922,01-HDKJ-CGDD-260414-013798,2026-04-14,新疆友农科技集团,生产项目采购订单,物料类采购,02104096,上亥辽旦电子有限公司,计意强,缪财艳,2026-04-14 17:13:02,2026-04-15 18:38:55,0000036924,733-000233,贴片功率电感,3000.00,13.00,0,2026-04-14,0000027986,0000027843,CGSQ-260305-000036,3000.00,0.00,3000.00,已关闭,正常
0000036922,01-HDKJ-CGDD-260414-013798,2026-04-14,新疆友农科技集团,生产项目采购订单,物料类采购,02104096,上亥辽旦电子有限公司,计意强,缪财艳,2026-04-14 17:13:02,2026-04-15 18:38:55,0000036925,733-000232,贴片功率电感,3000.00,13.00,0,2026-04-14,0000027898,0000027843,CGSQ-260305-000036,3000.00,0.00,3000.00,已关闭,正常
0000036922,01-HDKJ-CGDD-260414-013798,2026-04-14,新疆友农科技集团,生产项目采购订单,物料类采购,02104096,上亥辽旦电子有限公司,计意强,缪财艳,2026-04-14 17:13:02,2026-04-15 18:38:55,0000036926,733-000233,贴片功率电感,3000.00,13.00,0,2026-04-14,0000029601,0000029605,CGSQ-260309-000026,3000.00,0.00,3000.00,已关闭,正常
0000036922,01-HDKJ-CGDD-260414-013798,2026-04-14,新疆友农科技集团,生产项目采购订单,物料类采购,02104096,上亥辽旦电子有限公司,计意强,缪财艳,2026-04-14 17:13:02,2026-04-15 18:38:55,0000036927,733-000232,贴片功率电感,3000.00,13.00,0,2026-04-14,0000029600,0000029605,CGSQ-260309-000026,3000.00,0.00,3000.00,已关闭,正常
0000036917,01-HDKJ-CGDD-260414-013797,2026-04-14,新疆友农科技集团,生产项目采购订单,物料类采购,51201031,儎苏长晶科技股份有限公司,计意强,缪财艳,2026-04-14 17:12:57,2026-04-15 21:02:28,0000036918,358-000174,NMOS,15000.00,13.00,0,2026-04-14,0000036411,0000036374,CGSQ-260413-000014,0.00,0.00,0.00,已关闭,正常
0000036917,01-HDKJ-CGDD-260414-013797,2026-04-14,新疆友农科技集团,生产项目采购订单,物料类采购,51201031,儎苏长晶科技股份有限公司,计意强,缪财艳,2026-04-14 17:12:57,2026-04-15 21:02:28,0000036919,454-000322,肖特基二极管,63000.00,13.00,0,2026-04-14,0000036404,0000036374,CGSQ-260413-000014,63000.00,0.00,63000.00,已关闭,正常
0000036917,01-HDKJ-CGDD-260414-013797,2026-04-14,新疆友农科技集团,生产项目采购订单,物料类采购,51201031,儎苏长晶科技股份有限公司,计意强,缪财艳,2026-04-14 17:12:57,2026-04-15 21:02:28,0000036920,454-000323,肖特基二极管,33000.00,13.00,0,2026-04-14,0000036403,0000036374,CGSQ-260413-000014,33000.00,0.00,33000.00,已关闭,正常
0000036917,01-HDKJ-CGDD-260414-013797,2026-04-14,新疆友农科技集团,生产项目采购订单,物料类采购,51201031,儎苏长晶科技股份有限公司,计意强,缪财艳,2026-04-14 17:12:57,2026-04-15 21:02:28,0000036921,454-000246,肖特基二极管,10000.00,13.00,0,2026-04-14,0000036362,0000036345,CGSQ-260413-000012,10000.00,0.00,10000.00,已关闭,正常
0000036798,01-HDKJ-CGDD-260414-013796,2026-04-14,新疆友农科技集团,生产项目采购订单,物料类采购,01002002,北京富声达杰儽电子销售有限公司,计意强,缪财艳,2026-04-14 17:12:53,2026-04-15 18:23:31,0000036799,454-000335,TVS二极管,45000.00,13.00,0,2026-04-14,0000036426,0000036374,CGSQ-260413-000014,45000.00,0.00,45000.00,已关闭,正常
0000036798,01-HDKJ-CGDD-260414-013796,2026-04-14,新疆友农科技集团,生产项目采购订单,物料类采购,01002002,北京富声达杰儽电子销售有限公司,计意强,缪财艳,2026-04-14 17:12:53,2026-04-15 18:23:31,0000036800,454-000297,肖特基二极管,12000.00,13.00,0,2026-04-14,0000036402,0000036374,CGSQ-260413-000014,12000.00,0.00,12000.00,已关闭,正常
0000036798,01-HDKJ-CGDD-260414-013796,2026-04-14,新疆友农科技集团,生产项目采购订单,物料类采购,01002002,北京富声达杰儽电子销售有限公司,计意强,缪财艳,2026-04-14 17:12:53,2026-04-15 18:23:31,0000036801,454-000252,肖特基二极管,3000.00,13.00,0,2026-04-14,0000036361,0000036345,CGSQ-260413-000012,3000.00,0.00,3000.00,已关闭,正常
0000036794,01-HDKJ-CGDD-260414-013795,2026-04-14,新疆友农科技集团,生产项目采购订单,物料类采购,02502001,南京商络电子股份有限工司,计意强,缪财艳,2026-04-14 17:12:49,2026-04-15 18:23:18,0000036795,358-000097,三极管,42000.00,13.00,0,2026-04-14,0000036450,0000036374,CGSQ-260413-000014,0.00,0.00,0.00,正常,正常
0000036794,01-HDKJ-CGDD-260414-013795,2026-04-14,新疆友农科技集团,生产项目采购订单,物料类采购,02502001,南京商络电子股份有限工司,计意强,缪财艳,2026-04-14 17:12:49,2026-04-15 18:23:18,0000036796,358-000185,N沟道MOS,33000.00,13.00,0,2026-04-14,0000036383,0000036374,CGSQ-260413-000014,0.00,0.00,0.00,正常,正常
0000036794,01-HDKJ-CGDD-260414-013795,2026-04-14,新疆友农科技集团,生产项目采购订单,物料类采购,02502001,南京商络电子股份有限工司,计意强,缪财艳,2026-04-14 17:12:49,2026-04-15 18:23:18,0000036797,454-000245,肖特基二极管,3000.00,13.00,0,2026-04-14,0000036360,0000036345,CGSQ-260413-000012,0.00,0.00,0.00,正常,正常
0000036789,01-HDKJ-CGDD-260414-013794,2026-04-14,新疆友农科技集团,生产项目采购订单,物料类采购,73901002,湖南佳迪科甸子有限公司,计意强,缪财艳,2026-04-14 17:12:46,2026-04-15 18:23:06,0000036790,454-000289,贴片TVS二极管,3000.00,13.00,0,2026-04-14,0000036372,0000036345,CGSQ-260413-000012,3000.00,0.00,3000.00,已关闭,正常
0000036789,01-HDKJ-CGDD-260414-013794,2026-04-14,新疆友农科技集团,生产项目采购订单,物料类采购,73901002,湖南佳迪科甸子有限公司,计意强,缪财艳,2026-04-14 17:12:46,2026-04-15 18:23:06,0000036791,358-000128,P沟道MOS管,5000.00,13.00,0,2026-04-14,0000036363,0000036345,CGSQ-260413-000012,5000.00,0.00,5000.00,已关闭,正常
0000036789,01-HDKJ-CGDD-260414-013794,2026-04-14,新疆友农科技集团,生产项目采购订单,物料类采购,73901002,湖南佳迪科甸子有限公司,计意强,缪财艳,2026-04-14 17:12:46,2026-04-15 18:23:06,0000036792,690-000027,双色贴片发光二极管,4000.00,13.00,0,2026-04-14,0000036359,0000036345,CGSQ-260413-000012,4000.00,0.00,4000.00,已关闭,正常
0000036789,01-HDKJ-CGDD-260414-013794,2026-04-14,新疆友农科技集团,生产项目采购订单,物料类采购,73901002,湖南佳迪科甸子有限公司,计意强,缪财艳,2026-04-14 17:12:46,2026-04-15 18:23:06,0000036793,358-000129,P沟道MOS管,5000.00,13.00,0,2026-04-14,0000036349,0000036345,CGSQ-260413-000012,5000.00,0.00,5000.00,已关闭,正常
0000036787,01-HDKJ-CGDD-260414-013793,2026-04-14,新疆友农科技集团,生产项目采购订单,物料类采购,0200202,深圳市海文思柯技有限公司,计意强,杨强云,2026-04-14 17:12:42,2026-05-06 19:55:42,0000036788,972-000501,充电管理IC,4000.00,13.00,0,2026-04-14,0000036348,0000036345,CGSQ-260413-000012,4000.00,0.00,4000.00,已关闭,正常
0000036785,01-HDKJ-CGDD-260414-013791,2026-04-14,新疆友农科技集团,生产项目采购订单,物料类采购,7550493,深圳市朝旭柯技有限公司,计意强,缪财艳,2026-04-14 17:12:32,2026-04-15 18:23:24,0000036786,690-000028,贴片发光二极管,32000.00,13.00,0,2026-04-14,0000036546,0000036547,CGSQ-260413-000025,32000.00,0.00,32000.00,已关闭,正常
0000036782,01-HDKJ-CGDD-260414-013790,2026-04-14,新疆友农科技集团,生产项目采购订单,物料类采购,02102087,上海朗速电子科技有限公司,计意强,缪财艳,2026-04-14 17:12:27,2026-04-15 17:58:22,0000036783,733-000039,绕线贴片功率电感,10000.00,13.00,0,2026-04-14,0000036477,0000036475,CGSQ-260413-000021,10000.00,0.00,10000.00,已关闭,正常
0000036782,01-HDKJ-CGDD-260414-013790,2026-04-14,新疆友农科技集团,生产项目采购订单,物料类采购,02102087,上海朗速电子科技有限公司,计意强,缪财艳,2026-04-14 17:12:27,2026-04-15 17:58:22,0000036784,733-000211,贴片功率电感,15000.00,13.00,0,2026-04-14,0000036476,0000036475,CGSQ-260413-000021,15000.00,0.00,15000.00,已关闭,正常
0000036778,01-HDKJ-CGDD-260414-013788,2026-04-14,新疆友农科技集团,生产项目采购订单,物料类采购,02103023,云汉芯城（上海）电子科技有限公司,计意强,葛霞,2026-04-14 16:52:02,2026-04-14 21:00:42,0000036779,725-000261,电解电容,6000.00,13.00,0,2026-06-05,0000035919,0000035917,CGSQ-260410-000019,6000.00,0.00,6000.00,已关闭,正常
0000036771,01-HDKJ-CGDD-260414-013786,2026-04-14,新疆友农科技集团,生产项目采购订单,物料类采购,2604-75503-0613,深圳乩广佑达电子有限公司,计意强,葛霞,2026-04-14 16:29:30,2026-04-14 16:40:59,0000036773,725-000070,贴片陶瓷电容,30000.00,13.00,0,2026-06-23,0000036730,0000036732,CGSQ-260414-000022,30000.00,0.00,30000.00,已关闭,正常
0000036771,01-HDKJ-CGDD-260414-013786,2026-04-14,新疆友农科技集团,生产项目采购订单,物料类采购,2604-75503-0613,深圳乩广佑达电子有限公司,计意强,葛霞,2026-04-14 16:29:30,2026-04-14 16:40:59,0000036772,725-000174,贴片陶瓷电容,140000.00,13.00,0,2026-06-23,0000036731,0000036732,CGSQ-260414-000022,140000.00,0.00,140000.00,已关闭,正常
0000036770,01-HDKJ-CGDD-260414-013784,2026-04-14,新疆友农科技集团,生产项目采购订单,物料类采购,5120233,苏州友为达电子科技有限公司,计意强,葛霞,2026-04-14 16:14:20,2026-04-14 20:56:49,0000036769,725-000306,电解电容,14000.00,13.00,0,2026-06-09,0000036726,0000036732,CGSQ-260414-000022,14000.00,0.00,14000.00,已关闭,正常
0000036768,01-HDKJ-CGDD-260414-013783,2026-04-14,新疆友农科技集团,生产项目采购订单,物料类采购,2602-51202-0552,苏州乩芃晟电子科技有限公司,计意强,葛霞,2026-04-14 16:12:58,2026-04-14 20:56:58,0000036767,725-000028,贴片陶瓷电容,300000.00,13.00,0,2026-08-18,0000036725,0000036732,CGSQ-260414-000022,300000.00,0.00,300000.00,已关闭,正常
0000036766,01-HDKJ-CGDD-260414-013782,2026-04-14,新疆友农科技集团,生产项目采购订单,物料类采购,2507-75502-0226,深圳市子锦年科技友限公司,计意强,葛霞,2026-04-14 16:11:56,2026-04-14 20:56:56,0000036765,539-000321,贴片功率电阻,8000.00,13.00,0,2026-06-09,0000036723,0000036732,CGSQ-260414-000022,8000.00,0.00,8000.00,已关闭,正常
0000036764,01-HDKJ-CGDD-260414-013781,2026-04-14,新疆友农科技集团,生产项目采购订单,物料类采购,75502052,深圳市宏能微电子有线公司,计意强,葛霞,2026-04-14 16:10:24,2026-04-14 20:56:54,0000036763,539-000633,贴片电阻,10000.00,13.00,0,2026-07-07,0000036724,0000036732,CGSQ-260414-000022,10000.00,0.00,10000.00,已关闭,正常
0000036756,01-HDKJ-CGDD-260414-013780,2026-04-14,新疆友农科技集团,生产项目采购订单,物料类采购,2506-02102-0149,尚海优亮莱电子科技有限公司,计意强,葛霞,2026-04-14 16:08:04,2026-04-14 20:56:52,0000036758,539-000019,贴片电阻,40000.00,13.00,0,2026-07-21,0000036727,0000036732,CGSQ-260414-000022,40000.00,0.00,40000.00,已关闭,正常
0000036756,01-HDKJ-CGDD-260414-013780,2026-04-14,新疆友农科技集团,生产项目采购订单,物料类采购,2506-02102-0149,尚海优亮莱电子科技有限公司,计意强,葛霞,2026-04-14 16:08:04,2026-04-14 20:56:52,0000036757,539-000040,贴片电阻,150000.00,13.00,0,2026-07-07,0000036728,0000036732,CGSQ-260414-000022,150000.00,0.00,150000.00,已关闭,正常
0000036756,01-HDKJ-CGDD-260414-013780,2026-04-14,新疆友农科技集团,生产项目采购订单,物料类采购,2506-02102-0149,尚海优亮莱电子科技有限公司,计意强,葛霞,2026-04-14 16:08:04,2026-04-14 20:56:52,0000036759,539-000594,贴片电阻,10000.00,13.00,0,2026-08-04,0000036729,0000036732,CGSQ-260414-000022,10000.00,0.00,10000.00,已关闭,正常
0000036715,01-HDKJ-CGDD-260414-013766,2026-04-14,新疆友农科技集团,研发物料采购订单,物料类采购,01004007,支付宝(中国)网络技术有限公司,柏涛翔,狄时婷,2026-04-14 14:52:52,2026-04-14 14:58:16,0000036717,849-001038,M2*7十字平尾自攻不锈钢螺丝,1000.00,0.00,0,2026-04-01,0000033621,0000033620,CGSQ-260401-000033,1000.00,0.00,1000.00,已关闭,正常
0000036715,01-HDKJ-CGDD-260414-013766,2026-04-14,新疆友农科技集团,研发物料采购订单,物料类采购,01004007,支付宝(中国)网络技术有限公司,柏涛翔,狄时婷,2026-04-14 14:52:52,2026-04-14 14:58:16,0000036716,165-002736,150圆柱分电板O型密封圈,150.00,0.00,0,2026-04-01,0000033622,0000033620,CGSQ-260401-000033,150.00,0.00,150.00,已关闭,正常
0000036714,01-HDKJ-CGDD-260414-013765,2026-04-14,新疆友农科技集团,生产项目采购订单,物料类采购,02103023,云汉芯城（上海）电子科技有限公司,计意强,葛霞,2026-04-14 14:41:38,2026-04-14 15:11:45,0000036713,725-000261,电解电容,3000.00,13.00,0,2026-04-14,0000035919,0000035917,CGSQ-260410-000019,3000.00,0.00,3000.00,已关闭,正常
0000036704,01-HDKJ-CGDD-260414-013741,2026-04-14,新疆友农科技集团,生产项目采购订单,物料类采购,57102001,杭州利尔达展芯科技有限公思,计意强,杨强云,2026-04-14 13:20:52,2026-04-14 20:59:58,0000036703,972-000632,CPU,10.00,13.00,0,2026-06-17,0000036702,0000036701,CGSQ-260414-000010,10.00,0.00,10.00,已关闭,正常
0000036698,02-KSHA-CGDD-260414-013739,2026-04-14,苏州友安电子科技有限公司,生产项目采购订单,物料类采购,2603-51901-0565,常州朗菲电僃有限公司,王涛磊,蒋鹏,2026-04-14 11:12:29,2026-04-14 14:00:05,0000036699,994-000645,YC400电源线（屏蔽层版）,1050.00,13.00,0,2026-04-15,0000034272,0000034271,CGSQ-260403-000041,1050.00,0.00,1050.00,已关闭,正常
0000036695,01-HDKJ-CGDD-260414-013737,2026-04-14,新疆友农科技集团,生产项目采购订单,物料类采购,51204043,凯乐伯精倕塑胶模具（苏州）有限公司,王涛磊,朱英,2026-04-14 10:55:59,2026-04-14 14:00:07,0000036697,165-002411,150电调灯盖,10400.00,13.00,0,2026-05-09,0000035993,0000035991,CGSQ-260411-000010,10400.00,0.00,10400.00,已关闭,正常
0000036695,01-HDKJ-CGDD-260414-013737,2026-04-14,新疆友农科技集团,生产项目采购订单,物料类采购,51204043,凯乐伯精倕塑胶模具（苏州）有限公司,王涛磊,朱英,2026-04-14 10:55:59,2026-04-14 14:00:07,0000036696,165-000463,YN401电池充电座_导光柱,3000.00,13.00,0,2026-05-10,0000035987,0000035984,CGSQ-260411-000009,0.00,0.00,0.00,正常,正常
0000036693,01-HDKJ-CGDD-260414-013734,2026-04-14,新疆友农科技集团,生产项目采购订单,物料类采购,57403031,苏州禾佳顺电子科技有限公司,王涛磊,朱英,2026-04-14 10:46:51,2026-04-14 13:05:14,0000036692,356-000584,电调焊接端子,31200.00,13.00,0,2026-04-13,0000036406,0000036374,CGSQ-260413-000014,0.00,0.00,0.00,正常,正常
0000036693,01-HDKJ-CGDD-260414-013734,2026-04-14,新疆友农科技集团,生产项目采购订单,物料类采购,57403031,苏州禾佳顺电子科技有限公司,王涛磊,朱英,2026-04-14 10:46:51,2026-04-14 13:05:14,0000036694,356-000583,电调焊接端子,20800.00,13.00,0,2026-04-13,0000036407,0000036374,CGSQ-260413-000014,0.00,0.00,0.00,正常,正常
0000036686,01-HDKJ-CGDD-260414-013727,2026-04-14,新疆友农科技集团,生产项目采购订单,物料类采购,51204043,凯乐伯精倕塑胶模具（苏州）有限公司,高军,高军,2026-04-14 10:08:21,2026-04-14 10:10:32,0000036687,165-002353,YN525药箱盖本体,20.00,13.00,0,2026-03-22,0000027058,0000027040,CGSQ-260302-000016,20.00,0.00,20.00,已关闭,正常
0000036648,01-HDKJ-CGDD-260413-013725,2026-04-13,新疆友农科技集团,生产项目采购订单,物料类采购,59202002,俅门信和达电子有限公司,计意强,葛霞,2026-04-13 23:00:42,2026-04-14 12:54:01,0000036649,539-000137,贴片电阻,100000.00,13.00,0,2026-04-13,0000025515,0000025524,CGSQ-260128-000028,100000.00,0.00,100000.00,已关闭,正常
0000036648,01-HDKJ-CGDD-260413-013725,2026-04-13,新疆友农科技集团,生产项目采购订单,物料类采购,59202002,俅门信和达电子有限公司,计意强,葛霞,2026-04-13 23:00:42,2026-04-14 12:54:01,0000036650,539-000120,贴片电阻,5000.00,13.00,0,2026-04-13,0000031777,0000031768,CGSQ-260325-000025,5000.00,0.00,5000.00,已关闭,正常
0000036648,01-HDKJ-CGDD-260413-013725,2026-04-13,新疆友农科技集团,生产项目采购订单,物料类采购,59202002,俅门信和达电子有限公司,计意强,葛霞,2026-04-13 23:00:42,2026-04-14 12:54:01,0000036651,539-000120,贴片电阻,10000.00,13.00,0,2026-04-13,0000033917,0000033880,CGSQ-260402-000011,10000.00,0.00,10000.00,已关闭,正常
0000036648,01-HDKJ-CGDD-260413-013725,2026-04-13,新疆友农科技集团,生产项目采购订单,物料类采购,59202002,俅门信和达电子有限公司,计意强,葛霞,2026-04-13 23:00:42,2026-04-14 12:54:01,0000036652,539-000118,贴片电阻,55000.00,13.00,0,2026-04-13,0000031776,0000031768,CGSQ-260325-000025,25000.00,0.00,25000.00,正常,正常
0000036648,01-HDKJ-CGDD-260413-013725,2026-04-13,新疆友农科技集团,生产项目采购订单,物料类采购,59202002,俅门信和达电子有限公司,计意强,葛霞,2026-04-13 23:00:42,2026-04-14 12:54:01,0000036653,539-000118,贴片电阻,5000.00,13.00,0,2026-04-13,0000033916,0000033880,CGSQ-260402-000011,5000.00,0.00,5000.00,已关闭,正常
0000036648,01-HDKJ-CGDD-260413-013725,2026-04-13,新疆友农科技集团,生产项目采购订单,物料类采购,59202002,俅门信和达电子有限公司,计意强,葛霞,2026-04-13 23:00:42,2026-04-14 12:54:01,0000036654,539-000100,贴片电阻,10000.00,13.00,0,2026-04-13,0000031774,0000031768,CGSQ-260325-000025,10000.00,0.00,10000.00,已关闭,正常
0000036648,01-HDKJ-CGDD-260413-013725,2026-04-13,新疆友农科技集团,生产项目采购订单,物料类采购,59202002,俅门信和达电子有限公司,计意强,葛霞,2026-04-13 23:00:42,2026-04-14 12:54:01,0000036655,539-000352,贴片电阻,5000.00,13.00,0,2026-04-13,0000031780,0000031768,CGSQ-260325-000025,5000.00,0.00,5000.00,已关闭,正常
0000036648,01-HDKJ-CGDD-260413-013725,2026-04-13,新疆友农科技集团,生产项目采购订单,物料类采购,59202002,俅门信和达电子有限公司,计意强,葛霞,2026-04-13 23:00:42,2026-04-14 12:54:01,0000036656,539-000100,贴片电阻,5000.00,13.00,0,2026-04-13,0000033913,0000033880,CGSQ-260402-000011,5000.00,0.00,5000.00,已关闭,正常
0000036648,01-HDKJ-CGDD-260413-013725,2026-04-13,新疆友农科技集团,生产项目采购订单,物料类采购,59202002,俅门信和达电子有限公司,计意强,葛霞,2026-04-13 23:00:42,2026-04-14 12:54:01,0000036657,539-000331,贴片电阻,20000.00,13.00,0,2026-04-13,0000025530,0000025525,CGSQ-260128-000030,20000.00,0.00,20000.00,已关闭,正常
0000036648,01-HDKJ-CGDD-260413-013725,2026-04-13,新疆友农科技集团,生产项目采购订单,物料类采购,59202002,俅门信和达电子有限公司,计意强,葛霞,2026-04-13 23:00:42,2026-04-14 12:54:01,0000036658,539-000343,贴片电阻,5000.00,13.00,0,2026-04-13,0000029637,0000029754,CGSQ-260309-000027,5000.00,0.00,5000.00,已关闭,正常
0000036648,01-HDKJ-CGDD-260413-013725,2026-04-13,新疆友农科技集团,生产项目采购订单,物料类采购,59202002,俅门信和达电子有限公司,计意强,葛霞,2026-04-13 23:00:42,2026-04-14 12:54:01,0000036659,539-000085,贴片电阻,50000.00,13.00,0,2026-04-13,0000025508,0000025524,CGSQ-260128-000028,50000.00,0.00,50000.00,已关闭,正常
0000036648,01-HDKJ-CGDD-260413-013725,2026-04-13,新疆友农科技集团,生产项目采购订单,物料类采购,59202002,俅门信和达电子有限公司,计意强,葛霞,2026-04-13 23:00:42,2026-04-14 12:54:01,0000036660,539-000331,贴片电阻,10000.00,13.00,0,2026-04-13,0000026161,0000026153,CGSQ-260205-000006,10000.00,0.00,10000.00,已关闭,正常
0000036648,01-HDKJ-CGDD-260413-013725,2026-04-13,新疆友农科技集团,生产项目采购订单,物料类采购,59202002,俅门信和达电子有限公司,计意强,葛霞,2026-04-13 23:00:42,2026-04-14 12:54:01,0000036661,539-000324,贴片电阻,5000.00,13.00,0,2026-04-13,0000029635,0000029754,CGSQ-260309-000027,5000.00,0.00,5000.00,已关闭,正常
0000036648,01-HDKJ-CGDD-260413-013725,2026-04-13,新疆友农科技集团,生产项目采购订单,物料类采购,59202002,俅门信和达电子有限公司,计意强,葛霞,2026-04-13 23:00:42,2026-04-14 12:54:01,0000036662,539-000545,贴片电阻,10000.00,13.00,0,2026-04-13,0000029649,0000029754,CGSQ-260309-000027,10000.00,0.00,10000.00,已关闭,正常
0000036648,01-HDKJ-CGDD-260413-013725,2026-04-13,新疆友农科技集团,生产项目采购订单,物料类采购,59202002,俅门信和达电子有限公司,计意强,葛霞,2026-04-13 23:00:42,2026-04-14 12:54:01,0000036663,539-000152,贴片电阻,100000.00,13.00,0,2026-04-13,0000025500,0000025524,CGSQ-260128-000028,50000.00,0.00,50000.00,正常,正常
0000036648,01-HDKJ-CGDD-260413-013725,2026-04-13,新疆友农科技集团,生产项目采购订单,物料类采购,59202002,俅门信和达电子有限公司,计意强,葛霞,2026-04-13 23:00:42,2026-04-14 12:54:01,0000036664,539-000428,贴片电阻,5000.00,13.00,0,2026-04-13,0000029640,0000029754,CGSQ-260309-000027,0.00,0.00,0.00,正常,正常
0000036648,01-HDKJ-CGDD-260413-013725,2026-04-13,新疆友农科技集团,生产项目采购订单,物料类采购,59202002,俅门信和达电子有限公司,计意强,葛霞,2026-04-13 23:00:42,2026-04-14 12:54:01,0000036665,539-000545,贴片电阻,10000.00,13.00,0,2026-04-13,0000027780,0000027564,CGSQ-260305-000030,10000.00,0.00,10000.00,已关闭,正常
0000036648,01-HDKJ-CGDD-260413-013725,2026-04-13,新疆友农科技集团,生产项目采购订单,物料类采购,59202002,俅门信和达电子有限公司,计意强,葛霞,2026-04-13 23:00:42,2026-04-14 12:54:01,0000036666,539-000577,贴片电阻,810.00,13.00,0,2026-04-13,0000030045,0000030040,CGSQ-260310-000028,810.00,0.00,810.00,已关闭,正常
0000036648,01-HDKJ-CGDD-260413-013725,2026-04-13,新疆友农科技集团,生产项目采购订单,物料类采购,59202002,俅门信和达电子有限公司,计意强,葛霞,2026-04-13 23:00:42,2026-04-14 12:54:01,0000036667,539-000256,贴片电阻,1000.00,13.00,0,2026-04-13,0000030043,0000030040,CGSQ-260310-000028,1000.00,0.00,1000.00,已关闭,正常
0000036648,01-HDKJ-CGDD-260413-013725,2026-04-13,新疆友农科技集团,生产项目采购订单,物料类采购,59202002,俅门信和达电子有限公司,计意强,葛霞,2026-04-13 23:00:42,2026-04-14 12:54:01,0000036668,539-000549,贴片电阻,5000.00,13.00,0,2026-04-13,0000029652,0000029754,CGSQ-260309-000027,5000.00,0.00,5000.00,已关闭,正常
0000036648,01-HDKJ-CGDD-260413-013725,2026-04-13,新疆友农科技集团,生产项目采购订单,物料类采购,59202002,俅门信和达电子有限公司,计意强,葛霞,2026-04-13 23:00:42,2026-04-14 12:54:01,0000036669,539-000083,贴片电阻,60000.00,13.00,0,2026-04-13,0000025507,0000025524,CGSQ-260128-000028,5000.00,0.00,5000.00,正常,正常
0000036648,01-HDKJ-CGDD-260413-013725,2026-04-13,新疆友农科技集团,生产项目采购订单,物料类采购,59202002,俅门信和达电子有限公司,计意强,葛霞,2026-04-13 23:00:42,2026-04-14 12:54:01,0000036670,539-000472,贴片电阻,4000.00,13.00,0,2026-04-13,0000029643,0000029754,CGSQ-260309-000027,0.00,0.00,0.00,正常,正常
0000036648,01-HDKJ-CGDD-260413-013725,2026-04-13,新疆友农科技集团,生产项目采购订单,物料类采购,59202002,俅门信和达电子有限公司,计意强,葛霞,2026-04-13 23:00:42,2026-04-14 12:54:01,0000036673,539-000256,贴片电阻,1000.00,13.00,0,2026-04-03,0000029505,0000029502,CGSQ-260309-000024,1000.00,0.00,1000.00,已关闭,正常
0000036648,01-HDKJ-CGDD-260413-013725,2026-04-13,新疆友农科技集团,生产项目采购订单,物料类采购,59202002,俅门信和达电子有限公司,计意强,葛霞,2026-04-13 23:00:42,2026-04-14 12:54:01,0000036671,539-000577,贴片电阻,810.00,13.00,0,2026-04-03,0000029507,0000029502,CGSQ-260309-000024,810.00,0.00,810.00,已关闭,正常
0000036648,01-HDKJ-CGDD-260413-013725,2026-04-13,新疆友农科技集团,生产项目采购订单,物料类采购,59202002,俅门信和达电子有限公司,计意强,葛霞,2026-04-13 23:00:42,2026-04-14 12:54:01,0000036674,539-000085,贴片电阻,50000.00,13.00,0,2026-04-22,0000025553,0000025531,CGSQ-260128-000032,50000.00,0.00,50000.00,已关闭,正常
0000036648,01-HDKJ-CGDD-260413-013725,2026-04-13,新疆友农科技集团,生产项目采购订单,物料类采购,59202002,俅门信和达电子有限公司,计意强,葛霞,2026-04-13 23:00:42,2026-04-14 12:54:01,0000036672,539-000385,贴片电阻,50000.00,13.00,0,2026-04-22,0000025555,0000025531,CGSQ-260128-000032,50000.00,0.00,50000.00,已关闭,正常
0000036636,01-HDKJ-CGDD-260413-013718,2026-04-13,新疆友农科技集团,生产项目采购订单,物料类采购,75201006,惠州市酷业科技友限公司,计意强,骆富英,2026-04-13 20:04:29,2026-04-13 20:46:20,0000036637,795-000399,M5防水透气阀,10400.00,13.00,0,2026-04-13,0000036002,0000035991,CGSQ-260411-000010,0.00,0.00,0.00,正常,正常
0000036632,01-HDKJ-CGDD-260413-013717,2026-04-13,新疆友农科技集团,生产项目采购订单,物料类采购,51204045,超城紧伱系统（苏州）有限公司,计意强,骆富英,2026-04-13 20:04:27,2026-04-13 20:46:25,0000036633,849-000304,M3*6_不锈钢十字盘头机牙螺丝_整圈耐落,114600.00,13.00,0,2026-04-13,0000036003,0000035991,CGSQ-260411-000010,114600.00,0.00,114600.00,已关闭,正常
0000036632,01-HDKJ-CGDD-260413-013717,2026-04-13,新疆友农科技集团,生产项目采购订单,物料类采购,51204045,超城紧伱系统（苏州）有限公司,计意强,骆富英,2026-04-13 20:04:27,2026-04-13 20:46:25,0000036634,849-001003,M3*20_304不锈钢薄头内六角机牙螺丝_整圈耐落,62500.00,13.00,0,2026-04-13,0000035995,0000035991,CGSQ-260411-000010,62500.00,0.00,62500.00,已关闭,正常
0000036632,01-HDKJ-CGDD-260413-013717,2026-04-13,新疆友农科技集团,生产项目采购订单,物料类采购,51204045,超城紧伱系统（苏州）有限公司,计意强,骆富英,2026-04-13 20:04:27,2026-04-13 20:46:25,0000036635,849-000349,M2.3*7_不锈钢十字平尾自攻螺丝,6000.00,13.00,0,2026-04-13,0000035990,0000035984,CGSQ-260411-000009,6000.00,0.00,6000.00,已关闭,正常
0000036630,01-HDKJ-CGDD-260413-013716,2026-04-13,新疆友农科技集团,生产项目采购订单,物料类采购,75504213,深圳市海偋科技有限公司,计意强,杨强云,2026-04-13 20:04:21,2026-04-14 13:05:30,0000036631,549-000205,HX-EU1023D 华信电台模块,1000.00,13.00,0,2026-04-13,0000035922,0000035920,CGSQ-260410-000022,1000.00,0.00,1000.00,已关闭,正常
0000036628,01-HDKJ-CGDD-260413-013714,2026-04-13,新疆友农科技集团,生产项目采购订单,物料类采购,2504-02102-0005,贝能电子(上海)有线公司,计意强,杨强云,2026-04-13 20:04:15,2026-04-14 08:18:11,0000036629,972-000410,MCU,1920.00,13.00,0,2026-04-13,0000035908,0000035907,CGSQ-260410-000018,0.00,0.00,0.00,正常,正常
0000036519,01-HDKJ-CGDD-260413-013711,2026-04-13,新疆友农科技集团,生产项目采购订单,物料类采购,59202002,俅门信和达电子有限公司,计意强,葛霞,2026-04-13 17:44:30,2026-04-13 18:31:09,0000036521,539-000040,贴片电阻,50000.00,13.00,0,2026-04-22,0000025545,0000025531,CGSQ-260128-000032,50000.00,0.00,50000.00,已关闭,正常
0000036519,01-HDKJ-CGDD-260413-013711,2026-04-13,新疆友农科技集团,生产项目采购订单,物料类采购,59202002,俅门信和达电子有限公司,计意强,葛霞,2026-04-13 17:44:30,2026-04-13 18:31:09,0000036520,539-000040,贴片电阻,100000.00,13.00,0,2026-04-30,0000025487,0000025524,CGSQ-260128-000028,100000.00,0.00,100000.00,已关闭,正常
0000036519,01-HDKJ-CGDD-260413-013711,2026-04-13,新疆友农科技集团,生产项目采购订单,物料类采购,59202002,俅门信和达电子有限公司,计意强,葛霞,2026-04-13 17:44:30,2026-04-13 18:31:09,0000036525,539-000006,贴片电阻,180000.00,13.00,0,2026-05-02,0000033906,0000033880,CGSQ-260402-000011,180000.00,0.00,180000.00,已关闭,正常
0000036519,01-HDKJ-CGDD-260413-013711,2026-04-13,新疆友农科技集团,生产项目采购订单,物料类采购,59202002,俅门信和达电子有限公司,计意强,葛霞,2026-04-13 17:44:30,2026-04-13 18:31:09,0000036522,539-000006,贴片电阻,6290.00,13.00,0,2026-06-22,0000032965,0000032963,CGSQ-260330-000018,6290.00,0.00,6290.00,已关闭,正常
0000036519,01-HDKJ-CGDD-260413-013711,2026-04-13,新疆友农科技集团,生产项目采购订单,物料类采购,59202002,俅门信和达电子有限公司,计意强,葛霞,2026-04-13 17:44:30,2026-04-13 18:31:09,0000036526,539-000006,贴片电阻,20000.00,13.00,0,2026-04-16,0000030682,0000030670,CGSQ-260318-000010,20000.00,0.00,20000.00,已关闭,正常
0000036519,01-HDKJ-CGDD-260413-013711,2026-04-13,新疆友农科技集团,生产项目采购订单,物料类采购,59202002,俅门信和达电子有限公司,计意强,葛霞,2026-04-13 17:44:30,2026-04-13 18:31:09,0000036523,539-000006,贴片电阻,13710.00,13.00,0,2026-04-03,0000030574,0000030565,CGSQ-260316-000014,13710.00,0.00,13710.00,已关闭,正常
0000036519,01-HDKJ-CGDD-260413-013711,2026-04-13,新疆友农科技集团,生产项目采购订单,物料类采购,59202002,俅门信和达电子有限公司,计意强,葛霞,2026-04-13 17:44:30,2026-04-13 18:31:09,0000036527,539-000006,贴片电阻,10000.00,13.00,0,2026-04-03,0000030326,0000030301,CGSQ-260312-000020,10000.00,0.00,10000.00,已关闭,正常
0000036519,01-HDKJ-CGDD-260413-013711,2026-04-13,新疆友农科技集团,生产项目采购订单,物料类采购,59202002,俅门信和达电子有限公司,计意强,葛霞,2026-04-13 17:44:30,2026-04-13 18:31:09,0000036524,539-000006,贴片电阻,110000.00,13.00,0,2026-05-01,0000028142,0000028109,CGSQ-260306-000006,110000.00,0.00,110000.00,已关闭,正常
0000036519,01-HDKJ-CGDD-260413-013711,2026-04-13,新疆友农科技集团,生产项目采购订单,物料类采购,59202002,俅门信和达电子有限公司,计意强,葛霞,2026-04-13 17:44:30,2026-04-13 18:31:09,0000036528,539-000006,贴片电阻,60000.00,13.00,0,2026-04-30,0000025473,0000025524,CGSQ-260128-000028,60000.00,0.00,60000.00,已关闭,正常
0000036519,01-HDKJ-CGDD-260413-013711,2026-04-13,新疆友农科技集团,生产项目采购订单,物料类采购,59202002,俅门信和达电子有限公司,计意强,葛霞,2026-04-13 17:44:30,2026-04-13 18:31:09,0000036529,539-000006,贴片电阻,200000.00,13.00,0,2026-04-03,0000029343,0000029466,CGSQ-260309-000019,200000.00,0.00,200000.00,已关闭,正常
0000036519,01-HDKJ-CGDD-260413-013711,2026-04-13,新疆友农科技集团,生产项目采购订单,物料类采购,59202002,俅门信和达电子有限公司,计意强,葛霞,2026-04-13 17:44:30,2026-04-13 18:31:09,0000036536,539-000008,贴片电阻,270000.00,13.00,0,2026-05-02,0000033907,0000033880,CGSQ-260402-000011,270000.00,0.00,270000.00,已关闭,正常
0000036519,01-HDKJ-CGDD-260413-013711,2026-04-13,新疆友农科技集团,生产项目采购订单,物料类采购,59202002,俅门信和达电子有限公司,计意强,葛霞,2026-04-13 17:44:30,2026-04-13 18:31:09,0000036530,539-000008,贴片电阻,930000.00,13.00,0,2026-05-01,0000028140,0000028109,CGSQ-260306-000006,930000.00,0.00,930000.00,已关闭,正常
0000036519,01-HDKJ-CGDD-260413-013711,2026-04-13,新疆友农科技集团,生产项目采购订单,物料类采购,59202002,俅门信和达电子有限公司,计意强,葛霞,2026-04-13 17:44:30,2026-04-13 18:31:09,0000036537,539-000008,贴片电阻,440000.00,13.00,0,2026-03-31,0000027807,0000027564,CGSQ-260305-000030,440000.00,0.00,440000.00,已关闭,正常
0000036519,01-HDKJ-CGDD-260413-013711,2026-04-13,新疆友农科技集团,生产项目采购订单,物料类采购,59202002,俅门信和达电子有限公司,计意强,葛霞,2026-04-13 17:44:30,2026-04-13 18:31:09,0000036531,539-000008,贴片电阻,10000.00,13.00,0,2026-03-24,0000027190,0000027188,CGSQ-260303-000024,10000.00,0.00,10000.00,已关闭,正常
0000036519,01-HDKJ-CGDD-260413-013711,2026-04-13,新疆友农科技集团,生产项目采购订单,物料类采购,59202002,俅门信和达电子有限公司,计意强,葛霞,2026-04-13 17:44:30,2026-04-13 18:31:09,0000036538,539-000008,贴片电阻,50000.00,13.00,0,2026-03-26,0000027016,0000027011,CGSQ-260302-000010,50000.00,0.00,50000.00,已关闭,正常
0000036519,01-HDKJ-CGDD-260413-013711,2026-04-13,新疆友农科技集团,生产项目采购订单,物料类采购,59202002,俅门信和达电子有限公司,计意强,葛霞,2026-04-13 17:44:30,2026-04-13 18:31:09,0000036532,539-000008,贴片电阻,10000.00,13.00,0,2026-03-05,0000026160,0000026153,CGSQ-260205-000006,10000.00,0.00,10000.00,已关闭,正常
0000036519,01-HDKJ-CGDD-260413-013711,2026-04-13,新疆友农科技集团,生产项目采购订单,物料类采购,59202002,俅门信和达电子有限公司,计意强,葛霞,2026-04-13 17:44:30,2026-04-13 18:31:09,0000036539,539-000008,贴片电阻,50000.00,13.00,0,2026-04-22,0000025542,0000025531,CGSQ-260128-000032,50000.00,0.00,50000.00,已关闭,正常
0000036519,01-HDKJ-CGDD-260413-013711,2026-04-13,新疆友农科技集团,生产项目采购订单,物料类采购,59202002,俅门信和达电子有限公司,计意强,葛霞,2026-04-13 17:44:30,2026-04-13 18:31:09,0000036533,539-000008,贴片电阻,20000.00,13.00,0,2026-05-01,0000025529,0000025525,CGSQ-260128-000030,20000.00,0.00,20000.00,已关闭,正常
0000036519,01-HDKJ-CGDD-260413-013711,2026-04-13,新疆友农科技集团,生产项目采购订单,物料类采购,59202002,俅门信和达电子有限公司,计意强,葛霞,2026-04-13 17:44:30,2026-04-13 18:31:09,0000036540,539-000008,贴片电阻,70000.00,13.00,0,2026-04-30,0000025453,0000025524,CGSQ-260128-000028,70000.00,0.00,70000.00,已关闭,正常
0000036519,01-HDKJ-CGDD-260413-013711,2026-04-13,新疆友农科技集团,生产项目采购订单,物料类采购,59202002,俅门信和达电子有限公司,计意强,葛霞,2026-04-13 17:44:30,2026-04-13 18:31:09,0000036534,539-000008,贴片电阻,70000.00,13.00,0,2026-04-30,0000025454,0000025524,CGSQ-260128-000028,70000.00,0.00,70000.00,已关闭,正常
0000036519,01-HDKJ-CGDD-260413-013711,2026-04-13,新疆友农科技集团,生产项目采购订单,物料类采购,59202002,俅门信和达电子有限公司,计意强,葛霞,2026-04-13 17:44:30,2026-04-13 18:31:09,0000036541,539-000008,贴片电阻,100000.00,13.00,0,2026-04-30,0000025475,0000025524,CGSQ-260128-000028,100000.00,0.00,100000.00,已关闭,正常
0000036519,01-HDKJ-CGDD-260413-013711,2026-04-13,新疆友农科技集团,生产项目采购订单,物料类采购,59202002,俅门信和达电子有限公司,计意强,葛霞,2026-04-13 17:44:30,2026-04-13 18:31:09,0000036535,539-000008,贴片电阻,272166.00,13.00,0,2026-03-20,0000024375,0000024332,CGSQ-260121-000007,272166.00,0.00,272166.00,已关闭,正常
0000036515,01-HDKJ-CGDD-260413-013710,2026-04-13,新疆友农科技集团,生产项目采购订单,物料类采购,75502049,深圳市阳和通甸子有限公司,计意强,缪财艳,2026-04-13 17:35:17,2026-04-13 20:17:35,0000036517,733-000188,贴片磁珠,8000.00,13.00,0,2026-06-26,0000031012,0000031011,CGSQ-260320-000018,8000.00,0.00,8000.00,已关闭,正常
0000036515,01-HDKJ-CGDD-260413-013710,2026-04-13,新疆友农科技集团,生产项目采购订单,物料类采购,75502049,深圳市阳和通甸子有限公司,计意强,缪财艳,2026-04-13 17:35:17,2026-04-13 20:17:35,0000036516,733-000188,贴片磁珠,4000.00,13.00,0,2026-04-16,0000030675,0000030670,CGSQ-260318-000010,0.00,0.00,0.00,正常,正常
0000036515,01-HDKJ-CGDD-260413-013710,2026-04-13,新疆友农科技集团,生产项目采购订单,物料类采购,75502049,深圳市阳和通甸子有限公司,计意强,缪财艳,2026-04-13 17:35:17,2026-04-13 20:17:35,0000036518,733-000204,贴片磁珠,4000.00,13.00,0,2026-04-03,0000029744,0000029754,CGSQ-260309-000027,4000.00,0.00,4000.00,已关闭,正常
0000036495,01-HDKJ-CGDD-260413-013709,2026-04-13,新疆友农科技集团,生产项目采购订单,物料类采购,02104096,上亥辽旦电子有限公司,计意强,缪财艳,2026-04-13 17:18:35,2026-04-14 08:01:13,0000036478,733-000121,贴片共模电感,12000.00,13.00,0,2026-04-13,0000036457,0000036374,CGSQ-260413-000014,12000.00,0.00,12000.00,已关闭,正常
0000036495,01-HDKJ-CGDD-260413-013709,2026-04-13,新疆友农科技集团,生产项目采购订单,物料类采购,02104096,上亥辽旦电子有限公司,计意强,缪财艳,2026-04-13 17:18:35,2026-04-14 08:01:13,0000036496,733-000144,功率电感,3000.00,13.00,0,2026-04-30,0000036350,0000036345,CGSQ-260413-000012,3000.00,0.00,3000.00,已关闭,正常
0000036495,01-HDKJ-CGDD-260413-013709,2026-04-13,新疆友农科技集团,生产项目采购订单,物料类采购,02104096,上亥辽旦电子有限公司,计意强,缪财艳,2026-04-13 17:18:35,2026-04-14 08:01:13,0000036497,733-000217,贴片功率电感,1000.00,13.00,0,2026-04-16,0000030689,0000030670,CGSQ-260318-000010,1000.00,0.00,1000.00,已关闭,正常
0000036495,01-HDKJ-CGDD-260413-013709,2026-04-13,新疆友农科技集团,生产项目采购订单,物料类采购,02104096,上亥辽旦电子有限公司,计意强,缪财艳,2026-04-13 17:18:35,2026-04-14 08:01:13,0000036479,733-000216,贴片功率电感,2000.00,13.00,0,2026-04-16,0000030706,0000030670,CGSQ-260318-000010,2000.00,0.00,2000.00,已关闭,正常
0000036495,01-HDKJ-CGDD-260413-013709,2026-04-13,新疆友农科技集团,生产项目采购订单,物料类采购,02104096,上亥辽旦电子有限公司,计意强,缪财艳,2026-04-13 17:18:35,2026-04-14 08:01:13,0000036498,733-000120,一体成型功率电感,1000.00,13.00,0,2026-04-04,0000030299,0000030290,CGSQ-260312-000018,1000.00,0.00,1000.00,已关闭,正常
0000036495,01-HDKJ-CGDD-260413-013709,2026-04-13,新疆友农科技集团,生产项目采购订单,物料类采购,02104096,上亥辽旦电子有限公司,计意强,缪财艳,2026-04-13 17:18:35,2026-04-14 08:01:13,0000036480,733-000121,贴片共模电感,2000.00,13.00,0,2026-03-18,0000030265,0000030253,CGSQ-260312-000017,2000.00,0.00,2000.00,已关闭,正常
0000036495,01-HDKJ-CGDD-260413-013709,2026-04-13,新疆友农科技集团,生产项目采购订单,物料类采购,02104096,上亥辽旦电子有限公司,计意强,缪财艳,2026-04-13 17:18:35,2026-04-14 08:01:13,0000036499,733-000129,绕线贴片功率电感,1500.00,13.00,0,2026-03-18,0000030272,0000030253,CGSQ-260312-000017,1500.00,0.00,1500.00,已关闭,正常
0000036495,01-HDKJ-CGDD-260413-013709,2026-04-13,新疆友农科技集团,生产项目采购订单,物料类采购,02104096,上亥辽旦电子有限公司,计意强,缪财艳,2026-04-13 17:18:35,2026-04-14 08:01:13,0000036481,733-000203,绕线贴片功率电感,690.00,13.00,0,2026-04-03,0000030047,0000030040,CGSQ-260310-000028,690.00,0.00,690.00,已关闭,正常
0000036495,01-HDKJ-CGDD-260413-013709,2026-04-13,新疆友农科技集团,生产项目采购订单,物料类采购,02104096,上亥辽旦电子有限公司,计意强,缪财艳,2026-04-13 17:18:35,2026-04-14 08:01:13,0000036500,733-000121,贴片共模电感,2000.00,13.00,0,2026-04-03,0000029739,0000029754,CGSQ-260309-000027,2000.00,0.00,2000.00,已关闭,正常
0000036495,01-HDKJ-CGDD-260413-013709,2026-04-13,新疆友农科技集团,生产项目采购订单,物料类采购,02104096,上亥辽旦电子有限公司,计意强,缪财艳,2026-04-13 17:18:35,2026-04-14 08:01:13,0000036482,733-000123,贴片功率电感,1000.00,13.00,0,2026-04-03,0000029740,0000029754,CGSQ-260309-000027,1000.00,0.00,1000.00,已关闭,正常
0000036495,01-HDKJ-CGDD-260413-013709,2026-04-13,新疆友农科技集团,生产项目采购订单,物料类采购,02104096,上亥辽旦电子有限公司,计意强,缪财艳,2026-04-13 17:18:35,2026-04-14 08:01:13,0000036501,733-000144,功率电感,1000.00,13.00,0,2026-04-03,0000029741,0000029754,CGSQ-260309-000027,1000.00,0.00,1000.00,已关闭,正常
0000036495,01-HDKJ-CGDD-260413-013709,2026-04-13,新疆友农科技集团,生产项目采购订单,物料类采购,02104096,上亥辽旦电子有限公司,计意强,缪财艳,2026-04-13 17:18:35,2026-04-14 08:01:13,0000036483,733-000175,功率电感,1000.00,13.00,0,2026-04-03,0000029742,0000029754,CGSQ-260309-000027,1000.00,0.00,1000.00,已关闭,正常
0000036495,01-HDKJ-CGDD-260413-013709,2026-04-13,新疆友农科技集团,生产项目采购订单,物料类采购,02104096,上亥辽旦电子有限公司,计意强,缪财艳,2026-04-13 17:18:35,2026-04-14 08:01:13,0000036502,733-000153,贴片共模电感,1500.00,13.00,0,2026-03-23,0000029599,0000029605,CGSQ-260309-000026,1500.00,0.00,1500.00,已关闭,正常
0000036495,01-HDKJ-CGDD-260413-013709,2026-04-13,新疆友农科技集团,生产项目采购订单,物料类采购,02104096,上亥辽旦电子有限公司,计意强,缪财艳,2026-04-13 17:18:35,2026-04-14 08:01:13,0000036484,733-000203,绕线贴片功率电感,810.00,13.00,0,2026-04-03,0000029528,0000029502,CGSQ-260309-000024,810.00,0.00,810.00,已关闭,正常
0000036495,01-HDKJ-CGDD-260413-013709,2026-04-13,新疆友农科技集团,生产项目采购订单,物料类采购,02104096,上亥辽旦电子有限公司,计意强,缪财艳,2026-04-13 17:18:35,2026-04-14 08:01:13,0000036503,733-000129,绕线贴片功率电感,9000.00,13.00,0,2026-04-03,0000029422,0000029466,CGSQ-260309-000019,9000.00,0.00,9000.00,已关闭,正常
0000036495,01-HDKJ-CGDD-260413-013709,2026-04-13,新疆友农科技集团,生产项目采购订单,物料类采购,02104096,上亥辽旦电子有限公司,计意强,缪财艳,2026-04-13 17:18:35,2026-04-14 08:01:13,0000036485,733-000217,贴片功率电感,1000.00,13.00,0,2026-04-03,0000029440,0000029466,CGSQ-260309-000019,1000.00,0.00,1000.00,已关闭,正常
0000036495,01-HDKJ-CGDD-260413-013709,2026-04-13,新疆友农科技集团,生产项目采购订单,物料类采购,02104096,上亥辽旦电子有限公司,计意强,缪财艳,2026-04-13 17:18:35,2026-04-14 08:01:13,0000036504,733-000182,贴片磁珠,4000.00,13.00,0,2026-04-03,0000029455,0000029466,CGSQ-260309-000019,4000.00,0.00,4000.00,已关闭,正常
0000036495,01-HDKJ-CGDD-260413-013709,2026-04-13,新疆友农科技集团,生产项目采购订单,物料类采购,02104096,上亥辽旦电子有限公司,计意强,缪财艳,2026-04-13 17:18:35,2026-04-14 08:01:13,0000036486,733-000247,贴片共模电感,3000.00,13.00,0,2026-04-03,0000029463,0000029466,CGSQ-260309-000019,3000.00,0.00,3000.00,已关闭,正常
0000036495,01-HDKJ-CGDD-260413-013709,2026-04-13,新疆友农科技集团,生产项目采购订单,物料类采购,02104096,上亥辽旦电子有限公司,计意强,缪财艳,2026-04-13 17:18:35,2026-04-14 08:01:13,0000036505,733-000120,一体成型功率电感,1000.00,13.00,0,2026-04-03,0000029465,0000029466,CGSQ-260309-000019,1000.00,0.00,1000.00,已关闭,正常
0000036495,01-HDKJ-CGDD-260413-013709,2026-04-13,新疆友农科技集团,生产项目采购订单,物料类采购,02104096,上亥辽旦电子有限公司,计意强,缪财艳,2026-04-13 17:18:35,2026-04-14 08:01:13,0000036487,733-000175,功率电感,1000.00,13.00,0,2026-03-18,0000028184,0000028238,CGSQ-260306-000011,1000.00,0.00,1000.00,已关闭,正常
0000036495,01-HDKJ-CGDD-260413-013709,2026-04-13,新疆友农科技集团,生产项目采购订单,物料类采购,02104096,上亥辽旦电子有限公司,计意强,缪财艳,2026-04-13 17:18:35,2026-04-14 08:01:13,0000036506,733-000118,绕线贴片功率电感,2000.00,13.00,0,2026-03-18,0000028226,0000028238,CGSQ-260306-000011,2000.00,0.00,2000.00,已关闭,正常
0000036495,01-HDKJ-CGDD-260413-013709,2026-04-13,新疆友农科技集团,生产项目采购订单,物料类采购,02104096,上亥辽旦电子有限公司,计意强,缪财艳,2026-04-13 17:18:35,2026-04-14 08:01:13,0000036488,733-000164,贴片电感,15000.00,13.00,0,2026-05-01,0000028120,0000028109,CGSQ-260306-000006,15000.00,0.00,15000.00,已关闭,正常
0000036495,01-HDKJ-CGDD-260413-013709,2026-04-13,新疆友农科技集团,生产项目采购订单,物料类采购,02104096,上亥辽旦电子有限公司,计意强,缪财艳,2026-04-13 17:18:35,2026-04-14 08:01:13,0000036507,733-000153,贴片共模电感,10500.00,13.00,0,2026-05-01,0000028125,0000028109,CGSQ-260306-000006,10500.00,0.00,10500.00,已关闭,正常
0000036495,01-HDKJ-CGDD-260413-013709,2026-04-13,新疆友农科技集团,生产项目采购订单,物料类采购,02104096,上亥辽旦电子有限公司,计意强,缪财艳,2026-04-13 17:18:35,2026-04-14 08:01:13,0000036489,733-000117,绕线贴片功率电感,30000.00,13.00,0,2026-05-01,0000028135,0000028109,CGSQ-260306-000006,30000.00,0.00,30000.00,已关闭,正常
0000036495,01-HDKJ-CGDD-260413-013709,2026-04-13,新疆友农科技集团,生产项目采购订单,物料类采购,02104096,上亥辽旦电子有限公司,计意强,缪财艳,2026-04-13 17:18:35,2026-04-14 08:01:13,0000036508,733-000129,绕线贴片功率电感,21000.00,13.00,0,2026-05-01,0000028136,0000028109,CGSQ-260306-000006,21000.00,0.00,21000.00,已关闭,正常
0000036495,01-HDKJ-CGDD-260413-013709,2026-04-13,新疆友农科技集团,生产项目采购订单,物料类采购,02104096,上亥辽旦电子有限公司,计意强,缪财艳,2026-04-13 17:18:35,2026-04-14 08:01:13,0000036490,733-000152,贴片绕线电感,10000.00,13.00,0,2026-05-01,0000028137,0000028109,CGSQ-260306-000006,10000.00,0.00,10000.00,已关闭,正常
0000036495,01-HDKJ-CGDD-260413-013709,2026-04-13,新疆友农科技集团,生产项目采购订单,物料类采购,02104096,上亥辽旦电子有限公司,计意强,缪财艳,2026-04-13 17:18:35,2026-04-14 08:01:13,0000036509,733-000151,贴片功率电感,10000.00,13.00,0,2026-05-01,0000028138,0000028109,CGSQ-260306-000006,10000.00,0.00,10000.00,已关闭,正常
0000036495,01-HDKJ-CGDD-260413-013709,2026-04-13,新疆友农科技集团,生产项目采购订单,物料类采购,02104096,上亥辽旦电子有限公司,计意强,缪财艳,2026-04-13 17:18:35,2026-04-14 08:01:13,0000036491,733-000216,贴片功率电感,2000.00,13.00,0,2026-03-31,0000027852,0000027843,CGSQ-260305-000036,2000.00,0.00,2000.00,已关闭,正常
0000036495,01-HDKJ-CGDD-260413-013709,2026-04-13,新疆友农科技集团,生产项目采购订单,物料类采购,02104096,上亥辽旦电子有限公司,计意强,缪财艳,2026-04-13 17:18:35,2026-04-14 08:01:13,0000036510,733-000183,绕线贴片功率电感,1500.00,13.00,0,2026-03-31,0000027858,0000027843,CGSQ-260305-000036,1500.00,0.00,1500.00,已关闭,正常
0000036495,01-HDKJ-CGDD-260413-013709,2026-04-13,新疆友农科技集团,生产项目采购订单,物料类采购,02104096,上亥辽旦电子有限公司,计意强,缪财艳,2026-04-13 17:18:35,2026-04-14 08:01:13,0000036492,733-000153,贴片共模电感,1500.00,13.00,0,2026-03-31,0000027906,0000027843,CGSQ-260305-000036,1500.00,0.00,1500.00,已关闭,正常
0000036495,01-HDKJ-CGDD-260413-013709,2026-04-13,新疆友农科技集团,生产项目采购订单,物料类采购,02104096,上亥辽旦电子有限公司,计意强,缪财艳,2026-04-13 17:18:35,2026-04-14 08:01:13,0000036511,733-000123,贴片功率电感,3000.00,13.00,0,2026-03-31,0000027576,0000027564,CGSQ-260305-000030,3000.00,0.00,3000.00,已关闭,正常
0000036495,01-HDKJ-CGDD-260413-013709,2026-04-13,新疆友农科技集团,生产项目采购订单,物料类采购,02104096,上亥辽旦电子有限公司,计意强,缪财艳,2026-04-13 17:18:35,2026-04-14 08:01:13,0000036493,733-000217,贴片功率电感,3000.00,13.00,0,2026-03-31,0000027604,0000027564,CGSQ-260305-000030,3000.00,0.00,3000.00,已关闭,正常
0000036495,01-HDKJ-CGDD-260413-013709,2026-04-13,新疆友农科技集团,生产项目采购订单,物料类采购,02104096,上亥辽旦电子有限公司,计意强,缪财艳,2026-04-13 17:18:35,2026-04-14 08:01:13,0000036512,733-000182,贴片磁珠,12000.00,13.00,0,2026-03-31,0000027712,0000027564,CGSQ-260305-000030,12000.00,0.00,12000.00,已关闭,正常
0000036495,01-HDKJ-CGDD-260413-013709,2026-04-13,新疆友农科技集团,生产项目采购订单,物料类采购,02104096,上亥辽旦电子有限公司,计意强,缪财艳,2026-04-13 17:18:35,2026-04-14 08:01:13,0000036494,733-000129,绕线贴片功率电感,10500.00,13.00,0,2026-03-31,0000027715,0000027564,CGSQ-260305-000030,10500.00,0.00,10500.00,已关闭,正常
0000036495,01-HDKJ-CGDD-260413-013709,2026-04-13,新疆友农科技集团,生产项目采购订单,物料类采购,02104096,上亥辽旦电子有限公司,计意强,缪财艳,2026-04-13 17:18:35,2026-04-14 08:01:13,0000036513,733-000120,一体成型功率电感,3000.00,13.00,0,2026-03-31,0000027727,0000027564,CGSQ-260305-000030,3000.00,0.00,3000.00,已关闭,正常
0000036495,01-HDKJ-CGDD-260413-013709,2026-04-13,新疆友农科技集团,生产项目采购订单,物料类采购,02104096,上亥辽旦电子有限公司,计意强,缪财艳,2026-04-13 17:18:35,2026-04-14 08:01:13,0000036514,733-000121,贴片共模电感,6000.00,13.00,0,2026-03-31,0000027005,0000026998,CGSQ-260302-000008,6000.00,0.00,6000.00,已关闭,正常
0000036472,01-HDKJ-CGDD-260413-013698,2026-04-13,新疆友农科技集团,生产项目采购订单,物料类采购,57403031,苏州禾佳顺电子科技有限公司,高军,高军,2026-04-13 16:15:11,2026-04-13 16:20:26,0000036471,165-003397,风扇保护罩,40.00,13.00,0,2026-04-21,0000036226,0000036225,CGSQ-260412-000001,40.00,0.00,40.00,已关闭,正常
0000036470,02-KSHA-CGDD-260413-013690,2026-04-13,苏州友安电子科技有限公司,生产项目采购订单,物料类采购,2603-51901-0565,常州朗菲电僃有限公司,王涛磊,蒋鹏,2026-04-13 15:34:49,2026-04-13 15:57:22,0000036469,994-000280,UA400通用-M线束,600.00,13.00,0,2026-04-19,0000034040,0000034039,CGSQ-260402-000021,0.00,0.00,0.00,正常,已终止
0000036343,01-HDKJ-CGDD-260413-013688,2026-04-13,新疆友农科技集团,生产项目采购订单,物料类采购,02102069,北天星国际贸易(上海)有限工司,计意强,杨强云,2026-04-13 15:01:27,2026-04-14 08:02:53,0000036344,972-000802,Cat.1模块,3750.00,13.00,0,2026-02-06,0000023492,0000023457,CGSQ-260109-000034,0.00,0.00,0.00,已关闭,正常
0000036339,01-HDKJ-CGDD-260413-013687,2026-04-13,新疆友农科技集团,生产项目采购订单,物料类采购,75502049,深圳市阳和通甸子有限公司,计意强,缪财艳,2026-04-13 14:53:33,2026-04-13 20:17:25,0000036340,733-000212,贴片磁珠,4000.00,13.00,0,2026-04-03,0000029748,0000029754,CGSQ-260309-000027,4000.00,0.00,4000.00,已关闭,正常
0000036339,01-HDKJ-CGDD-260413-013687,2026-04-13,新疆友农科技集团,生产项目采购订单,物料类采购,75502049,深圳市阳和通甸子有限公司,计意强,缪财艳,2026-04-13 14:53:33,2026-04-13 20:17:25,0000036337,733-000078,贴片磁珠,4000.00,13.00,0,2026-03-31,0000027567,0000027564,CGSQ-260305-000030,0.00,0.00,0.00,已关闭,正常
0000036339,01-HDKJ-CGDD-260413-013687,2026-04-13,新疆友农科技集团,生产项目采购订单,物料类采购,75502049,深圳市阳和通甸子有限公司,计意强,缪财艳,2026-04-13 14:53:33,2026-04-13 20:17:25,0000036341,733-000096,贴片磁珠,24000.00,13.00,0,2026-03-31,0000027697,0000027564,CGSQ-260305-000030,24000.00,0.00,24000.00,已关闭,正常
0000036339,01-HDKJ-CGDD-260413-013687,2026-04-13,新疆友农科技集团,生产项目采购订单,物料类采购,75502049,深圳市阳和通甸子有限公司,计意强,缪财艳,2026-04-13 14:53:33,2026-04-13 20:17:25,0000036338,733-000154,贴片磁珠,8000.00,13.00,0,2026-03-05,0000026180,0000026259,CGSQ-260205-000011,8000.00,0.00,8000.00,已关闭,正常
0000036339,01-HDKJ-CGDD-260413-013687,2026-04-13,新疆友农科技集团,生产项目采购订单,物料类采购,75502049,深圳市阳和通甸子有限公司,计意强,缪财艳,2026-04-13 14:53:33,2026-04-13 20:17:25,0000036342,733-000218,贴片磁珠,2000.00,13.00,0,2026-01-01,0000019095,0000019089,CGSQ-251202-000023,0.00,0.00,0.00,正常,正常
0000036282,01-HDKJ-CGDD-260413-013680,2026-04-17,新疆友农科技集团,生产项目采购订单,物料类采购,75501068,仗兴科技（深圳）有限公司,昝敏,沈娟,2026-04-13 10:47:56,2026-04-28 16:21:59,0000036279,165-002416,150电调电容导热垫,20800.00,13.00,0,2026-05-02,0000035994,0000035991,CGSQ-260411-000010,0.00,0.00,0.00,正常,正常
0000036282,01-HDKJ-CGDD-260413-013680,2026-04-17,新疆友农科技集团,生产项目采购订单,物料类采购,75501068,仗兴科技（深圳）有限公司,昝敏,沈娟,2026-04-13 10:47:56,2026-04-28 16:21:59,0000036283,165-002512,150电调MOS面导热垫1,10400.00,13.00,0,2026-05-02,0000035996,0000035991,CGSQ-260411-000010,0.00,0.00,0.00,正常,正常
0000036282,01-HDKJ-CGDD-260413-013680,2026-04-17,新疆友农科技集团,生产项目采购订单,物料类采购,75501068,仗兴科技（深圳）有限公司,昝敏,沈娟,2026-04-13 10:47:56,2026-04-28 16:21:59,0000036280,165-002513,150电调MOS面导热垫2,20800.00,13.00,0,2026-05-02,0000035997,0000035991,CGSQ-260411-000010,0.00,0.00,0.00,正常,正常
0000036282,01-HDKJ-CGDD-260413-013680,2026-04-17,新疆友农科技集团,生产项目采购订单,物料类采购,75501068,仗兴科技（深圳）有限公司,昝敏,沈娟,2026-04-13 10:47:56,2026-04-28 16:21:59,0000036284,165-002514,150电调MOS面导热垫3,10400.00,13.00,0,2026-05-31,0000035998,0000035991,CGSQ-260411-000010,0.00,0.00,0.00,正常,正常
0000036282,01-HDKJ-CGDD-260413-013680,2026-04-17,新疆友农科技集团,生产项目采购订单,物料类采购,75501068,仗兴科技（深圳）有限公司,昝敏,沈娟,2026-04-13 10:47:56,2026-04-28 16:21:59,0000036281,165-002515,150电调MOS面导热垫4,10400.00,13.00,0,2026-05-31,0000035999,0000035991,CGSQ-260411-000010,0.00,0.00,0.00,正常,正常
0000036282,01-HDKJ-CGDD-260413-013680,2026-04-17,新疆友农科技集团,生产项目采购订单,物料类采购,75501068,仗兴科技（深圳）有限公司,昝敏,沈娟,2026-04-13 10:47:56,2026-04-28 16:21:59,0000036285,165-002756,150电调铜条面导热垫,10400.00,13.00,0,2026-05-31,0000036000,0000035991,CGSQ-260411-000010,0.00,0.00,0.00,正常,正常
0000036278,01-HDKJ-CGDD-260413-013679,2026-04-13,新疆友农科技集团,生产项目采购订单,物料类采购,75504095,深圳市鸿鑫新休能科技有限公司,昝敏,朱英,2026-04-13 10:46:47,2026-04-13 13:54:59,0000036277,165-000465,YN401电池充电座_脚垫,6000.00,13.00,0,2026-05-10,0000035989,0000035984,CGSQ-260411-000009,0.00,0.00,0.00,正常,正常
0000036274,01-HDKJ-CGDD-260413-013677,2026-04-13,新疆友农科技集团,生产项目采购订单,物料类采购,2504-551-0040,安徽镁莱克柯技有限公司,王涛磊,朱英,2026-04-13 10:41:21,2026-04-13 14:23:46,0000036276,165-003378,180电调上盖,10400.00,13.00,0,2026-04-12,0000035992,0000035991,CGSQ-260411-000010,0.00,0.00,0.00,正常,正常
0000036274,01-HDKJ-CGDD-260413-013677,2026-04-13,新疆友农科技集团,生产项目采购订单,物料类采购,2504-551-0040,安徽镁莱克柯技有限公司,王涛磊,朱英,2026-04-13 10:41:21,2026-04-13 14:23:46,0000036275,165-002798,150电调底壳,10400.00,13.00,0,2026-05-31,0000036001,0000035991,CGSQ-260411-000010,317.00,0.00,317.00,正常,正常
0000036269,01-HDKJ-CGDD-260413-013675,2026-04-13,新疆友农科技集团,研发物料采购订单,物料类采购,01004007,支付宝(中国)网络技术有限公司,柏涛翔,狄时婷,2026-04-13 10:12:53,2026-04-13 10:24:26,0000036271,165-002736,150圆柱分电板O型密封圈,100.00,0.00,0,2026-04-18,0000036267,0000036266,CGSQ-260413-000003,100.00,0.00,100.00,已关闭,正常
0000036269,01-HDKJ-CGDD-260413-013675,2026-04-13,新疆友农科技集团,研发物料采购订单,物料类采购,01004007,支付宝(中国)网络技术有限公司,柏涛翔,狄时婷,2026-04-13 10:12:53,2026-04-13 10:24:26,0000036270,165-002736,150圆柱分电板O型密封圈,100.00,0.00,0,2026-04-21,0000036268,0000036266,CGSQ-260413-000003,100.00,0.00,100.00,已关闭,正常
0000036265,01-HDKJ-CGDD-260413-013672,2026-04-13,新疆友农科技集团,生产项目采购订单,物料类采购,51301006,佳威科技（海安）有线公司,王涛磊,朱英,2026-04-13 10:00:27,2026-04-13 13:55:08,0000036264,165-001439,YN402_电池充电座散热器,1500.00,13.00,0,2026-05-10,0000035988,0000035984,CGSQ-260411-000009,780.00,0.00,780.00,正常,正常
0000036251,01-HDKJ-CGDD-260413-013671,2026-04-13,新疆友农科技集团,生产项目采购订单,物料类采购,5810109,嘉兴金峰精密模具友限公司,王涛磊,朱英,2026-04-13 09:56:37,2026-04-13 13:55:07,0000036253,165-001538,YN402_电池充电座上壳组件_无logo,1500.00,13.00,0,2026-05-10,0000035985,0000035984,CGSQ-260411-000009,0.00,0.00,0.00,正常,正常
0000036251,01-HDKJ-CGDD-260413-013671,2026-04-13,新疆友农科技集团,生产项目采购订单,物料类采购,5810109,嘉兴金峰精密模具友限公司,王涛磊,朱英,2026-04-13 09:56:37,2026-04-13 13:55:07,0000036252,165-001438,YN402_电池充电座_下壳,1500.00,13.00,0,2026-05-10,0000035986,0000035984,CGSQ-260411-000009,0.00,0.00,0.00,正常,正常
0000036249,01-HDKJ-CGDD-260413-013670,2026-04-13,新疆友农科技集团,生产项目采购订单,物料类采购,57403031,苏州禾佳顺电子科技有限公司,王涛磊,朱英,2026-04-13 09:54:10,2026-04-13 12:06:11,0000036250,165-002624,I580_管夹垫块,400.00,13.00,0,2026-04-19,0000036010,0000036009,CGSQ-260411-000011,400.00,0.00,400.00,已关闭,正常
0000036040,01-HDKJ-CGDD-260411-013663,2026-04-11,新疆友农科技集团,生产项目采购订单,物料类采购,2509-75502-0295,深圳市易达凯电仔有限公司,计意强,葛霞,2026-04-11 18:08:12,2026-04-12 15:53:22,0000036041,539-000388,热敏电阻,24000.00,13.00,0,2026-07-31,0000035918,0000035917,CGSQ-260410-000019,24000.00,0.00,24000.00,已关闭,正常
0000036014,01-HDKJ-CGDD-260411-013662,2026-04-11,新疆友农科技集团,生产项目采购订单,物料类采购,02103006,帕太伴际贸易（上海）有限公司,骆富英,葛霞,2026-04-11 16:40:44,2026-04-12 14:51:58,0000036013,725-000249,贴片陶瓷电容,5000.00,13.00,0,2026-08-01,0000036012,0000036011,CGSQ-260411-000013,5000.00,0.00,5000.00,已关闭,正常
0000035916,01-HDKJ-CGDD-260410-013640,2026-04-10,新疆友农科技集团,产品委外采购订单,产品委外采购,57403020,苏州华誉智丼科技有限公司,苗晓强,杨强云,2026-04-10 17:16:29,2026-04-11 09:17:45,0000035915,588-000562,YN300E_801_U113_P3_S04_PCBA（906AMBD单北斗）,10000.00,13.00,0,2026-04-10,0000035913,0000035914,WWGD-20260410-000521,0.00,0.00,0.00,已关闭,正常
0000035912,01-HDKJ-CGDD-260410-013639,2026-04-10,新疆友农科技集团,产品委外采购订单,产品委外采购,57403020,苏州华誉智丼科技有限公司,苗晓强,杨强云,2026-04-10 17:10:58,2026-04-10 17:14:25,0000035911,588-000114,601C倾角P5_S01_PCBA,6500.00,13.00,0,2026-04-10,0000035909,0000035910,WWGD-20260410-000520,0.00,0.00,0.00,已关闭,正常
0000035905,01-HDKJ-CGDD-260410-013641,2026-04-10,新疆友农科技集团,生产项目采购订单,物料类采购,75504211,深圳市四方联达科技有限工司,杨强云,杨强云,2026-04-10 16:24:41,2026-04-11 09:17:45,0000035906,972-000625,NOR FLASH,2000.00,13.00,0,2026-05-01,0000028055,0000028050,CGSQ-260305-000040,2000.00,0.00,2000.00,已关闭,正常
0000035830,01-HDKJ-CGDD-260410-013633,2026-04-10,新疆友农科技集团,生产项目采购订单,物料类采购,76901009,东莞市昌偞电子有限公司,王涛磊,蒋鹏,2026-04-10 16:13:07,2026-04-10 20:49:26,0000035829,849-000208,M12*E19*L2.5六角螺帽,5000.00,13.00,0,2026-04-30,0000035703,0000035702,CGSQ-260410-000005,5000.00,0.00,5000.00,已关闭,正常
0000035828,01-HDKJ-CGDD-260410-013631,2026-04-10,新疆友农科技集团,生产项目采购订单,物料类采购,51204043,凯乐伯精倕塑胶模具（苏州）有限公司,王涛磊,朱英,2026-04-10 16:11:55,2026-04-10 20:49:12,0000035827,165-002375,YN403_SIM卡盖板,300.00,13.00,0,2026-05-01,0000035711,0000035702,CGSQ-260410-000005,300.00,0.00,300.00,已关闭,正常
0000035825,02-KSHA-CGDD-260410-013627,2026-04-10,苏州友安电子科技有限公司,生产项目采购订单,物料类采购,02101005,上海连申印务科技有限公司,计意强,骆富英,2026-04-10 16:11:16,2026-04-10 22:40:40,0000035826,468-000295,YC400智能播种监控系统说明书,1000.00,13.00,0,2026-04-10,0000034273,0000034271,CGSQ-260403-000041,1000.00,0.00,1000.00,已关闭,正常
0000035823,01-HDKJ-CGDD-260410-013626,2026-04-10,新疆友农科技集团,生产项目采购订单,物料类采购,5120228,昆山晨琪安电子有限公司,计意强,骆富英,2026-04-10 16:11:15,2026-04-11 08:00:49,0000035824,364-000041,贴片自恢复保险丝,1000.00,13.00,0,2026-04-10,0000029529,0000029502,CGSQ-260309-000024,0.00,0.00,0.00,正常,正常
0000035821,01-HDKJ-CGDD-260410-013624,2026-04-10,新疆友农科技集团,生产项目采购订单,物料类采购,59203004,厦门都铎科技有线公司,计意强,骆富英,2026-04-10 16:11:11,2026-04-11 08:00:47,0000035822,364-000068,YN501_喇叭带线束(DD),1500.00,13.00,0,2026-04-10,0000035704,0000035702,CGSQ-260410-000005,1320.00,0.00,1320.00,正常,正常
0000035819,01-HDKJ-CGDD-260410-013623,2026-04-10,新疆友农科技集团,生产项目采购订单,物料类采购,75501076,深珍正腾视讯科技有限公司,计意强,骆富英,2026-04-10 16:11:09,2026-04-11 08:00:44,0000035820,705-000039,高清摄像头螺丝包(不含摄像头),10000.00,13.00,0,2026-04-10,0000034964,0000034966,CGSQ-260407-000002,10000.00,0.00,10000.00,已关闭,正常
0000035817,01-HDKJ-CGDD-260410-013621,2026-04-10,新疆友农科技集团,生产项目采购订单,物料类采购,51403024,苏州英姿精倕电子有限公司,计意强,骆富英,2026-04-10 16:11:06,2026-04-11 08:00:33,0000035818,849-000975,M3*6_不锈钢法兰内六角机牙螺丝_整圈耐落,1000.00,13.00,0,2026-04-10,0000035585,0000035584,CGSQ-260409-000006,1000.00,0.00,1000.00,已关闭,正常
0000035813,01-HDKJ-CGDD-260410-013620,2026-04-10,新疆友农科技集团,生产项目采购订单,物料类采购,51204045,超城紧伱系统（苏州）有限公司,计意强,骆富英,2026-04-10 16:11:04,2026-04-11 08:00:30,0000035814,849-000458,M5.0*14不锈钢杯头内六角机制螺钉,5000.00,13.00,0,2026-04-10,0000035696,0000035701,CGSQ-260410-000003,5000.00,0.00,5000.00,已关闭,正常
0000035813,01-HDKJ-CGDD-260410-013620,2026-04-10,新疆友农科技集团,生产项目采购订单,物料类采购,51204045,超城紧伱系统（苏州）有限公司,计意强,骆富英,2026-04-10 16:11:04,2026-04-11 08:00:30,0000035815,849-000955,M4*20_不锈钢法兰内六角机牙螺丝_整圈耐落,1500.00,13.00,0,2026-04-10,0000035586,0000035584,CGSQ-260409-000006,1500.00,0.00,1500.00,已关闭,正常
0000035813,01-HDKJ-CGDD-260410-013620,2026-04-10,新疆友农科技集团,生产项目采购订单,物料类采购,51204045,超城紧伱系统（苏州）有限公司,计意强,骆富英,2026-04-10 16:11:04,2026-04-11 08:00:30,0000035816,849-000808,M5*D4*L8_不锈钢销钉螺丝_整圈耐落,1000.00,13.00,0,2026-04-10,0000035583,0000035584,CGSQ-260409-000006,1000.00,0.00,1000.00,已关闭,正常
0000035811,01-HDKJ-CGDD-260410-013616,2026-04-10,新疆友农科技集团,生产项目采购订单,物料类采购,59202002,俅门信和达电子有限公司,计意强,葛霞,2026-04-10 16:10:57,2026-04-11 08:00:58,0000035812,725-000046,贴片陶瓷电容,2000.00,13.00,0,2026-04-10,0000033883,0000033880,CGSQ-260402-000011,0.00,0.00,0.00,正常,正常
0000035809,01-HDKJ-CGDD-260410-013614,2026-04-10,新疆友农科技集团,生产项目采购订单,物料类采购,73901002,湖南佳迪科甸子有限公司,计意强,缪财艳,2026-04-10 16:10:53,2026-04-13 15:52:12,0000035810,358-000147,N沟道MOS管,5000.00,13.00,0,2026-04-10,0000035392,0000035391,CGSQ-260408-000022,5000.00,0.00,5000.00,已关闭,正常
0000035807,01-HDKJ-CGDD-260410-013613,2026-04-10,新疆友农科技集团,生产项目采购订单,物料类采购,2512-02102-0451,威雅利电仔（上海）有限公司,计意强,缪财艳,2026-04-10 16:10:51,2026-04-13 23:01:39,0000035808,733-000045,贴片磁珠,12000.00,13.00,0,2026-04-10,0000035411,0000035410,CGSQ-260408-000026,0.00,0.00,0.00,已关闭,正常
0000035805,01-HDKJ-CGDD-260410-013612,2026-04-10,新疆友农科技集团,生产项目采购订单,物料类采购,73901001,洞口县亞生成电子有限公司,王涛磊,蒋鹏,2026-04-10 16:10:39,2026-04-14 08:03:38,0000035806,363-000157,4pin姿态机具连接线,10000.00,13.00,0,2026-04-15,0000035582,0000035581,CGSQ-260409-000005,10000.00,0.00,10000.00,已关闭,正常
0000035800,01-HDKJ-CGDD-260410-013607,2026-04-10,新疆友农科技集团,生产项目采购订单,物料类采购,5740309,宁波市鄞州威盛汽车配件友限公司,昝敏,沈娟,2026-04-10 15:32:25,2026-04-12 19:22:50,0000035799,165-001299,方向盘盖板_ODM_威盛,1000.00,13.00,0,2026-05-01,0000035745,0000035746,CGSQ-260410-000009,0.00,0.00,0.00,正常,正常
0000035785,01-HDKJ-CGDD-260410-013583,2026-04-10,新疆友农科技集团,生产项目采购订单,物料类采购,75504018,深圳康宏电子实业有限公司,葛霞,葛霞,2026-04-10 14:34:13,2026-04-11 12:20:41,0000035784,321-000673,YC302B_ESC_P4_PCB,1000.00,13.00,0,2026-04-03,0000030579,0000030565,CGSQ-260316-000014,1000.00,0.00,1000.00,已关闭,正常
0000035778,01-HDKJ-CGDD-260410-013582,2026-04-10,新疆友农科技集团,生产项目采购订单,物料类采购,00104068,巨鹿县东风橡胶価（普通合伙）,王涛磊,朱英,2026-04-10 13:42:31,2026-04-10 20:50:13,0000035777,165-002369,YN580图传天线固定带,400.00,13.00,0,2026-04-13,0000035747,0000035744,CGSQ-260410-000008,400.00,0.00,400.00,已关闭,正常
0000035750,01-HDKJ-CGDD-260410-013571,2026-04-10,新疆友农科技集团,生产项目采购订单,物料类采购,02100140,昆山诚意智能科技有限工司,昝敏,沈娟,2026-04-10 10:39:52,2026-04-10 20:50:10,0000035751,606-000340,YN580整机包装内衬,40.00,13.00,0,2026-04-15,0000035743,0000035744,CGSQ-260410-000008,1.00,0.00,1.00,正常,正常
0000035740,01-HDKJ-CGDD-260410-013565,2026-04-10,新疆友农科技集团,产品委外采购订单,产品委外采购,25040036,浙江巨传电子凈份有限公司,苗晓强,杨强云,2026-04-10 10:15:52,2026-04-10 10:41:40,0000035742,588-000836,YC302B_ESC_CAP_P0_PCBA,1000.00,13.00,0,2026-04-10,0000035739,0000035738,WWGD-20260410-000519,967.00,0.00,967.00,正常,正常
0000035740,01-HDKJ-CGDD-260410-013565,2026-04-10,新疆友农科技集团,产品委外采购订单,产品委外采购,25040036,浙江巨传电子凈份有限公司,苗晓强,杨强云,2026-04-10 10:15:52,2026-04-10 10:41:40,0000035741,588-000835,YC302B_ESC_P4_PCBA,1000.00,13.00,0,2026-04-10,0000035737,0000035736,WWGD-20260410-000518,967.00,0.00,967.00,正常,正常
0000035731,01-HDKJ-CGDD-260410-013567,2026-04-10,新疆友农科技集团,生产项目采购订单,物料类采购,01004007,支付宝(中国)网络技术有限公司,计意强,骆富英,2026-04-10 10:04:24,2026-04-10 10:29:31,0000035728,165-000266,701pro摄像头连接器防水胶套,3000.00,0.00,0,2026-04-30,0000035706,0000035702,CGSQ-260410-000005,3000.00,0.00,3000.00,已关闭,正常
0000035731,01-HDKJ-CGDD-260410-013567,2026-04-10,新疆友农科技集团,生产项目采购订单,物料类采购,01004007,支付宝(中国)网络技术有限公司,计意强,骆富英,2026-04-10 10:04:24,2026-04-10 10:29:31,0000035732,165-000793,YN501_USB防水密封圈,500.00,0.00,0,2026-05-10,0000035708,0000035702,CGSQ-260410-000005,500.00,0.00,500.00,已关闭,正常
0000035731,01-HDKJ-CGDD-260410-013567,2026-04-10,新疆友农科技集团,生产项目采购订单,物料类采购,01004007,支付宝(中国)网络技术有限公司,计意强,骆富英,2026-04-10 10:04:24,2026-04-10 10:29:31,0000035729,165-002377,YN403_USB防水密封圈,300.00,0.00,0,2026-05-01,0000035712,0000035702,CGSQ-260410-000005,300.00,0.00,300.00,已关闭,正常
0000035731,01-HDKJ-CGDD-260410-013567,2026-04-10,新疆友农科技集团,生产项目采购订单,物料类采购,01004007,支付宝(中国)网络技术有限公司,计意强,骆富英,2026-04-10 10:04:24,2026-04-10 10:29:31,0000035733,795-000133,线束安装附件包,5000.00,0.00,0,2026-04-30,0000035697,0000035701,CGSQ-260410-000003,5000.00,0.00,5000.00,已关闭,正常
0000035731,01-HDKJ-CGDD-260410-013567,2026-04-10,新疆友农科技集团,生产项目采购订单,物料类采购,01004007,支付宝(中国)网络技术有限公司,计意强,骆富英,2026-04-10 10:04:24,2026-04-10 10:29:31,0000035730,849-001356,M10*16风扇旋转螺栓,50.00,0.00,0,2026-04-08,0000035201,0000035194,CGSQ-260407-000016,50.00,0.00,50.00,已关闭,正常
0000035726,01-HDKJ-CGDD-260410-013562,2026-04-10,新疆友农科技集团,生产项目采购订单,物料类采购,75701004,佛山市戴柏冡信技术有限公司,昝敏,沈娟,2026-04-10 10:00:55,2026-04-10 15:20:36,0000035727,838-000222,戴柏电台天线含底座-黑色,500.00,13.00,0,2026-05-10,0000035698,0000035701,CGSQ-260410-000003,500.00,0.00,500.00,已关闭,正常
0000035725,01-HDKJ-CGDD-260410-013561,2026-04-10,新疆友农科技集团,生产项目采购订单,物料类采购,51204037,无锡市宏鹏橡塑乕品有限公司,昝敏,朱英,2026-04-10 09:59:11,2026-04-10 21:34:25,0000035724,165-001296,YN501整机硅胶护套,800.00,13.00,0,2026-05-15,0000035700,0000035701,CGSQ-260410-000003,800.00,0.00,800.00,已关闭,正常
0000035722,01-HDKJ-CGDD-260410-013556,2026-04-10,新疆友农科技集团,生产项目采购订单,物料类采购,2511-55701-0400,安徽华兴达光甸有限公司,昝敏,朱英,2026-04-10 09:55:45,2026-04-10 10:58:21,0000035721,165-002374,YN403_LCD模组_宇文浩,100.00,13.00,0,2026-05-10,0000035710,0000035702,CGSQ-260410-000005,0.00,0.00,0.00,正常,正常
0000035719,01-HDKJ-CGDD-260410-013555,2026-04-10,新疆友农科技集团,生产项目采购订单,物料类采购,75501083,深圳市得自在科技有线公司,昝敏,沈娟,2026-04-10 09:55:11,2026-04-12 19:22:50,0000035720,838-000226,YN408 海外版4G主天线,500.00,13.00,0,2026-04-25,0000035705,0000035702,CGSQ-260410-000005,500.00,0.00,500.00,已关闭,正常
0000035716,01-HDKJ-CGDD-260410-013553,2026-04-10,新疆友农科技集团,生产项目采购订单,物料类采购,75501068,仗兴科技（深圳）有限公司,昝敏,沈娟,2026-04-10 09:53:13,2026-04-10 15:20:16,0000035715,165-000729,YN501_散热硅胶垫4,800.00,13.00,0,2026-05-10,0000035707,0000035702,CGSQ-260410-000005,800.00,0.00,800.00,已关闭,正常
0000035716,01-HDKJ-CGDD-260410-013553,2026-04-10,新疆友农科技集团,生产项目采购订单,物料类采购,75501068,仗兴科技（深圳）有限公司,昝敏,沈娟,2026-04-10 09:53:13,2026-04-10 15:20:16,0000035717,165-001046,YN501_散热硅胶垫7,800.00,13.00,0,2026-05-10,0000035709,0000035702,CGSQ-260410-000005,800.00,0.00,800.00,已关闭,正常
0000035716,01-HDKJ-CGDD-260410-013553,2026-04-10,新疆友农科技集团,生产项目采购订单,物料类采购,75501068,仗兴科技（深圳）有限公司,昝敏,沈娟,2026-04-10 09:53:13,2026-04-10 15:20:16,0000035718,165-001226,408SIM卡盖硅胶泡棉,2000.00,13.00,0,2026-04-30,0000035699,0000035701,CGSQ-260410-000003,2000.00,0.00,2000.00,已关闭,正常
0000035648,01-HDKJ-CGDD-260409-013539,2026-04-09,新疆友农科技集团,生产项目采购订单,物料类采购,2602-51202-0552,苏州乩芃晟电子科技有限公司,葛霞,葛霞,2026-04-09 17:18:28,2026-04-09 18:57:05,0000035647,725-000105,贴片陶瓷电容,177000.00,13.00,0,2026-06-18,0000035639,0000035640,CGSQ-260409-000018,177000.00,0.00,177000.00,已关闭,正常
0000035641,01-HDKJ-CGDD-260409-013540,2026-04-09,新疆友农科技集团,生产项目采购订单,物料类采购,2604-55101-0607,合肥酷芯微电子股份友限公司,杨强云,杨强云,2026-04-09 17:17:45,2026-04-10 09:48:48,0000035644,972-000615,图传模块,200.00,13.00,0,2026-07-03,0000030817,0000030818,CGSQ-260318-000015,200.00,0.00,200.00,已关闭,正常
0000035641,01-HDKJ-CGDD-260409-013540,2026-04-09,新疆友农科技集团,生产项目采购订单,物料类采购,2604-55101-0607,合肥酷芯微电子股份友限公司,杨强云,杨强云,2026-04-09 17:17:45,2026-04-10 09:48:48,0000035642,972-000615,图传模块,1630.00,13.00,0,2026-04-03,0000029512,0000029502,CGSQ-260309-000024,1250.00,0.00,1250.00,正常,正常
0000035641,01-HDKJ-CGDD-260409-013540,2026-04-09,新疆友农科技集团,生产项目采购订单,物料类采购,2604-55101-0607,合肥酷芯微电子股份友限公司,杨强云,杨强云,2026-04-09 17:17:45,2026-04-10 09:48:48,0000035645,972-000615,图传模块,600.00,13.00,0,2026-03-18,0000028233,0000028238,CGSQ-260306-000011,600.00,0.00,600.00,已关闭,正常
0000035641,01-HDKJ-CGDD-260409-013540,2026-04-09,新疆友农科技集团,生产项目采购订单,物料类采购,2604-55101-0607,合肥酷芯微电子股份友限公司,杨强云,杨强云,2026-04-09 17:17:45,2026-04-10 09:48:48,0000035643,972-000615,图传模块,200.00,13.00,0,2026-03-05,0000026276,0000026260,CGSQ-260205-000014,200.00,0.00,200.00,已关闭,正常
0000035641,01-HDKJ-CGDD-260409-013540,2026-04-09,新疆友农科技集团,生产项目采购订单,物料类采购,2604-55101-0607,合肥酷芯微电子股份友限公司,杨强云,杨强云,2026-04-09 17:17:45,2026-04-10 09:48:48,0000035646,972-000615,图传模块,520.00,13.00,0,2026-02-27,0000024981,0000024976,CGSQ-260124-000023,0.00,0.00,0.00,正常,正常
0000035638,01-HDKJ-CGDD-260409-013538,2026-04-09,新疆友农科技集团,生产项目采购订单,物料类采购,76904023,东莞市康顺连接科技有线公司,姚秀磊,谭磊子,2026-04-09 17:08:15,2026-04-09 17:51:18,0000035637,363-000550,三目通讯线束,20.00,13.00,0,2026-04-10,0000035612,0000035611,CGSQ-260409-000017,20.00,0.00,20.00,已关闭,正常
0000035594,01-HDKJ-CGDD-260409-013520,2026-04-09,新疆友农科技集团,生产项目采购订单,物料类采购,02103023,云汉芯城（上海）电子科技有限公司,计意强,葛霞,2026-04-09 13:17:33,2026-04-09 15:24:28,0000035593,539-000629,贴片电阻,20000.00,13.00,0,2026-04-16,0000035430,0000035429,CGSQ-260408-000034,20000.00,0.00,20000.00,已关闭,正常
0000035587,01-HDKJ-CGDD-260409-013512,2026-04-09,新疆友农科技集团,研发物料采购订单,物料类采购,73901002,湖南佳迪科甸子有限公司,缪财艳,缪财艳,2026-04-09 10:00:12,2026-04-09 13:04:50,0000035588,454-000234,肖特基二极管,100.00,13.00,0,2026-04-09,0,0,,0.00,0.00,0.00,正常,正常
0000035587,01-HDKJ-CGDD-260409-013512,2026-04-09,新疆友农科技集团,研发物料采购订单,物料类采购,73901002,湖南佳迪科甸子有限公司,缪财艳,缪财艳,2026-04-09 10:00:12,2026-04-09 13:04:50,0000035589,358-000158,PMOS,50.00,13.00,0,2026-04-09,0,0,,0.00,0.00,0.00,正常,正常
0000035580,01-HDKJ-CGDD-260409-013508,2026-04-09,新疆友农科技集团,生产项目采购订单,物料类采购,75502028,深圳市超利维实业有限公思,计意强,葛霞,2026-04-09 09:31:23,2026-04-10 13:23:02,0000035579,725-000451,贴片钽电容,70000.00,13.00,0,2026-05-14,0000035436,0000035435,CGSQ-260408-000038,70000.00,0.00,70000.00,已关闭,正常
0000035434,01-HDKJ-CGDD-260408-013506,2026-04-08,新疆友农科技集团,生产项目采购订单,物料类采购,01002002,北京富声达杰儽电子销售有限公司,计意强,缪财艳,2026-04-08 17:40:34,2026-04-08 18:06:30,0000035433,972-000688,IMU,230.00,13.00,0,2026-11-04,0000035412,0000035413,CGSQ-260408-000027,230.00,0.00,230.00,已关闭,正常
0000035432,01-HDKJ-CGDD-260408-013504,2026-04-08,新疆友农科技集团,生产项目采购订单,物料类采购,2506-512-0177,苏州诺迪科自动伵科技有限公司,杨强云,杨强云,2026-04-08 16:49:17,2026-04-08 22:24:37,0000035431,972-000696,FLASH,1000.00,13.00,0,2026-07-01,0000035342,0000035341,CGSQ-260408-000015,0.00,0.00,0.00,已关闭,正常
0000035427,01-HDKJ-CGDD-260408-013501,2026-04-08,新疆友农科技集团,生产项目采购订单,物料类采购,01004007,支付宝(中国)网络技术有限公司,姚秀磊,高军,2026-04-08 16:38:20,2026-04-08 20:54:00,0000035426,849-001310,M5*24_304不锈钢平头倒边内六角螺栓,60.00,0.00,0,2026-04-09,0000035424,0000035423,CGSQ-260408-000032,60.00,0.00,60.00,已关闭,正常
0000035427,01-HDKJ-CGDD-260408-013501,2026-04-08,新疆友农科技集团,生产项目采购订单,物料类采购,01004007,支付宝(中国)网络技术有限公司,姚秀磊,高军,2026-04-08 16:38:20,2026-04-08 20:54:00,0000035428,849-001308,M5*22_304不锈钢外六角法兰面螺栓,550.00,0.00,0,2026-04-09,0000035425,0000035423,CGSQ-260408-000032,0.00,0.00,0.00,正常,正常
0000035417,01-HDKJ-CGDD-260408-013496,2026-04-08,新疆友农科技集团,生产项目采购订单,物料类采购,51204045,超城紧伱系统（苏州）有限公司,计意强,骆富英,2026-04-08 15:51:24,2026-04-08 17:27:20,0000035418,849-000744,M3*25_不锈钢法兰内六角机牙螺丝_整圈耐落,1500.00,13.00,0,2026-04-15,0000035415,0000035414,CGSQ-260408-000029,1500.00,0.00,1500.00,已关闭,正常
0000035408,01-HDKJ-CGDD-260408-013493,2026-04-08,新疆友农科技集团,生产项目采购订单,物料类采购,75502043,深圳市天河星供应链友限公司,计意强,缪财艳,2026-04-08 15:23:22,2026-04-08 20:06:11,0000035409,733-000160,贴片磁珠,4000.00,13.00,0,2026-04-03,0000030307,0000030301,CGSQ-260312-000020,0.00,0.00,0.00,已关闭,正常
0000035401,01-HDKJ-CGDD-260408-013503,2026-04-08,新疆友农科技集团,生产项目采购订单,物料类采购,02504030,南京奥鹰工亿有限公司,杨强云,杨强云,2026-04-08 14:27:04,2026-04-08 20:05:25,0000035400,972-000618,SAR sensor,2000.00,13.00,0,2026-08-29,0000035206,0000035205,CGSQ-260407-000024,2000.00,0.00,2000.00,已关闭,正常
0000035393,01-HDKJ-CGDD-260408-013475,2026-04-08,新疆友农科技集团,产品委外采购订单,产品委外采购,57403031,苏州禾佳顺电子科技有限公司,王涛磊,朱英,2026-04-08 14:05:42,2026-04-10 10:08:28,0000035394,525-000160,YN580摇摆桨基座组件带耐磨不锈钢片-10,4500.00,13.00,0,2026-04-08,0000028621,0000028623,WWGD-20260307-000453,4500.00,0.00,4500.00,已关闭,正常
0000035389,01-HDKJ-CGDD-260408-013474,2026-04-08,新疆友农科技集团,生产项目采购订单,物料类采购,51202011,昆山亥利威电子有限公司,葛霞,葛霞,2026-04-08 13:55:12,2026-04-08 20:06:31,0000035390,725-000458,贴片陶瓷电容,80000.00,13.00,0,2026-04-16,0000035387,0000035388,CGSQ-260408-000019,80000.00,0.00,80000.00,已关闭,正常
0000035385,01-HDKJ-CGDD-260408-013473,2026-04-08,新疆友农科技集团,生产项目采购订单,物料类采购,59202002,俅门信和达电子有限公司,计意强,葛霞,2026-04-08 13:42:21,2026-04-09 07:46:51,0000035386,725-000226,贴片陶瓷电容,10000.00,13.00,0,2026-04-08,0000035100,0000035099,CGSQ-260407-000008,10000.00,0.00,10000.00,已关闭,正常
0000035382,01-HDKJ-CGDD-260408-013463,2026-04-08,新疆友农科技集团,生产项目采购订单,物料类采购,2602-51202-0552,苏州乩芃晟电子科技有限公司,计意强,葛霞,2026-04-08 13:34:08,2026-04-09 07:46:49,0000035383,725-000047,贴片陶瓷电容,66000.00,13.00,0,2026-04-08,0000031716,0000031715,CGSQ-260325-000013,66000.00,0.00,66000.00,已关闭,正常
0000035382,01-HDKJ-CGDD-260408-013463,2026-04-08,新疆友农科技集团,生产项目采购订单,物料类采购,2602-51202-0552,苏州乩芃晟电子科技有限公司,计意强,葛霞,2026-04-08 13:34:08,2026-04-09 07:46:49,0000035384,725-000340,贴片陶瓷电容,118000.00,13.00,0,2026-04-08,0000031718,0000031717,CGSQ-260325-000015,118000.00,0.00,118000.00,已关闭,正常
0000035380,02-KSHA-CGDD-260408-013456,2026-04-08,苏州友安电子科技有限公司,生产项目采购订单,物料类采购,75501002,深珍市立豪魔术贴有限公司,计意强,骆富英,2026-04-08 13:33:55,2026-04-09 09:51:28,0000035381,812-000017,40*62魔术贴,2600.00,13.00,0,2026-04-08,0000034277,0000034271,CGSQ-260403-000041,0.00,0.00,0.00,正常,正常
0000035376,02-KSHA-CGDD-260408-013452,2026-04-08,苏州友安电子科技有限公司,生产项目采购订单,物料类采购,51204008,苏州岚嵩五金科技有限公司,计意强,骆富英,2026-04-08 13:33:46,2026-04-09 09:51:57,0000035377,795-000110,梅花手柄螺丝,2400.00,13.00,0,2026-04-08,0000034280,0000034271,CGSQ-260403-000041,2400.00,0.00,2400.00,已关闭,正常
0000035376,02-KSHA-CGDD-260408-013452,2026-04-08,苏州友安电子科技有限公司,生产项目采购订单,物料类采购,51204008,苏州岚嵩五金科技有限公司,计意强,骆富英,2026-04-08 13:33:46,2026-04-09 09:51:57,0000035378,849-000258,st2x5自攻螺丝,8000.00,13.00,0,2026-04-08,0000034298,0000034271,CGSQ-260403-000041,8000.00,0.00,8000.00,已关闭,正常
0000035374,01-HDKJ-CGDD-260408-013447,2026-04-08,新疆友农科技集团,生产项目采购订单,物料类采购,51204008,苏州岚嵩五金科技有限公司,计意强,骆富英,2026-04-08 13:33:37,2026-04-08 21:03:17,0000035375,705-000035,主机螺丝包,8000.00,13.00,0,2026-04-08,0000034963,0000034966,CGSQ-260407-000002,8000.00,0.00,8000.00,已关闭,正常
0000035372,01-HDKJ-CGDD-260408-013446,2026-04-08,新疆友农科技集团,生产项目采购订单,物料类采购,75501076,深珍正腾视讯科技有限公司,计意强,骆富英,2026-04-08 13:33:35,2026-04-08 22:24:29,0000035373,838-000094,J701摄像头,10000.00,13.00,0,2026-04-08,0000034958,0000034966,CGSQ-260407-000002,5614.00,0.00,5614.00,正常,正常
0000035369,01-HDKJ-CGDD-260408-013445,2026-04-08,新疆友农科技集团,生产项目采购订单,物料类采购,57501003,內暨市达钶五金配件有限公司,计意强,骆富英,2026-04-08 13:33:33,2026-04-08 21:03:34,0000035370,795-000074,铅封,5000.00,13.00,0,2026-04-08,0000034957,0000034966,CGSQ-260407-000002,5000.00,0.00,5000.00,已关闭,正常
0000035369,01-HDKJ-CGDD-260408-013445,2026-04-08,新疆友农科技集团,生产项目采购订单,物料类采购,57501003,內暨市达钶五金配件有限公司,计意强,骆富英,2026-04-08 13:33:33,2026-04-08 21:03:34,0000035371,795-000074,铅封,10000.00,13.00,0,2026-04-08,0000034956,0000034966,CGSQ-260407-000002,10000.00,0.00,10000.00,已关闭,正常
0000035366,01-HDKJ-CGDD-260408-013444,2026-04-08,新疆友农科技集团,生产项目采购订单,物料类采购,52301003,兴化市兏远不锈钢制品有限公司,计意强,骆富英,2026-04-08 13:33:32,2026-04-08 22:24:29,0000035367,849-000075,40-150喉箍,20000.00,13.00,0,2026-04-08,0000034955,0000034966,CGSQ-260407-000002,20000.00,0.00,20000.00,已关闭,正常
0000035366,01-HDKJ-CGDD-260408-013444,2026-04-08,新疆友农科技集团,生产项目采购订单,物料类采购,52301003,兴化市兏远不锈钢制品有限公司,计意强,骆富英,2026-04-08 13:33:32,2026-04-08 22:24:29,0000035368,849-000075,40-150喉箍,20000.00,13.00,0,2026-04-08,0000034954,0000034966,CGSQ-260407-000002,0.00,0.00,0.00,正常,正常
0000035364,01-HDKJ-CGDD-260408-013443,2026-04-08,新疆友农科技集团,生产项目采购订单,物料类采购,51204039,苏洲浩达印刷科技有限公司,计意强,骆富英,2026-04-08 13:33:30,2026-04-08 21:03:21,0000035365,705-000043,701说明书附件包,10000.00,13.00,0,2026-04-08,0000034965,0000034966,CGSQ-260407-000002,10000.00,0.00,10000.00,已关闭,正常
0000035362,01-HDKJ-CGDD-260408-013442,2026-04-08,新疆友农科技集团,生产项目采购订单,物料类采购,51403024,苏州英姿精倕电子有限公司,计意强,骆富英,2026-04-08 13:33:28,2026-04-08 21:03:40,0000035363,849-000846,M2.5*6-不锈钢十字圆头机牙螺丝_半耐落,120000.00,13.00,0,2026-04-08,0000034968,0000034974,CGSQ-260407-000004,120000.00,0.00,120000.00,已关闭,正常
0000035354,01-HDKJ-CGDD-260408-013441,2026-04-08,新疆友农科技集团,生产项目采购订单,物料类采购,51204045,超城紧伱系统（苏州）有限公司,计意强,骆富英,2026-04-08 13:33:26,2026-04-08 21:03:37,0000035356,849-000005,M2.5*6 机丝,20000.00,13.00,0,2026-04-08,0000034973,0000034974,CGSQ-260407-000004,20000.00,0.00,20000.00,已关闭,正常
0000035354,01-HDKJ-CGDD-260408-013441,2026-04-08,新疆友农科技集团,生产项目采购订单,物料类采购,51204045,超城紧伱系统（苏州）有限公司,计意强,骆富英,2026-04-08 13:33:26,2026-04-08 21:03:37,0000035357,849-000411,ST2.5*10自攻,20000.00,13.00,0,2026-04-08,0000034971,0000034974,CGSQ-260407-000004,20000.00,0.00,20000.00,已关闭,正常
0000035354,01-HDKJ-CGDD-260408-013441,2026-04-08,新疆友农科技集团,生产项目采购订单,物料类采购,51204045,超城紧伱系统（苏州）有限公司,计意强,骆富英,2026-04-08 13:33:26,2026-04-08 21:03:37,0000035358,849-000003,ST2.0*6自攻,15000.00,13.00,0,2026-04-08,0000034970,0000034974,CGSQ-260407-000004,15000.00,0.00,15000.00,已关闭,正常
0000035354,01-HDKJ-CGDD-260408-013441,2026-04-08,新疆友农科技集团,生产项目采购订单,物料类采购,51204045,超城紧伱系统（苏州）有限公司,计意强,骆富英,2026-04-08 13:33:26,2026-04-08 21:03:37,0000035359,849-000191,M16平垫片,5000.00,13.00,0,2026-04-08,0000034972,0000034974,CGSQ-260407-000004,5000.00,0.00,5000.00,已关闭,正常
0000035354,01-HDKJ-CGDD-260408-013441,2026-04-08,新疆友农科技集团,生产项目采购订单,物料类采购,51204045,超城紧伱系统（苏州）有限公司,计意强,骆富英,2026-04-08 13:33:26,2026-04-08 21:03:37,0000035360,849-000195,M2.5*9+3单头六角铜柱，六角对边尺寸4.9,10000.00,13.00,0,2026-04-08,0000034969,0000034974,CGSQ-260407-000004,10000.00,0.00,10000.00,已关闭,正常
0000035354,01-HDKJ-CGDD-260408-013441,2026-04-08,新疆友农科技集团,生产项目采购订单,物料类采购,51204045,超城紧伱系统（苏州）有限公司,计意强,骆富英,2026-04-08 13:33:26,2026-04-08 21:03:37,0000035361,849-000204,M3*10不锈钢耐落机制螺丝,10000.00,13.00,0,2026-04-08,0000034967,0000034974,CGSQ-260407-000004,0.00,0.00,0.00,正常,正常
0000035345,01-HDKJ-CGDD-260408-013419,2026-04-08,新疆友农科技集团,生产项目采购订单,物料类采购,2604-028-0605,成亜市欣天睿电子科技有限公司,葛霞,葛霞,2026-04-08 12:03:17,2026-04-08 13:54:51,0000035344,321-000486,YS508_3T4R_80G_9232_P0_PCB,900.00,13.00,0,2026-04-16,0000035287,0000035286,CGSQ-260408-000008,840.00,0.00,840.00,已关闭,正常
0000035340,01-HDKJ-CGDD-260408-013412,2026-04-08,新疆友农科技集团,生产项目采购订单,物料类采购,76904023,东莞市康顺连接科技有线公司,王涛磊,蒋鹏,2026-04-08 11:23:16,2026-04-08 14:11:52,0000035339,770-000133,2+10P连接器堵头,350.00,13.00,0,2026-05-13,0000035320,0000035319,CGSQ-260408-000012,350.00,0.00,350.00,已关闭,正常
0000035337,01-HDKJ-CGDD-260408-013408,2026-04-08,新疆友农科技集团,生产项目采购订单,物料类采购,01004007,支付宝(中国)网络技术有限公司,姚秀磊,高军,2026-04-08 11:17:47,2026-04-08 11:21:21,0000035338,849-001355,M3*10十字平头螺丝蓝胶防松,700.00,0.00,0,2026-04-08,0000035195,0000035194,CGSQ-260407-000016,700.00,0.00,700.00,已关闭,正常
0000035321,01-HDKJ-CGDD-260408-013401,2026-04-08,新疆友农科技集团,生产项目采购订单,物料类采购,01004007,支付宝(中国)网络技术有限公司,姚秀磊,高军,2026-04-08 11:05:57,2026-04-08 11:12:10,0000035324,849-001335,M4*8_304不锈钢内六角圆柱头防脱落螺栓,460.00,0.00,0,2026-04-08,0000035196,0000035194,CGSQ-260407-000016,460.00,0.00,460.00,已关闭,正常
0000035321,01-HDKJ-CGDD-260408-013401,2026-04-08,新疆友农科技集团,生产项目采购订单,物料类采购,01004007,支付宝(中国)网络技术有限公司,姚秀磊,高军,2026-04-08 11:05:57,2026-04-08 11:12:10,0000035322,849-001289,M3*6_304不锈钢内六角圆柱头螺栓,200.00,0.00,0,2026-04-08,0000035197,0000035194,CGSQ-260407-000016,200.00,0.00,200.00,已关闭,正常
0000035321,01-HDKJ-CGDD-260408-013401,2026-04-08,新疆友农科技集团,生产项目采购订单,物料类采购,01004007,支付宝(中国)网络技术有限公司,姚秀磊,高军,2026-04-08 11:05:57,2026-04-08 11:12:10,0000035325,849-001299,M4*25_304不锈钢内六角圆柱头螺栓,400.00,0.00,0,2026-04-08,0000035198,0000035194,CGSQ-260407-000016,400.00,0.00,400.00,已关闭,正常
0000035321,01-HDKJ-CGDD-260408-013401,2026-04-08,新疆友农科技集团,生产项目采购订单,物料类采购,01004007,支付宝(中国)网络技术有限公司,姚秀磊,高军,2026-04-08 11:05:57,2026-04-08 11:12:10,0000035323,849-001264,M10*35_外六角法兰面螺栓,50.00,0.00,0,2026-04-08,0000035199,0000035194,CGSQ-260407-000016,50.00,0.00,50.00,已关闭,正常
0000035321,01-HDKJ-CGDD-260408-013401,2026-04-08,新疆友农科技集团,生产项目采购订单,物料类采购,01004007,支付宝(中国)网络技术有限公司,姚秀磊,高军,2026-04-08 11:05:57,2026-04-08 11:12:10,0000035326,849-001309,M5*22_内六角自带平弹垫片螺栓,250.00,0.00,0,2026-04-08,0000035200,0000035194,CGSQ-260407-000016,250.00,0.00,250.00,已关闭,正常
0000035317,01-HDKJ-CGDD-260408-013394,2026-04-08,新疆友农科技集团,生产项目采购订单,物料类采购,2602-51202-0552,苏州乩芃晟电子科技有限公司,葛霞,葛霞,2026-04-08 10:48:04,2026-04-08 22:24:37,0000035318,725-000210,贴片陶瓷电容,58000.00,13.00,0,2026-04-23,0000035316,0000035315,CGSQ-260408-000011,58000.00,0.00,58000.00,已关闭,正常
0000035312,02-KSHA-CGDD-260408-013385,2026-04-08,苏州友安电子科技有限公司,生产项目采购订单,物料类采购,51204020,苏州艾升佘金属制品有限公司,王涛磊,朱英,2026-04-08 10:23:40,2026-04-08 11:23:26,0000035314,849-000041,YC200整机支架,1300.00,13.00,0,2026-04-15,0000034276,0000034271,CGSQ-260403-000041,1240.00,0.00,1240.00,正常,正常
0000035312,02-KSHA-CGDD-260408-013385,2026-04-08,苏州友安电子科技有限公司,生产项目采购订单,物料类采购,51204020,苏州艾升佘金属制品有限公司,王涛磊,朱英,2026-04-08 10:23:40,2026-04-08 11:23:26,0000035313,849-000221,喇叭固定支架,2660.00,13.00,0,2026-04-15,0000034296,0000034271,CGSQ-260403-000041,2660.00,0.00,2660.00,已关闭,正常
0000035307,01-HDKJ-CGDD-260408-013381,2026-04-08,新疆友农科技集团,生产项目采购订单,物料类采购,5810109,嘉兴金峰精密模具友限公司,王涛磊,朱英,2026-04-08 10:21:04,2026-04-08 13:22:44,0000035304,165-003608,590机尾上外罩-黄色,300.00,13.00,0,2026-04-10,0000035122,0000035121,CGSQ-260407-000013,174.00,0.00,174.00,正常,正常
0000035307,01-HDKJ-CGDD-260408-013381,2026-04-08,新疆友农科技集团,生产项目采购订单,物料类采购,5810109,嘉兴金峰精密模具友限公司,王涛磊,朱英,2026-04-08 10:21:04,2026-04-08 13:22:44,0000035308,165-003609,YN580机尾上外罩盖板-黄色,300.00,13.00,0,2026-04-10,0000035123,0000035121,CGSQ-260407-000013,300.00,0.00,300.00,已关闭,正常
0000035307,01-HDKJ-CGDD-260408-013381,2026-04-08,新疆友农科技集团,生产项目采购订单,物料类采购,5810109,嘉兴金峰精密模具友限公司,王涛磊,朱英,2026-04-08 10:21:04,2026-04-08 13:22:44,0000035305,165-003607,580V3机头上外罩-黄色,300.00,13.00,0,2026-04-10,0000035124,0000035121,CGSQ-260407-000013,173.00,0.00,173.00,正常,正常
0000035307,01-HDKJ-CGDD-260408-013381,2026-04-08,新疆友农科技集团,生产项目采购订单,物料类采购,5810109,嘉兴金峰精密模具友限公司,王涛磊,朱英,2026-04-08 10:21:04,2026-04-08 13:22:44,0000035309,165-003608,590机尾上外罩-黄色,50.00,13.00,0,2026-04-30,0000035125,0000035121,CGSQ-260407-000013,50.00,0.00,50.00,已关闭,正常
0000035307,01-HDKJ-CGDD-260408-013381,2026-04-08,新疆友农科技集团,生产项目采购订单,物料类采购,5810109,嘉兴金峰精密模具友限公司,王涛磊,朱英,2026-04-08 10:21:04,2026-04-08 13:22:44,0000035306,165-003609,YN580机尾上外罩盖板-黄色,50.00,13.00,0,2026-04-30,0000035126,0000035121,CGSQ-260407-000013,50.00,0.00,50.00,已关闭,正常
0000035307,01-HDKJ-CGDD-260408-013381,2026-04-08,新疆友农科技集团,生产项目采购订单,物料类采购,5810109,嘉兴金峰精密模具友限公司,王涛磊,朱英,2026-04-08 10:21:04,2026-04-08 13:22:44,0000035310,165-003607,580V3机头上外罩-黄色,50.00,13.00,0,2026-04-30,0000035127,0000035121,CGSQ-260407-000013,50.00,0.00,50.00,已关闭,正常
0000035302,01-HDKJ-CGDD-260408-013377,2026-04-08,新疆友农科技集团,生产项目采购订单,物料类采购,57403018,苏洲誉腾模塑科技有限公司,王涛磊,朱英,2026-04-08 10:18:12,2026-04-08 11:23:13,0000035303,165-002362,YN580药箱盖本体,100.00,13.00,0,2026-04-20,0000033278,0000033271,CGSQ-260401-000008,100.00,0.00,100.00,已关闭,正常
0000035290,01-HDKJ-CGDD-260408-013376,2026-04-08,新疆友农科技集团,生产项目采购订单,物料类采购,2602-51202-0552,苏州乩芃晟电子科技有限公司,葛霞,葛霞,2026-04-08 09:52:58,2026-04-08 12:25:28,0000035289,725-000018,贴片陶瓷电容,20000.00,13.00,0,2026-04-09,0000035115,0000035116,CGSQ-260407-000012,20000.00,0.00,20000.00,已关闭,正常
0000035290,01-HDKJ-CGDD-260408-013376,2026-04-08,新疆友农科技集团,生产项目采购订单,物料类采购,2602-51202-0552,苏州乩芃晟电子科技有限公司,葛霞,葛霞,2026-04-08 09:52:58,2026-04-08 12:25:28,0000035291,725-000018,贴片陶瓷电容,40000.00,13.00,0,2026-06-30,0000035137,0000035116,CGSQ-260407-000012,40000.00,0.00,40000.00,已关闭,正常
0000035261,01-HDKJ-CGDD-260407-013370,2026-04-07,新疆友农科技集团,生产项目采购订单,物料类采购,51204045,超城紧伱系统（苏州）有限公司,计意强,骆富英,2026-04-07 20:11:40,2026-04-08 20:08:02,0000035262,849-001156,M4*7_不锈钢大平头倒边内六角机牙螺丝_整圈耐落,3200.00,13.00,0,2026-04-07,0000034200,0000034190,CGSQ-260403-000029,3200.00,0.00,3200.00,已关闭,正常
0000035261,01-HDKJ-CGDD-260407-013370,2026-04-07,新疆友农科技集团,生产项目采购订单,物料类采购,51204045,超城紧伱系统（苏州）有限公司,计意强,骆富英,2026-04-07 20:11:40,2026-04-08 20:08:02,0000035263,849-000987,M5*22_不锈钢内六角机牙螺丝_整圈耐落,1600.00,13.00,0,2026-04-07,0000034199,0000034190,CGSQ-260403-000029,1600.00,0.00,1600.00,已关闭,正常
0000035261,01-HDKJ-CGDD-260407-013370,2026-04-07,新疆友农科技集团,生产项目采购订单,物料类采购,51204045,超城紧伱系统（苏州）有限公司,计意强,骆富英,2026-04-07 20:11:40,2026-04-08 20:08:02,0000035264,849-000955,M4*20_不锈钢法兰内六角机牙螺丝_整圈耐落,8000.00,13.00,0,2026-04-07,0000034198,0000034190,CGSQ-260403-000029,8000.00,0.00,8000.00,已关闭,正常
0000035261,01-HDKJ-CGDD-260407-013370,2026-04-07,新疆友农科技集团,生产项目采购订单,物料类采购,51204045,超城紧伱系统（苏州）有限公司,计意强,骆富英,2026-04-07 20:11:40,2026-04-08 20:08:02,0000035265,849-000953,M3*20_不锈钢法兰内六角机牙螺丝_整圈耐落,5500.00,13.00,0,2026-04-07,0000034195,0000034190,CGSQ-260403-000029,5500.00,0.00,5500.00,已关闭,正常
0000035261,01-HDKJ-CGDD-260407-013370,2026-04-07,新疆友农科技集团,生产项目采购订单,物料类采购,51204045,超城紧伱系统（苏州）有限公司,计意强,骆富英,2026-04-07 20:11:40,2026-04-08 20:08:02,0000035266,849-000808,M5*D4*L8_不锈钢销钉螺丝_整圈耐落,500.00,13.00,0,2026-04-07,0000034194,0000034190,CGSQ-260403-000029,500.00,0.00,500.00,已关闭,正常
0000035261,01-HDKJ-CGDD-260407-013370,2026-04-07,新疆友农科技集团,生产项目采购订单,物料类采购,51204045,超城紧伱系统（苏州）有限公司,计意强,骆富英,2026-04-07 20:11:40,2026-04-08 20:08:02,0000035267,849-000744,M3*25_不锈钢法兰内六角机牙螺丝_整圈耐落,1800.00,13.00,0,2026-04-07,0000034193,0000034190,CGSQ-260403-000029,1800.00,0.00,1800.00,已关闭,正常
0000035261,01-HDKJ-CGDD-260407-013370,2026-04-07,新疆友农科技集团,生产项目采购订单,物料类采购,51204045,超城紧伱系统（苏州）有限公司,计意强,骆富英,2026-04-07 20:11:40,2026-04-08 20:08:02,0000035268,849-000304,M3*6_不锈钢十字盘头机牙螺丝_整圈耐落,1800.00,13.00,0,2026-04-07,0000034192,0000034190,CGSQ-260403-000029,1800.00,0.00,1800.00,已关闭,正常
0000035258,01-HDKJ-CGDD-260407-013343,2026-04-07,新疆友农科技集团,生产项目采购订单,物料类采购,51403024,苏州英姿精倕电子有限公司,计意强,骆富英,2026-04-07 19:52:28,2026-04-08 20:07:17,0000035259,849-000975,M3*6_不锈钢法兰内六角机牙螺丝_整圈耐落,3500.00,13.00,0,2026-04-07,0000034196,0000034190,CGSQ-260403-000029,3500.00,0.00,3500.00,已关闭,正常
0000035258,01-HDKJ-CGDD-260407-013343,2026-04-07,新疆友农科技集团,生产项目采购订单,物料类采购,51403024,苏州英姿精倕电子有限公司,计意强,骆富英,2026-04-07 19:52:28,2026-04-08 20:07:17,0000035260,849-000638,M3X6扁平头机牙螺丝,7500.00,13.00,0,2026-04-07,0000034191,0000034190,CGSQ-260403-000029,7500.00,0.00,7500.00,已关闭,正常
0000035208,01-HDKJ-CGDD-260407-013307,2026-04-07,新疆友农科技集团,生产项目采购订单,物料类采购,02100153,上海勤伸电子有限公司,葛霞,葛霞,2026-04-07 18:18:39,2026-04-08 07:55:00,0000035207,321-000673,YC302B_ESC_P4_PCB,420.00,13.00,0,2026-04-16,0000030811,0000030810,CGSQ-260318-000014,0.00,0.00,0.00,已关闭,正常
0000035208,01-HDKJ-CGDD-260407-013307,2026-04-07,新疆友农科技集团,生产项目采购订单,物料类采购,02100153,上海勤伸电子有限公司,葛霞,葛霞,2026-04-07 18:18:39,2026-04-08 07:55:00,0000035209,321-000673,YC302B_ESC_P4_PCB,12710.00,13.00,0,2026-04-03,0000030579,0000030565,CGSQ-260316-000014,0.00,0.00,0.00,已关闭,正常
0000035204,02-KSHA-CGDD-260407-013288,2026-04-07,苏州友安电子科技有限公司,生产项目采购订单,物料类采购,51204099,苏州蓝欣橡塑五金有限公思,昝敏,朱英,2026-04-07 15:49:28,2026-04-07 17:37:47,0000035203,165-000582,YC200点胶面板,2670.00,13.00,0,2026-04-15,0000034284,0000034271,CGSQ-260403-000041,2670.00,0.00,2670.00,已关闭,正常
0000035190,02-KSHA-CGDD-260407-013252,2026-04-07,苏州友安电子科技有限公司,生产项目采购订单,物料类采购,51204099,苏州蓝欣橡塑五金有限公思,昝敏,朱英,2026-04-07 14:32:35,2026-04-07 15:18:37,0000035189,165-000582,YC200点胶面板,850.00,13.00,0,2026-04-10,0000032577,0000032568,CGSQ-260327-000022,850.00,0.00,850.00,已关闭,正常
0000035188,01-HDKJ-CGDD-260407-0240-BJ,2026-04-07,新疆友农科技集团,生产项目采购订单,物料类采购,76904042,东宛市众合电子有限公司,昝敏,朱英,2026-04-07 14:30:19,2026-04-07 15:18:35,0000035187,165-001788,YN580流量计出药口水管,110.00,13.00,0,2026-04-20,0000033452,0000033311,CGSQ-260401-000012,110.00,0.00,110.00,已关闭,正常
0000035182,HD20260407-D01,2026-04-07,新疆友农科技集团,研发物料采购订单,物料类采购,57403018,苏洲誉腾模塑科技有限公司,王涛磊,朱英,2026-04-07 13:49:32,2026-04-07 17:53:20,0000035181,525-000140,YN580药箱盖组件,15.00,13.00,0,2026-04-03,0000034334,0000034333,CGSQ-260403-000046,0.00,0.00,0.00,正常,正常
0000035169,01-HDKJ-CGDD-260407-013248,2026-04-07,新疆友农科技集团,生产项目采购订单,物料类采购,02102069,北天星国际贸易(上海)有限工司,计意强,杨强云,2026-04-07 13:23:42,2026-04-13 16:32:34,0000035170,972-000621,快充协议芯片,4000.00,13.00,0,2026-05-15,0000034432,0000034431,CGSQ-260403-000048,0.00,0.00,0.00,已关闭,已终止
0000035166,01-HDKJ-CGDD-260407-013247,2026-04-13,新疆友农科技集团,生产项目采购订单,物料类采购,02100140,昆山诚意智能科技有限工司,昝敏,沈娟,2026-04-07 13:11:18,2026-04-13 14:23:32,0000035168,606-000057,701包装盒,10000.00,13.00,0,2026-04-17,0000034960,0000034966,CGSQ-260407-000002,6041.00,0.00,6041.00,正常,正常
0000035166,01-HDKJ-CGDD-260407-013247,2026-04-13,新疆友农科技集团,生产项目采购订单,物料类采购,02100140,昆山诚意智能科技有限工司,昝敏,沈娟,2026-04-07 13:11:18,2026-04-13 14:23:32,0000035167,606-000057,701包装盒,9000.00,13.00,0,2026-04-30,0000034961,0000034966,CGSQ-260407-000002,9000.00,0.00,9000.00,已关闭,正常
0000035164,01-HDKJ-CGDD-260407-013245,2026-04-07,新疆友农科技集团,生产项目采购订单,物料类采购,75504042,深圳市中科乷线技术有限公司,昝敏,沈娟,2026-04-07 13:09:16,2026-04-08 17:01:04,0000035165,838-000356,中科优化后GPS天线-5m,5000.00,13.00,0,2026-05-07,0000034959,0000034966,CGSQ-260407-000002,0.00,0.00,0.00,正常,正常
0000035141,01-HDKJ-CGDD-260407-0239-BJ,2026-04-07,新疆友农科技集团,生产项目采购订单,物料类采购,51001004,无锡市百力通气动元件有限工司,昝敏,朱英,2026-04-07 11:15:05,2026-04-07 18:00:45,0000035140,165-001787,YN580水泵出药口水管,110.00,13.00,0,2026-04-20,0000033453,0000033311,CGSQ-260401-000012,0.00,0.00,0.00,正常,正常
0000035138,01-HDKJ-CGDD-260407-013243,2026-04-07,新疆友农科技集团,生产项目采购订单,物料类采购,00104068,巨鹿县东风橡胶価（普通合伙）,王涛磊,朱英,2026-04-07 11:12:40,2026-04-07 18:00:43,0000035139,165-003498,580V3机头下罩摄像头硅胶护套,1000.00,13.00,0,2026-04-10,0000033527,0000033526,CGSQ-260401-000027,1000.00,0.00,1000.00,已关闭,正常
0000035135,02-KSHA-CGDD-260407-013238,2026-04-07,苏州友安电子科技有限公司,生产项目采购订单,物料类采购,51201030,昆山腾富电子友限公司,王涛磊,蒋鹏,2026-04-07 11:08:48,2026-04-08 07:55:36,0000035136,994-000646,YC400终端线束_P5（屏蔽层+双绞版）,2620.00,13.00,0,2026-04-15,0000034290,0000034271,CGSQ-260403-000041,2620.00,0.00,2620.00,已关闭,正常
0000035133,01-HDKJ-CGDD-260407-013235,2026-04-07,新疆友农科技集团,生产项目采购订单,物料类采购,51204049,昆山稳必盛金傭制品有限公司,王涛磊,朱英,2026-04-07 11:06:00,2026-04-08 07:55:28,0000035134,165-000242,701钣金安装支架,5000.00,13.00,0,2026-05-07,0000034962,0000034966,CGSQ-260407-000002,0.00,0.00,0.00,正常,正常
0000035128,01-HDKJ-CGDD-260407-013234,2026-04-07,新疆友农科技集团,生产项目采购订单,物料类采购,73901001,洞口县亞生成电子有限公司,王涛磊,蒋鹏,2026-04-07 11:05:02,2026-04-08 07:55:28,0000035131,363-000205,701CAN口一拖二线束,3000.00,13.00,0,2026-05-07,0000034950,0000034966,CGSQ-260407-000002,0.00,0.00,0.00,正常,正常
0000035128,01-HDKJ-CGDD-260407-013234,2026-04-07,新疆友农科技集团,生产项目采购订单,物料类采购,73901001,洞口县亞生成电子有限公司,王涛磊,蒋鹏,2026-04-07 11:05:02,2026-04-08 07:55:28,0000035129,363-000206,701CAN口四米直连线束,3000.00,13.00,0,2026-05-07,0000034951,0000034966,CGSQ-260407-000002,2758.00,0.00,2758.00,正常,正常
0000035128,01-HDKJ-CGDD-260407-013234,2026-04-07,新疆友农科技集团,生产项目采购订单,物料类采购,73901001,洞口县亞生成电子有限公司,王涛磊,蒋鹏,2026-04-07 11:05:02,2026-04-08 07:55:28,0000035132,363-000207,701CAN口三米延长线束,5000.00,13.00,0,2026-04-30,0000034952,0000034966,CGSQ-260407-000002,680.00,0.00,680.00,正常,正常
0000035128,01-HDKJ-CGDD-260407-013234,2026-04-07,新疆友农科技集团,生产项目采购订单,物料类采购,73901001,洞口县亞生成电子有限公司,王涛磊,蒋鹏,2026-04-07 11:05:02,2026-04-08 07:55:28,0000035130,363-000204,701CAN口一拖三线束,3000.00,13.00,0,2026-05-07,0000034953,0000034966,CGSQ-260407-000002,2625.00,0.00,2625.00,正常,正常
0000035097,01-HDKJ-CGDD-260407-013228,2026-04-07,新疆友农科技集团,生产项目采购订单,物料类采购,57101004,杭洲明日汽车零部件厂,昝敏,沈娟,2026-04-07 10:04:50,2026-04-07 10:35:09,0000035098,165-002117,插秧机方向盘盖板(不带LOGO),300.00,13.00,0,2026-04-20,0000032921,0000032920,CGSQ-260330-000005,0.00,0.00,0.00,正常,正常
0000035096,01-HDKJ-CGDD-260407-013223,2026-04-07,新疆友农科技集团,产品委外采购订单,产品委外采购,57403020,苏州华誉智丼科技有限公司,苗晓强,杨强云,2026-04-07 09:47:17,2026-04-07 09:54:43,0000035095,588-000114,601C倾角P5_S01_PCBA,7000.00,13.00,0,2026-04-07,0000034997,0000035062,WWGD-20260407-000513,5539.00,0.00,5539.00,已关闭,正常
0000034439,01-HDKJ-CGDD-260403-013220,2026-04-03,新疆友农科技集团,生产项目采购订单,物料类采购,75504068,深圳乩浩达多层线路板有限公司,计意强,狄时婷,2026-04-03 18:56:57,2026-04-03 20:37:48,0000034440,321-000571,YC632_P2_PCB,200.00,13.00,0,2026-05-02,0000033954,0000033880,CGSQ-260402-000011,200.00,0.00,200.00,已关闭,正常
0000034437,01-HDKJ-CGDD-260403-013219,2026-04-03,新疆友农科技集团,生产项目采购订单,物料类采购,02104051,上海武阳电子科技有限公司,计意强,葛霞,2026-04-03 18:53:40,2026-04-03 20:37:46,0000034438,356-000207,4PIN 立贴式0.8T连接器,500.00,13.00,0,2026-04-28,0000034331,0000034332,CGSQ-260403-000045,0.00,0.00,0.00,已关闭,正常
0000034429,01-HDKJ-CGDD-260403-013217,2026-04-03,新疆友农科技集团,生产项目采购订单,物料类采购,02103021,上海卓羽电仔科技有限公司,计意强,杨强云,2026-04-03 18:36:38,,0000034430,972-000758,eMMC,1520.00,13.00,0,2026-04-03,0000028077,0000028059,CGSQ-260305-000042,0.00,0.00,0.00,正常,正常
0000034427,01-HDKJ-CGDD-260403-013206,2026-04-03,新疆友农科技集团,生产项目采购订单,物料类采购,5120228,昆山晨琪安电子有限公司,计意强,骆富英,2026-04-03 18:36:19,2026-04-06 15:47:00,0000034428,364-000050,贴片可恢复保险丝,12000.00,13.00,0,2026-04-03,0000033953,0000033880,CGSQ-260402-000011,12000.00,0.00,12000.00,已关闭,正常
0000034424,01-HDKJ-CGDD-260403-013204,2026-04-03,新疆友农科技集团,生产项目采购订单,物料类采购,51204045,超城紧伱系统（苏州）有限公司,计意强,骆富英,2026-04-03 18:36:16,2026-04-03 20:37:32,0000034425,849-000289,M4*26_不锈钢杯头内六角滚花机牙螺丝_整圈耐落,9500.00,13.00,0,2026-04-03,0000033382,0000033311,CGSQ-260401-000012,9500.00,0.00,9500.00,已关闭,正常
0000034424,01-HDKJ-CGDD-260403-013204,2026-04-03,新疆友农科技集团,生产项目采购订单,物料类采购,51204045,超城紧伱系统（苏州）有限公司,计意强,骆富英,2026-04-03 18:36:16,2026-04-03 20:37:32,0000034426,849-000288,M4*22_不锈钢杯头内六角滚花机牙螺丝_整圈耐落,2000.00,13.00,0,2026-04-03,0000033383,0000033311,CGSQ-260401-000012,2000.00,0.00,2000.00,已关闭,正常
0000034422,01-HDKJ-CGDD-260403-013200,2026-04-03,新疆友农科技集团,生产项目采购订单,物料类采购,73901002,湖南佳迪科甸子有限公司,计意强,缪财艳,2026-04-03 18:36:08,2026-04-07 11:24:06,0000034423,690-000027,双色贴片发光二极管,20000.00,13.00,0,2026-04-03,0000033942,0000033880,CGSQ-260402-000011,20000.00,0.00,20000.00,已关闭,正常
0000034420,01-HDKJ-CGDD-260403-013190,2026-04-03,新疆友农科技集团,生产项目采购订单,物料类采购,51201031,儎苏长晶科技股份有限公司,计意强,缪财艳,2026-04-03 18:35:50,2026-04-07 16:38:09,0000034421,454-000317,TVS二极管,6000.00,13.00,0,2026-04-03,0000033946,0000033880,CGSQ-260402-000011,6000.00,0.00,6000.00,已关闭,正常
0000034412,01-HDKJ-CGDD-260403-013189,2026-04-03,新疆友农科技集团,生产项目采购订单,物料类采购,02502001,南京商络电子股份有限工司,计意强,缪财艳,2026-04-03 18:35:48,2026-04-07 11:13:25,0000034413,454-000213,贴片开关二极管,102000.00,13.00,0,2026-04-03,0000033944,0000033880,CGSQ-260402-000011,69000.00,0.00,69000.00,正常,正常
0000034412,01-HDKJ-CGDD-260403-013189,2026-04-03,新疆友农科技集团,生产项目采购订单,物料类采购,02502001,南京商络电子股份有限工司,计意强,缪财艳,2026-04-03 18:35:48,2026-04-07 11:13:25,0000034414,454-000200,肖特基二极管,3000.00,13.00,0,2026-04-03,0000033943,0000033880,CGSQ-260402-000011,3000.00,0.00,3000.00,已关闭,正常
0000034412,01-HDKJ-CGDD-260403-013189,2026-04-03,新疆友农科技集团,生产项目采购订单,物料类采购,02502001,南京商络电子股份有限工司,计意强,缪财艳,2026-04-03 18:35:48,2026-04-07 11:13:25,0000034415,358-000163,PNP三极管,12000.00,13.00,0,2026-04-03,0000033936,0000033880,CGSQ-260402-000011,12000.00,0.00,12000.00,已关闭,正常
0000034412,01-HDKJ-CGDD-260403-013189,2026-04-03,新疆友农科技集团,生产项目采购订单,物料类采购,02502001,南京商络电子股份有限工司,计意强,缪财艳,2026-04-03 18:35:48,2026-04-07 11:13:25,0000034416,358-000162,P沟道MOS管,12000.00,13.00,0,2026-04-03,0000033935,0000033880,CGSQ-260402-000011,0.00,0.00,0.00,正常,正常
0000034412,01-HDKJ-CGDD-260403-013189,2026-04-03,新疆友农科技集团,生产项目采购订单,物料类采购,02502001,南京商络电子股份有限工司,计意强,缪财艳,2026-04-03 18:35:48,2026-04-07 11:13:25,0000034417,358-000149,NPN三极管,36000.00,13.00,0,2026-04-03,0000033934,0000033880,CGSQ-260402-000011,36000.00,0.00,36000.00,已关闭,正常
0000034412,01-HDKJ-CGDD-260403-013189,2026-04-03,新疆友农科技集团,生产项目采购订单,物料类采购,02502001,南京商络电子股份有限工司,计意强,缪财艳,2026-04-03 18:35:48,2026-04-07 11:13:25,0000034418,358-000097,三极管,3000.00,13.00,0,2026-04-03,0000033933,0000033880,CGSQ-260402-000011,3000.00,0.00,3000.00,已关闭,正常
0000034412,01-HDKJ-CGDD-260403-013189,2026-04-03,新疆友农科技集团,生产项目采购订单,物料类采购,02502001,南京商络电子股份有限工司,计意强,缪财艳,2026-04-03 18:35:48,2026-04-07 11:13:25,0000034419,358-000091,NPN三极管,60000.00,13.00,0,2026-04-03,0000033932,0000033880,CGSQ-260402-000011,60000.00,0.00,60000.00,已关闭,正常
0000034410,01-HDKJ-CGDD-260403-013188,2026-04-03,新疆友农科技集团,生产项目采购订单,物料类采购,57403008,苏州农泰克科技有限公司,计意强,骆富英,2026-04-03 18:35:46,2026-04-03 20:37:35,0000034411,527-000037,贴片无源晶振,6000.00,13.00,0,2026-04-03,0000033931,0000033880,CGSQ-260402-000011,0.00,0.00,0.00,正常,正常
0000034408,01-HDKJ-CGDD-260403-013186,2026-04-03,新疆友农科技集团,生产项目采购订单,物料类采购,2507-75502-0226,深圳市子锦年科技友限公司,计意强,葛霞,2026-04-03 18:35:43,2026-04-07 20:02:42,0000034409,539-000568,贴片电阻,5000.00,13.00,0,2026-04-03,0000033929,0000033880,CGSQ-260402-000011,3200.00,0.00,3200.00,正常,正常
0000034406,01-HDKJ-CGDD-260403-013185,2026-04-03,新疆友农科技集团,生产项目采购订单,物料类采购,5120233,苏州友为达电子科技有限公司,计意强,葛霞,2026-04-03 18:35:40,2026-04-07 20:03:11,0000034407,725-000307,贴片陶瓷电容,36000.00,13.00,0,2026-04-03,0000033897,0000033880,CGSQ-260402-000011,0.00,0.00,0.00,已关闭,正常
0000034404,01-HDKJ-CGDD-260403-013184,2026-04-03,新疆友农科技集团,生产项目采购订单,物料类采购,75502049,深圳市阳和通甸子有限公司,计意强,葛霞,2026-04-03 18:35:39,2026-04-07 20:03:37,0000034405,725-000306,电解电容,5000.00,13.00,0,2026-04-03,0000033896,0000033880,CGSQ-260402-000011,0.00,0.00,0.00,正常,正常
0000034400,01-HDKJ-CGDD-260403-013183,2026-04-03,新疆友农科技集团,生产项目采购订单,物料类采购,75502029,深圳市泰和源电子有限公司,计意强,葛霞,2026-04-03 18:35:37,2026-04-07 20:03:07,0000034401,539-000388,热敏电阻,4000.00,13.00,0,2026-04-03,0000033926,0000033880,CGSQ-260402-000011,0.00,0.00,0.00,已关闭,正常
0000034400,01-HDKJ-CGDD-260403-013183,2026-04-03,新疆友农科技集团,生产项目采购订单,物料类采购,75502029,深圳市泰和源电子有限公司,计意强,葛霞,2026-04-03 18:35:37,2026-04-07 20:03:07,0000034402,725-000176,贴片陶瓷电容,10000.00,13.00,0,2026-04-03,0000033891,0000033880,CGSQ-260402-000011,0.00,0.00,0.00,已关闭,正常
0000034400,01-HDKJ-CGDD-260403-013183,2026-04-03,新疆友农科技集团,生产项目采购订单,物料类采购,75502029,深圳市泰和源电子有限公司,计意强,葛霞,2026-04-03 18:35:37,2026-04-07 20:03:07,0000034403,725-000174,贴片陶瓷电容,2000.00,13.00,0,2026-04-03,0000033890,0000033880,CGSQ-260402-000011,0.00,0.00,0.00,已关闭,正常
0000034386,01-HDKJ-CGDD-260403-013181,2026-04-03,新疆友农科技集团,生产项目采购订单,物料类采购,2509-51202-0313,苏州市巨新科电仔有限公司,计意强,葛霞,2026-04-03 18:35:35,2026-04-07 20:03:09,0000034387,539-000571,贴片电阻,5000.00,13.00,0,2026-04-03,0000033930,0000033880,CGSQ-260402-000011,0.00,0.00,0.00,已关闭,正常
0000034386,01-HDKJ-CGDD-260403-013181,2026-04-03,新疆友农科技集团,生产项目采购订单,物料类采购,2509-51202-0313,苏州市巨新科电仔有限公司,计意强,葛霞,2026-04-03 18:35:35,2026-04-07 20:03:09,0000034388,539-000462,贴片电阻,5000.00,13.00,0,2026-04-03,0000033928,0000033880,CGSQ-260402-000011,0.00,0.00,0.00,已关闭,正常
0000034386,01-HDKJ-CGDD-260403-013181,2026-04-03,新疆友农科技集团,生产项目采购订单,物料类采购,2509-51202-0313,苏州市巨新科电仔有限公司,计意强,葛霞,2026-04-03 18:35:35,2026-04-07 20:03:09,0000034389,539-000400,贴片电阻,5000.00,13.00,0,2026-04-03,0000033927,0000033880,CGSQ-260402-000011,0.00,0.00,0.00,已关闭,正常
0000034386,01-HDKJ-CGDD-260403-013181,2026-04-03,新疆友农科技集团,生产项目采购订单,物料类采购,2509-51202-0313,苏州市巨新科电仔有限公司,计意强,葛霞,2026-04-03 18:35:35,2026-04-07 20:03:09,0000034390,539-000366,贴片电阻,5000.00,13.00,0,2026-04-03,0000033925,0000033880,CGSQ-260402-000011,0.00,0.00,0.00,已关闭,正常
0000034386,01-HDKJ-CGDD-260403-013181,2026-04-03,新疆友农科技集团,生产项目采购订单,物料类采购,2509-51202-0313,苏州市巨新科电仔有限公司,计意强,葛霞,2026-04-03 18:35:35,2026-04-07 20:03:09,0000034391,539-000342,贴片电阻,15000.00,13.00,0,2026-04-03,0000033923,0000033880,CGSQ-260402-000011,0.00,0.00,0.00,已关闭,正常
0000034386,01-HDKJ-CGDD-260403-013181,2026-04-03,新疆友农科技集团,生产项目采购订单,物料类采购,2509-51202-0313,苏州市巨新科电仔有限公司,计意强,葛霞,2026-04-03 18:35:35,2026-04-07 20:03:09,0000034392,539-000162,贴片电阻,120000.00,13.00,0,2026-04-03,0000033920,0000033880,CGSQ-260402-000011,0.00,0.00,0.00,已关闭,正常
0000034386,01-HDKJ-CGDD-260403-013181,2026-04-03,新疆友农科技集团,生产项目采购订单,物料类采购,2509-51202-0313,苏州市巨新科电仔有限公司,计意强,葛霞,2026-04-03 18:35:35,2026-04-07 20:03:09,0000034393,539-000124,贴片电阻,5000.00,13.00,0,2026-04-03,0000033918,0000033880,CGSQ-260402-000011,0.00,0.00,0.00,已关闭,正常
0000034386,01-HDKJ-CGDD-260403-013181,2026-04-03,新疆友农科技集团,生产项目采购订单,物料类采购,2509-51202-0313,苏州市巨新科电仔有限公司,计意强,葛霞,2026-04-03 18:35:35,2026-04-07 20:03:09,0000034394,539-000106,贴片电阻,5000.00,13.00,0,2026-04-03,0000033915,0000033880,CGSQ-260402-000011,0.00,0.00,0.00,已关闭,正常
0000034386,01-HDKJ-CGDD-260403-013181,2026-04-03,新疆友农科技集团,生产项目采购订单,物料类采购,2509-51202-0313,苏州市巨新科电仔有限公司,计意强,葛霞,2026-04-03 18:35:35,2026-04-07 20:03:09,0000034395,539-000103,贴片电阻,5000.00,13.00,0,2026-04-03,0000033914,0000033880,CGSQ-260402-000011,0.00,0.00,0.00,已关闭,正常
0000034386,01-HDKJ-CGDD-260403-013181,2026-04-03,新疆友农科技集团,生产项目采购订单,物料类采购,2509-51202-0313,苏州市巨新科电仔有限公司,计意强,葛霞,2026-04-03 18:35:35,2026-04-07 20:03:09,0000034396,539-000026,贴片电阻,10000.00,13.00,0,2026-04-03,0000033910,0000033880,CGSQ-260402-000011,0.00,0.00,0.00,已关闭,正常
0000034386,01-HDKJ-CGDD-260403-013181,2026-04-03,新疆友农科技集团,生产项目采购订单,物料类采购,2509-51202-0313,苏州市巨新科电仔有限公司,计意强,葛霞,2026-04-03 18:35:35,2026-04-07 20:03:09,0000034397,539-000022,贴片电阻,15000.00,13.00,0,2026-04-03,0000033909,0000033880,CGSQ-260402-000011,0.00,0.00,0.00,已关闭,正常
0000034386,01-HDKJ-CGDD-260403-013181,2026-04-03,新疆友农科技集团,生产项目采购订单,物料类采购,2509-51202-0313,苏州市巨新科电仔有限公司,计意强,葛霞,2026-04-03 18:35:35,2026-04-07 20:03:09,0000034398,539-000001,贴片电阻,10000.00,13.00,0,2026-04-03,0000033902,0000033880,CGSQ-260402-000011,0.00,0.00,0.00,已关闭,正常
0000034386,01-HDKJ-CGDD-260403-013181,2026-04-03,新疆友农科技集团,生产项目采购订单,物料类采购,2509-51202-0313,苏州市巨新科电仔有限公司,计意强,葛霞,2026-04-03 18:35:35,2026-04-07 20:03:09,0000034399,725-000100,贴片陶瓷电容,10000.00,13.00,0,2026-04-03,0000033887,0000033880,CGSQ-260402-000011,0.00,0.00,0.00,已关闭,正常
0000034379,01-HDKJ-CGDD-260403-013180,2026-04-03,新疆友农科技集团,生产项目采购订单,物料类采购,2602-51202-0552,苏州乩芃晟电子科技有限公司,计意强,葛霞,2026-04-03 18:35:33,2026-04-07 20:02:58,0000034380,725-000047,贴片陶瓷电容,66000.00,13.00,0,2026-04-03,0000031716,0000031715,CGSQ-260325-000013,66000.00,0.00,66000.00,已关闭,正常
0000034379,01-HDKJ-CGDD-260403-013180,2026-04-03,新疆友农科技集团,生产项目采购订单,物料类采购,2602-51202-0552,苏州乩芃晟电子科技有限公司,计意强,葛霞,2026-04-03 18:35:33,2026-04-07 20:02:58,0000034381,725-000340,贴片陶瓷电容,118000.00,13.00,0,2026-04-03,0000031718,0000031717,CGSQ-260325-000015,118000.00,0.00,118000.00,已关闭,正常
0000034379,01-HDKJ-CGDD-260403-013180,2026-04-03,新疆友农科技集团,生产项目采购订单,物料类采购,2602-51202-0552,苏州乩芃晟电子科技有限公司,计意强,葛霞,2026-04-03 18:35:33,2026-04-07 20:02:58,0000034382,539-000361,贴片电阻,5000.00,13.00,0,2026-04-03,0000033924,0000033880,CGSQ-260402-000011,0.00,0.00,0.00,正常,正常
0000034379,01-HDKJ-CGDD-260403-013180,2026-04-03,新疆友农科技集团,生产项目采购订单,物料类采购,2602-51202-0552,苏州乩芃晟电子科技有限公司,计意强,葛霞,2026-04-03 18:35:33,2026-04-07 20:02:58,0000034383,725-000147,贴片陶瓷电容,1000.00,13.00,0,2026-04-03,0000033888,0000033880,CGSQ-260402-000011,1000.00,0.00,1000.00,已关闭,正常
0000034379,01-HDKJ-CGDD-260403-013180,2026-04-03,新疆友农科技集团,生产项目采购订单,物料类采购,2602-51202-0552,苏州乩芃晟电子科技有限公司,计意强,葛霞,2026-04-03 18:35:33,2026-04-07 20:02:58,0000034384,725-000086,贴片陶瓷电容,4000.00,13.00,0,2026-04-03,0000033885,0000033880,CGSQ-260402-000011,4000.00,0.00,4000.00,已关闭,正常
0000034379,01-HDKJ-CGDD-260403-013180,2026-04-03,新疆友农科技集团,生产项目采购订单,物料类采购,2602-51202-0552,苏州乩芃晟电子科技有限公司,计意强,葛霞,2026-04-03 18:35:33,2026-04-07 20:02:58,0000034385,725-000071,贴片陶瓷电容,2000.00,13.00,0,2026-04-03,0000033884,0000033880,CGSQ-260402-000011,2000.00,0.00,2000.00,已关闭,正常
0000034377,01-HDKJ-CGDD-260403-013178,2026-04-03,新疆友农科技集团,生产项目采购订单,物料类采购,59202001,厦门美赫电仔有限公司,计意强,葛霞,2026-04-03 18:35:29,2026-04-07 20:03:03,0000034378,725-000042,贴片陶瓷电容,6000.00,13.00,0,2026-04-03,0000033882,0000033880,CGSQ-260402-000011,6000.00,0.00,6000.00,已关闭,正常
0000034351,01-HDKJ-CGDD-260403-013177,2026-04-03,新疆友农科技集团,生产项目采购订单,物料类采购,59202002,俅门信和达电子有限公司,计意强,葛霞,2026-04-03 18:35:28,2026-04-07 20:03:02,0000034352,539-000334,贴片电阻,40000.00,13.00,0,2026-04-03,0000033922,0000033880,CGSQ-260402-000011,0.00,0.00,0.00,已关闭,正常
0000034351,01-HDKJ-CGDD-260403-013177,2026-04-03,新疆友农科技集团,生产项目采购订单,物料类采购,59202002,俅门信和达电子有限公司,计意强,葛霞,2026-04-03 18:35:28,2026-04-07 20:03:02,0000034353,539-000271,贴片电阻,10000.00,13.00,0,2026-04-03,0000033921,0000033880,CGSQ-260402-000011,0.00,0.00,0.00,已关闭,正常
0000034351,01-HDKJ-CGDD-260403-013177,2026-04-03,新疆友农科技集团,生产项目采购订单,物料类采购,59202002,俅门信和达电子有限公司,计意强,葛霞,2026-04-03 18:35:28,2026-04-07 20:03:02,0000034354,539-000154,贴片电阻,10000.00,13.00,0,2026-04-03,0000033919,0000033880,CGSQ-260402-000011,0.00,0.00,0.00,已关闭,正常
0000034351,01-HDKJ-CGDD-260403-013177,2026-04-03,新疆友农科技集团,生产项目采购订单,物料类采购,59202002,俅门信和达电子有限公司,计意强,葛霞,2026-04-03 18:35:28,2026-04-07 20:03:02,0000034355,539-000120,贴片电阻,10000.00,13.00,0,2026-04-03,0000033917,0000033880,CGSQ-260402-000011,0.00,0.00,0.00,已关闭,正常
0000034351,01-HDKJ-CGDD-260403-013177,2026-04-03,新疆友农科技集团,生产项目采购订单,物料类采购,59202002,俅门信和达电子有限公司,计意强,葛霞,2026-04-03 18:35:28,2026-04-07 20:03:02,0000034356,539-000118,贴片电阻,5000.00,13.00,0,2026-04-03,0000033916,0000033880,CGSQ-260402-000011,0.00,0.00,0.00,已关闭,正常
0000034351,01-HDKJ-CGDD-260403-013177,2026-04-03,新疆友农科技集团,生产项目采购订单,物料类采购,59202002,俅门信和达电子有限公司,计意强,葛霞,2026-04-03 18:35:28,2026-04-07 20:03:02,0000034357,539-000100,贴片电阻,5000.00,13.00,0,2026-04-03,0000033913,0000033880,CGSQ-260402-000011,0.00,0.00,0.00,已关闭,正常
0000034351,01-HDKJ-CGDD-260403-013177,2026-04-03,新疆友农科技集团,生产项目采购订单,物料类采购,59202002,俅门信和达电子有限公司,计意强,葛霞,2026-04-03 18:35:28,2026-04-07 20:03:02,0000034358,539-000050,贴片电阻,20000.00,13.00,0,2026-04-03,0000033912,0000033880,CGSQ-260402-000011,0.00,0.00,0.00,已关闭,正常
0000034351,01-HDKJ-CGDD-260403-013177,2026-04-03,新疆友农科技集团,生产项目采购订单,物料类采购,59202002,俅门信和达电子有限公司,计意强,葛霞,2026-04-03 18:35:28,2026-04-07 20:03:02,0000034359,539-000028,贴片电阻,50000.00,13.00,0,2026-04-03,0000033911,0000033880,CGSQ-260402-000011,0.00,0.00,0.00,已关闭,正常
0000034351,01-HDKJ-CGDD-260403-013177,2026-04-03,新疆友农科技集团,生产项目采购订单,物料类采购,59202002,俅门信和达电子有限公司,计意强,葛霞,2026-04-03 18:35:28,2026-04-07 20:03:02,0000034360,539-000018,贴片电阻,50000.00,13.00,0,2026-04-03,0000033908,0000033880,CGSQ-260402-000011,50000.00,0.00,50000.00,已关闭,正常
0000034351,01-HDKJ-CGDD-260403-013177,2026-04-03,新疆友农科技集团,生产项目采购订单,物料类采购,59202002,俅门信和达电子有限公司,计意强,葛霞,2026-04-03 18:35:28,2026-04-07 20:03:02,0000034361,539-000008,贴片电阻,270000.00,13.00,0,2026-04-03,0000033907,0000033880,CGSQ-260402-000011,0.00,0.00,0.00,已关闭,正常
0000034351,01-HDKJ-CGDD-260403-013177,2026-04-03,新疆友农科技集团,生产项目采购订单,物料类采购,59202002,俅门信和达电子有限公司,计意强,葛霞,2026-04-03 18:35:28,2026-04-07 20:03:02,0000034362,539-000006,贴片电阻,180000.00,13.00,0,2026-04-03,0000033906,0000033880,CGSQ-260402-000011,180000.00,0.00,180000.00,已关闭,正常
0000034351,01-HDKJ-CGDD-260403-013177,2026-04-03,新疆友农科技集团,生产项目采购订单,物料类采购,59202002,俅门信和达电子有限公司,计意强,葛霞,2026-04-03 18:35:28,2026-04-07 20:03:02,0000034363,539-000005,贴片电阻,70000.00,13.00,0,2026-04-03,0000033905,0000033880,CGSQ-260402-000011,0.00,0.00,0.00,已关闭,正常
0000034351,01-HDKJ-CGDD-260403-013177,2026-04-03,新疆友农科技集团,生产项目采购订单,物料类采购,59202002,俅门信和达电子有限公司,计意强,葛霞,2026-04-03 18:35:28,2026-04-07 20:03:02,0000034364,539-000004,贴片电阻,10000.00,13.00,0,2026-04-03,0000033904,0000033880,CGSQ-260402-000011,10000.00,0.00,10000.00,已关闭,正常
0000034351,01-HDKJ-CGDD-260403-013177,2026-04-03,新疆友农科技集团,生产项目采购订单,物料类采购,59202002,俅门信和达电子有限公司,计意强,葛霞,2026-04-03 18:35:28,2026-04-07 20:03:02,0000034365,539-000002,贴片电阻,250000.00,13.00,0,2026-04-03,0000033903,0000033880,CGSQ-260402-000011,0.00,0.00,0.00,已关闭,正常
0000034351,01-HDKJ-CGDD-260403-013177,2026-04-03,新疆友农科技集团,生产项目采购订单,物料类采购,59202002,俅门信和达电子有限公司,计意强,葛霞,2026-04-03 18:35:28,2026-04-07 20:03:02,0000034366,725-000357,贴片陶瓷电容,10000.00,13.00,0,2026-04-03,0000033901,0000033880,CGSQ-260402-000011,10000.00,0.00,10000.00,已关闭,正常
0000034351,01-HDKJ-CGDD-260403-013177,2026-04-03,新疆友农科技集团,生产项目采购订单,物料类采购,59202002,俅门信和达电子有限公司,计意强,葛霞,2026-04-03 18:35:28,2026-04-07 20:03:02,0000034367,725-000337,贴片陶瓷电容,6000.00,13.00,0,2026-04-03,0000033900,0000033880,CGSQ-260402-000011,6000.00,0.00,6000.00,已关闭,正常
0000034351,01-HDKJ-CGDD-260403-013177,2026-04-03,新疆友农科技集团,生产项目采购订单,物料类采购,59202002,俅门信和达电子有限公司,计意强,葛霞,2026-04-03 18:35:28,2026-04-07 20:03:02,0000034368,725-000319,贴片陶瓷电容,40000.00,13.00,0,2026-04-03,0000033899,0000033880,CGSQ-260402-000011,40000.00,0.00,40000.00,已关闭,正常
0000034351,01-HDKJ-CGDD-260403-013177,2026-04-03,新疆友农科技集团,生产项目采购订单,物料类采购,59202002,俅门信和达电子有限公司,计意强,葛霞,2026-04-03 18:35:28,2026-04-07 20:03:02,0000034369,725-000309,贴片陶瓷电容,1000.00,13.00,0,2026-04-03,0000033898,0000033880,CGSQ-260402-000011,1000.00,0.00,1000.00,已关闭,正常
0000034351,01-HDKJ-CGDD-260403-013177,2026-04-03,新疆友农科技集团,生产项目采购订单,物料类采购,59202002,俅门信和达电子有限公司,计意强,葛霞,2026-04-03 18:35:28,2026-04-07 20:03:02,0000034370,725-000226,贴片陶瓷电容,10000.00,13.00,0,2026-04-03,0000033895,0000033880,CGSQ-260402-000011,10000.00,0.00,10000.00,已关闭,正常
0000034351,01-HDKJ-CGDD-260403-013177,2026-04-03,新疆友农科技集团,生产项目采购订单,物料类采购,59202002,俅门信和达电子有限公司,计意强,葛霞,2026-04-03 18:35:28,2026-04-07 20:03:02,0000034371,725-000222,贴片陶瓷电容,30000.00,13.00,0,2026-04-03,0000033894,0000033880,CGSQ-260402-000011,30000.00,0.00,30000.00,已关闭,正常
0000034351,01-HDKJ-CGDD-260403-013177,2026-04-03,新疆友农科技集团,生产项目采购订单,物料类采购,59202002,俅门信和达电子有限公司,计意强,葛霞,2026-04-03 18:35:28,2026-04-07 20:03:02,0000034372,725-000190,贴片陶瓷电容,10000.00,13.00,0,2026-04-03,0000033893,0000033880,CGSQ-260402-000011,10000.00,0.00,10000.00,已关闭,正常
0000034351,01-HDKJ-CGDD-260403-013177,2026-04-03,新疆友农科技集团,生产项目采购订单,物料类采购,59202002,俅门信和达电子有限公司,计意强,葛霞,2026-04-03 18:35:28,2026-04-07 20:03:02,0000034373,725-000179,贴片陶瓷电容,10000.00,13.00,0,2026-04-03,0000033892,0000033880,CGSQ-260402-000011,10000.00,0.00,10000.00,已关闭,正常
0000034351,01-HDKJ-CGDD-260403-013177,2026-04-03,新疆友农科技集团,生产项目采购订单,物料类采购,59202002,俅门信和达电子有限公司,计意强,葛霞,2026-04-03 18:35:28,2026-04-07 20:03:02,0000034374,725-000149,贴片陶瓷电容,4000.00,13.00,0,2026-04-03,0000033889,0000033880,CGSQ-260402-000011,4000.00,0.00,4000.00,已关闭,正常
0000034351,01-HDKJ-CGDD-260403-013177,2026-04-03,新疆友农科技集团,生产项目采购订单,物料类采购,59202002,俅门信和达电子有限公司,计意强,葛霞,2026-04-03 18:35:28,2026-04-07 20:03:02,0000034375,725-000090,贴片陶瓷电容,2000.00,13.00,0,2026-04-03,0000033886,0000033880,CGSQ-260402-000011,2000.00,0.00,2000.00,已关闭,正常
0000034351,01-HDKJ-CGDD-260403-013177,2026-04-03,新疆友农科技集团,生产项目采购订单,物料类采购,59202002,俅门信和达电子有限公司,计意强,葛霞,2026-04-03 18:35:28,2026-04-07 20:03:02,0000034376,725-000014,贴片陶瓷电容,140000.00,13.00,0,2026-04-03,0000033881,0000033880,CGSQ-260402-000011,60000.00,0.00,60000.00,正常,正常
0000034350,02-KSHA-CGDD-260403-013117,2026-04-03,苏州友安电子科技有限公司,生产项目采购订单,物料类采购,02101002,上海芯镭电子科技有限公司,昝敏,沈娟,2026-04-03 18:17:15,2026-04-04 17:03:18,0000034349,165-000290,YC200农哈哈贴膜,2310.00,13.00,0,2026-04-15,0000034282,0000034271,CGSQ-260403-000041,2310.00,0.00,2310.00,已关闭,正常
0000034347,02-KSHA-CGDD-260403-013116,2026-04-03,苏州友安电子科技有限公司,生产项目采购订单,物料类采购,75504042,深圳市中科乷线技术有限公司,昝敏,沈娟,2026-04-03 18:16:30,2026-04-04 17:03:15,0000034348,838-000217,定位天线,500.00,13.00,0,2026-04-15,0000034278,0000034271,CGSQ-260403-000041,500.00,0.00,500.00,已关闭,正常
0000034341,01-HDKJ-CGDD-260403-013098,2026-04-03,新疆友农科技集团,生产项目采购订单,物料类采购,76904043,冬莞市勤本电子科技有限公司,王涛磊,蒋鹏,2026-04-03 18:04:08,2026-04-03 18:33:02,0000034343,356-000604,勤本4P连接器板端_插针0.64mm_黑色,5000.00,13.00,0,2026-05-02,0000033948,0000033880,CGSQ-260402-000011,5000.00,0.00,5000.00,已关闭,正常
0000034341,01-HDKJ-CGDD-260403-013098,2026-04-03,新疆友农科技集团,生产项目采购订单,物料类采购,76904043,冬莞市勤本电子科技有限公司,王涛磊,蒋鹏,2026-04-03 18:04:08,2026-04-03 18:33:02,0000034342,356-000607,勤本8P连接器板端_插针0.64mm_黑色,5000.00,13.00,0,2026-05-02,0000033949,0000033880,CGSQ-260402-000011,5000.00,0.00,5000.00,已关闭,正常
0000034341,01-HDKJ-CGDD-260403-013098,2026-04-03,新疆友农科技集团,生产项目采购订单,物料类采购,76904043,冬莞市勤本电子科技有限公司,王涛磊,蒋鹏,2026-04-03 18:04:08,2026-04-03 18:33:02,0000034344,356-000610,勤本14P连接器板端_插针0.64mm_黑色,5000.00,13.00,0,2026-05-02,0000033950,0000033880,CGSQ-260402-000011,5000.00,0.00,5000.00,已关闭,正常
0000034327,02-KSHA-CGDD-260403-013093,2026-04-03,苏州友安电子科技有限公司,生产项目采购订单,物料类采购,51204008,苏州岚嵩五金科技有限公司,计意强,骆富英,2026-04-03 16:50:20,2026-04-06 17:00:30,0000034328,849-000214,ST2.0*8自攻螺丝,10000.00,13.00,0,2026-04-15,0000034288,0000034271,CGSQ-260403-000041,10000.00,0.00,10000.00,已关闭,正常
0000034327,02-KSHA-CGDD-260403-013093,2026-04-03,苏州友安电子科技有限公司,生产项目采购订单,物料类采购,51204008,苏州岚嵩五金科技有限公司,计意强,骆富英,2026-04-03 16:50:20,2026-04-06 17:00:30,0000034326,849-000233,ST2.6*12自攻,24500.00,13.00,0,2026-04-15,0000034295,0000034271,CGSQ-260403-000041,24500.00,0.00,24500.00,已关闭,正常
0000034325,02-KSHA-CGDD-260403-013088,2026-04-03,苏州友安电子科技有限公司,生产项目采购订单,物料类采购,59203004,厦门都铎科技有线公司,计意强,骆富英,2026-04-03 16:43:04,2026-04-06 17:00:32,0000034324,165-001164,YC400喇叭,2580.00,13.00,0,2026-04-15,0000034299,0000034271,CGSQ-260403-000041,2578.00,0.00,2578.00,正常,正常
0000034323,02-KSHA-CGDD-260403-013087,2026-04-03,苏州友安电子科技有限公司,生产项目采购订单,物料类采购,02002077,佛山市顺德余昊田塑料制品有限公司,计意强,骆富英,2026-04-03 16:40:53,2026-04-06 15:51:27,0000034322,468-000371,种1-4标签,1500.00,13.00,0,2026-04-15,0000034281,0000034271,CGSQ-260403-000041,1500.00,0.00,1500.00,已关闭,正常
0000034319,02-KSHA-CGDD-260403-013086,2026-04-03,苏州友安电子科技有限公司,生产项目采购订单,物料类采购,02104105,上海圣乀纳无线科技有限公司,昝敏,沈娟,2026-04-03 16:30:31,2026-04-04 17:03:14,0000034321,838-000251,YC400-4G天线_P5,2650.00,13.00,0,2026-04-15,0000034289,0000034271,CGSQ-260403-000041,2650.00,0.00,2650.00,已关闭,正常
0000034319,02-KSHA-CGDD-260403-013086,2026-04-03,苏州友安电子科技有限公司,生产项目采购订单,物料类采购,02104105,上海圣乀纳无线科技有限公司,昝敏,沈娟,2026-04-03 16:30:31,2026-04-04 17:03:14,0000034320,994-000083,SMA天线,2650.00,13.00,0,2026-04-15,0000034297,0000034271,CGSQ-260403-000041,2650.00,0.00,2650.00,已关闭,正常
0000034317,02-KSHA-CGDD-260403-013085,2026-04-03,苏州友安电子科技有限公司,生产项目采购订单,物料类采购,02101002,上海芯镭电子科技有限公司,昝敏,朱英,2026-04-03 16:29:47,2026-04-03 22:28:06,0000034318,165-000663,YC400按键贴膜,2640.00,13.00,0,2026-04-15,0000034286,0000034271,CGSQ-260403-000041,2640.00,0.00,2640.00,已关闭,正常
0000034312,02-KSHA-CGDD-260403-013084,2026-04-03,苏州友安电子科技有限公司,生产项目采购订单,物料类采购,02100140,昆山诚意智能科技有限工司,昝敏,沈娟,2026-04-03 16:28:55,2026-04-04 17:03:09,0000034315,606-000069,YC200终端飞机盒,1600.00,13.00,0,2026-04-15,0000034274,0000034271,CGSQ-260403-000041,1600.00,0.00,1600.00,已关闭,正常
0000034312,02-KSHA-CGDD-260403-013084,2026-04-03,苏州友安电子科技有限公司,生产项目采购订单,物料类采购,02100140,昆山诚意智能科技有限工司,昝敏,沈娟,2026-04-03 16:28:55,2026-04-04 17:03:09,0000034313,606-000071,YC200飞机盒包装箱,1520.00,13.00,0,2026-04-15,0000034275,0000034271,CGSQ-260403-000041,1500.00,0.00,1500.00,正常,正常
0000034312,02-KSHA-CGDD-260403-013084,2026-04-03,苏州友安电子科技有限公司,生产项目采购订单,物料类采购,02100140,昆山诚意智能科技有限工司,昝敏,沈娟,2026-04-03 16:28:55,2026-04-04 17:03:09,0000034316,606-000070,YC200终端EPE内衬,2010.00,13.00,0,2026-04-15,0000034279,0000034271,CGSQ-260403-000041,2010.00,0.00,2010.00,已关闭,正常
0000034312,02-KSHA-CGDD-260403-013084,2026-04-03,苏州友安电子科技有限公司,生产项目采购订单,物料类采购,02100140,昆山诚意智能科技有限工司,昝敏,沈娟,2026-04-03 16:28:55,2026-04-04 17:03:09,0000034314,606-000072,YC200包装外箱,300.00,13.00,0,2026-04-15,0000034300,0000034271,CGSQ-260403-000041,300.00,0.00,300.00,已关闭,正常
0000034311,02-KSHA-CGDD-260403-013083,2026-04-03,苏州友安电子科技有限公司,生产项目采购订单,物料类采购,75504207,深珍市戈埃尔科技有限公司,昝敏,沈娟,2026-04-03 16:27:11,2026-04-04 17:03:01,0000034310,165-000081,防水透气膜,2620.00,13.00,0,2026-04-15,0000034283,0000034271,CGSQ-260403-000041,2620.00,0.00,2620.00,已关闭,正常
0000034309,02-KSHA-CGDD-260403-013081,2026-04-03,苏州友安电子科技有限公司,生产项目采购订单,物料类采购,00104068,巨鹿县东风橡胶価（普通合伙）,王涛磊,朱英,2026-04-03 16:23:03,2026-04-03 22:21:13,0000034308,165-000279,壳体密封圈,2670.00,13.00,0,2026-04-15,0000034291,0000034271,CGSQ-260403-000041,2670.00,0.00,2670.00,已关闭,正常
0000034307,02-KSHA-CGDD-260403-013080,2026-04-03,苏州友安电子科技有限公司,生产项目采购订单,物料类采购,75504009,沈圳市智芯未来科技有限公司,昝敏,朱英,2026-04-03 16:22:38,2026-04-08 07:55:59,0000034306,505-000023,小终端3.5寸屏,2690.00,13.00,0,2026-04-15,0000034294,0000034271,CGSQ-260403-000041,2690.00,0.00,2690.00,已关闭,正常
0000034301,02-KSHA-CGDD-260403-013078,2026-04-03,苏州友安电子科技有限公司,生产项目采购订单,物料类采购,57403018,苏洲誉腾模塑科技有限公司,王涛磊,朱英,2026-04-03 16:20:44,2026-04-03 22:21:05,0000034302,165-001457,YC400 P5后壳,1910.00,13.00,0,2026-04-15,0000034285,0000034271,CGSQ-260403-000041,1906.00,0.00,1906.00,正常,正常
0000034301,02-KSHA-CGDD-260403-013078,2026-04-03,苏州友安电子科技有限公司,生产项目采购订单,物料类采购,57403018,苏洲誉腾模塑科技有限公司,王涛磊,朱英,2026-04-03 16:20:44,2026-04-03 22:21:05,0000034304,165-002916,YC400采集器壳体,2800.00,13.00,0,2026-04-15,0000034287,0000034271,CGSQ-260403-000041,2800.00,0.00,2800.00,已关闭,正常
0000034301,02-KSHA-CGDD-260403-013078,2026-04-03,苏州友安电子科技有限公司,生产项目采购订单,物料类采购,57403018,苏洲誉腾模塑科技有限公司,王涛磊,朱英,2026-04-03 16:20:44,2026-04-03 22:21:05,0000034303,165-001456,YC400 P5前壳,1750.00,13.00,0,2026-04-15,0000034292,0000034271,CGSQ-260403-000041,1746.00,0.00,1746.00,正常,正常
0000034301,02-KSHA-CGDD-260403-013078,2026-04-03,苏州友安电子科技有限公司,生产项目采购订单,物料类采购,57403018,苏洲誉腾模塑科技有限公司,王涛磊,朱英,2026-04-03 16:20:44,2026-04-03 22:21:05,0000034305,165-000280,3.5寸屏支架,2380.00,13.00,0,2026-04-15,0000034293,0000034271,CGSQ-260403-000041,2380.00,0.00,2380.00,已关闭,正常
0000034264,HD20260403-D03,2026-04-03,新疆友农科技集团,研发物料采购订单,物料类采购,76904043,冬莞市勤本电子科技有限公司,王涛磊,蒋鹏,2026-04-03 15:08:15,2026-04-03 16:58:33,0000034263,994-000419,YN580喷洒总线,5.00,13.00,0,2026-03-25,0000031839,0000031838,CGSQ-260325-000034,5.00,0.00,5.00,已关闭,正常
0000034260,01-HDKJ-CGDD-260403-013069,2026-04-03,新疆友农科技集团,生产项目采购订单,物料类采购,01004004,北京远大创乇科技有限公司,杨强云,杨强云,2026-04-03 14:35:07,2026-04-03 15:23:46,0000034259,972-000475,电源芯片,3000.00,13.00,0,2026-05-02,0000033938,0000033880,CGSQ-260402-000011,3000.00,0.00,3000.00,已关闭,正常
0000034257,01-HDKJ-CGDD-260403-013068,2026-04-03,新疆友农科技集团,生产项目采购订单,物料类采购,02102033,上海求远电子有线公司,杨强云,杨强云,2026-04-03 14:30:24,2026-04-03 17:06:08,0000034258,972-000610,CAN收发器,4000.00,13.00,0,2026-05-02,0000033940,0000033880,CGSQ-260402-000011,4000.00,0.00,4000.00,已关闭,正常
0000034256,01-HDKJ-CGDD-260403-013067,2026-04-03,新疆友农科技集团,生产项目采购订单,物料类采购,2504-02102-0005,贝能电子(上海)有线公司,杨强云,杨强云,2026-04-03 14:26:47,2026-04-03 17:06:03,0000034255,972-000410,MCU,5760.00,13.00,0,2026-05-02,0000033937,0000033880,CGSQ-260402-000011,5760.00,0.00,5760.00,已关闭,正常
0000034253,01-HDKJ-CGDD-260403-013066,2026-04-03,新疆友农科技集团,生产项目采购订单,物料类采购,02102070,上海锦朴甸子科技有限公司,杨强云,杨强云,2026-04-03 14:21:12,2026-04-03 17:09:06,0000034254,972-000635,BUCK 控制器,8000.00,13.00,0,2026-05-02,0000033941,0000033880,CGSQ-260402-000011,8000.00,0.00,8000.00,已关闭,正常
0000034250,01-HDKJ-CGDD-260403-013065,2026-04-03,新疆友农科技集团,生产项目采购订单,物料类采购,02105016,上海旷瑞电子科技有线公司,杨强云,杨强云,2026-04-03 14:15:31,2026-04-03 17:10:04,0000034249,972-000574,低功耗蓝牙模块,5000.00,13.00,0,2026-05-02,0000033939,0000033880,CGSQ-260402-000011,5000.00,0.00,5000.00,已关闭,正常
0000034245,01-HDKJ-CGDD-260403-013063,2026-04-03,新疆友农科技集团,生产项目采购订单,物料类采购,02102069,北天星国际贸易(上海)有限工司,杨强云,杨强云,2026-04-03 14:09:27,2026-04-03 17:10:04,0000034247,972-000717,LTE(Cat4)无线通信数据模块,1000.00,13.00,0,2026-03-24,0000029906,0000029905,CGSQ-260310-000019,1000.00,0.00,1000.00,已关闭,正常
0000034245,01-HDKJ-CGDD-260403-013063,2026-04-03,新疆友农科技集团,生产项目采购订单,物料类采购,02102069,北天星国际贸易(上海)有限工司,杨强云,杨强云,2026-04-03 14:09:27,2026-04-03 17:10:04,0000034248,972-000802,Cat.1模块,10000.00,13.00,0,2026-05-01,0000028126,0000028109,CGSQ-260306-000006,10000.00,0.00,10000.00,已关闭,正常
0000034245,01-HDKJ-CGDD-260403-013063,2026-04-03,新疆友农科技集团,生产项目采购订单,物料类采购,02102069,北天星国际贸易(上海)有限工司,杨强云,杨强云,2026-04-03 14:09:27,2026-04-03 17:10:04,0000034246,972-000717,LTE(Cat4)无线通信数据模块,1500.00,13.00,0,2026-03-31,0000028066,0000028059,CGSQ-260305-000042,1500.00,0.00,1500.00,已关闭,正常
0000034241,01-HDKJ-CGDD-260403-0237-BJ,2026-04-03,新疆友农科技集团,生产项目采购订单,物料类采购,01004007,支付宝(中国)网络技术有限公司,计意强,骆富英,2026-04-03 13:36:30,2026-04-03 13:42:59,0000034243,165-001580,密封圈外径44*3.5,300.00,13.00,0,2026-04-20,0000033456,0000033311,CGSQ-260401-000012,300.00,0.00,300.00,已关闭,正常
0000034241,01-HDKJ-CGDD-260403-0237-BJ,2026-04-03,新疆友农科技集团,生产项目采购订单,物料类采购,01004007,支付宝(中国)网络技术有限公司,计意强,骆富英,2026-04-03 13:36:30,2026-04-03 13:42:59,0000034242,165-001348,密封圈外径53*3.1,55.00,13.00,0,2026-04-20,0000033458,0000033311,CGSQ-260401-000012,55.00,0.00,55.00,已关闭,正常
0000034241,01-HDKJ-CGDD-260403-0237-BJ,2026-04-03,新疆友农科技集团,生产项目采购订单,物料类采购,01004007,支付宝(中国)网络技术有限公司,计意强,骆富英,2026-04-03 13:36:30,2026-04-03 13:42:59,0000034244,849-000714,M1.5*30不锈钢R型开口销,110.00,13.00,0,2026-04-20,0000033467,0000033311,CGSQ-260401-000012,110.00,0.00,110.00,已关闭,正常
0000034238,01-HDKJ-CGDD-260403-013061,2026-04-03,新疆友农科技集团,生产项目采购订单,物料类采购,01004007,支付宝(中国)网络技术有限公司,计意强,骆富英,2026-04-03 13:31:41,2026-04-03 13:38:20,0000034237,165-001442,密封圈外径11*2,130.00,0.00,0,2026-04-20,0000033274,0000033271,CGSQ-260401-000008,130.00,0.00,130.00,已关闭,正常
0000034238,01-HDKJ-CGDD-260403-013061,2026-04-03,新疆友农科技集团,生产项目采购订单,物料类采购,01004007,支付宝(中国)网络技术有限公司,计意强,骆富英,2026-04-03 13:31:41,2026-04-03 13:38:20,0000034239,165-001445,YN540S-E14止回阀弹簧,130.00,0.00,0,2026-04-20,0000033277,0000033271,CGSQ-260401-000008,130.00,0.00,130.00,已关闭,正常
0000034206,01-HDKJ-CGDD-260403-0236-BJ,2026-04-03,新疆友农科技集团,生产项目采购订单,物料类采购,76904042,东宛市众合电子有限公司,昝敏,朱英,2026-04-03 11:54:01,2026-04-03 13:50:20,0000034205,165-003223,580V3后机臂水管,126.00,13.00,0,2026-04-20,0000033430,0000033311,CGSQ-260401-000012,121.00,0.00,121.00,正常,正常
0000034204,01-HDKJ-CGDD-260403-013056,2026-04-03,新疆友农科技集团,生产项目采购订单,物料类采购,75504095,深圳市鸿鑫新休能科技有限公司,昝敏,朱英,2026-04-03 11:45:57,2026-04-03 13:50:22,0000034203,165-002792,150电机三相线硅胶压条,2200.00,13.00,0,2026-04-30,0000034197,0000034190,CGSQ-260403-000029,2200.00,0.00,2200.00,已关闭,正常
0000034188,01-HDKJ-CGDD-260403-013055,2026-04-03,新疆友农科技集团,生产项目采购订单,物料类采购,02103023,云汉芯城（上海）电子科技有限公司,葛霞,葛霞,2026-04-03 11:27:04,2026-04-03 17:06:51,0000034189,725-000465,贴片陶瓷电容,1000.00,13.00,0,2026-07-24,0000034187,0000034186,CGSQ-260403-000026,1000.00,0.00,1000.00,已关闭,正常
0000034185,01-HDKJ-CGDD-260403-013052,2026-04-03,新疆友农科技集团,生产项目采购订单,物料类采购,2504-02102-0005,贝能电子(上海)有线公司,杨强云,杨强云,2026-04-03 11:23:05,2026-04-03 17:10:12,0000034184,972-000410,MCU,17280.00,13.00,0,2026-04-07,0000034172,0000034173,CGSQ-260403-000018,17280.00,0.00,17280.00,已关闭,正常
0000034182,01-HDKJ-CGDD-260403-013048,2026-04-03,新疆友农科技集团,生产项目采购订单,物料类采购,75504065,曼特电子科技（深珍）有限公司,杨强云,杨强云,2026-04-03 11:10:39,2026-04-03 17:12:59,0000034183,972-000535,CPU,28650.00,13.00,0,2026-04-10,0000034175,0000034174,CGSQ-260403-000020,27370.00,5950.00,21420.00,正常,正常
0000034180,01-HDKJ-CGDD-260403-013046,2026-04-03,新疆友农科技集团,生产项目采购订单,物料类采购,2508-02102-0243,尚海研尚电子科技有限公司,杨强云,杨强云,2026-04-03 11:09:28,2026-04-03 11:19:12,0000034181,972-000806,同步降压转换器,1000.00,13.00,0,2026-05-29,0000034177,0000034176,CGSQ-260403-000021,1000.00,0.00,1000.00,已关闭,正常
0000034179,01-HDKJ-CGDD-260403-013045,2026-04-03,新疆友农科技集团,产品委外采购订单,产品委外采购,57403020,苏州华誉智丼科技有限公司,杨强云,杨强云,2026-04-03 11:06:48,2026-04-03 17:07:52,0000034178,588-000858,601C_MODULE2倾角识别_P6_S01_PCBA,10000.00,13.00,0,2026-04-03,0000034037,0000034038,WWGD-20260402-000508,9994.00,0.00,9994.00,正常,正常
0000034171,01-HDKJ-CGDD-260403-013038,2026-04-03,新疆友农科技集团,生产项目采购订单,物料类采购,51301004,南通江海电容器股伄有限公司,葛霞,葛霞,2026-04-03 10:51:38,2026-04-03 17:10:17,0000034170,725-000522,直插铝电解电容,74000.00,13.00,0,2026-04-10,0000034168,0000034169,CGSQ-260403-000013,74000.00,0.00,74000.00,已关闭,正常
0000034154,02-KSHA-CGDD-260402-013025,2026-04-02,苏州友安电子科技有限公司,生产项目采购订单,物料类采购,75501076,深珍正腾视讯科技有限公司,计意强,骆富英,2026-04-02 18:31:11,2026-04-03 17:15:54,0000034153,838-000296,摄像头,700.00,13.00,0,2026-05-31,0000033141,0000033130,CGSQ-260331-000026,700.00,0.00,700.00,已关闭,正常
0000034149,01-HDKJ-CGDD-260402-013024,2026-04-02,新疆友农科技集团,研发物料采购订单,物料类采购,02104051,上海武阳电子科技有限公司,计意强,葛霞,2026-04-02 18:29:27,,0000034150,849-000215,1.37线径射频线夹,1100.00,13.00,0,2026-01-07,0000023157,0000023155,CGSQ-260107-000004,0.00,0.00,0.00,正常,正常
0000034149,01-HDKJ-CGDD-260402-013024,2026-04-02,新疆友农科技集团,研发物料采购订单,物料类采购,02104051,上海武阳电子科技有限公司,计意强,葛霞,2026-04-02 18:29:27,,0000034146,356-000271,12PIN 双排立插线对板连接器2.0pitch,50.00,13.00,0,2026-01-07,0000023162,0000023155,CGSQ-260107-000004,0.00,0.00,0.00,正常,正常
0000034149,01-HDKJ-CGDD-260402-013024,2026-04-02,新疆友农科技集团,研发物料采购订单,物料类采购,02104051,上海武阳电子科技有限公司,计意强,葛霞,2026-04-02 18:29:27,,0000034151,356-000281,8PIN 双排立插线对板连接器2.0pitch,50.00,13.00,0,2026-01-07,0000023163,0000023155,CGSQ-260107-000004,0.00,0.00,0.00,正常,正常
0000034149,01-HDKJ-CGDD-260402-013024,2026-04-02,新疆友农科技集团,研发物料采购订单,物料类采购,02104051,上海武阳电子科技有限公司,计意强,葛霞,2026-04-02 18:29:27,,0000034147,356-000272,18PIN 双排立插线对板连接器2.0pitch,50.00,13.00,0,2026-01-07,0000023164,0000023155,CGSQ-260107-000004,0.00,0.00,0.00,正常,正常
0000034149,01-HDKJ-CGDD-260402-013024,2026-04-02,新疆友农科技集团,研发物料采购订单,物料类采购,02104051,上海武阳电子科技有限公司,计意强,葛霞,2026-04-02 18:29:27,,0000034152,356-000523,BTB连接器,100.00,13.00,0,2026-01-07,0000023169,0000023155,CGSQ-260107-000004,0.00,0.00,0.00,正常,正常
0000034149,01-HDKJ-CGDD-260402-013024,2026-04-02,新疆友农科技集团,研发物料采购订单,物料类采购,02104051,上海武阳电子科技有限公司,计意强,葛霞,2026-04-02 18:29:27,,0000034148,356-000599,TYPE-C母座,50.00,13.00,0,2026-01-07,0000023170,0000023155,CGSQ-260107-000004,0.00,0.00,0.00,正常,正常
0000034144,01-HDKJ-CGDD-260402-013021,2026-04-02,新疆友农科技集团,研发物料采购订单,物料类采购,51204021,灿达电仔（苏州）有限公司,计意强,葛霞,2026-04-02 18:26:40,2026-04-03 10:44:01,0000034145,356-000259,40PIN下接触抽屉式FPC连接器,100.00,13.00,0,2025-09-05,0000012477,0000012471,CGSQ-250905-000005,0.00,0.00,0.00,正常,正常
0000034142,01-HDKJ-CGDD-260402-013020,2026-04-02,新疆友农科技集团,研发物料采购订单,物料类采购,75504068,深圳乩浩达多层线路板有限公司,计意强,葛霞,2026-04-02 18:26:01,,0000034143,321-000571,YC632_P2_PCB,250.00,13.00,0,2025-09-29,0000014885,0000014884,CGSQ-250929-000003,0.00,0.00,0.00,正常,正常
0000034140,01-HDKJ-CGDD-260402-013017,2026-04-02,新疆友农科技集团,生产项目采购订单,物料类采购,75502028,深圳市超利维实业有限公思,计意强,葛霞,2026-04-02 18:22:26,2026-04-03 10:43:58,0000034139,165-000758,天线弹片,5200.00,13.00,0,2026-04-03,0000029753,0000029754,CGSQ-260309-000027,0.00,0.00,0.00,正常,正常
0000034140,01-HDKJ-CGDD-260402-013017,2026-04-02,新疆友农科技集团,生产项目采购订单,物料类采购,75502028,深圳市超利维实业有限公思,计意强,葛霞,2026-04-02 18:22:26,2026-04-03 10:43:58,0000034141,165-000758,天线弹片,5200.00,13.00,0,2026-03-31,0000027959,0000027843,CGSQ-260305-000036,0.00,0.00,0.00,正常,正常
0000034137,01-HDKJ-CGDD-260402-013018,2026-04-02,新疆友农科技集团,研发物料采购订单,物料类采购,2507-76901-0207,冬莞市维品电子科技有限公司,计意强,葛霞,2026-04-02 18:22:02,2026-04-02 23:03:56,0000034138,356-000639,双排排母-28P(WP),100.00,13.00,0,2025-09-05,0000012509,0000012471,CGSQ-250905-000005,0.00,0.00,0.00,正常,正常
0000034131,01-HDKJ-CGDD-260402-013014,2026-04-02,新疆友农科技集团,生产项目采购订单,物料类采购,02102085,上海识海智能科技友限公司,计意强,缪财艳,2026-04-02 18:17:22,2026-04-03 17:01:14,0000034132,358-000131,P沟道MOS管,1000.00,13.00,0,2026-05-06,0000033178,0000033179,CGSQ-260401-000001,0.00,0.00,0.00,正常,正常
0000034105,01-HDKJ-CGDD-260402-0235-BJ,2026-04-02,新疆友农科技集团,生产项目采购订单,物料类采购,51403024,苏州英姿精倕电子有限公司,计意强,骆富英,2026-04-02 18:11:24,2026-05-06 19:55:53,0000034095,849-000756,Φ5*12+M4*8_不锈钢塞打螺丝_整圈耐落,960.00,13.00,0,2026-04-20,0000033370,0000033311,CGSQ-260401-000012,960.00,0.00,960.00,已关闭,正常
0000034105,01-HDKJ-CGDD-260402-0235-BJ,2026-04-02,新疆友农科技集团,生产项目采购订单,物料类采购,51403024,苏州英姿精倕电子有限公司,计意强,骆富英,2026-04-02 18:11:24,2026-05-06 19:55:53,0000034106,849-000755,Φ6*12+M5*20_不锈钢塞打螺丝_整圈耐落,240.00,13.00,0,2026-04-20,0000033371,0000033311,CGSQ-260401-000012,240.00,0.00,240.00,已关闭,正常
0000034105,01-HDKJ-CGDD-260402-0235-BJ,2026-04-02,新疆友农科技集团,生产项目采购订单,物料类采购,51403024,苏州英姿精倕电子有限公司,计意强,骆富英,2026-04-02 18:11:24,2026-05-06 19:55:53,0000034096,849-000754,Φ5*5+M4*8_不锈钢塞打螺丝_整圈耐落,540.00,13.00,0,2026-04-20,0000033372,0000033311,CGSQ-260401-000012,540.00,0.00,540.00,已关闭,正常
0000034105,01-HDKJ-CGDD-260402-0235-BJ,2026-04-02,新疆友农科技集团,生产项目采购订单,物料类采购,51403024,苏州英姿精倕电子有限公司,计意强,骆富英,2026-04-02 18:11:24,2026-05-06 19:55:53,0000034107,849-000753,M4*D5*M25_不锈钢销钉螺丝_整圈耐落,240.00,13.00,0,2026-04-20,0000033373,0000033311,CGSQ-260401-000012,240.00,0.00,240.00,已关闭,正常
0000034105,01-HDKJ-CGDD-260402-0235-BJ,2026-04-02,新疆友农科技集团,生产项目采购订单,物料类采购,51403024,苏州英姿精倕电子有限公司,计意强,骆富英,2026-04-02 18:11:24,2026-05-06 19:55:53,0000034097,849-000633,M3*8_不锈钢十字沉头机牙螺丝_整圈耐落,500.00,13.00,0,2026-04-20,0000033377,0000033311,CGSQ-260401-000012,500.00,0.00,500.00,已关闭,正常
0000034105,01-HDKJ-CGDD-260402-0235-BJ,2026-04-02,新疆友农科技集团,生产项目采购订单,物料类采购,51403024,苏州英姿精倕电子有限公司,计意强,骆富英,2026-04-02 18:11:24,2026-05-06 19:55:53,0000034108,849-000627,M4*22_不锈钢平头倒边内六角机牙螺丝_整圈耐落,210.00,13.00,0,2026-04-20,0000033378,0000033311,CGSQ-260401-000012,210.00,0.00,210.00,已关闭,正常
0000034105,01-HDKJ-CGDD-260402-0235-BJ,2026-04-02,新疆友农科技集团,生产项目采购订单,物料类采购,51403024,苏州英姿精倕电子有限公司,计意强,骆富英,2026-04-02 18:11:24,2026-05-06 19:55:53,0000034098,849-000322,M3*20_不锈钢内六角机牙螺丝_整圈耐落，带介,480.00,13.00,0,2026-04-20,0000033380,0000033311,CGSQ-260401-000012,480.00,0.00,480.00,已关闭,正常
0000034105,01-HDKJ-CGDD-260402-0235-BJ,2026-04-02,新疆友农科技集团,生产项目采购订单,物料类采购,51403024,苏州英姿精倕电子有限公司,计意强,骆富英,2026-04-02 18:11:24,2026-05-06 19:55:53,0000034109,849-000282,M3*8_不锈钢杯头内六角滚花机牙螺丝_整圈耐落,400.00,13.00,0,2026-04-20,0000033385,0000033311,CGSQ-260401-000012,400.00,0.00,400.00,已关闭,正常
0000034105,01-HDKJ-CGDD-260402-0235-BJ,2026-04-02,新疆友农科技集团,生产项目采购订单,物料类采购,51403024,苏州英姿精倕电子有限公司,计意强,骆富英,2026-04-02 18:11:24,2026-05-06 19:55:53,0000034099,849-000789,Φ4*3+M3*6_不锈钢塞打螺丝_整圈耐落,1000.00,13.00,0,2026-04-20,0000033393,0000033311,CGSQ-260401-000012,1000.00,0.00,1000.00,已关闭,正常
0000034105,01-HDKJ-CGDD-260402-0235-BJ,2026-04-02,新疆友农科技集团,生产项目采购订单,物料类采购,51403024,苏州英姿精倕电子有限公司,计意强,骆富英,2026-04-02 18:11:24,2026-05-06 19:55:53,0000034110,849-000962,M4*8不锈钢法兰内六角机牙螺丝_整圈耐落,2000.00,13.00,0,2026-04-20,0000033411,0000033311,CGSQ-260401-000012,2000.00,0.00,2000.00,已关闭,正常
0000034105,01-HDKJ-CGDD-260402-0235-BJ,2026-04-02,新疆友农科技集团,生产项目采购订单,物料类采购,51403024,苏州英姿精倕电子有限公司,计意强,骆富英,2026-04-02 18:11:24,2026-05-06 19:55:53,0000034100,849-001043,M2.5*8大平头倒边内六角螺钉,560.00,13.00,0,2026-04-20,0000033426,0000033311,CGSQ-260401-000012,560.00,0.00,560.00,已关闭,正常
0000034105,01-HDKJ-CGDD-260402-0235-BJ,2026-04-02,新疆友农科技集团,生产项目采购订单,物料类采购,51403024,苏州英姿精倕电子有限公司,计意强,骆富英,2026-04-02 18:11:24,2026-05-06 19:55:53,0000034111,849-000847,圆柱头内六角平尾自攻螺丝M3*16,180.00,13.00,0,2026-04-20,0000033443,0000033311,CGSQ-260401-000012,180.00,0.00,180.00,已关闭,正常
0000034105,01-HDKJ-CGDD-260402-0235-BJ,2026-04-02,新疆友农科技集团,生产项目采购订单,物料类采购,51403024,苏州英姿精倕电子有限公司,计意强,骆富英,2026-04-02 18:11:24,2026-05-06 19:55:53,0000034101,849-000805,M3*35+6_不锈钢六角柱,60.00,13.00,0,2026-04-20,0000033444,0000033311,CGSQ-260401-000012,60.00,0.00,60.00,已关闭,正常
0000034105,01-HDKJ-CGDD-260402-0235-BJ,2026-04-02,新疆友农科技集团,生产项目采购订单,物料类采购,51403024,苏州英姿精倕电子有限公司,计意强,骆富英,2026-04-02 18:11:24,2026-05-06 19:55:53,0000034112,849-000774,M3*55_不锈钢杯头内六角滚花机牙螺丝_整圈耐落,120.00,13.00,0,2026-04-20,0000033445,0000033311,CGSQ-260401-000012,120.00,0.00,120.00,已关闭,正常
0000034105,01-HDKJ-CGDD-260402-0235-BJ,2026-04-02,新疆友农科技集团,生产项目采购订单,物料类采购,51403024,苏州英姿精倕电子有限公司,计意强,骆富英,2026-04-02 18:11:24,2026-05-06 19:55:53,0000034102,849-000773,M3*35_不锈钢杯头内六角滚花机牙螺丝_整圈耐落,600.00,13.00,0,2026-04-20,0000033446,0000033311,CGSQ-260401-000012,600.00,0.00,600.00,已关闭,正常
0000034105,01-HDKJ-CGDD-260402-0235-BJ,2026-04-02,新疆友农科技集团,生产项目采购订单,物料类采购,51403024,苏州英姿精倕电子有限公司,计意强,骆富英,2026-04-02 18:11:24,2026-05-06 19:55:53,0000034113,849-000283,M3*20_不锈钢杯头内六角滚花机牙螺丝_整圈耐落,1300.00,13.00,0,2026-04-20,0000033448,0000033311,CGSQ-260401-000012,1300.00,0.00,1300.00,已关闭,正常
0000034105,01-HDKJ-CGDD-260402-0235-BJ,2026-04-02,新疆友农科技集团,生产项目采购订单,物料类采购,51403024,苏州英姿精倕电子有限公司,计意强,骆富英,2026-04-02 18:11:24,2026-05-06 19:55:53,0000034103,165-001529,M4*9*1_不锈钢平垫,110.00,13.00,0,2026-04-20,0000033457,0000033311,CGSQ-260401-000012,110.00,0.00,110.00,已关闭,正常
0000034105,01-HDKJ-CGDD-260402-0235-BJ,2026-04-02,新疆友农科技集团,生产项目采购订单,物料类采购,51403024,苏州英姿精倕电子有限公司,计意强,骆富英,2026-04-02 18:11:24,2026-05-06 19:55:53,0000034114,849-000697,M2*6_不锈钢十字沉头机牙螺丝_整圈耐落,500.00,13.00,0,2026-04-20,0000033284,0000033271,CGSQ-260401-000008,500.00,0.00,500.00,已关闭,正常
0000034105,01-HDKJ-CGDD-260402-0235-BJ,2026-04-02,新疆友农科技集团,生产项目采购订单,物料类采购,51403024,苏州英姿精倕电子有限公司,计意强,骆富英,2026-04-02 18:11:24,2026-05-06 19:55:53,0000034104,849-001049,M3*22 法兰内六角螺丝,800.00,13.00,0,2026-04-20,0000033307,0000033271,CGSQ-260401-000008,800.00,0.00,800.00,已关闭,正常
0000034105,01-HDKJ-CGDD-260402-0235-BJ,2026-04-02,新疆友农科技集团,生产项目采购订单,物料类采购,51403024,苏州英姿精倕电子有限公司,计意强,骆富英,2026-04-02 18:11:24,2026-05-06 19:55:53,0000034115,849-001051,M2*5 扁头十字碳钢螺丝,1000.00,13.00,0,2026-04-20,0000033308,0000033271,CGSQ-260401-000008,1000.00,0.00,1000.00,已关闭,正常
0000034094,01-HDKJ-CGDD-260402-0233-BJ,2026-04-02,新疆友农科技集团,生产项目采购订单,物料类采购,76001012,广东好工匠金属制造有线公司,计意强,骆富英,2026-04-02 18:03:38,2026-04-03 10:43:31,0000034093,849-001039,150圆柱分电板减震弹簧,300.00,13.00,0,2026-04-20,0000033367,0000033311,CGSQ-260401-000012,0.00,0.00,0.00,正常,正常
0000034085,01-HDKJ-CGDD-260402-013004,2026-04-02,新疆友农科技集团,生产项目采购订单,物料类采购,75504213,深圳市海偋科技有限公司,计意强,杨强云,2026-04-02 18:00:32,2026-04-03 17:10:12,0000034084,549-000205,HX-EU1023D 华信电台模块,300.00,13.00,0,2026-04-17,0000033474,0000033476,CGSQ-260401-000013,300.00,0.00,300.00,已关闭,正常
0000034082,01-HDKJ-CGDD-260402-013005,2026-04-02,新疆友农科技集团,生产项目采购订单,物料类采购,75201006,惠州市酷业科技友限公司,计意强,骆富英,2026-04-02 17:59:03,2026-04-03 17:08:04,0000034083,795-000399,M5防水透气阀,2200.00,13.00,0,2026-04-20,0000033304,0000033271,CGSQ-260401-000008,0.00,0.00,0.00,正常,正常
0000034080,01-HDKJ-CGDD-260402-013002,2026-04-02,新疆友农科技集团,生产项目采购订单,物料类采购,02102081,可天士电子（上海）有线公司,计意强,杨强云,2026-04-02 17:58:33,2026-04-03 17:07:11,0000034081,838-000161,光电编码读头,3400.00,13.00,0,2026-03-31,0000028061,0000028059,CGSQ-260305-000042,3400.00,0.00,3400.00,已关闭,正常
0000034071,01-HDKJ-CGDD-260402-013001,2026-04-02,新疆友农科技集团,生产项目采购订单,物料类采购,59202002,俅门信和达电子有限公司,计意强,葛霞,2026-04-02 17:55:38,2026-04-03 10:55:57,0000034075,725-000015,贴片陶瓷电容,12000.00,13.00,0,2026-04-15,0000031769,0000031768,CGSQ-260325-000025,12000.00,0.00,12000.00,已关闭,正常
0000034071,01-HDKJ-CGDD-260402-013001,2026-04-02,新疆友农科技集团,生产项目采购订单,物料类采购,59202002,俅门信和达电子有限公司,计意强,葛霞,2026-04-02 17:55:38,2026-04-03 10:55:57,0000034072,725-000149,贴片陶瓷电容,8000.00,13.00,0,2026-04-15,0000031771,0000031768,CGSQ-260325-000025,8000.00,0.00,8000.00,已关闭,正常
0000034071,01-HDKJ-CGDD-260402-013001,2026-04-02,新疆友农科技集团,生产项目采购订单,物料类采购,59202002,俅门信和达电子有限公司,计意强,葛霞,2026-04-02 17:55:38,2026-04-03 10:55:57,0000034076,539-000100,贴片电阻,10000.00,13.00,0,2026-04-15,0000031774,0000031768,CGSQ-260325-000025,0.00,0.00,0.00,已关闭,正常
0000034071,01-HDKJ-CGDD-260402-013001,2026-04-02,新疆友农科技集团,生产项目采购订单,物料类采购,59202002,俅门信和达电子有限公司,计意强,葛霞,2026-04-02 17:55:38,2026-04-03 10:55:57,0000034073,539-000118,贴片电阻,55000.00,13.00,0,2026-04-15,0000031776,0000031768,CGSQ-260325-000025,0.00,0.00,0.00,已关闭,正常
0000034071,01-HDKJ-CGDD-260402-013001,2026-04-02,新疆友农科技集团,生产项目采购订单,物料类采购,59202002,俅门信和达电子有限公司,计意强,葛霞,2026-04-02 17:55:38,2026-04-03 10:55:57,0000034077,539-000120,贴片电阻,5000.00,13.00,0,2026-04-15,0000031777,0000031768,CGSQ-260325-000025,0.00,0.00,0.00,已关闭,正常
0000034071,01-HDKJ-CGDD-260402-013001,2026-04-02,新疆友农科技集团,生产项目采购订单,物料类采购,59202002,俅门信和达电子有限公司,计意强,葛霞,2026-04-02 17:55:38,2026-04-03 10:55:57,0000034078,539-000255,贴片电阻,40000.00,13.00,0,2026-04-15,0000031778,0000031768,CGSQ-260325-000025,0.00,0.00,0.00,已关闭,正常
0000034071,01-HDKJ-CGDD-260402-013001,2026-04-02,新疆友农科技集团,生产项目采购订单,物料类采购,59202002,俅门信和达电子有限公司,计意强,葛霞,2026-04-02 17:55:38,2026-04-03 10:55:57,0000034079,539-000344,贴片电阻,5000.00,13.00,0,2026-04-15,0000031779,0000031768,CGSQ-260325-000025,0.00,0.00,0.00,已关闭,正常
0000034071,01-HDKJ-CGDD-260402-013001,2026-04-02,新疆友农科技集团,生产项目采购订单,物料类采购,59202002,俅门信和达电子有限公司,计意强,葛霞,2026-04-02 17:55:38,2026-04-03 10:55:57,0000034074,539-000352,贴片电阻,5000.00,13.00,0,2026-04-15,0000031780,0000031768,CGSQ-260325-000025,0.00,0.00,0.00,已关闭,正常
0000034064,01-HDKJ-CGDD-260402-012999,2026-04-02,新疆友农科技集团,研发物料采购订单,物料类采购,2508-51201-0244,苏州磊均电子友限公司,计意强,骆富英,2026-04-02 17:46:26,2026-04-02 23:04:27,0000034068,795-000783,电调铜条1,700.00,13.00,0,2025-09-05,0000012511,0000012471,CGSQ-250905-000005,0.00,0.00,0.00,正常,正常
0000034064,01-HDKJ-CGDD-260402-012999,2026-04-02,新疆友农科技集团,研发物料采购订单,物料类采购,2508-51201-0244,苏州磊均电子友限公司,计意强,骆富英,2026-04-02 17:46:26,2026-04-02 23:04:27,0000034065,795-000784,电调铜条2,700.00,13.00,0,2025-09-05,0000012512,0000012471,CGSQ-250905-000005,0.00,0.00,0.00,正常,正常
0000034064,01-HDKJ-CGDD-260402-012999,2026-04-02,新疆友农科技集团,研发物料采购订单,物料类采购,2508-51201-0244,苏州磊均电子友限公司,计意强,骆富英,2026-04-02 17:46:26,2026-04-02 23:04:27,0000034069,795-000785,电调铜条3,300.00,13.00,0,2025-09-05,0000012513,0000012471,CGSQ-250905-000005,0.00,0.00,0.00,正常,正常
0000034064,01-HDKJ-CGDD-260402-012999,2026-04-02,新疆友农科技集团,研发物料采购订单,物料类采购,2508-51201-0244,苏州磊均电子友限公司,计意强,骆富英,2026-04-02 17:46:26,2026-04-02 23:04:27,0000034066,795-000801,电调铜条5,300.00,13.00,0,2025-09-05,0000012516,0000012471,CGSQ-250905-000005,0.00,0.00,0.00,正常,正常
0000034064,01-HDKJ-CGDD-260402-012999,2026-04-02,新疆友农科技集团,研发物料采购订单,物料类采购,2508-51201-0244,苏州磊均电子友限公司,计意强,骆富英,2026-04-02 17:46:26,2026-04-02 23:04:27,0000034070,795-000894,铜条,1300.00,13.00,0,2025-09-05,0000012521,0000012471,CGSQ-250905-000005,0.00,0.00,0.00,正常,正常
0000034064,01-HDKJ-CGDD-260402-012999,2026-04-02,新疆友农科技集团,研发物料采购订单,物料类采购,2508-51201-0244,苏州磊均电子友限公司,计意强,骆富英,2026-04-02 17:46:26,2026-04-02 23:04:27,0000034067,795-000895,铜条,300.00,13.00,0,2025-09-05,0000012522,0000012471,CGSQ-250905-000005,0.00,0.00,0.00,正常,正常
0000034051,01-HDKJ-CGDD-260402-0232-BJ,2026-04-02,新疆友农科技集团,生产项目采购订单,物料类采购,51204045,超城紧伱系统（苏州）有限公司,计意强,骆富英,2026-04-02 17:36:10,2026-04-02 23:04:31,0000034041,849-000877,M4*28_不锈钢法兰内六角机牙螺丝_整圈耐落,1000.00,13.00,0,2026-04-20,0000033368,0000033311,CGSQ-260401-000012,1000.00,0.00,1000.00,已关闭,正常
0000034051,01-HDKJ-CGDD-260402-0232-BJ,2026-04-02,新疆友农科技集团,生产项目采购订单,物料类采购,51204045,超城紧伱系统（苏州）有限公司,计意强,骆富英,2026-04-02 17:36:10,2026-04-02 23:04:31,0000034052,849-000871,M10*30_不锈钢杯头内六角滚花机牙螺丝,960.00,13.00,0,2026-04-20,0000033369,0000033311,CGSQ-260401-000012,960.00,0.00,960.00,已关闭,正常
0000034051,01-HDKJ-CGDD-260402-0232-BJ,2026-04-02,新疆友农科技集团,生产项目采购订单,物料类采购,51204045,超城紧伱系统（苏州）有限公司,计意强,骆富英,2026-04-02 17:36:10,2026-04-02 23:04:31,0000034042,849-000750,M4*30_不锈钢法兰内六角机牙螺丝_整圈耐落,2000.00,13.00,0,2026-04-20,0000033374,0000033311,CGSQ-260401-000012,2000.00,0.00,2000.00,已关闭,正常
0000034051,01-HDKJ-CGDD-260402-0232-BJ,2026-04-02,新疆友农科技集团,生产项目采购订单,物料类采购,51204045,超城紧伱系统（苏州）有限公司,计意强,骆富英,2026-04-02 17:36:10,2026-04-02 23:04:31,0000034053,849-000749,M4*24_不锈钢法兰内六角机牙螺丝_整圈耐落,9000.00,13.00,0,2026-04-20,0000033375,0000033311,CGSQ-260401-000012,9000.00,0.00,9000.00,已关闭,正常
0000034051,01-HDKJ-CGDD-260402-0232-BJ,2026-04-02,新疆友农科技集团,生产项目采购订单,物料类采购,51204045,超城紧伱系统（苏州）有限公司,计意强,骆富英,2026-04-02 17:36:10,2026-04-02 23:04:31,0000034043,849-000748,M8*30_不锈钢法兰内六角机牙螺丝_整圈耐落,240.00,13.00,0,2026-04-20,0000033376,0000033311,CGSQ-260401-000012,240.00,0.00,240.00,已关闭,正常
0000034051,01-HDKJ-CGDD-260402-0232-BJ,2026-04-02,新疆友农科技集团,生产项目采购订单,物料类采购,51204045,超城紧伱系统（苏州）有限公司,计意强,骆富英,2026-04-02 17:36:10,2026-04-02 23:04:31,0000034054,849-000351,M3*20_不锈钢内六角机牙螺丝_整圈耐落，带介,840.00,13.00,0,2026-04-20,0000033379,0000033311,CGSQ-260401-000012,840.00,0.00,840.00,已关闭,正常
0000034051,01-HDKJ-CGDD-260402-0232-BJ,2026-04-02,新疆友农科技集团,生产项目采购订单,物料类采购,51204045,超城紧伱系统（苏州）有限公司,计意强,骆富英,2026-04-02 17:36:10,2026-04-02 23:04:31,0000034044,849-000296,M6*12*1_不锈钢平垫,720.00,13.00,0,2026-04-20,0000033381,0000033311,CGSQ-260401-000012,720.00,0.00,720.00,已关闭,正常
0000034051,01-HDKJ-CGDD-260402-0232-BJ,2026-04-02,新疆友农科技集团,生产项目采购订单,物料类采购,51204045,超城紧伱系统（苏州）有限公司,计意强,骆富英,2026-04-02 17:36:10,2026-04-02 23:04:31,0000034055,849-000287,M4*20_不锈钢杯头内六角滚花机牙螺丝_整圈耐落,3760.00,13.00,0,2026-04-20,0000033384,0000033311,CGSQ-260401-000012,3760.00,0.00,3760.00,已关闭,正常
0000034051,01-HDKJ-CGDD-260402-0232-BJ,2026-04-02,新疆友农科技集团,生产项目采购订单,物料类采购,51204045,超城紧伱系统（苏州）有限公司,计意强,骆富英,2026-04-02 17:36:10,2026-04-02 23:04:31,0000034056,849-000953,M3*20_不锈钢法兰内六角机牙螺丝_整圈耐落,4340.00,13.00,0,2026-04-20,0000033412,0000033311,CGSQ-260401-000012,4340.00,0.00,4340.00,已关闭,正常
0000034051,01-HDKJ-CGDD-260402-0232-BJ,2026-04-02,新疆友农科技集团,生产项目采购订单,物料类采购,51204045,超城紧伱系统（苏州）有限公司,计意强,骆富英,2026-04-02 17:36:10,2026-04-02 23:04:31,0000034045,849-000808,M5*D4*L8_不锈钢销钉螺丝_整圈耐落,800.00,13.00,0,2026-04-20,0000033413,0000033311,CGSQ-260401-000012,800.00,0.00,800.00,已关闭,正常
0000034051,01-HDKJ-CGDD-260402-0232-BJ,2026-04-02,新疆友农科技集团,生产项目采购订单,物料类采购,51204045,超城紧伱系统（苏州）有限公司,计意强,骆富英,2026-04-02 17:36:10,2026-04-02 23:04:31,0000034057,849-000744,M3*25_不锈钢法兰内六角机牙螺丝_整圈耐落,1700.00,13.00,0,2026-04-20,0000033414,0000033311,CGSQ-260401-000012,1700.00,0.00,1700.00,已关闭,正常
0000034051,01-HDKJ-CGDD-260402-0232-BJ,2026-04-02,新疆友农科技集团,生产项目采购订单,物料类采购,51204045,超城紧伱系统（苏州）有限公司,计意强,骆富英,2026-04-02 17:36:10,2026-04-02 23:04:31,0000034046,849-000437,4*10+M3*6不锈钢塞打螺丝,480.00,13.00,0,2026-04-20,0000033415,0000033311,CGSQ-260401-000012,480.00,0.00,480.00,已关闭,正常
0000034051,01-HDKJ-CGDD-260402-0232-BJ,2026-04-02,新疆友农科技集团,生产项目采购订单,物料类采购,51204045,超城紧伱系统（苏州）有限公司,计意强,骆富英,2026-04-02 17:36:10,2026-04-02 23:04:31,0000034058,849-000914,M6防松螺母,280.00,13.00,0,2026-04-20,0000033427,0000033311,CGSQ-260401-000012,280.00,0.00,280.00,已关闭,正常
0000034051,01-HDKJ-CGDD-260402-0232-BJ,2026-04-02,新疆友农科技集团,生产项目采购订单,物料类采购,51204045,超城紧伱系统（苏州）有限公司,计意强,骆富英,2026-04-02 17:36:10,2026-04-02 23:04:31,0000034047,849-000751,M3*30_不锈钢法兰内六角机牙螺丝_整圈耐落,500.00,13.00,0,2026-04-20,0000033447,0000033311,CGSQ-260401-000012,500.00,0.00,500.00,已关闭,正常
0000034051,01-HDKJ-CGDD-260402-0232-BJ,2026-04-02,新疆友农科技集团,生产项目采购订单,物料类采购,51204045,超城紧伱系统（苏州）有限公司,计意强,骆富英,2026-04-02 17:36:10,2026-04-02 23:04:31,0000034059,849-000770,M4*8_不锈钢大平头倒边内六角机牙螺丝_整圈耐落,330.00,13.00,0,2026-04-20,0000033465,0000033311,CGSQ-260401-000012,330.00,0.00,330.00,已关闭,正常
0000034051,01-HDKJ-CGDD-260402-0232-BJ,2026-04-02,新疆友农科技集团,生产项目采购订单,物料类采购,51204045,超城紧伱系统（苏州）有限公司,计意强,骆富英,2026-04-02 17:36:10,2026-04-02 23:04:31,0000034048,849-000745,M4*45_不锈钢内六角机牙螺丝_整圈耐落,220.00,13.00,0,2026-04-20,0000033466,0000033311,CGSQ-260401-000012,220.00,0.00,220.00,已关闭,正常
0000034051,01-HDKJ-CGDD-260402-0232-BJ,2026-04-02,新疆友农科技集团,生产项目采购订单,物料类采购,51204045,超城紧伱系统（苏州）有限公司,计意强,骆富英,2026-04-02 17:36:10,2026-04-02 23:04:31,0000034060,849-000507,M4*6_不锈钢杯头内六角滚花机牙螺丝_整圈耐落,220.00,13.00,0,2026-04-20,0000033469,0000033311,CGSQ-260401-000012,220.00,0.00,220.00,已关闭,正常
0000034051,01-HDKJ-CGDD-260402-0232-BJ,2026-04-02,新疆友农科技集团,生产项目采购订单,物料类采购,51204045,超城紧伱系统（苏州）有限公司,计意强,骆富英,2026-04-02 17:36:10,2026-04-02 23:04:31,0000034049,849-000636,M2*4_不锈钢十字大扁头尖尾自攻螺丝,1000.00,13.00,0,2026-04-20,0000033283,0000033271,CGSQ-260401-000008,1000.00,0.00,1000.00,已关闭,正常
0000034051,01-HDKJ-CGDD-260402-0232-BJ,2026-04-02,新疆友农科技集团,生产项目采购订单,物料类采购,51204045,超城紧伱系统（苏州）有限公司,计意强,骆富英,2026-04-02 17:36:10,2026-04-02 23:04:31,0000034061,849-001097,M3*8沉头内六角点胶螺丝,2100.00,13.00,0,2026-04-20,0000033292,0000033271,CGSQ-260401-000008,2100.00,0.00,2100.00,已关闭,正常
0000034051,01-HDKJ-CGDD-260402-0232-BJ,2026-04-02,新疆友农科技集团,生产项目采购订单,物料类采购,51204045,超城紧伱系统（苏州）有限公司,计意强,骆富英,2026-04-02 17:36:10,2026-04-02 23:04:31,0000034050,795-001163,Φ5*6+M4*8不锈钢塞打螺丝,800.00,13.00,0,2026-04-20,0000033294,0000033271,CGSQ-260401-000008,800.00,0.00,800.00,已关闭,正常
0000034051,01-HDKJ-CGDD-260402-0232-BJ,2026-04-02,新疆友农科技集团,生产项目采购订单,物料类采购,51204045,超城紧伱系统（苏州）有限公司,计意强,骆富英,2026-04-02 17:36:10,2026-04-02 23:04:31,0000034062,849-000953,M3*20_不锈钢法兰内六角机牙螺丝_整圈耐落,1700.00,13.00,0,2026-04-20,0000033298,0000033271,CGSQ-260401-000008,1700.00,0.00,1700.00,已关闭,正常
0000034051,01-HDKJ-CGDD-260402-0232-BJ,2026-04-02,新疆友农科技集团,生产项目采购订单,物料类采购,51204045,超城紧伱系统（苏州）有限公司,计意强,骆富英,2026-04-02 17:36:10,2026-04-02 23:04:31,0000034063,795-001163,Φ5*6+M4*8不锈钢塞打螺丝,1120.00,13.00,0,2026-04-20,0000033409,0000033311,CGSQ-260401-000012,1120.00,0.00,1120.00,已关闭,正常
0000034031,01-HDKJ-CGDD-260402-012996,2026-04-02,新疆友农科技集团,生产项目采购订单,物料类采购,2509-51202-0313,苏州市巨新科电仔有限公司,计意强,葛霞,2026-04-02 17:05:12,2026-04-02 23:04:24,0000034033,539-000022,贴片电阻,15000.00,13.00,0,2026-04-15,0000031773,0000031768,CGSQ-260325-000025,0.00,0.00,0.00,已关闭,正常
0000034031,01-HDKJ-CGDD-260402-012996,2026-04-02,新疆友农科技集团,生产项目采购订单,物料类采购,2509-51202-0313,苏州市巨新科电仔有限公司,计意强,葛霞,2026-04-02 17:05:12,2026-04-02 23:04:24,0000034032,539-000110,贴片电阻,25000.00,13.00,0,2026-04-15,0000031775,0000031768,CGSQ-260325-000025,0.00,0.00,0.00,已关闭,正常
0000034031,01-HDKJ-CGDD-260402-012996,2026-04-02,新疆友农科技集团,生产项目采购订单,物料类采购,2509-51202-0313,苏州市巨新科电仔有限公司,计意强,葛霞,2026-04-02 17:05:12,2026-04-02 23:04:24,0000034034,539-000462,贴片电阻,10000.00,13.00,0,2026-04-15,0000031781,0000031768,CGSQ-260325-000025,0.00,0.00,0.00,已关闭,正常
0000034029,01-HDKJ-CGDD-260402-012994,2026-04-02,新疆友农科技集团,生产项目采购订单,物料类采购,75502049,深圳市阳和通甸子有限公司,计意强,葛霞,2026-04-02 16:50:29,2026-04-02 23:04:20,0000034030,725-000142,贴片陶瓷电容,52000.00,13.00,0,2026-04-15,0000031770,0000031768,CGSQ-260325-000025,0.00,0.00,0.00,正常,正常
0000033982,01-HDKJ-CGDD-260402-012991,2026-04-02,新疆友农科技集团,生产项目采购订单,物料类采购,2602-02101-0546,上海春阳滚塑制苹有限公司,姚秀磊,谭磊子,2026-04-02 15:34:40,2026-04-02 16:51:04,0000033981,165-003382,水箱本体,20.00,13.00,0,2026-03-23,0000027229,0000027223,CGSQ-260304-000016,20.00,0.00,20.00,已关闭,正常
0000033957,01-HDKJ-CGDD-260402-012984,2026-04-02,新疆友农科技集团,生产项目采购订单,物料类采购,76001009,中山市达尔科光学友限公司,昝敏,朱英,2026-04-02 14:01:11,2026-04-02 14:05:08,0000033958,165-001860,YN580探照灯透镜,500.00,13.00,0,2026-04-30,0000033956,0000033955,CGSQ-260402-000012,500.00,0.00,500.00,已关闭,正常
0000033878,01-HDKJ-CGDD-260402-0230-BJ,2026-04-02,新疆友农科技集团,生产项目采购订单,物料类采购,51204043,凯乐伯精倕塑胶模具（苏州）有限公司,王涛磊,朱英,2026-04-02 13:48:45,2026-04-02 14:27:58,0000033877,165-001881,"""YN580探照灯固定支架""",106.00,13.00,0,2026-04-20,0000033435,0000033311,CGSQ-260401-000012,106.00,0.00,106.00,已关闭,正常
0000033878,01-HDKJ-CGDD-260402-0230-BJ,2026-04-02,新疆友农科技集团,生产项目采购订单,物料类采购,51204043,凯乐伯精倕塑胶模具（苏州）有限公司,王涛磊,朱英,2026-04-02 13:48:45,2026-04-02 14:27:58,0000033879,165-001846,YN580脚架线卡,106.00,13.00,0,2026-04-20,0000033437,0000033311,CGSQ-260401-000012,106.00,0.00,106.00,已关闭,正常
0000033876,01-HDKJ-CGDD-260402-0229-BJ,2026-04-02,新疆友农科技集团,生产项目采购订单,物料类采购,5810109,嘉兴金峰精密模具友限公司,王涛磊,朱英,2026-04-02 13:48:12,2026-04-02 14:05:13,0000033875,165-001841,YN580机尾上外罩,53.00,13.00,0,2026-04-20,0000033395,0000033311,CGSQ-260401-000012,0.00,0.00,0.00,正常,正常
0000033874,01-HDKJ-CGDD-260402-012983,2026-04-02,新疆友农科技集团,生产项目采购订单,物料类采购,00104068,巨鹿县东风橡胶価（普通合伙）,王涛磊,朱英,2026-04-02 13:47:25,2026-04-02 14:05:19,0000033873,165-002363,YN580药箱盖加枪口端盖,110.00,13.00,0,2026-04-20,0000033279,0000033271,CGSQ-260401-000008,110.00,0.00,110.00,已关闭,正常
0000033870,01-HDKJ-CGDD-260402-012982,2026-04-02,新疆友农科技集团,生产项目采购订单,物料类采购,51201030,昆山腾富电子友限公司,王涛磊,蒋鹏,2026-04-02 13:41:36,2026-04-02 14:45:54,0000033868,770-000148,701帝硕八芯连接器,10000.00,13.00,0,2026-04-20,0000033861,0000033860,CGSQ-260402-000008,10000.00,0.00,10000.00,已关闭,正常
0000033870,01-HDKJ-CGDD-260402-012982,2026-04-02,新疆友农科技集团,生产项目采购订单,物料类采购,51201030,昆山腾富电子友限公司,王涛磊,蒋鹏,2026-04-02 13:41:36,2026-04-02 14:45:54,0000033871,770-000147,701帝硕七芯连接器,10000.00,13.00,0,2026-04-20,0000033862,0000033860,CGSQ-260402-000008,10000.00,0.00,10000.00,已关闭,正常
0000033870,01-HDKJ-CGDD-260402-012982,2026-04-02,新疆友农科技集团,生产项目采购订单,物料类采购,51201030,昆山腾富电子友限公司,王涛磊,蒋鹏,2026-04-02 13:41:36,2026-04-02 14:45:54,0000033869,849-000544,701帝硕七芯八芯连接器螺母,10000.00,13.00,0,2026-04-20,0000033863,0000033860,CGSQ-260402-000008,10000.00,0.00,10000.00,已关闭,正常
0000033870,01-HDKJ-CGDD-260402-012982,2026-04-02,新疆友农科技集团,生产项目采购订单,物料类采购,51201030,昆山腾富电子友限公司,王涛磊,蒋鹏,2026-04-02 13:41:36,2026-04-02 14:45:54,0000033872,795-000481,701帝硕七芯八芯连接器防尘塞,10000.00,13.00,0,2026-04-20,0000033864,0000033860,CGSQ-260402-000008,10000.00,0.00,10000.00,已关闭,正常
0000033866,02-KSHA-CGDD-260402-012981,2026-04-02,苏州友安电子科技有限公司,生产项目采购订单,物料类采购,57403018,苏洲誉腾模塑科技有限公司,王涛磊,朱英,2026-04-02 13:38:19,2026-04-02 14:05:22,0000033867,165-000280,3.5寸屏支架,500.00,13.00,0,2026-04-03,0000032931,0000032930,CGSQ-260330-000009,500.00,0.00,500.00,已关闭,正常
0000033856,01-HDKJ-CGDD-260402-012973,2026-04-02,新疆友农科技集团,生产项目采购订单,物料类采购,2508-51201-0266,昆山俖柏精密五金有限公司,高军,高军,2026-04-02 11:10:13,2026-04-02 12:11:32,0000033855,849-001350,M8称重计连接件,80.00,13.00,0,2026-03-31,0000031704,0000031703,CGSQ-260325-000007,80.00,0.00,80.00,已关闭,正常
0000033825,01-HDKJ-CGDD-260402-0228-BJ,2026-04-02,新疆友农科技集团,生产项目采购订单,物料类采购,57403039,苏州日争新精密技术有限工司,王涛磊,朱英,2026-04-02 11:04:36,2026-04-02 14:47:08,0000033817,165-002015,YN580机头主支架_新,156.00,13.00,0,2026-04-20,0000033323,0000033311,CGSQ-260401-000012,0.00,0.00,0.00,正常,正常
0000033825,01-HDKJ-CGDD-260402-0228-BJ,2026-04-02,新疆友农科技集团,生产项目采购订单,物料类采购,57403039,苏州日争新精密技术有限工司,王涛磊,朱英,2026-04-02 11:04:36,2026-04-02 14:47:08,0000033826,165-001910,YN580作业总线不锈钢压板,53.00,13.00,0,2026-04-20,0000033326,0000033311,CGSQ-260401-000012,53.00,0.00,53.00,已关闭,正常
0000033825,01-HDKJ-CGDD-260402-0228-BJ,2026-04-02,新疆友农科技集团,生产项目采购订单,物料类采购,57403039,苏州日争新精密技术有限工司,王涛磊,朱英,2026-04-02 11:04:36,2026-04-02 14:47:08,0000033818,165-001845,YN580后称重支架,53.00,13.00,0,2026-04-20,0000033332,0000033311,CGSQ-260401-000012,53.00,0.00,53.00,已关闭,正常
0000033825,01-HDKJ-CGDD-260402-0228-BJ,2026-04-02,新疆友农科技集团,生产项目采购订单,物料类采购,57403039,苏州日争新精密技术有限工司,王涛磊,朱英,2026-04-02 11:04:36,2026-04-02 14:47:08,0000033827,165-001837,YN580机尾铝挤支架,106.00,13.00,0,2026-04-20,0000033336,0000033311,CGSQ-260401-000012,106.00,0.00,106.00,已关闭,正常
0000033825,01-HDKJ-CGDD-260402-0228-BJ,2026-04-02,新疆友农科技集团,生产项目采购订单,物料类采购,57403039,苏州日争新精密技术有限工司,王涛磊,朱英,2026-04-02 11:04:36,2026-04-02 14:47:08,0000033819,165-001813,YN580关节转轴,240.00,13.00,0,2026-04-20,0000033347,0000033311,CGSQ-260401-000012,240.00,0.00,240.00,已关闭,正常
0000033825,01-HDKJ-CGDD-260402-0228-BJ,2026-04-02,新疆友农科技集团,生产项目采购订单,物料类采购,57403039,苏州日争新精密技术有限工司,王涛磊,朱英,2026-04-02 11:04:36,2026-04-02 14:47:08,0000033828,795-000755,YN580主梁-后,43.00,13.00,0,2026-04-20,0000033362,0000033311,CGSQ-260401-000012,43.00,0.00,43.00,已关闭,正常
0000033825,01-HDKJ-CGDD-260402-0228-BJ,2026-04-02,新疆友农科技集团,生产项目采购订单,物料类采购,57403039,苏州日争新精密技术有限工司,王涛磊,朱英,2026-04-02 11:04:36,2026-04-02 14:47:08,0000033820,795-000754,YN580主梁-前,43.00,13.00,0,2026-04-20,0000033363,0000033311,CGSQ-260401-000012,43.00,0.00,43.00,已关闭,正常
0000033825,01-HDKJ-CGDD-260402-0228-BJ,2026-04-02,新疆友农科技集团,生产项目采购订单,物料类采购,57403039,苏州日争新精密技术有限工司,王涛磊,朱英,2026-04-02 11:04:36,2026-04-02 14:47:08,0000033829,165-002272,YN580摇摆桨轴套,880.00,13.00,0,2026-04-20,0000033422,0000033311,CGSQ-260401-000012,880.00,0.00,880.00,已关闭,正常
0000033825,01-HDKJ-CGDD-260402-0228-BJ,2026-04-02,新疆友农科技集团,生产项目采购订单,物料类采购,57403039,苏州日争新精密技术有限工司,王涛磊,朱英,2026-04-02 11:04:36,2026-04-02 14:47:08,0000033821,165-002271,YN580摇摆桨夹螺柱,1760.00,13.00,0,2026-04-20,0000033423,0000033311,CGSQ-260401-000012,1760.00,0.00,1760.00,已关闭,正常
0000033825,01-HDKJ-CGDD-260402-0228-BJ,2026-04-02,新疆友农科技集团,生产项目采购订单,物料类采购,57403039,苏州日争新精密技术有限工司,王涛磊,朱英,2026-04-02 11:04:36,2026-04-02 14:47:08,0000033830,165-002270,YN580摇摆桨螺柱,880.00,13.00,0,2026-04-20,0000033424,0000033311,CGSQ-260401-000012,880.00,0.00,880.00,已关闭,正常
0000033825,01-HDKJ-CGDD-260402-0228-BJ,2026-04-02,新疆友农科技集团,生产项目采购订单,物料类采购,57403039,苏州日争新精密技术有限工司,王涛磊,朱英,2026-04-02 11:04:36,2026-04-02 14:47:08,0000033822,165-001779,YN580离心喷头固定座-后,150.00,13.00,0,2026-04-20,0000033431,0000033311,CGSQ-260401-000012,150.00,0.00,150.00,已关闭,正常
0000033825,01-HDKJ-CGDD-260402-0228-BJ,2026-04-02,新疆友农科技集团,生产项目采购订单,物料类采购,57403039,苏州日争新精密技术有限工司,王涛磊,朱英,2026-04-02 11:04:36,2026-04-02 14:47:08,0000033831,795-000760,YN580脚架横梁-后,200.00,13.00,0,2026-04-20,0000033440,0000033311,CGSQ-260401-000012,200.00,0.00,200.00,已关闭,正常
0000033825,01-HDKJ-CGDD-260402-0228-BJ,2026-04-02,新疆友农科技集团,生产项目采购订单,物料类采购,57403039,苏州日争新精密技术有限工司,王涛磊,朱英,2026-04-02 11:04:36,2026-04-02 14:47:08,0000033823,795-000759,YN580脚架横梁-前,200.00,13.00,0,2026-04-20,0000033441,0000033311,CGSQ-260401-000012,200.00,0.00,200.00,已关闭,正常
0000033825,01-HDKJ-CGDD-260402-0228-BJ,2026-04-02,新疆友农科技集团,生产项目采购订单,物料类采购,57403039,苏州日争新精密技术有限工司,王涛磊,朱英,2026-04-02 11:04:36,2026-04-02 14:47:08,0000033832,795-000758,YN580脚架弯管,220.00,13.00,0,2026-04-20,0000033442,0000033311,CGSQ-260401-000012,0.00,0.00,0.00,正常,正常
0000033825,01-HDKJ-CGDD-260402-0228-BJ,2026-04-02,新疆友农科技集团,生产项目采购订单,物料类采购,57403039,苏州日争新精密技术有限工司,王涛磊,朱英,2026-04-02 11:04:36,2026-04-02 14:47:08,0000033824,849-000713,YN540S-药箱防松车件,55.00,13.00,0,2026-04-20,0000033468,0000033311,CGSQ-260401-000012,55.00,0.00,55.00,已关闭,正常
0000033816,01-HDKJ-CGDD-260402-0227-BJ,2026-04-02,新疆友农科技集团,生产项目采购订单,物料类采购,57403031,苏州禾佳顺电子科技有限公司,王涛磊,朱英,2026-04-02 11:03:54,2026-04-02 11:06:27,0000033815,165-002650,YN580摇摆桨CCW_CW桨夹-TUS304耐磨片,480.00,13.00,0,2026-04-20,0000033418,0000033311,CGSQ-260401-000012,480.00,0.00,480.00,已关闭,正常
0000033812,01-HDKJ-CGDD-260402-0226-BJ,2026-04-02,新疆友农科技集团,生产项目采购订单,物料类采购,2508-51201-0266,昆山俖柏精密五金有限公司,王涛磊,朱英,2026-04-02 11:03:08,2026-04-02 14:47:08,0000033814,165-002738,150分电板螺丝轴套,280.00,13.00,0,2026-04-20,0000033322,0000033311,CGSQ-260401-000012,280.00,0.00,280.00,已关闭,正常
0000033812,01-HDKJ-CGDD-260402-0226-BJ,2026-04-02,新疆友农科技集团,生产项目采购订单,物料类采购,2508-51201-0266,昆山俖柏精密五金有限公司,王涛磊,朱英,2026-04-02 11:03:08,2026-04-02 14:47:08,0000033813,795-001142,580V3电机固定座,252.00,13.00,0,2026-04-20,0000033410,0000033311,CGSQ-260401-000012,252.00,0.00,252.00,已关闭,正常
0000033791,01-HDKJ-CGDD-260402-012969,2026-04-02,新疆友农科技集团,生产项目采购订单,物料类采购,00104068,巨鹿县东风橡胶価（普通合伙）,王涛磊,朱英,2026-04-02 10:54:01,2026-04-02 10:55:17,0000033793,165-002537,密封圈外径17.61*2.62,130.00,13.00,0,2026-04-20,0000033275,0000033271,CGSQ-260401-000008,130.00,0.00,130.00,已关闭,正常
0000033791,01-HDKJ-CGDD-260402-012969,2026-04-02,新疆友农科技集团,生产项目采购订单,物料类采购,00104068,巨鹿县东风橡胶価（普通合伙）,王涛磊,朱英,2026-04-02 10:54:01,2026-04-02 10:55:17,0000033792,165-002364,YN580药箱盖加枪口固定环,110.00,13.00,0,2026-04-20,0000033280,0000033271,CGSQ-260401-000008,110.00,0.00,110.00,已关闭,正常
0000033791,01-HDKJ-CGDD-260402-012969,2026-04-02,新疆友农科技集团,生产项目采购订单,物料类采购,00104068,巨鹿县东风橡胶価（普通合伙）,王涛磊,朱英,2026-04-02 10:54:01,2026-04-02 10:55:17,0000033794,165-002932,YC632导胶圈,200.00,13.00,0,2026-04-20,0000033305,0000033271,CGSQ-260401-000008,200.00,0.00,200.00,已关闭,正常
0000033785,01-HDKJ-CGDD-260402-0225-BJ,2026-04-02,新疆友农科技集团,生产项目采购订单,物料类采购,00104068,巨鹿县东风橡胶価（普通合伙）,王涛磊,朱英,2026-04-02 10:53:40,2026-04-02 10:55:23,0000033788,165-003221,580V3图传天线固定带,206.00,13.00,0,2026-04-20,0000033397,0000033311,CGSQ-260401-000012,206.00,0.00,206.00,已关闭,正常
0000033785,01-HDKJ-CGDD-260402-0225-BJ,2026-04-02,新疆友农科技集团,生产项目采购订单,物料类采购,00104068,巨鹿县东风橡胶価（普通合伙）,王涛磊,朱英,2026-04-02 10:53:40,2026-04-02 10:55:23,0000033786,165-002594,150正负极防水盖密封圈,500.00,13.00,0,2026-04-20,0000033404,0000033311,CGSQ-260401-000012,500.00,0.00,500.00,已关闭,正常
0000033785,01-HDKJ-CGDD-260402-0225-BJ,2026-04-02,新疆友农科技集团,生产项目采购订单,物料类采购,00104068,巨鹿县东风橡胶価（普通合伙）,王涛磊,朱英,2026-04-02 10:53:40,2026-04-02 10:55:23,0000033789,165-002593,150电调三相电防水盖密封圈,700.00,13.00,0,2026-04-20,0000033405,0000033311,CGSQ-260401-000012,700.00,0.00,700.00,已关闭,正常
0000033785,01-HDKJ-CGDD-260402-0225-BJ,2026-04-02,新疆友农科技集团,生产项目采购订单,物料类采购,00104068,巨鹿县东风橡胶価（普通合伙）,王涛磊,朱英,2026-04-02 10:53:40,2026-04-02 10:55:23,0000033787,165-001987,YN580雷达硅胶堵头2,120.00,13.00,0,2026-04-20,0000033433,0000033311,CGSQ-260401-000012,120.00,0.00,120.00,已关闭,正常
0000033785,01-HDKJ-CGDD-260402-0225-BJ,2026-04-02,新疆友农科技集团,生产项目采购订单,物料类采购,00104068,巨鹿县东风橡胶価（普通合伙）,王涛磊,朱英,2026-04-02 10:53:40,2026-04-02 10:55:23,0000033790,165-001986,YN580雷达硅胶堵头1,140.00,13.00,0,2026-04-20,0000033434,0000033311,CGSQ-260401-000012,140.00,0.00,140.00,已关闭,正常
0000033782,01-HDKJ-CGDD-260402-012967,2026-04-02,新疆友农科技集团,生产项目采购订单,物料类采购,5810109,嘉兴金峰精密模具友限公司,王涛磊,朱英,2026-04-02 10:52:57,2026-04-02 10:55:22,0000033780,795-000776,YN580-L型宝塔接头,130.00,13.00,0,2026-04-20,0000033272,0000033271,CGSQ-260401-000008,130.00,0.00,130.00,已关闭,正常
0000033782,01-HDKJ-CGDD-260402-012967,2026-04-02,新疆友农科技集团,生产项目采购订单,物料类采购,5810109,嘉兴金峰精密模具友限公司,王涛磊,朱英,2026-04-02 10:52:57,2026-04-02 10:55:22,0000033783,165-001444,YN540S-E14止回阀活塞,100.00,13.00,0,2026-04-20,0000033276,0000033271,CGSQ-260401-000008,100.00,0.00,100.00,已关闭,正常
0000033782,01-HDKJ-CGDD-260402-012967,2026-04-02,新疆友农科技集团,生产项目采购订单,物料类采购,5810109,嘉兴金峰精密模具友限公司,王涛磊,朱英,2026-04-02 10:52:57,2026-04-02 10:55:22,0000033781,795-000667,YN540S-E14手拧水管螺母,180.00,13.00,0,2026-04-20,0000033293,0000033271,CGSQ-260401-000008,180.00,0.00,180.00,已关闭,正常
0000033782,01-HDKJ-CGDD-260402-012967,2026-04-02,新疆友农科技集团,生产项目采购订单,物料类采购,5810109,嘉兴金峰精密模具友限公司,王涛磊,朱英,2026-04-02 10:52:57,2026-04-02 10:55:22,0000033784,165-001790,YN580_离心喷头软连接件,200.00,13.00,0,2026-04-20,0000033295,0000033271,CGSQ-260401-000008,200.00,0.00,200.00,已关闭,正常
0000033771,01-HDKJ-CGDD-260402-0224-BJ,2026-04-02,新疆友农科技集团,生产项目采购订单,物料类采购,5810109,嘉兴金峰精密模具友限公司,王涛磊,朱英,2026-04-02 10:51:57,2026-04-02 14:50:09,0000033762,165-001809,YN580脚架连接件-4号,83.00,13.00,0,2026-04-20,0000033348,0000033311,CGSQ-260401-000012,0.00,0.00,0.00,正常,正常
0000033771,01-HDKJ-CGDD-260402-0224-BJ,2026-04-02,新疆友农科技集团,生产项目采购订单,物料类采购,5810109,嘉兴金峰精密模具友限公司,王涛磊,朱英,2026-04-02 10:51:57,2026-04-02 14:50:09,0000033772,165-001808,YN580脚架连接件-3号,83.00,13.00,0,2026-04-20,0000033349,0000033311,CGSQ-260401-000012,83.00,0.00,83.00,已关闭,正常
0000033771,01-HDKJ-CGDD-260402-0224-BJ,2026-04-02,新疆友农科技集团,生产项目采购订单,物料类采购,5810109,嘉兴金峰精密模具友限公司,王涛磊,朱英,2026-04-02 10:51:57,2026-04-02 14:50:09,0000033763,165-001807,YN580脚架连接件-2号,83.00,13.00,0,2026-04-20,0000033350,0000033311,CGSQ-260401-000012,83.00,0.00,83.00,已关闭,正常
0000033771,01-HDKJ-CGDD-260402-0224-BJ,2026-04-02,新疆友农科技集团,生产项目采购订单,物料类采购,5810109,嘉兴金峰精密模具友限公司,王涛磊,朱英,2026-04-02 10:51:57,2026-04-02 14:50:09,0000033773,165-001806,YN580脚架连接件-1号,83.00,13.00,0,2026-04-20,0000033351,0000033311,CGSQ-260401-000012,83.00,0.00,83.00,已关闭,正常
0000033771,01-HDKJ-CGDD-260402-0224-BJ,2026-04-02,新疆友农科技集团,生产项目采购订单,物料类采购,5810109,嘉兴金峰精密模具友限公司,王涛磊,朱英,2026-04-02 10:51:57,2026-04-02 14:50:09,0000033764,165-001801,YN580内关节-4号,85.00,13.00,0,2026-04-20,0000033354,0000033311,CGSQ-260401-000012,0.00,0.00,0.00,正常,正常
0000033771,01-HDKJ-CGDD-260402-0224-BJ,2026-04-02,新疆友农科技集团,生产项目采购订单,物料类采购,5810109,嘉兴金峰精密模具友限公司,王涛磊,朱英,2026-04-02 10:51:57,2026-04-02 14:50:09,0000033774,165-001800,YN580内关节-3号,85.00,13.00,0,2026-04-20,0000033355,0000033311,CGSQ-260401-000012,0.00,0.00,0.00,正常,正常
0000033771,01-HDKJ-CGDD-260402-0224-BJ,2026-04-02,新疆友农科技集团,生产项目采购订单,物料类采购,5810109,嘉兴金峰精密模具友限公司,王涛磊,朱英,2026-04-02 10:51:57,2026-04-02 14:50:09,0000033765,165-001799,YN580内关节-2号,85.00,13.00,0,2026-04-20,0000033356,0000033311,CGSQ-260401-000012,0.00,0.00,0.00,正常,正常
0000033771,01-HDKJ-CGDD-260402-0224-BJ,2026-04-02,新疆友农科技集团,生产项目采购订单,物料类采购,5810109,嘉兴金峰精密模具友限公司,王涛磊,朱英,2026-04-02 10:51:57,2026-04-02 14:50:09,0000033775,165-001798,YN580内关节-1号,85.00,13.00,0,2026-04-20,0000033357,0000033311,CGSQ-260401-000012,0.00,0.00,0.00,正常,正常
0000033771,01-HDKJ-CGDD-260402-0224-BJ,2026-04-02,新疆友农科技集团,生产项目采购订单,物料类采购,5810109,嘉兴金峰精密模具友限公司,王涛磊,朱英,2026-04-02 10:51:57,2026-04-02 14:50:09,0000033766,165-001764,YN580关节锁扣组件_黑色版,252.00,13.00,0,2026-04-20,0000033358,0000033311,CGSQ-260401-000012,0.00,0.00,0.00,正常,正常
0000033771,01-HDKJ-CGDD-260402-0224-BJ,2026-04-02,新疆友农科技集团,生产项目采购订单,物料类采购,5810109,嘉兴金峰精密模具友限公司,王涛磊,朱英,2026-04-02 10:51:57,2026-04-02 14:50:09,0000033776,795-000668,YN540S-E14水管螺母,486.00,13.00,0,2026-04-20,0000033364,0000033311,CGSQ-260401-000012,256.00,0.00,256.00,正常,正常
0000033771,01-HDKJ-CGDD-260402-0224-BJ,2026-04-02,新疆友农科技集团,生产项目采购订单,物料类采购,5810109,嘉兴金峰精密模具友限公司,王涛磊,朱英,2026-04-02 10:51:57,2026-04-02 14:50:09,0000033767,795-000667,YN540S-E14手拧水管螺母,264.00,13.00,0,2026-04-20,0000033365,0000033311,CGSQ-260401-000012,264.00,0.00,264.00,已关闭,正常
0000033771,01-HDKJ-CGDD-260402-0224-BJ,2026-04-02,新疆友农科技集团,生产项目采购订单,物料类采购,5810109,嘉兴金峰精密模具友限公司,王涛磊,朱英,2026-04-02 10:51:57,2026-04-02 14:50:09,0000033768,165-001820,YN580机头下外罩,90.00,13.00,0,2026-04-20,0000033391,0000033311,CGSQ-260401-000012,0.00,0.00,0.00,正常,正常
0000033771,01-HDKJ-CGDD-260402-0224-BJ,2026-04-02,新疆友农科技集团,生产项目采购订单,物料类采购,5810109,嘉兴金峰精密模具友限公司,王涛磊,朱英,2026-04-02 10:51:57,2026-04-02 14:50:09,0000033777,165-001842,YN580机尾下外罩,90.00,13.00,0,2026-04-20,0000033392,0000033311,CGSQ-260401-000012,0.00,0.00,0.00,正常,正常
0000033771,01-HDKJ-CGDD-260402-0224-BJ,2026-04-02,新疆友农科技集团,生产项目采购订单,物料类采购,5810109,嘉兴金峰精密模具友限公司,王涛磊,朱英,2026-04-02 10:51:57,2026-04-02 14:50:09,0000033769,165-003237,580V3机头上外罩橙色,50.00,13.00,0,2026-04-20,0000033394,0000033311,CGSQ-260401-000012,50.00,0.00,50.00,已关闭,正常
0000033771,01-HDKJ-CGDD-260402-0224-BJ,2026-04-02,新疆友农科技集团,生产项目采购订单,物料类采购,5810109,嘉兴金峰精密模具友限公司,王涛磊,朱英,2026-04-02 10:51:57,2026-04-02 14:50:09,0000033778,165-001843,YN580机尾上外罩盖板,50.00,13.00,0,2026-04-20,0000033396,0000033311,CGSQ-260401-000012,0.00,0.00,0.00,正常,正常
0000033771,01-HDKJ-CGDD-260402-0224-BJ,2026-04-02,新疆友农科技集团,生产项目采购订单,物料类采购,5810109,嘉兴金峰精密模具友限公司,王涛磊,朱英,2026-04-02 10:51:57,2026-04-02 14:50:09,0000033770,165-001344,YN540S-药箱四通手拧旋盖,220.00,13.00,0,2026-04-20,0000033459,0000033311,CGSQ-260401-000012,0.00,0.00,0.00,正常,正常
0000033771,01-HDKJ-CGDD-260402-0224-BJ,2026-04-02,新疆友农科技集团,生产项目采购订单,物料类采购,5810109,嘉兴金峰精密模具友限公司,王涛磊,朱英,2026-04-02 10:51:57,2026-04-02 14:50:09,0000033779,165-001343,YN540S-药箱出药口四通,300.00,13.00,0,2026-04-20,0000033460,0000033311,CGSQ-260401-000012,0.00,0.00,0.00,正常,正常
0000033759,01-HDKJ-CGDD-260402-012966,2026-04-02,新疆友农科技集团,生产项目采购订单,物料类采购,51204043,凯乐伯精倕塑胶模具（苏州）有限公司,王涛磊,朱英,2026-04-02 10:50:59,2026-04-02 10:55:41,0000033761,795-000761,YN580止回阀E14接头,130.00,13.00,0,2026-04-20,0000033273,0000033271,CGSQ-260401-000008,130.00,0.00,130.00,已关闭,正常
0000033759,01-HDKJ-CGDD-260402-012966,2026-04-02,新疆友农科技集团,生产项目采购订单,物料类采购,51204043,凯乐伯精倕塑胶模具（苏州）有限公司,王涛磊,朱英,2026-04-02 10:50:59,2026-04-02 10:55:41,0000033760,165-003342,580V3单向阀,210.00,13.00,0,2026-04-20,0000033296,0000033271,CGSQ-260401-000008,0.00,0.00,0.00,正常,正常
0000033750,01-HDKJ-CGDD-260402-0223-BJ,2026-04-02,新疆友农科技集团,生产项目采购订单,物料类采购,51204043,凯乐伯精倕塑胶模具（苏州）有限公司,王涛磊,朱英,2026-04-02 10:50:36,2026-04-02 10:55:35,0000033742,165-003355,580V3摄像头主支架,53.00,13.00,0,2026-04-20,0000033312,0000033311,CGSQ-260401-000012,10.00,0.00,10.00,正常,正常
0000033750,01-HDKJ-CGDD-260402-0223-BJ,2026-04-02,新疆友农科技集团,生产项目采购订单,物料类采购,51204043,凯乐伯精倕塑胶模具（苏州）有限公司,王涛磊,朱英,2026-04-02 10:50:36,2026-04-02 10:55:35,0000033751,165-003215,580V3左下管夹,53.00,13.00,0,2026-04-20,0000033316,0000033311,CGSQ-260401-000012,53.00,0.00,53.00,已关闭,正常
0000033750,01-HDKJ-CGDD-260402-0223-BJ,2026-04-02,新疆友农科技集团,生产项目采购订单,物料类采购,51204043,凯乐伯精倕塑胶模具（苏州）有限公司,王涛磊,朱英,2026-04-02 10:50:36,2026-04-02 10:55:35,0000033743,165-003207,580V3分电板转接支架,53.00,13.00,0,2026-04-20,0000033317,0000033311,CGSQ-260401-000012,53.00,0.00,53.00,已关闭,正常
0000033750,01-HDKJ-CGDD-260402-0223-BJ,2026-04-02,新疆友农科技集团,生产项目采购订单,物料类采购,51204043,凯乐伯精倕塑胶模具（苏州）有限公司,王涛磊,朱英,2026-04-02 10:50:36,2026-04-02 10:55:35,0000033752,165-003206,580V3电池托架组件_右,53.00,13.00,0,2026-04-20,0000033318,0000033311,CGSQ-260401-000012,4.00,0.00,4.00,正常,正常
0000033750,01-HDKJ-CGDD-260402-0223-BJ,2026-04-02,新疆友农科技集团,生产项目采购订单,物料类采购,51204043,凯乐伯精倕塑胶模具（苏州）有限公司,王涛磊,朱英,2026-04-02 10:50:36,2026-04-02 10:55:35,0000033744,165-003205,580V3电池托架组件_左,53.00,13.00,0,2026-04-20,0000033319,0000033311,CGSQ-260401-000012,53.00,0.00,53.00,已关闭,正常
0000033750,01-HDKJ-CGDD-260402-0223-BJ,2026-04-02,新疆友农科技集团,生产项目采购订单,物料类采购,51204043,凯乐伯精倕塑胶模具（苏州）有限公司,王涛磊,朱英,2026-04-02 10:50:36,2026-04-02 10:55:35,0000033753,165-003103,580V3右下管夹,53.00,13.00,0,2026-04-20,0000033320,0000033311,CGSQ-260401-000012,53.00,0.00,53.00,已关闭,正常
0000033750,01-HDKJ-CGDD-260402-0223-BJ,2026-04-02,新疆友农科技集团,生产项目采购订单,物料类采购,51204043,凯乐伯精倕塑胶模具（苏州）有限公司,王涛磊,朱英,2026-04-02 10:50:36,2026-04-02 10:55:35,0000033745,165-002005,YN580线夹固定上盖,212.00,13.00,0,2026-04-20,0000033324,0000033311,CGSQ-260401-000012,212.00,0.00,212.00,已关闭,正常
0000033750,01-HDKJ-CGDD-260402-0223-BJ,2026-04-02,新疆友农科技集团,生产项目采购订单,物料类采购,51204043,凯乐伯精倕塑胶模具（苏州）有限公司,王涛磊,朱英,2026-04-02 10:50:36,2026-04-02 10:55:35,0000033754,165-002004,YN580线夹固定底座,212.00,13.00,0,2026-04-20,0000033325,0000033311,CGSQ-260401-000012,212.00,0.00,212.00,已关闭,正常
0000033750,01-HDKJ-CGDD-260402-0223-BJ,2026-04-02,新疆友农科技集团,生产项目采购订单,物料类采购,51204043,凯乐伯精倕塑胶模具（苏州）有限公司,王涛磊,朱英,2026-04-02 10:50:36,2026-04-02 10:55:35,0000033746,165-001876,YN580称重计底座后,54.00,13.00,0,2026-04-20,0000033329,0000033311,CGSQ-260401-000012,54.00,0.00,54.00,已关闭,正常
0000033750,01-HDKJ-CGDD-260402-0223-BJ,2026-04-02,新疆友农科技集团,生产项目采购订单,物料类采购,51204043,凯乐伯精倕塑胶模具（苏州）有限公司,王涛磊,朱英,2026-04-02 10:50:36,2026-04-02 10:55:35,0000033755,165-001875,YN580称重计底座右,53.00,13.00,0,2026-04-20,0000033330,0000033311,CGSQ-260401-000012,53.00,0.00,53.00,已关闭,正常
0000033750,01-HDKJ-CGDD-260402-0223-BJ,2026-04-02,新疆友农科技集团,生产项目采购订单,物料类采购,51204043,凯乐伯精倕塑胶模具（苏州）有限公司,王涛磊,朱英,2026-04-02 10:50:36,2026-04-02 10:55:35,0000033747,165-001874,YN580称重计底座左,53.00,13.00,0,2026-04-20,0000033331,0000033311,CGSQ-260401-000012,53.00,0.00,53.00,已关闭,正常
0000033750,01-HDKJ-CGDD-260402-0223-BJ,2026-04-02,新疆友农科技集团,生产项目采购订单,物料类采购,51204043,凯乐伯精倕塑胶模具（苏州）有限公司,王涛磊,朱英,2026-04-02 10:50:36,2026-04-02 10:55:35,0000033756,165-001827,YN580雷达探照灯线卡,215.00,13.00,0,2026-04-20,0000033343,0000033311,CGSQ-260401-000012,215.00,0.00,215.00,已关闭,正常
0000033750,01-HDKJ-CGDD-260402-0223-BJ,2026-04-02,新疆友农科技集团,生产项目采购订单,物料类采购,51204043,凯乐伯精倕塑胶模具（苏州）有限公司,王涛磊,朱英,2026-04-02 10:50:36,2026-04-02 10:55:35,0000033748,165-003218,580V3电机线束固定座,212.00,13.00,0,2026-04-20,0000033399,0000033311,CGSQ-260401-000012,212.00,0.00,212.00,已关闭,正常
0000033750,01-HDKJ-CGDD-260402-0223-BJ,2026-04-02,新疆友农科技集团,生产项目采购订单,物料类采购,51204043,凯乐伯精倕塑胶模具（苏州）有限公司,王涛磊,朱英,2026-04-02 10:50:36,2026-04-02 10:55:35,0000033757,165-003217,580V3电调线束固定座,212.00,13.00,0,2026-04-20,0000033400,0000033311,CGSQ-260401-000012,212.00,0.00,212.00,已关闭,正常
0000033750,01-HDKJ-CGDD-260402-0223-BJ,2026-04-02,新疆友农科技集团,生产项目采购订单,物料类采购,51204043,凯乐伯精倕塑胶模具（苏州）有限公司,王涛磊,朱英,2026-04-02 10:50:36,2026-04-02 10:55:35,0000033749,165-003102,580V3端部压线盖板,212.00,13.00,0,2026-04-20,0000033401,0000033311,CGSQ-260401-000012,212.00,0.00,212.00,已关闭,正常
0000033750,01-HDKJ-CGDD-260402-0223-BJ,2026-04-02,新疆友农科技集团,生产项目采购订单,物料类采购,51204043,凯乐伯精倕塑胶模具（苏州）有限公司,王涛磊,朱英,2026-04-02 10:50:36,2026-04-02 10:55:35,0000033758,165-001847,YN580雷达吊装件,60.00,13.00,0,2026-04-20,0000033436,0000033311,CGSQ-260401-000012,46.00,0.00,46.00,正常,正常
0000033740,01-HDKJ-CGDD-260402-012965,2026-04-02,新疆友农科技集团,生产项目采购订单,物料类采购,51301006,佳威科技（海安）有线公司,王涛磊,朱英,2026-04-02 10:49:54,2026-04-02 10:55:33,0000033741,795-001043,YC632喷头上端盖B,200.00,13.00,0,2026-04-20,0000033301,0000033271,CGSQ-260401-000008,0.00,0.00,0.00,正常,已终止
0000033737,01-HDKJ-CGDD-260402-012964,2026-04-02,新疆友农科技集团,生产项目采购订单,物料类采购,76901001,东宛市旺洋五金电子科技有限公司,王涛磊,朱英,2026-04-02 10:49:27,2026-04-02 10:55:33,0000033739,849-000613,YN540S-药箱盖限位不锈钢片,110.00,13.00,0,2026-04-20,0000033281,0000033271,CGSQ-260401-000008,110.00,0.00,110.00,已关闭,正常
0000033737,01-HDKJ-CGDD-260402-012964,2026-04-02,新疆友农科技集团,生产项目采购订单,物料类采购,76901001,东宛市旺洋五金电子科技有限公司,王涛磊,朱英,2026-04-02 10:49:27,2026-04-02 10:55:33,0000033738,165-002630,YN580摇摆桨基座-10,300.00,13.00,0,2026-04-20,0000033289,0000033271,CGSQ-260401-000008,300.00,0.00,300.00,已关闭,正常
0000033734,01-HDKJ-CGDD-260402-0222-BJ,2026-04-02,新疆友农科技集团,生产项目采购订单,物料类采购,76901001,东宛市旺洋五金电子科技有限公司,王涛磊,朱英,2026-04-02 10:49:08,2026-04-02 14:49:22,0000033731,165-003229,580V3左方梁,43.00,13.00,0,2026-04-20,0000033313,0000033311,CGSQ-260401-000012,0.00,0.00,0.00,正常,正常
0000033734,01-HDKJ-CGDD-260402-0222-BJ,2026-04-02,新疆友农科技集团,生产项目采购订单,物料类采购,76901001,东宛市旺洋五金电子科技有限公司,王涛磊,朱英,2026-04-02 10:49:08,2026-04-02 14:49:22,0000033735,165-002759,150电池固定扣,53.00,13.00,0,2026-04-20,0000033321,0000033311,CGSQ-260401-000012,53.00,0.00,53.00,已关闭,正常
0000033734,01-HDKJ-CGDD-260402-0222-BJ,2026-04-02,新疆友农科技集团,生产项目采购订单,物料类采购,76901001,东宛市旺洋五金电子科技有限公司,王涛磊,朱英,2026-04-02 10:49:08,2026-04-02 14:49:22,0000033732,795-001164,580V3右方梁,43.00,13.00,0,2026-04-20,0000033361,0000033311,CGSQ-260401-000012,0.00,0.00,0.00,正常,正常
0000033734,01-HDKJ-CGDD-260402-0222-BJ,2026-04-02,新疆友农科技集团,生产项目采购订单,物料类采购,76901001,东宛市旺洋五金电子科技有限公司,王涛磊,朱英,2026-04-02 10:49:08,2026-04-02 14:49:22,0000033736,165-002273,YN580摇摆桨CW桨夹,440.00,13.00,0,2026-04-20,0000033421,0000033311,CGSQ-260401-000012,280.00,0.00,280.00,正常,正常
0000033734,01-HDKJ-CGDD-260402-0222-BJ,2026-04-02,新疆友农科技集团,生产项目采购订单,物料类采购,76901001,东宛市旺洋五金电子科技有限公司,王涛磊,朱英,2026-04-02 10:49:08,2026-04-02 14:49:22,0000033733,165-002269,YN580摇摆桨CCW桨夹,440.00,13.00,0,2026-04-20,0000033425,0000033311,CGSQ-260401-000012,234.00,0.00,234.00,正常,正常
0000033726,01-HDKJ-CGDD-260402-0221-BJ,2026-04-02,新疆友农科技集团,生产项目采购订单,物料类采购,76904023,东莞市康顺连接科技有线公司,王涛磊,蒋鹏,2026-04-02 10:48:06,2026-04-02 14:45:42,0000033721,770-000152,4P连接器堵头-新,150.00,13.00,0,2026-04-20,0000033386,0000033311,CGSQ-260401-000012,150.00,0.00,150.00,已关闭,正常
0000033726,01-HDKJ-CGDD-260402-0221-BJ,2026-04-02,新疆友农科技集团,生产项目采购订单,物料类采购,76904023,东莞市康顺连接科技有线公司,王涛磊,蒋鹏,2026-04-02 10:48:06,2026-04-02 14:45:42,0000033727,770-000132,4+4P连接器堵头,120.00,13.00,0,2026-04-20,0000033387,0000033311,CGSQ-260401-000012,120.00,0.00,120.00,已关闭,正常
0000033726,01-HDKJ-CGDD-260402-0221-BJ,2026-04-02,新疆友农科技集团,生产项目采购订单,物料类采购,76904023,东莞市康顺连接科技有线公司,王涛磊,蒋鹏,2026-04-02 10:48:06,2026-04-02 14:45:42,0000033722,994-000418,YN580作业总线,53.00,13.00,0,2026-04-20,0000033388,0000033311,CGSQ-260401-000012,53.00,0.00,53.00,已关闭,正常
0000033726,01-HDKJ-CGDD-260402-0221-BJ,2026-04-02,新疆友农科技集团,生产项目采购订单,物料类采购,76904023,东莞市康顺连接科技有线公司,王涛磊,蒋鹏,2026-04-02 10:48:06,2026-04-02 14:45:42,0000033728,994-000410,YN580机头机尾信号线束,85.00,13.00,0,2026-04-20,0000033389,0000033311,CGSQ-260401-000012,85.00,0.00,85.00,已关闭,正常
0000033726,01-HDKJ-CGDD-260402-0221-BJ,2026-04-02,新疆友农科技集团,生产项目采购订单,物料类采购,76904023,东莞市康顺连接科技有线公司,王涛磊,蒋鹏,2026-04-02 10:48:06,2026-04-02 14:45:42,0000033723,994-000409,YN580后接口板电源线束,85.00,13.00,0,2026-04-20,0000033390,0000033311,CGSQ-260401-000012,85.00,0.00,85.00,已关闭,正常
0000033726,01-HDKJ-CGDD-260402-0221-BJ,2026-04-02,新疆友农科技集团,生产项目采购订单,物料类采购,76904023,东莞市康顺连接科技有线公司,王涛磊,蒋鹏,2026-04-02 10:48:06,2026-04-02 14:45:42,0000033729,994-000714,580V3后机臂电子调速电源线（3，4号）,110.00,13.00,0,2026-04-20,0000033416,0000033311,CGSQ-260401-000012,110.00,0.00,110.00,已关闭,正常
0000033726,01-HDKJ-CGDD-260402-0221-BJ,2026-04-02,新疆友农科技集团,生产项目采购订单,物料类采购,76904023,东莞市康顺连接科技有线公司,王涛磊,蒋鹏,2026-04-02 10:48:06,2026-04-02 14:45:42,0000033724,994-000713,580V3前机臂电子调速电源线（1，2号）,110.00,13.00,0,2026-04-20,0000033417,0000033311,CGSQ-260401-000012,110.00,0.00,110.00,已关闭,正常
0000033726,01-HDKJ-CGDD-260402-0221-BJ,2026-04-02,新疆友农科技集团,生产项目采购订单,物料类采购,76904023,东莞市康顺连接科技有线公司,王涛磊,蒋鹏,2026-04-02 10:48:06,2026-04-02 14:45:42,0000033730,994-000419,YN580喷洒总线,70.00,13.00,0,2026-04-20,0000033470,0000033311,CGSQ-260401-000012,70.00,0.00,70.00,已关闭,正常
0000033726,01-HDKJ-CGDD-260402-0221-BJ,2026-04-02,新疆友农科技集团,生产项目采购订单,物料类采购,76904023,东莞市康顺连接科技有线公司,王涛磊,蒋鹏,2026-04-02 10:48:06,2026-04-02 14:45:42,0000033725,994-000735,580V3机臂电子调速信号线束,220.00,13.00,0,2026-04-20,0000033471,0000033311,CGSQ-260401-000012,220.00,0.00,220.00,已关闭,正常
0000033718,01-HDKJ-CGDD-260402-012962,2026-04-02,新疆友农科技集团,生产项目采购订单,物料类采购,76901027,东宛市亿博信科技有限公司,王涛磊,朱英,2026-04-02 10:47:27,2026-04-02 10:48:29,0000033716,795-000971,YC632雾化盘上盖,200.00,13.00,0,2026-04-20,0000033290,0000033271,CGSQ-260401-000008,200.00,0.00,200.00,已关闭,正常
0000033718,01-HDKJ-CGDD-260402-012962,2026-04-02,新疆友农科技集团,生产项目采购订单,物料类采购,76901027,东宛市亿博信科技有限公司,王涛磊,朱英,2026-04-02 10:47:27,2026-04-02 10:48:29,0000033719,795-000972,YC632雾化盘下盖,200.00,13.00,0,2026-04-20,0000033291,0000033271,CGSQ-260401-000008,200.00,0.00,200.00,已关闭,正常
0000033718,01-HDKJ-CGDD-260402-012962,2026-04-02,新疆友农科技集团,生产项目采购订单,物料类采购,76901027,东宛市亿博信科技有限公司,王涛磊,朱英,2026-04-02 10:47:27,2026-04-02 10:48:29,0000033717,795-000970,YC632聚水环,200.00,13.00,0,2026-04-20,0000033302,0000033271,CGSQ-260401-000008,200.00,0.00,200.00,已关闭,正常
0000033718,01-HDKJ-CGDD-260402-012962,2026-04-02,新疆友农科技集团,生产项目采购订单,物料类采购,76901027,东宛市亿博信科技有限公司,王涛磊,朱英,2026-04-02 10:47:27,2026-04-02 10:48:29,0000033720,795-000973,YC632雾化盘手拧螺母,200.00,13.00,0,2026-04-20,0000033303,0000033271,CGSQ-260401-000008,200.00,0.00,200.00,已关闭,正常
0000033714,01-HDKJ-CGDD-260402-0220-BJ,2026-04-02,新疆友农科技集团,生产项目采购订单,物料类采购,5710414,臻迪（杭州）新材料科技有限工司,王涛磊,朱英,2026-04-02 10:46:41,2026-04-02 17:53:25,0000033713,165-002368,YN580碳纤维反桨62寸_丝印版,700.00,13.00,0,2026-04-20,0000033419,0000033311,CGSQ-260401-000012,0.00,0.00,0.00,正常,正常
0000033714,01-HDKJ-CGDD-260402-0220-BJ,2026-04-02,新疆友农科技集团,生产项目采购订单,物料类采购,5710414,臻迪（杭州）新材料科技有限工司,王涛磊,朱英,2026-04-02 10:46:41,2026-04-02 17:53:25,0000033715,165-002367,YN580碳纤维正桨62寸_丝印版,620.00,13.00,0,2026-04-20,0000033420,0000033311,CGSQ-260401-000012,0.00,0.00,0.00,正常,正常
0000033712,01-HDKJ-CGDD-260402-0218-BJ,2026-04-02,新疆友农科技集团,生产项目采购订单,物料类采购,2510-51201-0371,苏州爱维科电子友限公司,王涛磊,朱英,2026-04-02 10:44:05,2026-04-02 10:48:34,0000033711,165-003030,100电调支架,212.00,13.00,0,2026-04-20,0000033402,0000033311,CGSQ-260401-000012,0.00,0.00,0.00,正常,正常
0000033708,01-HDKJ-CGDD-260402-012961,2026-04-02,新疆友农科技集团,生产项目采购订单,物料类采购,2506-51201-0183,苏州金仝泰模塑科技有限公司,王涛磊,朱英,2026-04-02 10:43:12,2026-04-02 10:48:39,0000033710,165-003007,150电调三相电堵盖,100.00,13.00,0,2026-04-20,0000033285,0000033271,CGSQ-260401-000008,100.00,0.00,100.00,已关闭,正常
0000033708,01-HDKJ-CGDD-260402-012961,2026-04-02,新疆友农科技集团,生产项目采购订单,物料类采购,2506-51201-0183,苏州金仝泰模塑科技有限公司,王涛磊,朱英,2026-04-02 10:43:12,2026-04-02 10:48:39,0000033709,165-003006,150电调正负极堵盖,100.00,13.00,0,2026-04-20,0000033287,0000033271,CGSQ-260401-000008,100.00,0.00,100.00,已关闭,正常
0000033702,01-HDKJ-CGDD-260402-0217-BJ,2026-04-02,新疆友农科技集团,生产项目采购订单,物料类采购,2506-51201-0183,苏州金仝泰模塑科技有限公司,王涛磊,朱英,2026-04-02 10:42:51,2026-04-02 10:48:36,0000033705,795-000626,YN540S  E14水管扣,504.00,13.00,0,2026-04-20,0000033366,0000033311,CGSQ-260401-000012,504.00,0.00,504.00,已关闭,正常
0000033702,01-HDKJ-CGDD-260402-0217-BJ,2026-04-02,新疆友农科技集团,生产项目采购订单,物料类采购,2506-51201-0183,苏州金仝泰模塑科技有限公司,王涛磊,朱英,2026-04-02 10:42:51,2026-04-02 10:48:36,0000033703,165-001338,YN540S-出药口过滤网扣盖,55.00,13.00,0,2026-04-20,0000033461,0000033311,CGSQ-260401-000012,55.00,0.00,55.00,已关闭,正常
0000033702,01-HDKJ-CGDD-260402-0217-BJ,2026-04-02,新疆友农科技集团,生产项目采购订单,物料类采购,2506-51201-0183,苏州金仝泰模塑科技有限公司,王涛磊,朱英,2026-04-02 10:42:51,2026-04-02 10:48:36,0000033706,165-001337,YN540S_出药口过滤网,55.00,13.00,0,2026-04-20,0000033462,0000033311,CGSQ-260401-000012,55.00,0.00,55.00,已关闭,正常
0000033702,01-HDKJ-CGDD-260402-0217-BJ,2026-04-02,新疆友农科技集团,生产项目采购订单,物料类采购,2506-51201-0183,苏州金仝泰模塑科技有限公司,王涛磊,朱英,2026-04-02 10:42:51,2026-04-02 10:48:36,0000033704,165-001336,YN540S-加药口过滤网,55.00,13.00,0,2026-04-20,0000033463,0000033311,CGSQ-260401-000012,55.00,0.00,55.00,已关闭,正常
0000033702,01-HDKJ-CGDD-260402-0217-BJ,2026-04-02,新疆友农科技集团,生产项目采购订单,物料类采购,2506-51201-0183,苏州金仝泰模塑科技有限公司,王涛磊,朱英,2026-04-02 10:42:51,2026-04-02 10:48:36,0000033707,165-001335,YN540S-药箱盖固定环,80.00,13.00,0,2026-04-20,0000033464,0000033311,CGSQ-260401-000012,80.00,0.00,80.00,已关闭,正常
0000033700,02-KSHA-CGDD-260402-012958,2026-04-02,苏州友安电子科技有限公司,生产项目采购订单,物料类采购,5810109,嘉兴金峰精密模具友限公司,王涛磊,朱英,2026-04-02 10:40:31,2026-04-02 10:55:47,0000033698,849-000904,TB系列钣金配件-整机转接板-洋马农机,80.00,13.00,0,2026-05-31,0000033132,0000033130,CGSQ-260331-000026,80.00,0.00,80.00,已关闭,正常
0000033700,02-KSHA-CGDD-260402-012958,2026-04-02,苏州友安电子科技有限公司,生产项目采购订单,物料类采购,5810109,嘉兴金峰精密模具友限公司,王涛磊,朱英,2026-04-02 10:40:31,2026-04-02 10:55:47,0000033701,849-000903,TB系列钣金件配件-左摄像头安装转接板-洋马农机,445.00,13.00,0,2026-05-31,0000033133,0000033130,CGSQ-260331-000026,445.00,0.00,445.00,已关闭,正常
0000033700,02-KSHA-CGDD-260402-012958,2026-04-02,苏州友安电子科技有限公司,生产项目采购订单,物料类采购,5810109,嘉兴金峰精密模具友限公司,王涛磊,朱英,2026-04-02 10:40:31,2026-04-02 10:55:47,0000033699,849-000902,TB系列钣金件配件-右摄像头安装转接板-洋马农机,80.00,13.00,0,2026-05-31,0000033134,0000033130,CGSQ-260331-000026,80.00,0.00,80.00,已关闭,正常
0000033694,02-KSHA-CGDD-260402-012956,2026-04-02,苏州友安电子科技有限公司,生产项目采购订单,物料类采购,0250092,苏州庆泽电子柯技有限公司,王涛磊,蒋鹏,2026-04-02 10:37:21,2026-04-02 10:55:54,0000033691,363-000512,TB系列视频线-洋马6118R-卸粮,85.00,13.00,0,2026-05-31,0000033135,0000033130,CGSQ-260331-000026,85.00,0.00,85.00,已关闭,正常
0000033694,02-KSHA-CGDD-260402-012956,2026-04-02,苏州友安电子科技有限公司,生产项目采购订单,物料类采购,0250092,苏州庆泽电子柯技有限公司,王涛磊,蒋鹏,2026-04-02 10:37:21,2026-04-02 10:55:54,0000033695,363-000511,TB系列视频线-洋马6118R-左侧,85.00,13.00,0,2026-05-31,0000033136,0000033130,CGSQ-260331-000026,85.00,0.00,85.00,已关闭,正常
0000033694,02-KSHA-CGDD-260402-012956,2026-04-02,苏州友安电子科技有限公司,生产项目采购订单,物料类采购,0250092,苏州庆泽电子柯技有限公司,王涛磊,蒋鹏,2026-04-02 10:37:21,2026-04-02 10:55:54,0000033692,363-000510,TB系列视频线-洋马6118R-后视,85.00,13.00,0,2026-05-31,0000033137,0000033130,CGSQ-260331-000026,85.00,0.00,85.00,已关闭,正常
0000033694,02-KSHA-CGDD-260402-012956,2026-04-02,苏州友安电子科技有限公司,生产项目采购订单,物料类采购,0250092,苏州庆泽电子柯技有限公司,王涛磊,蒋鹏,2026-04-02 10:37:21,2026-04-02 10:55:54,0000033696,363-000513,TB系列视频线-洋马6118R-组合视频线,85.00,13.00,0,2026-05-31,0000033138,0000033130,CGSQ-260331-000026,85.00,0.00,85.00,已关闭,正常
0000033694,02-KSHA-CGDD-260402-012956,2026-04-02,苏州友安电子科技有限公司,生产项目采购订单,物料类采购,0250092,苏州庆泽电子柯技有限公司,王涛磊,蒋鹏,2026-04-02 10:37:21,2026-04-02 10:55:54,0000033693,363-000509,TB系列视频线-洋马6118R-右侧,85.00,13.00,0,2026-05-31,0000033139,0000033130,CGSQ-260331-000026,85.00,0.00,85.00,已关闭,正常
0000033694,02-KSHA-CGDD-260402-012956,2026-04-02,苏州友安电子科技有限公司,生产项目采购订单,物料类采购,0250092,苏州庆泽电子柯技有限公司,王涛磊,蒋鹏,2026-04-02 10:37:21,2026-04-02 10:55:54,0000033697,994-000507,TB包装线束-6118R-1180R电源线-洋马,80.00,13.00,0,2026-05-31,0000033140,0000033130,CGSQ-260331-000026,80.00,0.00,80.00,已关闭,正常
0000033689,01-HDKJ-CGDD-260402-012954,2026-04-02,新疆友农科技集团,生产项目采购订单,物料类采购,51201030,昆山腾富电子友限公司,王涛磊,蒋鹏,2026-04-02 10:35:17,2026-04-02 14:49:07,0000033690,363-000206,701CAN口四米直连线束,2500.00,13.00,0,2026-04-20,0000033033,0000033034,CGSQ-260331-000013,2500.00,0.00,2500.00,已关闭,正常
0000033687,01-HDKJ-CGDD-260402-012953,2026-04-02,新疆友农科技集团,生产项目采购订单,物料类采购,73901001,洞口县亞生成电子有限公司,王涛磊,蒋鹏,2026-04-02 10:34:41,2026-04-02 14:49:17,0000033688,363-000205,701CAN口一拖二线束,3000.00,13.00,0,2026-04-20,0000033032,0000033034,CGSQ-260331-000013,2500.00,0.00,2500.00,正常,正常
0000033686,01-HDKJ-CGDD-260402-012951,2026-04-02,新疆友农科技集团,生产项目采购订单,物料类采购,2603-51204-0579,昆山超源儼胶制品有限公司,昝敏,沈娟,2026-04-02 10:27:03,2026-04-02 22:55:46,0000033685,165-001402,"""YN540S-药箱盖密封圈""",70.00,13.00,0,2026-04-20,0000033282,0000033271,CGSQ-260401-000008,70.00,0.00,70.00,已关闭,正常
0000033684,02-KSHA-CGDD-260402-012947,2026-04-02,苏州友安电子科技有限公司,生产项目采购订单,物料类采购,02104105,上海圣乀纳无线科技有限公司,昝敏,沈娟,2026-04-02 09:58:50,2026-04-02 22:55:40,0000033683,994-000083,SMA天线,800.00,13.00,0,2026-04-10,0000032571,0000032568,CGSQ-260327-000022,800.00,0.00,800.00,已关闭,正常
0000033681,01-HDKJ-CGDD-260402-0216-BJ,2026-04-02,新疆友农科技集团,生产项目采购订单,物料类采购,76904046,冬莞市谢岗瑞恒塑胶制品厂(个体工商户),昝敏,朱英,2026-04-02 09:57:14,2026-04-02 10:32:55,0000033682,165-002030,YN580药箱本体（70L）,55.00,13.00,0,2026-04-20,0000033450,0000033311,CGSQ-260401-000012,0.00,0.00,0.00,正常,正常
0000033679,01-HDKJ-CGDD-260402-0215-BJ,2026-04-02,新疆友农科技集团,生产项目采购订单,物料类采购,51204037,无锡市宏鹏橡塑乕品有限公司,昝敏,朱英,2026-04-02 09:55:44,2026-04-02 10:32:56,0000033678,165-001880,YN580作业总线压块,53.00,13.00,0,2026-04-20,0000033327,0000033311,CGSQ-260401-000012,53.00,0.00,53.00,已关闭,正常
0000033679,01-HDKJ-CGDD-260402-0215-BJ,2026-04-02,新疆友农科技集团,生产项目采购订单,物料类采购,51204037,无锡市宏鹏橡塑乕品有限公司,昝敏,朱英,2026-04-02 09:55:44,2026-04-02 10:32:56,0000033680,165-001879,YN580后称重计硅胶线卡,53.00,13.00,0,2026-04-20,0000033328,0000033311,CGSQ-260401-000012,53.00,0.00,53.00,已关闭,正常
0000033676,01-HDKJ-CGDD-260402-0214-BJ,2026-04-02,新疆友农科技集团,生产项目采购订单,物料类采购,57403040,昆山诚达包装制品友限公司,昝敏,沈娟,2026-04-02 09:54:41,2026-04-02 22:55:32,0000033677,165-002043,YN580桨叶保持托架,112.00,13.00,0,2026-04-20,0000033429,0000033311,CGSQ-260401-000012,0.00,0.00,0.00,正常,正常
0000033668,01-HDKJ-CGDD-260402-0213-BJ,2026-04-02,新疆友农科技集团,生产项目采购订单,物料类采购,99601011,昆山超雅包装材料友限公司,昝敏,朱英,2026-04-02 09:51:30,2026-04-02 10:32:57,0000033661,165-003225,580V3右上管夹,53.00,13.00,0,2026-04-20,0000033314,0000033311,CGSQ-260401-000012,53.00,0.00,53.00,已关闭,正常
0000033668,01-HDKJ-CGDD-260402-0213-BJ,2026-04-02,新疆友农科技集团,生产项目采购订单,物料类采购,99601011,昆山超雅包装材料友限公司,昝敏,朱英,2026-04-02 09:51:30,2026-04-02 10:32:57,0000033669,165-003224,580V3左上管夹,53.00,13.00,0,2026-04-20,0000033315,0000033311,CGSQ-260401-000012,53.00,0.00,53.00,已关闭,正常
0000033668,01-HDKJ-CGDD-260402-0213-BJ,2026-04-02,新疆友农科技集团,生产项目采购订单,物料类采购,99601011,昆山超雅包装材料友限公司,昝敏,朱英,2026-04-02 09:51:30,2026-04-02 10:32:57,0000033662,165-001840,YN580RTK支架右,80.00,13.00,0,2026-04-20,0000033333,0000033311,CGSQ-260401-000012,80.00,0.00,80.00,已关闭,正常
0000033668,01-HDKJ-CGDD-260402-0213-BJ,2026-04-02,新疆友农科技集团,生产项目采购订单,物料类采购,99601011,昆山超雅包装材料友限公司,昝敏,朱英,2026-04-02 09:51:30,2026-04-02 10:32:57,0000033670,165-001839,YN580RTK支架左,80.00,13.00,0,2026-04-20,0000033334,0000033311,CGSQ-260401-000012,80.00,0.00,80.00,已关闭,正常
0000033668,01-HDKJ-CGDD-260402-0213-BJ,2026-04-02,新疆友农科技集团,生产项目采购订单,物料类采购,99601011,昆山超雅包装材料友限公司,昝敏,朱英,2026-04-02 09:51:30,2026-04-02 10:32:57,0000033663,165-001838,YN580航电支架,33.00,13.00,0,2026-04-20,0000033335,0000033311,CGSQ-260401-000012,33.00,0.00,33.00,已关闭,正常
0000033668,01-HDKJ-CGDD-260402-0213-BJ,2026-04-02,新疆友农科技集团,生产项目采购订单,物料类采购,99601011,昆山超雅包装材料友限公司,昝敏,朱英,2026-04-02 09:51:30,2026-04-02 10:32:57,0000033671,165-001833,YN580机尾线夹_左,53.00,13.00,0,2026-04-20,0000033339,0000033311,CGSQ-260401-000012,53.00,0.00,53.00,已关闭,正常
0000033668,01-HDKJ-CGDD-260402-0213-BJ,2026-04-02,新疆友农科技集团,生产项目采购订单,物料类采购,99601011,昆山超雅包装材料友限公司,昝敏,朱英,2026-04-02 09:51:30,2026-04-02 10:32:57,0000033664,165-001832,YN580机尾线夹_右,53.00,13.00,0,2026-04-20,0000033340,0000033311,CGSQ-260401-000012,53.00,0.00,53.00,已关闭,正常
0000033668,01-HDKJ-CGDD-260402-0213-BJ,2026-04-02,新疆友农科技集团,生产项目采购订单,物料类采购,99601011,昆山超雅包装材料友限公司,昝敏,朱英,2026-04-02 09:51:30,2026-04-02 10:32:57,0000033672,165-001803,YN580机框内衬件-右,106.00,13.00,0,2026-04-20,0000033352,0000033311,CGSQ-260401-000012,105.00,0.00,105.00,正常,正常
0000033668,01-HDKJ-CGDD-260402-0213-BJ,2026-04-02,新疆友农科技集团,生产项目采购订单,物料类采购,99601011,昆山超雅包装材料友限公司,昝敏,朱英,2026-04-02 09:51:30,2026-04-02 10:32:57,0000033665,165-001802,YN580机框内衬件-左,106.00,13.00,0,2026-04-20,0000033353,0000033311,CGSQ-260401-000012,106.00,0.00,106.00,已关闭,正常
0000033668,01-HDKJ-CGDD-260402-0213-BJ,2026-04-02,新疆友农科技集团,生产项目采购订单,物料类采购,99601011,昆山超雅包装材料友限公司,昝敏,朱英,2026-04-02 09:51:30,2026-04-02 10:32:57,0000033673,165-001797,YN580机臂耐磨环,250.00,13.00,0,2026-04-20,0000033407,0000033311,CGSQ-260401-000012,250.00,0.00,250.00,已关闭,正常
0000033668,01-HDKJ-CGDD-260402-0213-BJ,2026-04-02,新疆友农科技集团,生产项目采购订单,物料类采购,99601011,昆山超雅包装材料友限公司,昝敏,朱英,2026-04-02 09:51:30,2026-04-02 10:32:57,0000033666,165-001811,YN580脚架三通-后,206.00,13.00,0,2026-04-20,0000033438,0000033311,CGSQ-260401-000012,206.00,0.00,206.00,已关闭,正常
0000033668,01-HDKJ-CGDD-260402-0213-BJ,2026-04-02,新疆友农科技集团,生产项目采购订单,物料类采购,99601011,昆山超雅包装材料友限公司,昝敏,朱英,2026-04-02 09:51:30,2026-04-02 10:32:57,0000033674,165-001810,YN580脚架三通-前,206.00,13.00,0,2026-04-20,0000033439,0000033311,CGSQ-260401-000012,137.00,0.00,137.00,正常,正常
0000033668,01-HDKJ-CGDD-260402-0213-BJ,2026-04-02,新疆友农科技集团,生产项目采购订单,物料类采购,99601011,昆山超雅包装材料友限公司,昝敏,朱英,2026-04-02 09:51:30,2026-04-02 10:32:57,0000033667,165-001786,YN580集成药箱线卡,55.00,13.00,0,2026-04-20,0000033454,0000033311,CGSQ-260401-000012,55.00,0.00,55.00,已关闭,正常
0000033668,01-HDKJ-CGDD-260402-0213-BJ,2026-04-02,新疆友农科技集团,生产项目采购订单,物料类采购,99601011,昆山超雅包装材料友限公司,昝敏,朱英,2026-04-02 09:51:30,2026-04-02 10:32:57,0000033675,165-001785,YN580药箱面罩,55.00,13.00,0,2026-04-20,0000033455,0000033311,CGSQ-260401-000012,55.00,0.00,55.00,已关闭,正常
0000033660,01-HDKJ-CGDD-260402-012946,2026-04-02,新疆友农科技集团,生产项目采购订单,物料类采购,57301002,浙江禾为新材料科计有限公司,昝敏,沈娟,2026-04-02 09:50:18,2026-04-02 22:55:24,0000033659,165-002946,I632 喷头导热硅胶贴片,200.00,13.00,0,2026-04-20,0000033306,0000033271,CGSQ-260401-000008,200.00,0.00,200.00,已关闭,正常
0000033657,01-HDKJ-CGDD-260402-0212-BJ,2026-04-02,新疆友农科技集团,生产项目采购订单,物料类采购,75504042,深圳市中科乷线技术有限公司,昝敏,沈娟,2026-04-02 09:49:34,2026-04-02 22:55:18,0000033658,838-000318,天线,200.00,13.00,0,2026-04-20,0000033408,0000033311,CGSQ-260401-000012,200.00,0.00,200.00,已关闭,正常
0000033656,01-HDKJ-CGDD-260402-0211-BJ,2026-04-02,新疆友农科技集团,生产项目采购订单,物料类采购,75501055,深圳乩信为科技发展有限公司,昝敏,蒋鹏,2026-04-02 09:48:57,2026-04-02 10:32:59,0000033655,549-000689,YN580流量计,210.00,13.00,0,2026-04-20,0000033449,0000033311,CGSQ-260401-000012,210.00,0.00,210.00,已关闭,正常
0000033652,01-HDKJ-CGDD-260402-0210-BJ,2026-04-02,新疆友农科技集团,生产项目采购订单,物料类采购,75501022,深圳市华信天线技术有限公思,昝敏,沈娟,2026-04-02 09:48:20,2026-04-02 22:55:12,0000033653,838-000158,YN540proRTK天线,500.00,13.00,0,2026-04-20,0000033360,0000033311,CGSQ-260401-000012,0.00,0.00,0.00,正常,正常
0000033649,01-HDKJ-CGDD-260402-012944,2026-04-02,新疆友农科技集团,生产项目采购订单,物料类采购,75504095,深圳市鸿鑫新休能科技有限公司,昝敏,朱英,2026-04-02 09:46:57,2026-04-02 10:33:00,0000033648,165-003228,580V3喷头软管,210.00,13.00,0,2026-04-20,0000033297,0000033271,CGSQ-260401-000008,210.00,0.00,210.00,已关闭,正常
0000033643,01-HDKJ-CGDD-260402-0209-BJ,2026-04-02,新疆友农科技集团,生产项目采购订单,物料类采购,75504095,深圳市鸿鑫新休能科技有限公司,昝敏,朱英,2026-04-02 09:46:27,2026-04-02 10:33:03,0000033638,165-001835,YN580机尾硅胶线夹_左,53.00,13.00,0,2026-04-20,0000033337,0000033311,CGSQ-260401-000012,53.00,0.00,53.00,已关闭,正常
0000033643,01-HDKJ-CGDD-260402-0209-BJ,2026-04-02,新疆友农科技集团,生产项目采购订单,物料类采购,75504095,深圳市鸿鑫新休能科技有限公司,昝敏,朱英,2026-04-02 09:46:27,2026-04-02 10:33:03,0000033644,165-001834,YN580机尾硅胶线夹_右,53.00,13.00,0,2026-04-20,0000033338,0000033311,CGSQ-260401-000012,53.00,0.00,53.00,已关闭,正常
0000033643,01-HDKJ-CGDD-260402-0209-BJ,2026-04-02,新疆友农科技集团,生产项目采购订单,物料类采购,75504095,深圳市鸿鑫新休能科技有限公司,昝敏,朱英,2026-04-02 09:46:27,2026-04-02 10:33:03,0000033639,165-001831,YN580RTK硅胶线夹,120.00,13.00,0,2026-04-20,0000033341,0000033311,CGSQ-260401-000012,120.00,0.00,120.00,已关闭,正常
0000033643,01-HDKJ-CGDD-260402-0209-BJ,2026-04-02,新疆友农科技集团,生产项目采购订单,物料类采购,75504095,深圳市鸿鑫新休能科技有限公司,昝敏,朱英,2026-04-02 09:46:27,2026-04-02 10:33:03,0000033645,165-001829,YN580机头支架硅胶线卡,106.00,13.00,0,2026-04-20,0000033342,0000033311,CGSQ-260401-000012,106.00,0.00,106.00,已关闭,正常
0000033643,01-HDKJ-CGDD-260402-0209-BJ,2026-04-02,新疆友农科技集团,生产项目采购订单,物料类采购,75504095,深圳市鸿鑫新休能科技有限公司,昝敏,朱英,2026-04-02 09:46:27,2026-04-02 10:33:03,0000033640,165-001826,YN580双目摄像头减震脚垫,252.00,13.00,0,2026-04-20,0000033344,0000033311,CGSQ-260401-000012,252.00,0.00,252.00,已关闭,正常
0000033643,01-HDKJ-CGDD-260402-0209-BJ,2026-04-02,新疆友农科技集团,生产项目采购订单,物料类采购,75504095,深圳市鸿鑫新休能科技有限公司,昝敏,朱英,2026-04-02 09:46:27,2026-04-02 10:33:03,0000033646,165-001824,YN580雷达探照灯硅胶线卡,53.00,13.00,0,2026-04-20,0000033345,0000033311,CGSQ-260401-000012,53.00,0.00,53.00,已关闭,正常
0000033643,01-HDKJ-CGDD-260402-0209-BJ,2026-04-02,新疆友农科技集团,生产项目采购订单,物料类采购,75504095,深圳市鸿鑫新休能科技有限公司,昝敏,朱英,2026-04-02 09:46:27,2026-04-02 10:33:03,0000033641,165-001818,YN580接口板减震脚垫,732.00,13.00,0,2026-04-20,0000033346,0000033311,CGSQ-260401-000012,732.00,0.00,732.00,已关闭,正常
0000033643,01-HDKJ-CGDD-260402-0209-BJ,2026-04-02,新疆友农科技集团,生产项目采购订单,物料类采购,75504095,深圳市鸿鑫新休能科技有限公司,昝敏,朱英,2026-04-02 09:46:27,2026-04-02 10:33:03,0000033647,165-003219,580V3端部护线胶套,212.00,13.00,0,2026-04-20,0000033398,0000033311,CGSQ-260401-000012,212.00,0.00,212.00,已关闭,正常
0000033643,01-HDKJ-CGDD-260402-0209-BJ,2026-04-02,新疆友农科技集团,生产项目采购订单,物料类采购,75504095,深圳市鸿鑫新休能科技有限公司,昝敏,朱英,2026-04-02 09:46:27,2026-04-02 10:33:03,0000033642,165-002792,150电机三相线硅胶压条,260.00,13.00,0,2026-04-20,0000033403,0000033311,CGSQ-260401-000012,260.00,0.00,260.00,已关闭,正常
0000033635,01-HDKJ-CGDD-260402-0208-BJ,2026-04-02,新疆友农科技集团,生产项目采购订单,物料类采购,51204099,苏州蓝欣橡塑五金有限公思,昝敏,朱英,2026-04-02 09:39:14,2026-04-02 10:33:12,0000033636,165-002414,150电调底壳护线抱箍,324.00,13.00,0,2026-04-20,0000033406,0000033311,CGSQ-260401-000012,0.00,0.00,0.00,正常,正常
0000033633,01-HDKJ-CGDD-260402-012943,2026-04-02,新疆友农科技集团,生产项目采购订单,物料类采购,51204099,苏州蓝欣橡塑五金有限公思,昝敏,沈娟,2026-04-02 09:38:14,2026-04-02 22:55:05,0000033632,165-003005,150电调三相电堵盖垫片,100.00,13.00,0,2026-04-20,0000033286,0000033271,CGSQ-260401-000008,100.00,0.00,100.00,已关闭,正常
0000033633,01-HDKJ-CGDD-260402-012943,2026-04-02,新疆友农科技集团,生产项目采购订单,物料类采购,51204099,苏州蓝欣橡塑五金有限公思,昝敏,沈娟,2026-04-02 09:38:14,2026-04-02 22:55:05,0000033634,165-003004,150电调正负极堵盖垫片,100.00,13.00,0,2026-04-20,0000033288,0000033271,CGSQ-260401-000008,100.00,0.00,100.00,已关闭,正常
0000033631,01-HDKJ-CGDD-260402-0207-BJ,2026-04-02,新疆友农科技集团,生产项目采购订单,物料类采购,57403009,苏州锦廷凍密制造有限公司,昝敏,朱英,2026-04-02 09:37:21,2026-04-02 10:33:11,0000033630,165-001027,YN540PRO_RTK支架硅胶圈,106.00,13.00,0,2026-04-20,0000033359,0000033311,CGSQ-260401-000012,106.00,0.00,106.00,已关闭,正常
0000033628,01-HDKJ-CGDD-260402-0206-BJ,2026-04-02,新疆友农科技集团,生产项目采购订单,物料类采购,75501068,仗兴科技（深圳）有限公司,昝敏,沈娟,2026-04-02 09:31:44,2026-04-02 22:54:58,0000033627,165-002118,YN580探照灯垫高泡棉,120.00,13.00,0,2026-04-20,0000033432,0000033311,CGSQ-260401-000012,120.00,0.00,120.00,已关闭,正常
0000033628,01-HDKJ-CGDD-260402-0206-BJ,2026-04-02,新疆友农科技集团,生产项目采购订单,物料类采购,75501068,仗兴科技（深圳）有限公司,昝敏,沈娟,2026-04-02 09:31:44,2026-04-02 22:54:58,0000033629,165-001984,YN580药箱水泵托架硅胶垫,110.00,13.00,0,2026-04-20,0000033451,0000033311,CGSQ-260401-000012,110.00,0.00,110.00,已关闭,正常
0000033497,01-HDKJ-CGDD-260401-012939,2026-04-01,新疆友农科技集团,生产项目采购订单,物料类采购,5120234,苏州禾吉昌电子科技友限公司,杨强云,杨强云,2026-04-01 17:25:35,2026-04-01 18:16:23,0000033496,972-000837,隔离驱动,2000.00,13.00,0,2026-06-24,0000033487,0000033486,CGSQ-260401-000014,2000.00,0.00,2000.00,已关闭,正常
0000033495,01-HDKJ-CGDD-260401-012937,2026-04-01,新疆友农科技集团,生产项目采购订单,物料类采购,2507-75502-0204,北高智科技（深圳）有限公思,杨强云,杨强云,2026-04-01 17:15:43,2026-04-01 18:16:26,0000033494,972-000621,快充协议芯片,1000.00,13.00,0,2027-11-12,0000032938,0000032939,CGSQ-260330-000012,1000.00,0.00,1000.00,已关闭,正常
0000033485,01-HDKJ-CGDD-260401-012934,2026-04-01,新疆友农科技集团,生产项目采购订单,物料类采购,2510-512-0366,苏洲瑞可达连接系统股份有限公司,王涛磊,蒋鹏,2026-04-01 16:18:04,2026-04-01 19:22:16,0000033484,356-000750,圆柱连接器公座-500A,1310.00,13.00,0,2026-04-01,0000033044,0000033045,CGSQ-260331-000015,1310.00,0.00,1310.00,已关闭,正常
0000033239,02-KSHA-CGDD-260401-012926,2026-04-01,苏州友安电子科技有限公司,生产项目采购订单,物料类采购,02100140,昆山诚意智能科技有限工司,昝敏,沈娟,2026-04-01 11:34:36,2026-04-02 22:54:52,0000033240,606-000676,TB系列包装材料-洋马大包装纸箱,80.00,13.00,0,2026-05-31,0000033131,0000033130,CGSQ-260331-000026,80.00,0.00,80.00,已关闭,正常
0000033230,01-HDKJ-CGDD-260401-012920,2026-04-01,新疆友农科技集团,生产项目采购订单,物料类采购,57501003,內暨市达钶五金配件有限公司,计意强,骆富英,2026-04-01 10:54:01,2026-04-01 14:09:18,0000033229,795-000074,铅封,10000.00,13.00,0,2026-04-13,0000032422,0000032423,CGSQ-260327-000010,10000.00,0.00,10000.00,已关闭,正常
0000033227,02-KSHA-CGDD-260401-012919,2026-04-01,苏州友安电子科技有限公司,生产项目采购订单,物料类采购,51204008,苏州岚嵩五金科技有限公司,计意强,骆富英,2026-04-01 10:53:26,2026-04-01 14:09:22,0000033228,849-000233,ST2.6*12自攻,5000.00,13.00,0,2026-04-10,0000032576,0000032568,CGSQ-260327-000022,5000.00,0.00,5000.00,已关闭,正常
0000033226,02-KSHA-CGDD-260401-012917,2026-04-01,苏州友安电子科技有限公司,生产项目采购订单,物料类采购,59203004,厦门都铎科技有线公司,计意强,骆富英,2026-04-01 10:52:57,2026-04-01 14:09:24,0000033225,165-001164,YC400喇叭,300.00,13.00,0,2026-04-10,0000032574,0000032568,CGSQ-260327-000022,300.00,0.00,300.00,已关闭,正常
0000033074,01-HDKJ-CGDD-260331-012906,2026-03-31,新疆友农科技集团,生产项目采购订单,物料类采购,0250092,苏州庆泽电子柯技有限公司,王涛磊,蒋鹏,2026-03-31 17:23:37,2026-03-31 17:44:17,0000033073,363-000206,701CAN口四米直连线束,500.00,13.00,0,2026-04-20,0000033033,0000033034,CGSQ-260331-000013,500.00,0.00,500.00,已关闭,正常
0000033068,01-HDKJ-CGDD-260331-012899,2026-03-31,新疆友农科技集团,生产项目采购订单,物料类采购,45104338,黑龙江仐能智慧能源科技有限公司,昝敏,朱英,2026-03-31 16:29:27,2026-03-31 17:44:35,0000033069,849-000288,M4*22_不锈钢杯头内六角滚花机牙螺丝_整圈耐落,20500.00,13.00,0,2026-03-31,0000033024,0000033023,CGSQ-260331-000010,20500.00,0.00,20500.00,已关闭,正常
0000033068,01-HDKJ-CGDD-260331-012899,2026-03-31,新疆友农科技集团,生产项目采购订单,物料类采购,45104338,黑龙江仐能智慧能源科技有限公司,昝敏,朱英,2026-03-31 16:29:27,2026-03-31 17:44:35,0000033071,849-000304,M3*6_不锈钢十字盘头机牙螺丝_整圈耐落,5000.00,13.00,0,2026-03-31,0000033025,0000033023,CGSQ-260331-000010,5000.00,0.00,5000.00,已关闭,正常
0000033068,01-HDKJ-CGDD-260331-012899,2026-03-31,新疆友农科技集团,生产项目采购订单,物料类采购,45104338,黑龙江仐能智慧能源科技有限公司,昝敏,朱英,2026-03-31 16:29:27,2026-03-31 17:44:35,0000033070,849-000304,M3*6_不锈钢十字盘头机牙螺丝_整圈耐落,1350.00,13.00,0,2026-03-31,0000033026,0000033023,CGSQ-260331-000010,1350.00,0.00,1350.00,已关闭,正常
0000033068,01-HDKJ-CGDD-260331-012899,2026-03-31,新疆友农科技集团,生产项目采购订单,物料类采购,45104338,黑龙江仐能智慧能源科技有限公司,昝敏,朱英,2026-03-31 16:29:27,2026-03-31 17:44:35,0000033072,165-000239,801 4.3寸显示屏,393.00,13.00,0,2026-03-31,0000033027,0000033023,CGSQ-260331-000010,393.00,0.00,393.00,已关闭,正常
0000033047,01-HDKJ-CGDD-260331-012896,2026-03-31,新疆友农科技集团,生产项目采购订单,物料类采购,02102078,上海圳耀电仔有限公司,缪财艳,缪财艳,2026-03-31 16:16:22,2026-03-31 20:29:56,0000033046,454-000169,TVS管,3000.00,13.00,0,2026-04-01,0000032976,0000032975,CGSQ-260330-000023,3000.00,0.00,3000.00,已关闭,正常
0000033028,01-HDKJ-CGDD-260331-012882,2026-03-31,新疆友农科技集团,生产项目采购订单,物料类采购,51204045,超城紧伱系统（苏州）有限公司,计意强,骆富英,2026-03-31 14:14:50,2026-03-31 14:49:30,0000033030,849-000204,M3*10不锈钢耐落机制螺丝,100000.00,13.00,0,2026-04-09,0000032367,0000032366,CGSQ-260326-000020,100000.00,0.00,100000.00,已关闭,正常
0000033028,01-HDKJ-CGDD-260331-012882,2026-03-31,新疆友农科技集团,生产项目采购订单,物料类采购,51204045,超城紧伱系统（苏州）有限公司,计意强,骆富英,2026-03-31 14:14:50,2026-03-31 14:49:30,0000033029,849-000196,ST2.9*10,40000.00,13.00,0,2026-04-13,0000032368,0000032366,CGSQ-260326-000020,40000.00,0.00,40000.00,已关闭,正常
0000033028,01-HDKJ-CGDD-260331-012882,2026-03-31,新疆友农科技集团,生产项目采购订单,物料类采购,51204045,超城紧伱系统（苏州）有限公司,计意强,骆富英,2026-03-31 14:14:50,2026-03-31 14:49:30,0000033031,849-000289,M4*26_不锈钢杯头内六角滚花机牙螺丝_整圈耐落,7600.00,13.00,0,2026-04-30,0000031539,0000031526,CGSQ-260323-000025,7600.00,0.00,7600.00,已关闭,正常
0000033016,01-HDKJ-CGDD-260331-012871,2026-03-31,新疆友农科技集团,生产项目采购订单,物料类采购,54304002,济佶科亚电子科技有限公司,昝敏,朱英,2026-03-31 09:51:53,2026-03-31 13:18:15,0000033015,791-000001,406电机(KY),2000.00,13.00,0,2026-04-30,0000033004,0000033003,CGSQ-260331-000002,382.00,0.00,382.00,正常,正常
0000033013,01-HDKJ-CGDD-260331-012867,2026-03-31,新疆友农科技集团,生产项目采购订单,物料类采购,57403040,昆山诚达包装制品友限公司,昝敏,沈娟,2026-03-31 09:48:46,2026-03-31 09:51:59,0000033012,165-002043,YN580桨叶保持托架,300.00,13.00,0,2026-04-30,0000031534,0000031526,CGSQ-260323-000025,0.00,0.00,0.00,正常,正常
0000032987,02-KSHA-CGDD-260330-012864,2026-03-30,苏州友安电子科技有限公司,生产项目采购订单,物料类采购,75504207,深珍市戈埃尔科技有限公司,昝敏,沈娟,2026-03-30 18:16:37,2026-04-01 14:12:04,0000032986,165-000081,防水透气膜,800.00,13.00,0,2026-04-10,0000032573,0000032568,CGSQ-260327-000022,800.00,0.00,800.00,已关闭,正常
0000032984,02-KSHA-CGDD-260330-012863,2026-03-30,苏州友安电子科技有限公司,生产项目采购订单,物料类采购,02101002,上海芯镭电子科技有限公司,昝敏,沈娟,2026-03-30 18:15:54,2026-04-01 14:12:02,0000032985,165-000663,YC400按键贴膜,800.00,13.00,0,2026-04-10,0000032570,0000032568,CGSQ-260327-000022,800.00,0.00,800.00,已关闭,正常
0000032982,02-KSHA-CGDD-260330-012862,2026-03-30,苏州友安电子科技有限公司,生产项目采购订单,物料类采购,02104105,上海圣乀纳无线科技有限公司,昝敏,沈娟,2026-03-30 18:15:18,2026-04-01 14:11:39,0000032983,838-000251,YC400-4G天线_P5,800.00,13.00,0,2026-04-10,0000032572,0000032568,CGSQ-260327-000022,800.00,0.00,800.00,已关闭,正常
0000032980,02-KSHA-CGDD-260330-012861,2026-03-30,苏州友安电子科技有限公司,生产项目采购订单,物料类采购,75504071,深圳市永诚辉电子有线公司,昝敏,朱英,2026-03-30 18:14:09,2026-03-30 19:01:47,0000032981,795-000629,UA500屏蔽罩B上盖,2000.00,13.00,0,2026-04-07,0000032958,0000032957,CGSQ-260330-000016,2000.00,0.00,2000.00,已关闭,正常
0000032967,01-HDKJ-CGDD-260330-012857,2026-03-30,新疆友农科技集团,生产项目采购订单,物料类采购,59202002,俅门信和达电子有限公司,葛霞,葛霞,2026-03-30 17:16:17,2026-03-30 21:43:43,0000032969,725-000339,贴片陶瓷电容,1000.00,13.00,0,2026-07-06,0000032964,0000032963,CGSQ-260330-000018,1000.00,0.00,1000.00,已关闭,正常
0000032967,01-HDKJ-CGDD-260330-012857,2026-03-30,新疆友农科技集团,生产项目采购订单,物料类采购,59202002,俅门信和达电子有限公司,葛霞,葛霞,2026-03-30 17:16:17,2026-03-30 21:43:43,0000032970,539-000006,贴片电阻,6290.00,13.00,0,2026-06-22,0000032965,0000032963,CGSQ-260330-000018,0.00,0.00,0.00,已关闭,正常
0000032967,01-HDKJ-CGDD-260330-012857,2026-03-30,新疆友农科技集团,生产项目采购订单,物料类采购,59202002,俅门信和达电子有限公司,葛霞,葛霞,2026-03-30 17:16:17,2026-03-30 21:43:43,0000032968,539-000658,贴片电阻,2350.00,13.00,0,2026-06-22,0000032966,0000032963,CGSQ-260330-000018,2350.00,0.00,2350.00,已关闭,正常
0000032961,01-HDKJ-CGDD-260330-012846,2026-03-30,新疆友农科技集团,产品委外采购订单,产品委外采购,57403020,苏州华誉智丼科技有限公司,苗晓强,杨强云,2026-03-30 16:17:37,2026-03-30 16:47:57,0000032962,588-000562,YN300E_801_U113_P3_S04_PCBA（906AMBD单北斗）,2000.00,13.00,0,2026-03-30,0000032959,0000032960,WWGD-20260330-000502,1503.00,0.00,1503.00,正常,正常
0000032955,01-HDKJ-CGDD-260330-012845,2026-03-30,新疆友农科技集团,生产项目采购订单,物料类采购,01004007,支付宝(中国)网络技术有限公司,姚秀磊,高军,2026-03-30 15:42:47,2026-03-30 19:30:00,0000032956,849-001318,M6*30_内六角法兰面圆柱头带垫防松螺丝,360.00,13.00,0,2026-03-20,0000029260,0000029159,CGSQ-260309-000003,360.00,0.00,360.00,已关闭,正常
0000032940,01-HDKJ-CGDD-260330-012841,2026-03-30,新疆友农科技集团,产品委外采购订单,产品委外采购,5710414,臻迪（杭州）新材料科技有限工司,王涛磊,朱英,2026-03-30 15:04:27,2026-03-30 16:42:26,0000032942,165-001945,YN580碳纤维反桨62寸,361.00,13.00,0,2026-03-30,0000032531,0000032533,WWGD-20260327-000501,324.00,0.00,324.00,正常,正常
0000032940,01-HDKJ-CGDD-260330-012841,2026-03-30,新疆友农科技集团,产品委外采购订单,产品委外采购,5710414,臻迪（杭州）新材料科技有限工司,王涛磊,朱英,2026-03-30 15:04:27,2026-03-30 16:42:26,0000032941,165-001946,YN580碳纤维正桨62寸,367.00,13.00,0,2026-03-30,0000032532,0000032533,WWGD-20260327-000501,150.00,0.00,150.00,正常,正常
0000032937,01-HDKJ-CGDD-260330-012834,2026-03-30,新疆友农科技集团,生产项目采购订单,物料类采购,57904004,义乌市働印电子商务有限公司,昝敏,沈娟,2026-03-30 13:48:19,2026-03-30 16:59:47,0000032936,165-002528,插秧机方向盘LOGO贴(YN新),300.00,13.00,0,2026-04-07,0000032922,0000032920,CGSQ-260330-000005,300.00,0.00,300.00,已关闭,正常
0000032935,01-HDKJ-CGDD-260330-012831,2026-03-30,新疆友农科技集团,生产项目采购订单,物料类采购,73901002,湖南佳迪科甸子有限公司,缪财艳,缪财艳,2026-03-30 13:46:00,2026-03-30 16:34:00,0000032934,454-000288,ESD静电保护管,3000.00,13.00,0,2026-05-22,0000032566,0000032567,CGSQ-260327-000019,3000.00,0.00,3000.00,已关闭,正常
0000032932,01-HDKJ-CGDD-260330-012830,2026-03-30,新疆友农科技集团,产品委外采购订单,产品委外采购,57403020,苏州华誉智丼科技有限公司,苗晓强,杨强云,2026-03-30 13:43:18,2026-03-30 16:16:03,0000032933,588-000649,YS210_自研IMU模块_P1_PCBA,1200.00,13.00,0,2026-03-30,0000030512,0000030513,WWGD-20260314-000473,1175.00,0.00,1175.00,正常,正常
0000032917,HD20260330-B01,2026-03-30,新疆友农科技集团,研发物料采购订单,物料类采购,75504095,深圳市鸿鑫新休能科技有限公司,昝敏,朱英,2026-03-30 11:18:11,2026-03-30 19:13:23,0000032916,165-003219,580V3端部护线胶套,80.00,13.00,0,2026-03-27,0000032418,0000032403,CGSQ-260327-000004,80.00,0.00,80.00,已关闭,正常
0000032915,02-KSHA-CGDD-260330-012822,2026-03-30,苏州友安电子科技有限公司,生产项目采购订单,物料类采购,51201030,昆山腾富电子友限公司,王涛磊,蒋鹏,2026-03-30 10:58:02,2026-03-31 09:42:56,0000032914,994-000646,YC400终端线束_P5（屏蔽层+双绞版）,500.00,13.00,0,2026-04-10,0000032569,0000032568,CGSQ-260327-000022,500.00,0.00,500.00,已关闭,正常
0000032912,02-KSHA-CGDD-260330-012820,2026-03-30,苏州友安电子科技有限公司,生产项目采购订单,物料类采购,00104068,巨鹿县东风橡胶価（普通合伙）,王涛磊,朱英,2026-03-30 10:56:29,2026-03-30 10:58:41,0000032913,165-000279,壳体密封圈,200.00,13.00,0,2026-04-10,0000032575,0000032568,CGSQ-260327-000022,200.00,0.00,200.00,已关闭,正常
0000032909,01-HDKJ-CGDD-260330-012819,2026-03-30,新疆友农科技集团,生产项目采购订单,物料类采购,51201030,昆山腾富电子友限公司,王涛磊,蒋鹏,2026-03-30 10:54:16,2026-03-30 10:57:33,0000032911,849-000544,701帝硕七芯八芯连接器螺母,20000.00,13.00,0,2026-04-15,0000032370,0000032366,CGSQ-260326-000020,20000.00,0.00,20000.00,已关闭,正常
0000032909,01-HDKJ-CGDD-260330-012819,2026-03-30,新疆友农科技集团,生产项目采购订单,物料类采购,51201030,昆山腾富电子友限公司,王涛磊,蒋鹏,2026-03-30 10:54:16,2026-03-30 10:57:33,0000032910,795-000481,701帝硕七芯八芯连接器防尘塞,20000.00,13.00,0,2026-04-15,0000032371,0000032366,CGSQ-260326-000020,20000.00,0.00,20000.00,已关闭,正常
0000032906,01-HDKJ-CGDD-260330-012818,2026-03-30,新疆友农科技集团,产品委外采购订单,产品委外采购,76904023,东莞市康顺连接科技有线公司,王涛磊,蒋鹏,2026-03-30 10:52:36,2026-03-30 10:57:01,0000032907,525-000177,580V3分电板组件,910.00,13.00,0,2026-03-30,0000028622,0000028623,WWGD-20260307-000453,504.00,0.00,504.00,正常,正常
0000032897,HD20260330-D03,2026-03-30,新疆友农科技集团,研发物料采购订单,物料类采购,51204043,凯乐伯精倕塑胶模具（苏州）有限公司,王涛磊,朱英,2026-03-30 10:07:48,2026-03-30 10:56:38,0000032891,165-003203,580V3圆柱分电板壳体,60.00,13.00,0,2026-03-27,0000032404,0000032403,CGSQ-260327-000004,60.00,0.00,60.00,已关闭,正常
0000032897,HD20260330-D03,2026-03-30,新疆友农科技集团,研发物料采购订单,物料类采购,51204043,凯乐伯精倕塑胶模具（苏州）有限公司,王涛磊,朱英,2026-03-30 10:07:48,2026-03-30 10:56:38,0000032898,165-003207,580V3分电板转接支架,60.00,13.00,0,2026-03-27,0000032405,0000032403,CGSQ-260327-000004,60.00,0.00,60.00,已关闭,正常
0000032897,HD20260330-D03,2026-03-30,新疆友农科技集团,研发物料采购订单,物料类采购,51204043,凯乐伯精倕塑胶模具（苏州）有限公司,王涛磊,朱英,2026-03-30 10:07:48,2026-03-30 10:56:38,0000032892,165-003355,580V3摄像头主支架,30.00,13.00,0,2026-03-27,0000032406,0000032403,CGSQ-260327-000004,30.00,0.00,30.00,已关闭,正常
0000032897,HD20260330-D03,2026-03-30,新疆友农科技集团,研发物料采购订单,物料类采购,51204043,凯乐伯精倕塑胶模具（苏州）有限公司,王涛磊,朱英,2026-03-30 10:07:48,2026-03-30 10:56:38,0000032899,165-003342,580V3单向阀,50.00,13.00,0,2026-03-27,0000032407,0000032403,CGSQ-260327-000004,50.00,0.00,50.00,已关闭,正常
0000032897,HD20260330-D03,2026-03-30,新疆友农科技集团,研发物料采购订单,物料类采购,51204043,凯乐伯精倕塑胶模具（苏州）有限公司,王涛磊,朱英,2026-03-30 10:07:48,2026-03-30 10:56:38,0000032893,165-003217,580V3电调线束固定座,80.00,13.00,0,2026-03-27,0000032408,0000032403,CGSQ-260327-000004,80.00,0.00,80.00,已关闭,正常
0000032897,HD20260330-D03,2026-03-30,新疆友农科技集团,研发物料采购订单,物料类采购,51204043,凯乐伯精倕塑胶模具（苏州）有限公司,王涛磊,朱英,2026-03-30 10:07:48,2026-03-30 10:56:38,0000032900,165-003218,580V3电机线束固定座,80.00,13.00,0,2026-03-27,0000032409,0000032403,CGSQ-260327-000004,80.00,0.00,80.00,已关闭,正常
0000032897,HD20260330-D03,2026-03-30,新疆友农科技集团,研发物料采购订单,物料类采购,51204043,凯乐伯精倕塑胶模具（苏州）有限公司,王涛磊,朱英,2026-03-30 10:07:48,2026-03-30 10:56:38,0000032894,165-003102,580V3端部压线盖板,80.00,13.00,0,2026-03-27,0000032410,0000032403,CGSQ-260327-000004,80.00,0.00,80.00,已关闭,正常
0000032897,HD20260330-D03,2026-03-30,新疆友农科技集团,研发物料采购订单,物料类采购,51204043,凯乐伯精倕塑胶模具（苏州）有限公司,王涛磊,朱英,2026-03-30 10:07:48,2026-03-30 10:56:38,0000032901,165-003205,580V3电池托架组件_左,40.00,13.00,0,2026-03-27,0000032411,0000032403,CGSQ-260327-000004,40.00,0.00,40.00,已关闭,正常
0000032897,HD20260330-D03,2026-03-30,新疆友农科技集团,研发物料采购订单,物料类采购,51204043,凯乐伯精倕塑胶模具（苏州）有限公司,王涛磊,朱英,2026-03-30 10:07:48,2026-03-30 10:56:38,0000032895,165-003206,580V3电池托架组件_右,40.00,13.00,0,2026-03-27,0000032412,0000032403,CGSQ-260327-000004,40.00,0.00,40.00,已关闭,正常
0000032897,HD20260330-D03,2026-03-30,新疆友农科技集团,研发物料采购订单,物料类采购,51204043,凯乐伯精倕塑胶模具（苏州）有限公司,王涛磊,朱英,2026-03-30 10:07:48,2026-03-30 10:56:38,0000032902,165-003216,580V3喷头转接件,80.00,13.00,0,2026-03-27,0000032413,0000032403,CGSQ-260327-000004,80.00,0.00,80.00,已关闭,正常
0000032897,HD20260330-D03,2026-03-30,新疆友农科技集团,研发物料采购订单,物料类采购,51204043,凯乐伯精倕塑胶模具（苏州）有限公司,王涛磊,朱英,2026-03-30 10:07:48,2026-03-30 10:56:38,0000032896,165-003215,580V3左下管夹,25.00,13.00,0,2026-03-27,0000032414,0000032403,CGSQ-260327-000004,25.00,0.00,25.00,已关闭,正常
0000032897,HD20260330-D03,2026-03-30,新疆友农科技集团,研发物料采购订单,物料类采购,51204043,凯乐伯精倕塑胶模具（苏州）有限公司,王涛磊,朱英,2026-03-30 10:07:48,2026-03-30 10:56:38,0000032903,165-003103,580V3右下管夹,25.00,13.00,0,2026-03-27,0000032415,0000032403,CGSQ-260327-000004,25.00,0.00,25.00,已关闭,正常
0000032888,HD20260330-D02,2026-03-30,新疆友农科技集团,研发物料采购订单,物料类采购,00104068,巨鹿县东风橡胶価（普通合伙）,王涛磊,朱英,2026-03-30 10:05:23,2026-03-30 10:58:18,0000032890,165-003214,580V3电池托架滚轮,200.00,13.00,0,2026-03-27,0000032416,0000032403,CGSQ-260327-000004,200.00,0.00,200.00,已关闭,正常
0000032888,HD20260330-D02,2026-03-30,新疆友农科技集团,研发物料采购订单,物料类采购,00104068,巨鹿县东风橡胶価（普通合伙）,王涛磊,朱英,2026-03-30 10:05:23,2026-03-30 10:58:18,0000032889,165-003221,580V3图传天线固定带,40.00,13.00,0,2026-03-27,0000032417,0000032403,CGSQ-260327-000004,40.00,0.00,40.00,已关闭,正常
0000032582,01-HDKJ-CGDD-260327-012771,2026-03-27,新疆友农科技集团,产品委外采购订单,产品委外采购,57403020,苏州华誉智丼科技有限公司,杨强云,杨强云,2026-03-27 17:24:18,2026-03-27 19:22:45,0000032580,588-000562,YN300E_801_U113_P3_S04_PCBA（906AMBD单北斗）,5500.00,13.00,0,2026-03-27,0000032314,0000032315,WWGD-20260326-000498,5500.00,0.00,5500.00,已关闭,正常
0000032582,01-HDKJ-CGDD-260327-012771,2026-03-27,新疆友农科技集团,产品委外采购订单,产品委外采购,57403020,苏州华誉智丼科技有限公司,杨强云,杨强云,2026-03-27 17:24:18,2026-03-27 19:22:45,0000032583,588-000266,801_8芯转接板_P3_S01_PCBA,10000.00,13.00,0,2026-03-27,0000032311,0000032313,WWGD-20260326-000497,0.00,0.00,0.00,已关闭,正常
0000032582,01-HDKJ-CGDD-260327-012771,2026-03-27,新疆友农科技集团,产品委外采购订单,产品委外采购,57403020,苏州华誉智丼科技有限公司,杨强云,杨强云,2026-03-27 17:24:18,2026-03-27 19:22:45,0000032581,588-000267,801_7芯转接板_P3_S01_PCBA,10000.00,13.00,0,2026-03-27,0000032312,0000032313,WWGD-20260326-000497,0.00,0.00,0.00,已关闭,正常
0000032579,01-HDKJ-CGDD-260327-012774,2026-03-27,新疆友农科技集团,生产项目采购订单,物料类采购,02103023,云汉芯城（上海）电子科技有限公司,葛霞,葛霞,2026-03-27 16:52:03,2026-03-27 18:59:01,0000032578,725-000390,贯通型滤波器,20000.00,13.00,0,2026-04-02,0000031759,0000031758,CGSQ-260325-000024,20000.00,0.00,20000.00,已关闭,正常
0000032564,01-HDKJ-CGDD-260327-012763,2026-03-27,新疆友农科技集团,生产项目采购订单,物料类采购,75502052,深圳市宏能微电子有线公司,骆富英,骆富英,2026-03-27 15:58:34,2026-03-27 16:12:59,0000032565,554-000031,同步升压转换芯片,5000.00,13.00,0,2026-04-15,0000031782,0000031768,CGSQ-260325-000025,5000.00,0.00,5000.00,已关闭,正常
0000032561,01-HDKJ-CGDD-260327-012761,2026-03-27,新疆友农科技集团,生产项目采购订单,物料类采购,02700014,睿锶科技（武汉）有限公司,杨强云,杨强云,2026-03-27 15:56:00,2026-03-27 19:22:32,0000032559,972-000121,定位导航模块,1000.00,13.00,0,2026-04-02,0000029781,0000029775,CGSQ-260309-000033,1000.00,0.00,1000.00,已关闭,正常
0000032561,01-HDKJ-CGDD-260327-012761,2026-03-27,新疆友农科技集团,生产项目采购订单,物料类采购,02700014,睿锶科技（武汉）有限公司,杨强云,杨强云,2026-03-27 15:56:00,2026-03-27 19:22:32,0000032562,972-000328,定位导航模块,500.00,13.00,0,2026-03-23,0000029308,0000029335,CGSQ-260309-000017,500.00,0.00,500.00,已关闭,正常
0000032561,01-HDKJ-CGDD-260327-012761,2026-03-27,新疆友农科技集团,生产项目采购订单,物料类采购,02700014,睿锶科技（武汉）有限公司,杨强云,杨强云,2026-03-27 15:56:00,2026-03-27 19:22:32,0000032560,972-000674,单北斗高精度定位模块,10000.00,13.00,0,2026-05-01,0000028145,0000028109,CGSQ-260306-000006,10000.00,0.00,10000.00,已关闭,正常
0000032561,01-HDKJ-CGDD-260327-012761,2026-03-27,新疆友农科技集团,生产项目采购订单,物料类采购,02700014,睿锶科技（武汉）有限公司,杨强云,杨强云,2026-03-27 15:56:00,2026-03-27 19:22:32,0000032563,972-000121,定位导航模块,1500.00,13.00,0,2026-03-31,0000027566,0000027564,CGSQ-260305-000030,1500.00,0.00,1500.00,已关闭,正常
0000032537,01-HDKJ-CGDD-260327-012764,2026-03-27,新疆友农科技集团,产品委外采购订单,产品委外采购,57403020,苏州华誉智丼科技有限公司,杨强云,杨强云,2026-03-27 14:42:17,2026-03-27 19:22:32,0000032538,588-000729,YN580_后接口板_P4_PCBA(搭配配自研电调),810.00,13.00,0,2026-03-27,0000030066,0000030068,WWGD-20260310-000456,803.00,0.00,803.00,正常,正常
0000032537,01-HDKJ-CGDD-260327-012764,2026-03-27,新疆友农科技集团,产品委外采购订单,产品委外采购,57403020,苏州华誉智丼科技有限公司,杨强云,杨强云,2026-03-27 14:42:17,2026-03-27 19:22:32,0000032536,588-000736,YC580_前接口板_P3_PCBA,810.00,13.00,0,2026-03-27,0000030065,0000030068,WWGD-20260310-000456,801.00,0.00,801.00,正常,正常
0000032534,01-HDKJ-CGDD-260327-012746,2026-03-27,新疆友农科技集团,产品委外采购订单,产品委外采购,25040036,浙江巨传电子凈份有限公司,杨强云,杨强云,2026-03-27 14:39:19,2026-03-27 15:02:17,0000032535,588-000500,YN402_遥控器主板_P2_PCBA (TC668S-EM版本),500.00,13.00,0,2026-03-27,0000030067,0000030068,WWGD-20260310-000456,0.00,0.00,0.00,正常,正常
0000032529,01-HDKJ-CGDD-260327-012740,2026-03-27,新疆友农科技集团,生产项目采购订单,物料类采购,2602-51202-0552,苏州乩芃晟电子科技有限公司,葛霞,葛霞,2026-03-27 14:25:39,2026-03-27 19:05:32,0000032530,725-000086,贴片陶瓷电容,368000.00,13.00,0,2026-03-31,0000032393,0000032394,CGSQ-260326-000024,368000.00,0.00,368000.00,已关闭,正常
0000032526,01-HDKJ-CGDD-260327-012739,2026-03-27,新疆友农科技集团,生产项目采购订单,物料类采购,02103023,云汉芯城（上海）电子科技有限公司,缪财艳,缪财艳,2026-03-27 14:20:07,2026-03-27 17:59:03,0000032528,454-000068,TVS二极管,100000.00,13.00,0,2026-04-01,0000032385,0000032384,CGSQ-260326-000022,100000.00,0.00,100000.00,已关闭,正常
0000032526,01-HDKJ-CGDD-260327-012739,2026-03-27,新疆友农科技集团,生产项目采购订单,物料类采购,02103023,云汉芯城（上海）电子科技有限公司,缪财艳,缪财艳,2026-03-27 14:20:07,2026-03-27 17:59:03,0000032527,454-000014,齐纳稳压二极管,3000.00,13.00,0,2026-04-03,0000029417,0000029466,CGSQ-260309-000019,2999.00,0.00,2999.00,已关闭,正常
0000032525,01-HDKJ-CGDD-260327-012736,2026-03-27,新疆友农科技集团,生产项目采购订单,物料类采购,75504018,深圳康宏电子实业有限公司,葛霞,葛霞,2026-03-27 14:09:38,2026-03-27 19:06:41,0000032524,321-000677,601C倾角&机具P6_PCB,10000.00,13.00,0,2026-04-01,0000031505,0000031506,CGSQ-260323-000010,10000.00,0.00,10000.00,已关闭,正常
0000032523,01-HDKJ-CGDD-260327-012717,2026-03-27,新疆友农科技集团,生产项目采购订单,物料类采购,75502052,深圳市宏能微电子有线公司,缪财艳,缪财艳,2026-03-27 13:25:40,2026-03-27 19:07:14,0000032522,733-000074,贴片电感,10000.00,13.00,0,2026-04-01,0000030804,0000030799,CGSQ-260318-000012,10000.00,0.00,10000.00,已关闭,正常
0000032520,01-HDKJ-CGDD-260327-012713,2026-03-27,新疆友农科技集团,生产项目采购订单,物料类采购,02502001,南京商络电子股份有限工司,缪财艳,缪财艳,2026-03-27 13:19:06,2026-03-27 13:44:55,0000032521,358-000136,N沟道MOS管,30000.00,13.00,0,2026-04-30,0000032343,0000032342,CGSQ-260326-000014,30000.00,0.00,30000.00,已关闭,正常
0000032518,01-HDKJ-CGDD-260327-012712,2026-03-27,新疆友农科技集团,生产项目采购订单,物料类采购,73901002,湖南佳迪科甸子有限公司,缪财艳,缪财艳,2026-03-27 13:17:18,2026-03-27 13:44:55,0000032519,454-000182,TVS管,3000.00,13.00,0,2026-05-19,0000031661,0000031662,CGSQ-260324-000015,3000.00,0.00,3000.00,已关闭,正常
0000032461,01-HDKJ-CGDD-260327-012708,2026-03-27,新疆友农科技集团,生产项目采购订单,物料类采购,75501076,深珍正腾视讯科技有限公司,计意强,骆富英,2026-03-27 10:52:23,2026-03-27 19:24:04,0000032460,838-000094,J701摄像头,10000.00,13.00,0,2026-04-17,0000032420,0000032419,CGSQ-260327-000009,10000.00,0.00,10000.00,已关闭,正常
0000032461,01-HDKJ-CGDD-260327-012708,2026-03-27,新疆友农科技集团,生产项目采购订单,物料类采购,75501076,深珍正腾视讯科技有限公司,计意强,骆富英,2026-03-27 10:52:23,2026-03-27 19:24:04,0000032462,705-000039,高清摄像头螺丝包(不含摄像头),10000.00,13.00,0,2026-04-17,0000032421,0000032419,CGSQ-260327-000009,10000.00,0.00,10000.00,已关闭,正常
0000032458,01-HDKJ-CGDD-260327-012709,2026-03-27,新疆友农科技集团,生产项目采购订单,物料类采购,2602-51202-0552,苏州乩芃晟电子科技有限公司,葛霞,葛霞,2026-03-27 10:52:19,2026-03-27 12:30:13,0000032459,725-000088,贴片陶瓷电容,100000.00,13.00,0,2026-03-26,0000031713,0000031714,CGSQ-260325-000011,100000.00,0.00,100000.00,已关闭,正常
0000032434,01-HDKJ-CGDD-260327-012689,2026-03-27,新疆友农科技集团,生产项目采购订单,物料类采购,02101063,尚海致佳胶粘制品有限公司,昝敏,沈娟,2026-03-27 09:48:37,2026-03-27 14:00:45,0000032433,795-000721,701显示屏导电泡棉（国产化专用）,20000.00,13.00,0,2026-04-13,0000032372,0000032366,CGSQ-260326-000020,20000.00,0.00,20000.00,已关闭,正常
0000032430,01-HDKJ-CGDD-260327-012685,2026-03-27,新疆友农科技集团,生产项目采购订单,物料类采购,75501068,仗兴科技（深圳）有限公司,昝敏,沈娟,2026-03-27 09:45:46,2026-03-27 13:31:58,0000032432,795-000309,701防水透气膜,10000.00,13.00,0,2026-04-08,0000032369,0000032366,CGSQ-260326-000020,10000.00,0.00,10000.00,已关闭,正常
0000032430,01-HDKJ-CGDD-260327-012685,2026-03-27,新疆友农科技集团,生产项目采购订单,物料类采购,75501068,仗兴科技（深圳）有限公司,昝敏,沈娟,2026-03-27 09:45:46,2026-03-27 13:31:58,0000032431,795-000516,YN300E-801-V3主天线导电泡棉,10000.00,13.00,0,2026-04-12,0000032373,0000032366,CGSQ-260326-000020,10000.00,0.00,10000.00,已关闭,正常
0000032426,01-HDKJ-CGDD-260327-012680,2026-03-27,新疆友农科技集团,生产项目采购订单,物料类采购,73901001,洞口县亞生成电子有限公司,王涛磊,蒋鹏,2026-03-27 09:38:11,2026-03-27 19:23:47,0000032428,363-000206,701CAN口四米直连线束,5000.00,13.00,0,2026-04-15,0000032317,0000032316,CGSQ-260326-000011,4999.00,0.00,4999.00,正常,正常
0000032426,01-HDKJ-CGDD-260327-012680,2026-03-27,新疆友农科技集团,生产项目采购订单,物料类采购,73901001,洞口县亞生成电子有限公司,王涛磊,蒋鹏,2026-03-27 09:38:11,2026-03-27 19:23:47,0000032427,363-000209,701电源2米线束,6000.00,13.00,0,2026-04-15,0000032318,0000032316,CGSQ-260326-000011,0.00,0.00,0.00,正常,正常
0000032426,01-HDKJ-CGDD-260327-012680,2026-03-27,新疆友农科技集团,生产项目采购订单,物料类采购,73901001,洞口县亞生成电子有限公司,王涛磊,蒋鹏,2026-03-27 09:38:11,2026-03-27 19:23:47,0000032429,363-000207,701CAN口三米延长线束,10000.00,13.00,0,2026-04-15,0000032319,0000032316,CGSQ-260326-000011,10000.00,0.00,10000.00,已关闭,正常
0000032425,01-HDKJ-CGDD-260327-012674,2026-03-27,新疆友农科技集团,生产项目采购订单,物料类采购,51204043,凯乐伯精倕塑胶模具（苏州）有限公司,王涛磊,朱英,2026-03-27 09:31:37,2026-03-27 09:51:30,0000032424,165-002004,YN580线夹固定底座,300.00,13.00,0,2026-06-30,0000031702,0000031701,CGSQ-260325-000006,300.00,0.00,300.00,已关闭,正常
0000032386,01-HDKJ-CGDD-260326-012660,2026-03-26,新疆友农科技集团,生产项目采购订单,物料类采购,75503031,深圳市恒晟辉电子有线公司,杨强云,杨强云,2026-03-26 18:34:24,2026-03-26 20:32:55,0000032387,972-000369,电源芯片,504.00,13.00,0,2026-07-15,0000031850,0000031851,CGSQ-260325-000036,504.00,0.00,504.00,已关闭,正常
0000032383,01-HDKJ-CGDD-260326-012659,2026-03-26,新疆友农科技集团,生产项目采购订单,物料类采购,02102033,上海求远电子有线公司,杨强云,杨强云,2026-03-26 17:54:32,2026-03-27 07:15:47,0000032382,972-000700,雷达收发器,1000.00,13.00,0,2026-07-16,0000032378,0000032379,CGSQ-260326-000021,1000.00,0.00,1000.00,已关闭,正常
0000032376,01-HDKJ-CGDD-260326-012657,2026-03-26,新疆友农科技集团,生产项目采购订单,物料类采购,7550491,科通数字技术（深珍）有限公司,杨强云,杨强云,2026-03-26 17:39:44,2026-03-27 11:09:16,0000032377,972-000695,FPGA,25000.00,13.00,0,2026-08-21,0000031667,0000031668,CGSQ-260324-000018,5100.00,0.00,5100.00,正常,正常
0000032374,01-HDKJ-CGDD-260326-012656,2026-03-26,新疆友农科技集团,生产项目采购订单,物料类采购,51204160,元橡科技（酥州）有限公司,计意强,骆富英,2026-03-26 17:32:24,2026-03-27 07:17:21,0000032375,165-001902,YS403双目元橡组件物料包,458.00,13.00,0,2026-03-30,0000028640,0000028624,CGSQ-260307-000014,0.00,0.00,0.00,正常,正常
0000032365,01-HDKJ-CGDD-260326-012653,2026-03-26,新疆友农科技集团,生产项目采购订单,物料类采购,2506-512-0177,苏州诺迪科自动伵科技有限公司,杨强云,杨强云,2026-03-26 17:19:41,2026-03-27 19:22:29,0000032364,972-000343,SDRAM,6048.00,13.00,0,2026-08-07,0000032348,0000032349,CGSQ-260326-000018,6048.00,0.00,6048.00,已关闭,正常
0000032354,01-HDKJ-CGDD-260326-012651,2026-03-26,新疆友农科技集团,研发物料采购订单,物料类采购,2506-02102-0149,尚海优亮莱电子科技有限公司,蓟星桂,蓟星桂,2026-03-26 17:14:43,2026-03-26 20:41:51,0000032355,725-000287,直插铝电解电容,90.00,13.00,0,2026-03-26,0,0,,90.00,0.00,90.00,已关闭,正常
0000032354,01-HDKJ-CGDD-260326-012651,2026-03-26,新疆友农科技集团,研发物料采购订单,物料类采购,2506-02102-0149,尚海优亮莱电子科技有限公司,蓟星桂,蓟星桂,2026-03-26 17:14:43,2026-03-26 20:41:51,0000032356,539-000388,热敏电阻,100.00,13.00,0,2026-03-26,0,0,,100.00,0.00,100.00,已关闭,正常
0000032354,01-HDKJ-CGDD-260326-012651,2026-03-26,新疆友农科技集团,研发物料采购订单,物料类采购,2506-02102-0149,尚海优亮莱电子科技有限公司,蓟星桂,蓟星桂,2026-03-26 17:14:43,2026-03-26 20:41:51,0000032357,539-000063,贴片电阻,200.00,13.00,0,2026-03-26,0,0,,200.00,0.00,200.00,已关闭,正常
0000032354,01-HDKJ-CGDD-260326-012651,2026-03-26,新疆友农科技集团,研发物料采购订单,物料类采购,2506-02102-0149,尚海优亮莱电子科技有限公司,蓟星桂,蓟星桂,2026-03-26 17:14:43,2026-03-26 20:41:51,0000032358,539-000025,贴片电阻,100.00,13.00,0,2026-03-26,0,0,,100.00,0.00,100.00,已关闭,正常
0000032354,01-HDKJ-CGDD-260326-012651,2026-03-26,新疆友农科技集团,研发物料采购订单,物料类采购,2506-02102-0149,尚海优亮莱电子科技有限公司,蓟星桂,蓟星桂,2026-03-26 17:14:43,2026-03-26 20:41:51,0000032359,725-000042,贴片陶瓷电容,100.00,13.00,0,2026-03-26,0,0,,100.00,0.00,100.00,已关闭,正常
0000032354,01-HDKJ-CGDD-260326-012651,2026-03-26,新疆友农科技集团,研发物料采购订单,物料类采购,2506-02102-0149,尚海优亮莱电子科技有限公司,蓟星桂,蓟星桂,2026-03-26 17:14:43,2026-03-26 20:41:51,0000032360,539-000140,贴片电阻,100.00,13.00,0,2026-03-26,0,0,,100.00,0.00,100.00,已关闭,正常
0000032354,01-HDKJ-CGDD-260326-012651,2026-03-26,新疆友农科技集团,研发物料采购订单,物料类采购,2506-02102-0149,尚海优亮莱电子科技有限公司,蓟星桂,蓟星桂,2026-03-26 17:14:43,2026-03-26 20:41:51,0000032361,539-000388,热敏电阻,100.00,13.00,0,2026-03-26,0,0,,100.00,0.00,100.00,已关闭,正常
0000032354,01-HDKJ-CGDD-260326-012651,2026-03-26,新疆友农科技集团,研发物料采购订单,物料类采购,2506-02102-0149,尚海优亮莱电子科技有限公司,蓟星桂,蓟星桂,2026-03-26 17:14:43,2026-03-26 20:41:51,0000032362,539-000032,贴片电阻,100.00,13.00,0,2026-03-26,0,0,,100.00,0.00,100.00,已关闭,正常
0000032354,01-HDKJ-CGDD-260326-012651,2026-03-26,新疆友农科技集团,研发物料采购订单,物料类采购,2506-02102-0149,尚海优亮莱电子科技有限公司,蓟星桂,蓟星桂,2026-03-26 17:14:43,2026-03-26 20:41:51,0000032363,725-000063,贴片陶瓷电容,100.00,13.00,0,2026-03-26,0,0,,100.00,0.00,100.00,已关闭,正常
0000032353,01-HDKJ-CGDD-260326-012648,2026-03-26,新疆友农科技集团,生产项目采购订单,物料类采购,75503024,深圳市乐斯创电子有限公司,杨强云,杨强云,2026-03-26 16:52:23,2026-03-27 07:15:38,0000032352,972-000716,DDR4,1280.00,13.00,0,2026-03-31,0000028069,0000028059,CGSQ-260305-000042,1280.00,0.00,1280.00,已关闭,正常
0000032351,01-HDKJ-CGDD-260326-012647,2026-03-26,新疆友农科技集团,生产项目采购订单,物料类采购,2511-02100-0439,乐鑫信息科技(上海)凈份有限公司,杨强云,杨强云,2026-03-26 16:44:57,2026-03-26 20:41:54,0000032350,972-000799,WIFI/BT模组,300.00,13.00,0,2026-07-05,0000032345,0000032344,CGSQ-260326-000016,300.00,0.00,300.00,已关闭,正常
0000032322,01-HDKJ-CGDD-260326-012627,2026-03-26,新疆友农科技集团,生产项目采购订单,物料类采购,76904023,东莞市康顺连接科技有线公司,王涛磊,蒋鹏,2026-03-26 15:05:28,2026-03-27 07:18:42,0000032323,994-000735,580V3机臂电子调速信号线束,3250.00,13.00,0,2026-03-30,0000030998,0000028624,CGSQ-260307-000014,3250.00,0.00,3250.00,已关闭,正常
0000032320,01-HDKJ-CGDD-260326-012618,2026-03-26,新疆友农科技集团,研发物料采购订单,物料类采购,57102001,杭州利尔达展芯科技有限公思,杨强云,杨强云,2026-03-26 14:25:56,2026-03-26 15:23:19,0000032321,972-000632,CPU,10.00,13.00,0,2026-03-26,0,0,,0.00,0.00,0.00,正常,已终止
0000032307,01-HDKJ-CGDD-260326-012615,2026-03-26,新疆友农科技集团,产品委外采购订单,产品委外采购,57403020,苏州华誉智丼科技有限公司,杨强云,杨强云,2026-03-26 13:22:40,2026-03-26 20:42:20,0000032308,588-000547,YS403_元橡左FPC_P1_S01_PCBA,610.00,13.00,0,2026-03-26,0000029793,0000029798,WWGD-20260309-000455,610.00,0.00,610.00,已关闭,正常
0000032307,01-HDKJ-CGDD-260326-012615,2026-03-26,新疆友农科技集团,产品委外采购订单,产品委外采购,57403020,苏州华誉智丼科技有限公司,杨强云,杨强云,2026-03-26 13:22:40,2026-03-26 20:42:20,0000032306,588-000548,YS403_元橡右FPC_P1_S01_PCBA,610.00,13.00,0,2026-03-26,0000029794,0000029798,WWGD-20260309-000455,608.00,0.00,608.00,正常,已终止
0000032307,01-HDKJ-CGDD-260326-012615,2026-03-26,新疆友农科技集团,产品委外采购订单,产品委外采购,57403020,苏州华誉智丼科技有限公司,杨强云,杨强云,2026-03-26 13:22:40,2026-03-26 20:42:20,0000032309,588-000545,YS403_X3M主板_P2_S01_PCBA,660.00,13.00,0,2026-03-26,0000029796,0000029798,WWGD-20260309-000455,62.00,0.00,62.00,正常,正常
0000032302,01-HDKJ-CGDD-260326-012614,2026-03-26,新疆友农科技集团,生产项目采购订单,物料类采购,02103021,上海卓羽电仔科技有限公司,杨强云,杨强云,2026-03-26 13:12:48,2026-03-27 07:16:05,0000032301,972-000622,DDR3L,2000.00,13.00,0,2026-06-06,0000029759,0000029766,CGSQ-260309-000029,2000.00,0.00,2000.00,已关闭,正常
0000032302,01-HDKJ-CGDD-260326-012614,2026-03-26,新疆友农科技集团,生产项目采购订单,物料类采购,02103021,上海卓羽电仔科技有限公司,杨强云,杨强云,2026-03-26 13:12:48,2026-03-27 07:16:05,0000032303,972-000622,DDR3L,4000.00,13.00,0,2026-03-31,0000028067,0000028059,CGSQ-260305-000042,4000.00,0.00,4000.00,已关闭,正常
0000032297,01-HDKJ-CGDD-260326-012611,2026-03-26,新疆友农科技集团,产品委外采购订单,产品委外采购,25040036,浙江巨传电子凈份有限公司,杨强云,杨强云,2026-03-26 11:19:46,2026-03-26 13:05:50,0000032295,588-000829,YS508C_RADAR_FPGA_P1_VA_PCBA,300.00,13.00,0,2026-03-26,0000031627,0000031626,WWGD-20260324-000494,300.00,0.00,300.00,已关闭,正常
0000032297,01-HDKJ-CGDD-260326-012611,2026-03-26,新疆友农科技集团,产品委外采购订单,产品委外采购,25040036,浙江巨传电子凈份有限公司,杨强云,杨强云,2026-03-26 11:19:46,2026-03-26 13:05:50,0000032298,588-000829,YS508C_RADAR_FPGA_P1_VA_PCBA,185.00,13.00,0,2026-03-26,0000029795,0000029798,WWGD-20260309-000455,181.00,0.00,181.00,正常,正常
0000032297,01-HDKJ-CGDD-260326-012611,2026-03-26,新疆友农科技集团,产品委外采购订单,产品委外采购,25040036,浙江巨传电子凈份有限公司,杨强云,杨强云,2026-03-26 11:19:46,2026-03-26 13:05:50,0000032296,588-000828,YS508C_RADAR_FPGA_P1_CE_PCBA,545.00,13.00,0,2026-03-26,0000029797,0000029798,WWGD-20260309-000455,542.00,0.00,542.00,正常,正常
0000032290,01-HDKJ-CGDD-260326-012610,2026-03-26,新疆友农科技集团,产品委外采购订单,产品委外采购,25040036,浙江巨传电子凈份有限公司,杨强云,杨强云,2026-03-26 11:18:40,2026-03-27 07:44:03,0000032286,588-000835,YC302B_ESC_P4_PCBA,420.00,13.00,0,2026-03-26,0000030819,0000030821,WWGD-20260318-000481,0.00,0.00,0.00,正常,正常
0000032290,01-HDKJ-CGDD-260326-012610,2026-03-26,新疆友农科技集团,产品委外采购订单,产品委外采购,25040036,浙江巨传电子凈份有限公司,杨强云,杨强云,2026-03-26 11:18:40,2026-03-27 07:44:03,0000032291,588-000836,YC302B_ESC_CAP_P0_PCBA,420.00,13.00,0,2026-03-26,0000030820,0000030821,WWGD-20260318-000481,0.00,0.00,0.00,正常,正常
0000032290,01-HDKJ-CGDD-260326-012610,2026-03-26,新疆友农科技集团,产品委外采购订单,产品委外采购,25040036,浙江巨传电子凈份有限公司,杨强云,杨强云,2026-03-26 11:18:40,2026-03-27 07:44:03,0000032287,588-000835,YC302B_ESC_P4_PCBA,3310.00,13.00,0,2026-03-26,0000030584,0000030586,WWGD-20260316-000477,0.00,0.00,0.00,正常,正常
0000032290,01-HDKJ-CGDD-260326-012610,2026-03-26,新疆友农科技集团,产品委外采购订单,产品委外采购,25040036,浙江巨传电子凈份有限公司,杨强云,杨强云,2026-03-26 11:18:40,2026-03-27 07:44:03,0000032292,588-000836,YC302B_ESC_CAP_P0_PCBA,3310.00,13.00,0,2026-03-26,0000030585,0000030586,WWGD-20260316-000477,0.00,0.00,0.00,正常,正常
0000032290,01-HDKJ-CGDD-260326-012610,2026-03-26,新疆友农科技集团,产品委外采购订单,产品委外采购,25040036,浙江巨传电子凈份有限公司,杨强云,杨强云,2026-03-26 11:18:40,2026-03-27 07:44:03,0000032288,588-000835,YC302B_ESC_P4_PCBA,9400.00,13.00,0,2026-03-26,0000030581,0000030583,WWGD-20260316-000476,9346.00,0.00,9346.00,正常,正常
0000032290,01-HDKJ-CGDD-260326-012610,2026-03-26,新疆友农科技集团,产品委外采购订单,产品委外采购,25040036,浙江巨传电子凈份有限公司,杨强云,杨强云,2026-03-26 11:18:40,2026-03-27 07:44:03,0000032293,588-000836,YC302B_ESC_CAP_P0_PCBA,9400.00,13.00,0,2026-03-26,0000030582,0000030583,WWGD-20260316-000476,9346.00,0.00,9346.00,正常,正常
0000032290,01-HDKJ-CGDD-260326-012610,2026-03-26,新疆友农科技集团,产品委外采购订单,产品委外采购,25040036,浙江巨传电子凈份有限公司,杨强云,杨强云,2026-03-26 11:18:40,2026-03-27 07:44:03,0000032289,588-000835,YC302B_ESC_P4_PCBA,225.00,13.00,0,2026-03-26,0000029790,0000029792,WWGD-20260309-000454,225.00,0.00,225.00,已关闭,正常
0000032290,01-HDKJ-CGDD-260326-012610,2026-03-26,新疆友农科技集团,产品委外采购订单,产品委外采购,25040036,浙江巨传电子凈份有限公司,杨强云,杨强云,2026-03-26 11:18:40,2026-03-27 07:44:03,0000032294,588-000836,YC302B_ESC_CAP_P0_PCBA,225.00,13.00,0,2026-03-26,0000029791,0000029792,WWGD-20260309-000454,225.00,0.00,225.00,已关闭,正常
0000032274,01-HDKJ-CGDD-260326-012609,2026-03-26,新疆友农科技集团,生产项目采购订单,物料类采购,75504068,深圳乩浩达多层线路板有限公司,葛霞,葛霞,2026-03-26 10:57:29,2026-03-26 13:06:31,0000032277,321-000508,YC302B电调电容板CAP_P0_PCB,420.00,13.00,0,2026-04-16,0000030812,0000030810,CGSQ-260318-000014,420.00,0.00,420.00,已关闭,正常
0000032274,01-HDKJ-CGDD-260326-012609,2026-03-26,新疆友农科技集团,生产项目采购订单,物料类采购,75504068,深圳乩浩达多层线路板有限公司,葛霞,葛霞,2026-03-26 10:57:29,2026-03-26 13:06:31,0000032275,321-000508,YC302B电调电容板CAP_P0_PCB,3310.00,13.00,0,2026-03-23,0000029493,0000029467,CGSQ-260309-000021,3310.00,0.00,3310.00,已关闭,正常
0000032274,01-HDKJ-CGDD-260326-012609,2026-03-26,新疆友农科技集团,生产项目采购订单,物料类采购,75504068,深圳乩浩达多层线路板有限公司,葛霞,葛霞,2026-03-26 10:57:29,2026-03-26 13:06:31,0000032278,321-000510,YC302B_自研电调灯板_P0_PCB,3310.00,13.00,0,2026-03-23,0000029494,0000029467,CGSQ-260309-000021,3310.00,0.00,3310.00,已关闭,正常
0000032274,01-HDKJ-CGDD-260326-012609,2026-03-26,新疆友农科技集团,生产项目采购订单,物料类采购,75504068,深圳乩浩达多层线路板有限公司,葛霞,葛霞,2026-03-26 10:57:29,2026-03-26 13:06:31,0000032276,321-000508,YC302B电调电容板CAP_P0_PCB,10400.00,13.00,0,2026-03-31,0000027825,0000027811,CGSQ-260305-000032,10400.00,0.00,10400.00,已关闭,正常
0000032274,01-HDKJ-CGDD-260326-012609,2026-03-26,新疆友农科技集团,生产项目采购订单,物料类采购,75504068,深圳乩浩达多层线路板有限公司,葛霞,葛霞,2026-03-26 10:57:29,2026-03-26 13:06:31,0000032279,321-000510,YC302B_自研电调灯板_P0_PCB,10740.00,13.00,0,2026-03-31,0000027826,0000027811,CGSQ-260305-000032,10740.00,0.00,10740.00,已关闭,正常
0000032191,02-KSHA-CGDD-260326-012606,2026-03-26,苏州友安电子科技有限公司,生产项目采购订单,物料类采购,75504042,深圳市中科乷线技术有限公司,昝敏,沈娟,2026-03-26 09:44:52,2026-03-26 16:19:00,0000032190,838-000461,单北斗双频定位天线,1300.00,13.00,0,2026-03-31,0000031712,0000031711,CGSQ-260325-000008,1300.00,0.00,1300.00,已关闭,正常
0000032187,01-HDKJ-CGDD-260326-012605,2026-03-26,新疆友农科技集团,生产项目采购订单,物料类采购,75501068,仗兴科技（深圳）有限公司,昝敏,沈娟,2026-03-26 09:36:58,2026-03-26 10:41:35,0000032184,165-001936,YS403 左右FPC加强板泡棉,1220.00,13.00,0,2026-03-23,0000029497,0000029467,CGSQ-260309-000021,1220.00,0.00,1220.00,已关闭,正常
0000032187,01-HDKJ-CGDD-260326-012605,2026-03-26,新疆友农科技集团,生产项目采购订单,物料类采购,75501068,仗兴科技（深圳）有限公司,昝敏,沈娟,2026-03-26 09:36:58,2026-03-26 10:41:35,0000032188,165-001937,YS403左FPC泡棉1,610.00,13.00,0,2026-03-23,0000029498,0000029467,CGSQ-260309-000021,610.00,0.00,610.00,已关闭,正常
0000032187,01-HDKJ-CGDD-260326-012605,2026-03-26,新疆友农科技集团,生产项目采购订单,物料类采购,75501068,仗兴科技（深圳）有限公司,昝敏,沈娟,2026-03-26 09:36:58,2026-03-26 10:41:35,0000032185,165-001938,YS403左FPC泡棉2,610.00,13.00,0,2026-03-23,0000029499,0000029467,CGSQ-260309-000021,610.00,0.00,610.00,已关闭,正常
0000032187,01-HDKJ-CGDD-260326-012605,2026-03-26,新疆友农科技集团,生产项目采购订单,物料类采购,75501068,仗兴科技（深圳）有限公司,昝敏,沈娟,2026-03-26 09:36:58,2026-03-26 10:41:35,0000032189,165-001939,YS403右FPC泡棉1,610.00,13.00,0,2026-03-23,0000029500,0000029467,CGSQ-260309-000021,610.00,0.00,610.00,已关闭,正常
0000032187,01-HDKJ-CGDD-260326-012605,2026-03-26,新疆友农科技集团,生产项目采购订单,物料类采购,75501068,仗兴科技（深圳）有限公司,昝敏,沈娟,2026-03-26 09:36:58,2026-03-26 10:41:35,0000032186,165-001940,YS403右FPC泡棉2,610.00,13.00,0,2026-03-23,0000029501,0000029467,CGSQ-260309-000021,610.00,0.00,610.00,已关闭,正常
0000031848,01-HDKJ-CGDD-260325-012599,2026-03-25,新疆友农科技集团,产品委外采购订单,产品委外采购,57403020,苏州华誉智丼科技有限公司,贲洪艳,杨强云,2026-03-25 18:08:53,2026-03-26 13:05:56,0000031849,588-000545,YS403_X3M主板_P2_S01_PCBA,300.00,13.00,0,2026-03-25,0000027194,0000027195,WWGD-20260303-000444,300.00,0.00,300.00,已关闭,正常
0000031846,01-HDKJ-CGDD-260325-012592,2026-03-25,新疆友农科技集团,生产项目采购订单,物料类采购,75503031,深圳市恒晟辉电子有线公司,贲洪艳,杨强云,2026-03-25 17:38:18,2026-03-26 09:30:00,0000031847,972-000695,FPGA,450.00,13.00,0,2026-04-03,0000029429,0000029466,CGSQ-260309-000019,450.00,0.00,450.00,已关闭,正常
0000031840,01-HDKJ-CGDD-260325-012589,2026-03-25,新疆友农科技集团,生产项目采购订单,物料类采购,02100153,上海勤伸电子有限公司,左强婷,葛霞,2026-03-25 17:32:59,2026-03-26 09:29:45,0000031841,321-000523,YS506_V2_光电编码板_P4_PCB,880.00,13.00,0,2026-04-03,0000029543,0000029502,CGSQ-260309-000024,880.00,0.00,880.00,已关闭,正常
0000031840,01-HDKJ-CGDD-260325-012589,2026-03-25,新疆友农科技集团,生产项目采购订单,物料类采购,02100153,上海勤伸电子有限公司,左强婷,葛霞,2026-03-25 17:32:59,2026-03-26 09:29:45,0000031844,321-000567,YN580后接口板P4_PCB,810.00,13.00,0,2026-04-03,0000029545,0000029502,CGSQ-260309-000024,810.00,0.00,810.00,已关闭,正常
0000031840,01-HDKJ-CGDD-260325-012589,2026-03-25,新疆友农科技集团,生产项目采购订单,物料类采购,02100153,上海勤伸电子有限公司,左强婷,葛霞,2026-03-25 17:32:59,2026-03-26 09:29:45,0000031842,321-000572,YC580_前接口板_P3_PCB,810.00,13.00,0,2026-04-03,0000029547,0000029502,CGSQ-260309-000024,810.00,0.00,810.00,已关闭,正常
0000031840,01-HDKJ-CGDD-260325-012589,2026-03-25,新疆友农科技集团,生产项目采购订单,物料类采购,02100153,上海勤伸电子有限公司,左强婷,葛霞,2026-03-25 17:32:59,2026-03-26 09:29:45,0000031845,321-000431,YS403_X3M主板_P2_PCB,910.00,13.00,0,2026-03-23,0000029490,0000029467,CGSQ-260309-000021,0.00,910.00,-910.00,正常,正常
0000031840,01-HDKJ-CGDD-260325-012589,2026-03-25,新疆友农科技集团,生产项目采购订单,物料类采购,02100153,上海勤伸电子有限公司,左强婷,葛霞,2026-03-25 17:32:59,2026-03-26 09:29:45,0000031843,321-000523,YS506_V2_光电编码板_P4_PCB,720.00,13.00,0,2026-03-31,0000027817,0000027811,CGSQ-260305-000032,720.00,0.00,720.00,已关闭,正常
0000031834,01-HDKJ-CGDD-260325-012582,2026-03-25,新疆友农科技集团,生产项目采购订单,物料类采购,75504018,深圳康宏电子实业有限公司,葛霞,葛霞,2026-03-25 16:40:45,2026-03-25 16:43:30,0000031833,321-000484,YS508_机尾雷达_P1_PCB,300.00,13.00,0,2026-03-27,0000031791,0000031792,CGSQ-260325-000032,300.00,0.00,300.00,已关闭,正常
0000031822,01-HDKJ-CGDD-260325-012579,2026-03-25,新疆友农科技集团,生产项目采购订单,物料类采购,99601006,协鸿児电科技(昆山)有限公司,葛霞,葛霞,2026-03-25 16:28:30,2026-03-26 10:41:41,0000031814,321-000484,YS508_机尾雷达_P1_PCB,700.00,13.00,0,2026-04-09,0000031025,0000031011,CGSQ-260320-000018,700.00,0.00,700.00,已关闭,正常
0000031822,01-HDKJ-CGDD-260325-012579,2026-03-25,新疆友农科技集团,生产项目采购订单,物料类采购,99601006,协鸿児电科技(昆山)有限公司,葛霞,葛霞,2026-03-25 16:28:30,2026-03-26 10:41:41,0000031823,321-000498,YS210_自研IMU模块_P1_PCB,200.00,13.00,0,2026-04-03,0000030315,0000030301,CGSQ-260312-000020,200.00,0.00,200.00,已关闭,正常
0000031822,01-HDKJ-CGDD-260325-012579,2026-03-25,新疆友农科技集团,生产项目采购订单,物料类采购,99601006,协鸿児电科技(昆山)有限公司,葛霞,葛霞,2026-03-25 16:28:30,2026-03-26 10:41:41,0000031824,321-000427,YS410_YI3519主板_P1_PCB,600.00,13.00,0,2026-04-03,0000029535,0000029502,CGSQ-260309-000024,600.00,0.00,600.00,已关闭,正常
0000031822,01-HDKJ-CGDD-260325-012579,2026-03-25,新疆友农科技集团,生产项目采购订单,物料类采购,99601006,协鸿児电科技(昆山)有限公司,葛霞,葛霞,2026-03-25 16:28:30,2026-03-26 10:41:41,0000031815,321-000456,YS506_V2_转子板_FPGA_P2_PCB,880.00,13.00,0,2026-04-03,0000029537,0000029502,CGSQ-260309-000024,880.00,0.00,880.00,已关闭,正常
0000031822,01-HDKJ-CGDD-260325-012579,2026-03-25,新疆友农科技集团,生产项目采购订单,物料类采购,99601006,协鸿児电科技(昆山)有限公司,葛霞,葛霞,2026-03-25 16:28:30,2026-03-26 10:41:41,0000031825,321-000482,YS506_MT_BOARD_P2_PCB,880.00,13.00,0,2026-04-03,0000029540,0000029502,CGSQ-260309-000024,880.00,0.00,880.00,已关闭,正常
0000031822,01-HDKJ-CGDD-260325-012579,2026-03-25,新疆友农科技集团,生产项目采购订单,物料类采购,99601006,协鸿児电科技(昆山)有限公司,葛霞,葛霞,2026-03-25 16:28:30,2026-03-26 10:41:41,0000031816,321-000550,YS506B_V2.1_定子板_P3_PCB,880.00,13.00,0,2026-04-03,0000029544,0000029502,CGSQ-260309-000024,880.00,0.00,880.00,已关闭,正常
0000031822,01-HDKJ-CGDD-260325-012579,2026-03-25,新疆友农科技集团,生产项目采购订单,物料类采购,99601006,协鸿児电科技(昆山)有限公司,葛霞,葛霞,2026-03-25 16:28:30,2026-03-26 10:41:41,0000031826,321-000433,YS403_元橡左FPC_P1_PCB,610.00,13.00,0,2026-03-23,0000029491,0000029467,CGSQ-260309-000021,610.00,0.00,610.00,已关闭,正常
0000031822,01-HDKJ-CGDD-260325-012579,2026-03-25,新疆友农科技集团,生产项目采购订单,物料类采购,99601006,协鸿児电科技(昆山)有限公司,葛霞,葛霞,2026-03-25 16:28:30,2026-03-26 10:41:41,0000031817,321-000434,YS403_元橡右FPC_P1_PCB,610.00,13.00,0,2026-03-23,0000029492,0000029467,CGSQ-260309-000021,610.00,0.00,610.00,已关闭,正常
0000031822,01-HDKJ-CGDD-260325-012579,2026-03-25,新疆友农科技集团,生产项目采购订单,物料类采购,99601006,协鸿児电科技(昆山)有限公司,葛霞,葛霞,2026-03-25 16:28:30,2026-03-26 10:41:41,0000031827,321-000578,YC403_SK3576_P1.1_PCB,930.00,13.00,0,2026-03-23,0000029495,0000029467,CGSQ-260309-000021,930.00,0.00,930.00,已关闭,正常
0000031822,01-HDKJ-CGDD-260325-012579,2026-03-25,新疆友农科技集团,生产项目采购订单,物料类采购,99601006,协鸿児电科技(昆山)有限公司,葛霞,葛霞,2026-03-25 16:28:30,2026-03-26 10:41:41,0000031818,321-000294,YS504_WIFI天线板_P0_PCB,1700.00,13.00,0,2026-04-30,0000028862,0000028770,CGSQ-260307-000016,1700.00,0.00,1700.00,已关闭,正常
0000031822,01-HDKJ-CGDD-260325-012579,2026-03-25,新疆友农科技集团,生产项目采购订单,物料类采购,99601006,协鸿児电科技(昆山)有限公司,葛霞,葛霞,2026-03-25 16:28:30,2026-03-26 10:41:41,0000031828,321-000427,YS410_YI3519主板_P1_PCB,940.00,13.00,0,2026-03-31,0000027814,0000027811,CGSQ-260305-000032,940.00,0.00,940.00,已关闭,正常
0000031822,01-HDKJ-CGDD-260325-012579,2026-03-25,新疆友农科技集团,生产项目采购订单,物料类采购,99601006,协鸿児电科技(昆山)有限公司,葛霞,葛霞,2026-03-25 16:28:30,2026-03-26 10:41:41,0000031819,321-000456,YS506_V2_转子板_FPGA_P2_PCB,720.00,13.00,0,2026-03-31,0000027815,0000027811,CGSQ-260305-000032,720.00,0.00,720.00,已关闭,正常
0000031822,01-HDKJ-CGDD-260325-012579,2026-03-25,新疆友农科技集团,生产项目采购订单,物料类采购,99601006,协鸿児电科技(昆山)有限公司,葛霞,葛霞,2026-03-25 16:28:30,2026-03-26 10:41:41,0000031829,321-000482,YS506_MT_BOARD_P2_PCB,705.00,13.00,0,2026-03-31,0000027820,0000027811,CGSQ-260305-000032,705.00,0.00,705.00,已关闭,正常
0000031822,01-HDKJ-CGDD-260325-012579,2026-03-25,新疆友农科技集团,生产项目采购订单,物料类采购,99601006,协鸿児电科技(昆山)有限公司,葛霞,葛霞,2026-03-25 16:28:30,2026-03-26 10:41:41,0000031820,321-000484,YS508_机尾雷达_P1_PCB,1375.00,13.00,0,2026-03-31,0000027821,0000027811,CGSQ-260305-000032,1375.00,0.00,1375.00,已关闭,正常
0000031822,01-HDKJ-CGDD-260325-012579,2026-03-25,新疆友农科技集团,生产项目采购订单,物料类采购,99601006,协鸿児电科技(昆山)有限公司,葛霞,葛霞,2026-03-25 16:28:30,2026-03-26 10:41:41,0000031830,321-000550,YS506B_V2.1_定子板_P3_PCB,775.00,13.00,0,2026-03-31,0000027828,0000027811,CGSQ-260305-000032,775.00,0.00,775.00,已关闭,正常
0000031822,01-HDKJ-CGDD-260325-012579,2026-03-25,新疆友农科技集团,生产项目采购订单,物料类采购,99601006,协鸿児电科技(昆山)有限公司,葛霞,葛霞,2026-03-25 16:28:30,2026-03-26 10:41:41,0000031821,321-000294,YS504_WIFI天线板_P0_PCB,1500.00,13.00,0,2026-04-15,0000027440,0000027372,CGSQ-260305-000021,1500.00,0.00,1500.00,已关闭,正常
0000031796,01-HDKJ-CGDD-260325-012573,2026-03-25,新疆友农科技集团,生产项目采购订单,物料类采购,2603-51204-0579,昆山超源儼胶制品有限公司,昝敏,沈娟,2026-03-25 15:34:34,2026-03-26 10:41:33,0000031795,165-001402,"""YN540S-药箱盖密封圈""",750.00,13.00,0,2026-04-30,0000028845,0000028770,CGSQ-260307-000016,750.00,0.00,750.00,已关闭,正常
0000031793,01-HDKJ-CGDD-260325-012571,2026-03-25,新疆友农科技集团,生产项目采购订单,物料类采购,2507-02101-0196,上海东元德高电机有限工司,昝敏,黄欣丽,2026-03-25 15:33:06,2026-03-26 10:42:07,0000031794,549-002409,580V3动力电机_无丝印版,3320.00,13.00,0,2026-03-30,0000028750,0000028624,CGSQ-260307-000014,1113.00,4.00,1109.00,正常,正常
0000031784,01-HDKJ-CGDD-260325-012558,2026-03-25,新疆友农科技集团,生产项目采购订单,物料类采购,01004007,支付宝(中国)网络技术有限公司,计意强,骆富英,2026-03-25 13:58:47,2026-03-25 14:08:47,0000031783,795-000133,线束安装附件包,10000.00,0.00,0,2026-04-04,0000031720,0000031719,CGSQ-260325-000016,10000.00,0.00,10000.00,已关闭,正常
0000031765,01-HDKJ-CGDD-260325-012557,2026-03-25,新疆友农科技集团,生产项目采购订单,物料类采购,51403024,苏州英姿精倕电子有限公司,计意强,骆富英,2026-03-25 13:57:54,2026-03-25 14:00:57,0000031766,849-000789,Φ4*3+M3*6_不锈钢塞打螺丝_整圈耐落,1200.00,13.00,0,2026-04-30,0000031530,0000031526,CGSQ-260323-000025,1200.00,0.00,1200.00,已关闭,正常
0000031765,01-HDKJ-CGDD-260325-012557,2026-03-25,新疆友农科技集团,生产项目采购订单,物料类采购,51403024,苏州英姿精倕电子有限公司,计意强,骆富英,2026-03-25 13:57:54,2026-03-25 14:00:57,0000031767,849-000962,M4*8不锈钢法兰内六角机牙螺丝_整圈耐落,2300.00,13.00,0,2026-04-30,0000031544,0000031526,CGSQ-260323-000025,2300.00,0.00,2300.00,已关闭,正常
0000031763,01-HDKJ-CGDD-260325-012555,2026-03-25,新疆友农科技集团,生产项目采购订单,物料类采购,51204008,苏州岚嵩五金科技有限公司,计意强,骆富英,2026-03-25 13:55:40,2026-03-25 13:57:30,0000031762,849-000067,ST5.5*25钻尾螺丝,10000.00,13.00,0,2026-03-30,0000031722,0000031721,CGSQ-260325-000018,10000.00,0.00,10000.00,已关闭,正常
0000031763,01-HDKJ-CGDD-260325-012555,2026-03-25,新疆友农科技集团,生产项目采购订单,物料类采购,51204008,苏州岚嵩五金科技有限公司,计意强,骆富英,2026-03-25 13:55:40,2026-03-25 13:57:30,0000031764,849-000332,抽芯铆钉,2000.00,13.00,0,2026-04-30,0000031532,0000031526,CGSQ-260323-000025,2000.00,0.00,2000.00,已关闭,正常
0000031761,01-HDKJ-CGDD-260325-012553,2026-03-25,新疆友农科技集团,生产项目采购订单,物料类采购,02102051,上海馨鹏电子友限公司,贲洪艳,杨强云,2026-03-25 13:52:20,2026-03-25 13:57:23,0000031760,972-000936,同步升压转换器,10000.00,13.00,0,2026-04-01,0000031504,0000031506,CGSQ-260323-000010,9000.00,0.00,9000.00,正常,已终止
0000031757,01-HDKJ-CGDD-260325-012552,2026-03-25,新疆友农科技集团,生产项目采购订单,物料类采购,75501051,深圳倛恩塑胶金属制品有限公司,计意强,骆富英,2026-03-25 13:40:39,2026-03-25 14:30:51,0000031756,165-000298,显示终端RAM支架（U型球头底座）,1000.00,13.00,0,2026-04-30,0000031560,0000031559,CGSQ-260323-000027,0.00,0.00,0.00,正常,正常
0000031755,01-HDKJ-CGDD-260325-012550,2026-03-25,新疆友农科技集团,生产项目采购订单,物料类采购,2511-513-0396,佶通琢精标牌有限公司,计意强,骆富英,2026-03-25 13:38:43,2026-03-25 13:44:50,0000031754,165-002097,YN580空白铭牌,500.00,0.00,0,2026-04-30,0000031531,0000031526,CGSQ-260323-000025,500.00,0.00,500.00,已关闭,正常
0000031753,01-HDKJ-CGDD-260325-012548,2026-03-25,新疆友农科技集团,生产项目采购订单,物料类采购,75201006,惠州市酷业科技友限公司,计意强,骆富英,2026-03-25 13:37:33,2026-03-25 13:38:46,0000031752,795-000399,M5防水透气阀,1700.00,13.00,0,2026-04-30,0000031529,0000031526,CGSQ-260323-000025,0.00,0.00,0.00,正常,正常
0000031746,01-HDKJ-CGDD-260325-012546,2026-03-25,新疆友农科技集团,生产项目采购订单,物料类采购,59202002,俅门信和达电子有限公司,骆富英,蓟星桂,2026-03-25 13:29:57,2026-03-25 13:44:49,0000031747,725-000068,贴片陶瓷电容,4000.00,13.00,0,2026-04-16,0000030755,0000030670,CGSQ-260318-000010,4000.00,0.00,4000.00,已关闭,正常
0000031746,01-HDKJ-CGDD-260325-012546,2026-03-25,新疆友农科技集团,生产项目采购订单,物料类采购,59202002,俅门信和达电子有限公司,骆富英,蓟星桂,2026-03-25 13:29:57,2026-03-25 13:44:49,0000031741,539-000256,贴片电阻,4000.00,13.00,0,2026-04-03,0000030043,0000030040,CGSQ-260310-000028,0.00,0.00,0.00,已关闭,正常
0000031746,01-HDKJ-CGDD-260325-012546,2026-03-25,新疆友农科技集团,生产项目采购订单,物料类采购,59202002,俅门信和达电子有限公司,骆富英,蓟星桂,2026-03-25 13:29:57,2026-03-25 13:44:49,0000031748,539-000330,贴片电阻,8380.00,13.00,0,2026-04-03,0000030044,0000030040,CGSQ-260310-000028,0.00,0.00,0.00,已关闭,正常
0000031746,01-HDKJ-CGDD-260325-012546,2026-03-25,新疆友农科技集团,生产项目采购订单,物料类采购,59202002,俅门信和达电子有限公司,骆富英,蓟星桂,2026-03-25 13:29:57,2026-03-25 13:44:49,0000031742,539-000577,贴片电阻,4190.00,13.00,0,2026-04-03,0000030045,0000030040,CGSQ-260310-000028,0.00,0.00,0.00,已关闭,正常
0000031746,01-HDKJ-CGDD-260325-012546,2026-03-25,新疆友农科技集团,生产项目采购订单,物料类采购,59202002,俅门信和达电子有限公司,骆富英,蓟星桂,2026-03-25 13:29:57,2026-03-25 13:44:49,0000031749,725-000235,贴片陶瓷电容,2000.00,13.00,0,2026-04-03,0000029616,0000029754,CGSQ-260309-000027,0.00,0.00,0.00,正常,正常
0000031746,01-HDKJ-CGDD-260325-012546,2026-03-25,新疆友农科技集团,生产项目采购订单,物料类采购,59202002,俅门信和达电子有限公司,骆富英,蓟星桂,2026-03-25 13:29:57,2026-03-25 13:44:49,0000031743,725-000316,贴片陶瓷电容,10000.00,13.00,0,2026-04-03,0000029619,0000029754,CGSQ-260309-000027,10000.00,0.00,10000.00,已关闭,正常
0000031746,01-HDKJ-CGDD-260325-012546,2026-03-25,新疆友农科技集团,生产项目采购订单,物料类采购,59202002,俅门信和达电子有限公司,骆富英,蓟星桂,2026-03-25 13:29:57,2026-03-25 13:44:49,0000031750,539-000324,贴片电阻,5000.00,13.00,0,2026-04-03,0000029635,0000029754,CGSQ-260309-000027,0.00,0.00,0.00,已关闭,正常
0000031746,01-HDKJ-CGDD-260325-012546,2026-03-25,新疆友农科技集团,生产项目采购订单,物料类采购,59202002,俅门信和达电子有限公司,骆富英,蓟星桂,2026-03-25 13:29:57,2026-03-25 13:44:49,0000031744,539-000256,贴片电阻,1000.00,13.00,0,2026-04-03,0000029505,0000029502,CGSQ-260309-000024,0.00,0.00,0.00,已关闭,正常
0000031746,01-HDKJ-CGDD-260325-012546,2026-03-25,新疆友农科技集团,生产项目采购订单,物料类采购,59202002,俅门信和达电子有限公司,骆富英,蓟星桂,2026-03-25 13:29:57,2026-03-25 13:44:49,0000031751,539-000330,贴片电阻,1620.00,13.00,0,2026-04-03,0000029506,0000029502,CGSQ-260309-000024,0.00,0.00,0.00,已关闭,正常
0000031746,01-HDKJ-CGDD-260325-012546,2026-03-25,新疆友农科技集团,生产项目采购订单,物料类采购,59202002,俅门信和达电子有限公司,骆富英,蓟星桂,2026-03-25 13:29:57,2026-03-25 13:44:49,0000031745,539-000577,贴片电阻,810.00,13.00,0,2026-04-03,0000029507,0000029502,CGSQ-260309-000024,0.00,0.00,0.00,已关闭,正常
0000031733,01-HDKJ-CGDD-260325-012543,2026-03-25,新疆友农科技集团,生产项目采购订单,物料类采购,59202001,厦门美赫电仔有限公司,左强婷,蓟星桂,2026-03-25 13:24:31,2026-03-25 13:57:04,0000031734,725-000027,贴片陶瓷电容,8380.00,13.00,0,2026-04-03,0000030041,0000030040,CGSQ-260310-000028,8380.00,0.00,8380.00,已关闭,正常
0000031733,01-HDKJ-CGDD-260325-012543,2026-03-25,新疆友农科技集团,生产项目采购订单,物料类采购,59202001,厦门美赫电仔有限公司,左强婷,蓟星桂,2026-03-25 13:24:31,2026-03-25 13:57:04,0000031738,725-000159,贴片陶瓷电容,9190.00,13.00,0,2026-04-03,0000030042,0000030040,CGSQ-260310-000028,9190.00,0.00,9190.00,已关闭,正常
0000031733,01-HDKJ-CGDD-260325-012543,2026-03-25,新疆友农科技集团,生产项目采购订单,物料类采购,59202001,厦门美赫电仔有限公司,左强婷,蓟星桂,2026-03-25 13:24:31,2026-03-25 13:57:04,0000031735,725-000027,贴片陶瓷电容,1620.00,13.00,0,2026-04-03,0000029503,0000029502,CGSQ-260309-000024,1620.00,0.00,1620.00,已关闭,正常
0000031733,01-HDKJ-CGDD-260325-012543,2026-03-25,新疆友农科技集团,生产项目采购订单,物料类采购,59202001,厦门美赫电仔有限公司,左强婷,蓟星桂,2026-03-25 13:24:31,2026-03-25 13:57:04,0000031739,725-000159,贴片陶瓷电容,810.00,13.00,0,2026-04-03,0000029504,0000029502,CGSQ-260309-000024,810.00,0.00,810.00,已关闭,正常
0000031733,01-HDKJ-CGDD-260325-012543,2026-03-25,新疆友农科技集团,生产项目采购订单,物料类采购,59202001,厦门美赫电仔有限公司,左强婷,蓟星桂,2026-03-25 13:24:31,2026-03-25 13:57:04,0000031736,539-000582,贴片电阻,20000.00,13.00,0,2026-04-03,0000029508,0000029502,CGSQ-260309-000024,20000.00,0.00,20000.00,已关闭,正常
0000031733,01-HDKJ-CGDD-260325-012543,2026-03-25,新疆友农科技集团,生产项目采购订单,物料类采购,59202001,厦门美赫电仔有限公司,左强婷,蓟星桂,2026-03-25 13:24:31,2026-03-25 13:57:04,0000031740,725-000295,贴片陶瓷电容,4000.00,13.00,0,2026-04-03,0000029374,0000029466,CGSQ-260309-000019,4000.00,0.00,4000.00,已关闭,正常
0000031733,01-HDKJ-CGDD-260325-012543,2026-03-25,新疆友农科技集团,生产项目采购订单,物料类采购,59202001,厦门美赫电仔有限公司,左强婷,蓟星桂,2026-03-25 13:24:31,2026-03-25 13:57:04,0000031737,725-000061,贴片陶瓷电容,10000.00,13.00,0,2026-03-31,0000027963,0000027843,CGSQ-260305-000036,10000.00,0.00,10000.00,已关闭,正常
0000031728,01-HDKJ-CGDD-260325-012547,2026-03-25,新疆友农科技集团,生产项目采购订单,物料类采购,51204045,超城紧伱系统（苏州）有限公司,计意强,骆富英,2026-03-25 13:23:13,2026-03-25 13:38:47,0000031723,849-000620,M3*20_不锈钢内六角沉头机牙螺丝_整圈耐落,1000.00,13.00,0,2026-04-15,0000031666,0000031665,CGSQ-260324-000017,1000.00,0.00,1000.00,已关闭,正常
0000031728,01-HDKJ-CGDD-260325-012547,2026-03-25,新疆友农科技集团,生产项目采购订单,物料类采购,51204045,超城紧伱系统（苏州）有限公司,计意强,骆富英,2026-03-25 13:23:13,2026-03-25 13:38:47,0000031724,849-000287,M4*20_不锈钢杯头内六角滚花机牙螺丝_整圈耐落,11000.00,13.00,0,2026-04-30,0000031538,0000031526,CGSQ-260323-000025,11000.00,0.00,11000.00,已关闭,正常
0000031728,01-HDKJ-CGDD-260325-012547,2026-03-25,新疆友农科技集团,生产项目采购订单,物料类采购,51204045,超城紧伱系统（苏州）有限公司,计意强,骆富英,2026-03-25 13:23:13,2026-03-25 13:38:47,0000031729,849-000750,M4*30_不锈钢法兰内六角机牙螺丝_整圈耐落,1200.00,13.00,0,2026-04-30,0000031540,0000031526,CGSQ-260323-000025,1200.00,0.00,1200.00,已关闭,正常
0000031728,01-HDKJ-CGDD-260325-012547,2026-03-25,新疆友农科技集团,生产项目采购订单,物料类采购,51204045,超城紧伱系统（苏州）有限公司,计意强,骆富英,2026-03-25 13:23:13,2026-03-25 13:38:47,0000031725,849-000288,M4*22_不锈钢杯头内六角滚花机牙螺丝_整圈耐落,7600.00,13.00,0,2026-04-30,0000031541,0000031526,CGSQ-260323-000025,7600.00,0.00,7600.00,已关闭,正常
0000031728,01-HDKJ-CGDD-260325-012547,2026-03-25,新疆友农科技集团,生产项目采购订单,物料类采购,51204045,超城紧伱系统（苏州）有限公司,计意强,骆富英,2026-03-25 13:23:13,2026-03-25 13:38:47,0000031730,849-000871,M10*30_不锈钢杯头内六角滚花机牙螺丝,1000.00,13.00,0,2026-04-30,0000031542,0000031526,CGSQ-260323-000025,1000.00,0.00,1000.00,已关闭,正常
0000031728,01-HDKJ-CGDD-260325-012547,2026-03-25,新疆友农科技集团,生产项目采购订单,物料类采购,51204045,超城紧伱系统（苏州）有限公司,计意强,骆富英,2026-03-25 13:23:13,2026-03-25 13:38:47,0000031726,849-000351,M3*20_不锈钢内六角机牙螺丝_整圈耐落，带介,1000.00,13.00,0,2026-04-30,0000031543,0000031526,CGSQ-260323-000025,1000.00,0.00,1000.00,已关闭,正常
0000031728,01-HDKJ-CGDD-260325-012547,2026-03-25,新疆友农科技集团,生产项目采购订单,物料类采购,51204045,超城紧伱系统（苏州）有限公司,计意强,骆富英,2026-03-25 13:23:13,2026-03-25 13:38:47,0000031731,849-000819,NL6*E10.8_碳钢洛帝牢双叠防松垫圈,800.00,13.00,0,2026-04-30,0000031545,0000031526,CGSQ-260323-000025,800.00,0.00,800.00,已关闭,正常
0000031728,01-HDKJ-CGDD-260325-012547,2026-03-25,新疆友农科技集团,生产项目采购订单,物料类采购,51204045,超城紧伱系统（苏州）有限公司,计意强,骆富英,2026-03-25 13:23:13,2026-03-25 13:38:47,0000031727,849-000877,M4*28_不锈钢法兰内六角机牙螺丝_整圈耐落,1000.00,13.00,0,2026-04-30,0000031556,0000031526,CGSQ-260323-000025,1000.00,0.00,1000.00,已关闭,正常
0000031728,01-HDKJ-CGDD-260325-012547,2026-03-25,新疆友农科技集团,生产项目采购订单,物料类采购,51204045,超城紧伱系统（苏州）有限公司,计意强,骆富英,2026-03-25 13:23:13,2026-03-25 13:38:47,0000031732,849-001097,M3*8沉头内六角点胶螺丝,2500.00,13.00,0,2026-04-30,0000031558,0000031526,CGSQ-260323-000025,2500.00,0.00,2500.00,已关闭,正常
0000031708,01-HDKJ-CGDD-260325-012536,2026-03-25,新疆友农科技集团,生产项目采购订单,物料类采购,02103023,云汉芯城（上海）电子科技有限公司,左强婷,缪财艳,2026-03-25 10:24:22,2026-03-25 18:21:51,0000031705,454-000045,贴片肖特基二极,1690.00,13.00,0,2026-04-10,0000030062,0000030063,CGSQ-260310-000032,1690.00,0.00,1690.00,已关闭,正常
0000031708,01-HDKJ-CGDD-260325-012536,2026-03-25,新疆友农科技集团,生产项目采购订单,物料类采购,02103023,云汉芯城（上海）电子科技有限公司,左强婷,缪财艳,2026-03-25 10:24:22,2026-03-25 18:21:51,0000031709,972-000835,气压计,810.00,13.00,0,2026-04-03,0000029514,0000029502,CGSQ-260309-000024,810.00,0.00,810.00,已关闭,正常
0000031708,01-HDKJ-CGDD-260325-012536,2026-03-25,新疆友农科技集团,生产项目采购订单,物料类采购,02103023,云汉芯城（上海）电子科技有限公司,左强婷,缪财艳,2026-03-25 10:24:22,2026-03-25 18:21:51,0000031706,454-000045,贴片肖特基二极,1760.00,13.00,0,2026-04-03,0000029515,0000029502,CGSQ-260309-000024,1760.00,0.00,1760.00,已关闭,正常
0000031708,01-HDKJ-CGDD-260325-012536,2026-03-25,新疆友农科技集团,生产项目采购订单,物料类采购,02103023,云汉芯城（上海）电子科技有限公司,左强婷,缪财艳,2026-03-25 10:24:22,2026-03-25 18:21:51,0000031707,454-000045,贴片肖特基二极,1550.00,13.00,0,2026-03-31,0000027842,0000027837,CGSQ-260305-000034,1550.00,0.00,1550.00,已关闭,正常
0000031708,01-HDKJ-CGDD-260325-012536,2026-03-25,新疆友农科技集团,生产项目采购订单,物料类采购,02103023,云汉芯城（上海）电子科技有限公司,左强婷,缪财艳,2026-03-25 10:24:22,2026-03-25 18:21:51,0000031710,972-000272,气压计,950.00,13.00,0,2026-03-31,0000027827,0000027811,CGSQ-260305-000032,950.00,0.00,950.00,已关闭,正常
0000031674,01-HDKJ-CGDD-260324-012522,2026-03-24,新疆友农科技集团,生产项目采购订单,物料类采购,2509-75502-0295,深圳市易达凯电仔有限公司,左强婷,蓟星桂,2026-03-24 17:26:42,2026-03-25 13:29:11,0000031677,725-000417,贴片陶瓷电容,9540.00,13.00,0,2026-04-04,0000030051,0000030049,CGSQ-260310-000030,0.00,0.00,0.00,已关闭,正常
0000031674,01-HDKJ-CGDD-260324-012522,2026-03-24,新疆友农科技集团,生产项目采购订单,物料类采购,2509-75502-0295,深圳市易达凯电仔有限公司,左强婷,蓟星桂,2026-03-24 17:26:42,2026-03-25 13:29:11,0000031675,725-000420,贴片陶瓷电容,13180.00,13.00,0,2026-04-04,0000030052,0000030049,CGSQ-260310-000030,0.00,0.00,0.00,已关闭,正常
0000031674,01-HDKJ-CGDD-260324-012522,2026-03-24,新疆友农科技集团,生产项目采购订单,物料类采购,2509-75502-0295,深圳市易达凯电仔有限公司,左强婷,蓟星桂,2026-03-24 17:26:42,2026-03-25 13:29:11,0000031678,725-000417,贴片陶瓷电容,5460.00,13.00,0,2026-03-23,0000029470,0000029467,CGSQ-260309-000021,0.00,0.00,0.00,已关闭,正常
0000031674,01-HDKJ-CGDD-260324-012522,2026-03-24,新疆友农科技集团,生产项目采购订单,物料类采购,2509-75502-0295,深圳市易达凯电仔有限公司,左强婷,蓟星桂,2026-03-24 17:26:42,2026-03-25 13:29:11,0000031676,725-000420,贴片陶瓷电容,1820.00,13.00,0,2026-03-23,0000029471,0000029467,CGSQ-260309-000021,0.00,0.00,0.00,已关闭,正常
0000031671,01-HDKJ-CGDD-260324-012521,2026-03-24,新疆友农科技集团,生产项目采购订单,物料类采购,75502049,深圳市阳和通甸子有限公司,左强婷,蓟星桂,2026-03-24 17:26:00,2026-03-25 13:57:17,0000031673,539-000473,贴片电阻,10000.00,13.00,0,2026-04-03,0000029644,0000029754,CGSQ-260309-000027,10000.00,0.00,10000.00,已关闭,正常
0000031671,01-HDKJ-CGDD-260324-012521,2026-03-24,新疆友农科技集团,生产项目采购订单,物料类采购,75502049,深圳市阳和通甸子有限公司,左强婷,蓟星桂,2026-03-24 17:26:00,2026-03-25 13:57:17,0000031672,539-000205,贴片电阻,10000.00,13.00,0,2026-03-31,0000027600,0000027564,CGSQ-260305-000030,10000.00,0.00,10000.00,已关闭,正常
0000031670,01-HDKJ-CGDD-260324-012519,2026-03-24,新疆友农科技集团,生产项目采购订单,物料类采购,59202002,俅门信和达电子有限公司,左强婷,蓟星桂,2026-03-24 17:23:51,,0000031669,539-000344,贴片电阻,12000.00,13.00,0,2026-04-15,0000031570,0000031571,CGSQ-260323-000029,0.00,0.00,0.00,正常,正常
0000031659,01-HDKJ-CGDD-260324-012512,2026-03-24,新疆友农科技集团,生产项目采购订单,物料类采购,73901001,洞口县亞生成电子有限公司,王涛磊,蒋鹏,2026-03-24 16:11:47,2026-03-25 06:37:12,0000031660,363-000209,701电源2米线束,10000.00,13.00,0,2026-04-20,0000031450,0000031449,CGSQ-260322-000004,9720.00,0.00,9720.00,正常,正常
0000031658,02-KSHA-CGDD-260324-012511,2026-03-24,苏州友安电子科技有限公司,生产项目采购订单,物料类采购,51201030,昆山腾富电子友限公司,王涛磊,蒋鹏,2026-03-24 16:09:22,2026-04-08 11:23:39,0000031657,994-000531,UA400线束A（整条）,800.00,13.00,0,2026-04-15,0000031575,0000031574,CGSQ-260323-000033,800.00,0.00,800.00,已关闭,正常
0000031654,01-HDKJ-CGDD-260324-012510,2026-03-24,新疆友农科技集团,生产项目采购订单,物料类采购,02103023,云汉芯城（上海）电子科技有限公司,左强婷,缪财艳,2026-03-24 16:07:53,2026-03-24 20:10:40,0000031655,454-000011,肖特基二极管,10000.00,13.00,0,2026-04-01,0000030803,0000030799,CGSQ-260318-000012,9999.00,0.00,9999.00,已关闭,正常
0000031654,01-HDKJ-CGDD-260324-012510,2026-03-24,新疆友农科技集团,生产项目采购订单,物料类采购,02103023,云汉芯城（上海）电子科技有限公司,左强婷,缪财艳,2026-03-24 16:07:53,2026-03-24 20:10:40,0000031656,733-000146,贴片电感,10000.00,13.00,0,2026-03-31,0000027951,0000027843,CGSQ-260305-000036,10000.00,0.00,10000.00,已关闭,正常
0000031652,01-HDKJ-CGDD-260324-012509,2026-03-24,新疆友农科技集团,生产项目采购订单,物料类采购,75502049,深圳市阳和通甸子有限公司,左强婷,缪财艳,2026-03-24 16:07:21,2026-03-24 20:11:27,0000031653,733-000020,绕线贴片功率电感,10000.00,13.00,0,2026-04-01,0000031503,0000031506,CGSQ-260323-000010,0.00,0.00,0.00,已关闭,正常
0000031641,01-HDKJ-CGDD-260324-012507,2026-03-24,新疆友农科技集团,生产项目采购订单,物料类采购,76901001,东宛市旺洋五金电子科技有限公司,王涛磊,朱英,2026-03-24 15:54:06,2026-03-24 18:18:44,0000031642,165-002976,友农_插秧机_蘑菇头支架组件（产品铭牌+二维码铭牌+钢印）,1000.00,13.00,0,2026-04-30,0000031561,0000031559,CGSQ-260323-000027,1000.00,0.00,1000.00,已关闭,正常
0000031639,01-HDKJ-CGDD-260324-012506,2026-03-24,新疆友农科技集团,生产项目采购订单,物料类采购,51204043,凯乐伯精倕塑胶模具（苏州）有限公司,王涛磊,黄欣丽,2026-03-24 15:53:27,2026-03-24 18:19:02,0000031640,165-002005,YN580线夹固定上盖,300.00,13.00,0,2026-04-30,0000031535,0000031526,CGSQ-260323-000025,300.00,0.00,300.00,已关闭,正常
0000031628,01-HDKJ-CGDD-260324-012505,2026-03-24,新疆友农科技集团,生产项目采购订单,物料类采购,5810109,嘉兴金峰精密模具友限公司,王涛磊,黄欣丽,2026-03-24 15:52:46,2026-03-25 06:37:07,0000031629,165-001809,YN580脚架连接件-4号,200.00,13.00,0,2026-04-30,0000031555,0000031526,CGSQ-260323-000025,158.00,0.00,158.00,正常,正常
0000031628,01-HDKJ-CGDD-260324-012505,2026-03-24,新疆友农科技集团,生产项目采购订单,物料类采购,5810109,嘉兴金峰精密模具友限公司,王涛磊,黄欣丽,2026-03-24 15:52:46,2026-03-25 06:37:07,0000031634,165-001808,YN580脚架连接件-3号,200.00,13.00,0,2026-04-30,0000031554,0000031526,CGSQ-260323-000025,200.00,0.00,200.00,已关闭,正常
0000031628,01-HDKJ-CGDD-260324-012505,2026-03-24,新疆友农科技集团,生产项目采购订单,物料类采购,5810109,嘉兴金峰精密模具友限公司,王涛磊,黄欣丽,2026-03-24 15:52:46,2026-03-25 06:37:07,0000031630,165-001807,YN580脚架连接件-2号,200.00,13.00,0,2026-04-30,0000031553,0000031526,CGSQ-260323-000025,200.00,0.00,200.00,已关闭,正常
0000031628,01-HDKJ-CGDD-260324-012505,2026-03-24,新疆友农科技集团,生产项目采购订单,物料类采购,5810109,嘉兴金峰精密模具友限公司,王涛磊,黄欣丽,2026-03-24 15:52:46,2026-03-25 06:37:07,0000031635,165-001806,YN580脚架连接件-1号,200.00,13.00,0,2026-04-30,0000031552,0000031526,CGSQ-260323-000025,200.00,0.00,200.00,已关闭,正常
0000031628,01-HDKJ-CGDD-260324-012505,2026-03-24,新疆友农科技集团,生产项目采购订单,物料类采购,5810109,嘉兴金峰精密模具友限公司,王涛磊,黄欣丽,2026-03-24 15:52:46,2026-03-25 06:37:07,0000031631,165-001801,YN580内关节-4号,150.00,13.00,0,2026-04-30,0000031549,0000031526,CGSQ-260323-000025,37.00,0.00,37.00,正常,正常
0000031628,01-HDKJ-CGDD-260324-012505,2026-03-24,新疆友农科技集团,生产项目采购订单,物料类采购,5810109,嘉兴金峰精密模具友限公司,王涛磊,黄欣丽,2026-03-24 15:52:46,2026-03-25 06:37:07,0000031636,165-001800,YN580内关节-3号,150.00,13.00,0,2026-04-30,0000031548,0000031526,CGSQ-260323-000025,6.00,0.00,6.00,正常,正常
0000031628,01-HDKJ-CGDD-260324-012505,2026-03-24,新疆友农科技集团,生产项目采购订单,物料类采购,5810109,嘉兴金峰精密模具友限公司,王涛磊,黄欣丽,2026-03-24 15:52:46,2026-03-25 06:37:07,0000031632,165-001799,YN580内关节-2号,150.00,13.00,0,2026-04-30,0000031547,0000031526,CGSQ-260323-000025,36.00,0.00,36.00,正常,正常
0000031628,01-HDKJ-CGDD-260324-012505,2026-03-24,新疆友农科技集团,生产项目采购订单,物料类采购,5810109,嘉兴金峰精密模具友限公司,王涛磊,黄欣丽,2026-03-24 15:52:46,2026-03-25 06:37:07,0000031637,165-001798,YN580内关节-1号,150.00,13.00,0,2026-04-30,0000031546,0000031526,CGSQ-260323-000025,0.00,0.00,0.00,正常,正常
0000031628,01-HDKJ-CGDD-260324-012505,2026-03-24,新疆友农科技集团,生产项目采购订单,物料类采购,5810109,嘉兴金峰精密模具友限公司,王涛磊,黄欣丽,2026-03-24 15:52:46,2026-03-25 06:37:07,0000031633,165-001764,YN580关节锁扣组件_黑色版,200.00,13.00,0,2026-03-23,0000031562,0000031526,CGSQ-260323-000025,170.00,0.00,170.00,正常,正常
0000031628,01-HDKJ-CGDD-260324-012505,2026-03-24,新疆友农科技集团,生产项目采购订单,物料类采购,5810109,嘉兴金峰精密模具友限公司,王涛磊,黄欣丽,2026-03-24 15:52:46,2026-03-25 06:37:07,0000031638,795-000667,YN540S-E14手拧水管螺母,300.00,13.00,0,2026-04-30,0000031537,0000031526,CGSQ-260323-000025,300.00,0.00,300.00,已关闭,正常
0000031625,01-HDKJ-CGDD-260324-012502,2026-03-24,新疆友农科技集团,生产项目采购订单,物料类采购,57403039,苏州日争新精密技术有限工司,王涛磊,朱英,2026-03-24 15:43:19,2026-03-24 18:34:47,0000031624,165-002271,YN580摇摆桨夹螺柱,600.00,13.00,0,2026-04-30,0000031536,0000031526,CGSQ-260323-000025,600.00,0.00,600.00,已关闭,正常
0000031622,01-HDKJ-CGDD-260324-012500,2026-03-24,新疆友农科技集团,生产项目采购订单,物料类采购,2506-51201-0183,苏州金仝泰模塑科技有限公司,王涛磊,黄欣丽,2026-03-24 15:41:58,2026-03-25 06:37:07,0000031623,165-002473,150电机下罩,3500.00,13.00,0,2026-04-30,0000031557,0000031526,CGSQ-260323-000025,3500.00,0.00,3500.00,已关闭,正常
0000031620,01-HDKJ-CGDD-260324-012494,2026-03-24,新疆友农科技集团,生产项目采购订单,物料类采购,51204043,凯乐伯精倕塑胶模具（苏州）有限公司,王涛磊,黄欣丽,2026-03-24 15:13:04,2026-03-24 18:37:28,0000031619,165-001876,YN580称重计底座后,550.00,13.00,0,2026-04-30,0000029065,0000028770,CGSQ-260307-000016,550.00,0.00,550.00,已关闭,正常
0000031616,01-HDKJ-CGDD-260324-012492,2026-03-24,新疆友农科技集团,生产项目采购订单,物料类采购,2506-75502-0178,深圳品为兴科技有限公司,左强婷,蓟星桂,2026-03-24 15:10:51,2026-03-24 20:11:30,0000031618,358-000145,TBU,1410.00,13.00,0,2026-04-03,0000029510,0000029502,CGSQ-260309-000024,1110.00,0.00,1110.00,正常,正常
0000031616,01-HDKJ-CGDD-260324-012492,2026-03-24,新疆友农科技集团,生产项目采购订单,物料类采购,2506-75502-0178,深圳品为兴科技有限公司,左强婷,蓟星桂,2026-03-24 15:10:51,2026-03-24 20:11:30,0000031617,358-000145,TBU,1890.00,13.00,0,2026-03-31,0000027839,0000027837,CGSQ-260305-000034,1890.00,0.00,1890.00,已关闭,正常
0000031612,HD20260324-D03,2026-03-24,新疆友农科技集团,研发物料采购订单,物料类采购,5810109,嘉兴金峰精密模具友限公司,王涛磊,黄欣丽,2026-03-24 14:52:07,2026-03-24 18:37:34,0000031613,165-002659,YN503_前壳,80.00,13.00,0,2026-03-23,0000031525,0000031524,CGSQ-260323-000024,0.00,0.00,0.00,正常,正常
0000031605,01-HDKJ-CGDD-260324-012460,2026-03-24,新疆友农科技集团,生产项目采购订单,物料类采购,02102073,上海健三电子有限工司,左强婷,蓟星桂,2026-03-24 13:18:35,2026-03-25 13:57:15,0000031604,725-000274,贴片陶瓷电容,10450.00,13.00,0,2026-03-26,0000031567,0000031566,CGSQ-260323-000028,10450.00,0.00,10450.00,已关闭,正常
0000031605,01-HDKJ-CGDD-260324-012460,2026-03-24,新疆友农科技集团,生产项目采购订单,物料类采购,02102073,上海健三电子有限工司,左强婷,蓟星桂,2026-03-24 13:18:35,2026-03-25 13:57:15,0000031606,725-000274,贴片陶瓷电容,4550.00,13.00,0,2026-03-23,0000029468,0000029467,CGSQ-260309-000021,4550.00,0.00,4550.00,已关闭,正常
0000045174,01-HDKJ-CGDD-260803-016263,2026-08-03,新疆友农科技集团,生产项目采购订单,物料类采购,02102024,上海光纳电子科技友限公司,计意强,缪财艳,2026-08-03 17:20:52,2026-08-03 18:55:20,0000045175,690-000007,直插发光二极管,15000.00,13.00,0,2026-09-01,0000044993,0000044956,CGSQ-260724-000012,0.00,0.00,0.00,正常,正常
0000045171,01-HDKJ-CGDD-260803-016260,2026-08-03,新疆友农科技集团,生产项目采购订单,物料类采购,51204045,超城紧伱系统（苏州）有限公司,计意强,骆富英,2026-08-03 17:20:45,2026-08-03 18:26:17,0000045172,849-000203,M3*20_不锈钢十字圆头机牙螺丝_整圈耐落,5500.00,13.00,0,2026-08-14,0000045133,0000045129,CGSQ-260730-000015,0.00,0.00,0.00,正常,正常
0000045171,01-HDKJ-CGDD-260803-016260,2026-08-03,新疆友农科技集团,生产项目采购订单,物料类采购,51204045,超城紧伱系统（苏州）有限公司,计意强,骆富英,2026-08-03 17:20:45,2026-08-03 18:26:17,0000045173,849-000025,M3X6+4单头六角铜柱，六角对边尺寸4.6,1000.00,13.00,0,2026-08-14,0000045132,0000045129,CGSQ-260730-000015,0.00,0.00,0.00,正常,正常
0000045169,01-HDKJ-CGDD-260803-016256,2026-08-03,新疆友农科技集团,生产项目采购订单,物料类采购,75503004,深圳市立创电子商务有限公司,计意强,杨强云,2026-08-03 17:20:34,2026-08-03 18:55:31,0000045170,972-000254,IC 数据缓冲器,150.00,13.00,0,2026-08-22,0000045158,0000045155,CGSQ-260731-000012,0.00,0.00,0.00,正常,正常
0000045163,01-HDKJ-CGDD-260731-016235,2026-07-31,新疆友农科技集团,研发物料采购订单,物料类采购,25040036,浙江巨传电子凈份有限公司,计意强,杨强云,2026-07-31 17:34:31,2026-08-01 20:40:19,0000045164,588-000677,YC403_SK3576_P1_S01_PCBA,1.00,13.00,0,2026-07-31,0,0,,0.00,0.00,0.00,正常,正常
0000045167,01-HDKJ-CGDD-260803-016250,2026-08-03,新疆友农科技集团,生产项目采购订单,物料类采购,02104101,上海量讯物联计术有限公司,索述英,索述英,2026-08-03 15:46:12,,0000045168,182-000028,量讯物联移动单卡100M月套餐流量卡（组流量池-后装-插拔卡）,600.00,6.00,0,2026-08-03,0,0,,0.00,0.00,0.00,正常,正常
0000045166,01-HDKJ-CGDD-260803-016239,2026-08-03,新疆友农科技集团,产品委外采购订单,产品委外采购,76901001,东宛市旺洋五金电子科技有限公司,昝敏,朱英,2026-08-03 09:59:30,2026-08-03 10:37:25,0000045165,165-002976,友农_插秧机_蘑菇头支架组件（产品铭牌+二维码铭牌+钢印）,16.00,13.00,0,2026-08-03,0000045071,0000045072,WWGD-20260727-000649,0.00,0.00,0.00,正常,正常
0000045161,01-HDKJ-CGDD-260731-016230,2026-07-31,新疆友农科技集团,生产项目采购订单,物料类采购,51204045,超城紧伱系统（苏州）有限公司,计意强,骆富英,2026-07-31 16:48:10,2026-07-31 17:56:01,0000045162,849-000700,M3*6-不锈钢十字圆头机牙螺丝_半耐落,12000.00,13.00,0,2026-08-14,0000045114,0000045118,CGSQ-260729-000010,0.00,0.00,0.00,正常,正常
0000045159,01-HDKJ-CGDD-260731-016229,2026-07-31,新疆友农科技集团,生产项目采购订单,物料类采购,51403024,苏州英姿精倕电子有限公司,计意强,骆富英,2026-07-31 16:48:05,2026-07-31 17:56:08,0000045160,849-000943,M3*6十字薄头螺丝,2000.00,13.00,0,2026-08-14,0000045113,0000045118,CGSQ-260729-000010,0.00,0.00,0.00,正常,正常
0000045152,01-HDKJ-CGDD-260731-016221,2026-07-31,新疆友农科技集团,生产项目采购订单,物料类采购,51204045,超城紧伱系统（苏州）有限公司,昝敏,王涛磊,2026-07-31 14:35:40,2026-07-31 15:24:30,0000045154,849-001389,M6*30_外六角法兰面螺栓,200.00,13.00,0,2026-08-01,0000045148,0000045147,CGSQ-260731-000004,0.00,0.00,0.00,正常,正常
0000045152,01-HDKJ-CGDD-260731-016221,2026-07-31,新疆友农科技集团,生产项目采购订单,物料类采购,51204045,超城紧伱系统（苏州）有限公司,昝敏,王涛磊,2026-07-31 14:35:40,2026-07-31 15:24:30,0000045153,849-001322,M6_304不锈钢六角法兰面尼龙防松螺母,200.00,13.00,0,2026-08-01,0000045149,0000045147,CGSQ-260731-000004,0.00,0.00,0.00,正常,正常
0000045151,01-HDKJ-CGDD-260731-016218,2026-07-31,新疆友农科技集团,生产项目采购订单,物料类采购,01004007,支付宝(中国)网络技术有限公司,计意强,骆富英,2026-07-31 13:19:00,2026-07-31 13:31:17,0000045150,165-000722,YN501_M16连接器防水胶套,1500.00,0.00,0,2026-08-14,0000045117,0000045118,CGSQ-260729-000010,0.00,0.00,0.00,正常,正常
0000045146,01-HDKJ-CGDD-260731-016210,2026-07-31,新疆友农科技集团,生产项目采购订单,物料类采购,02101063,尚海致佳胶粘制品有限公司,昝敏,王涛磊,2026-07-31 10:05:28,2026-07-31 10:32:00,0000045145,165-000837,YN501_导电泡棉7,400.00,13.00,0,2026-08-20,0000045137,0000045129,CGSQ-260730-000015,0.00,0.00,0.00,正常,正常
0000045143,01-HDKJ-CGDD-260731-016209,2026-07-31,新疆友农科技集团,生产项目采购订单,物料类采购,75504042,深圳市中科乷线技术有限公司,昝敏,王涛磊,2026-07-31 10:04:54,2026-07-31 10:32:02,0000045142,838-000375,YN406-4G天线,870.00,13.00,0,2026-08-21,0000045130,0000045129,CGSQ-260730-000015,0.00,0.00,0.00,正常,正常
0000045143,01-HDKJ-CGDD-260731-016209,2026-07-31,新疆友农科技集团,生产项目采购订单,物料类采购,75504042,深圳市中科乷线技术有限公司,昝敏,王涛磊,2026-07-31 10:04:54,2026-07-31 10:32:02,0000045144,838-000376,YN406-WIFI天线,870.00,13.00,0,2026-08-21,0000045131,0000045129,CGSQ-260730-000015,0.00,0.00,0.00,正常,正常
0000045138,01-HDKJ-CGDD-260731-016208,2026-07-31,新疆友农科技集团,生产项目采购订单,物料类采购,75501068,仗兴科技（深圳）有限公司,昝敏,王涛磊,2026-07-31 10:04:03,2026-07-31 10:32:05,0000045140,165-000726,YN501_散热硅胶垫1,400.00,13.00,0,2026-08-13,0000045134,0000045129,CGSQ-260730-000015,0.00,0.00,0.00,正常,正常
0000045138,01-HDKJ-CGDD-260731-016208,2026-07-31,新疆友农科技集团,生产项目采购订单,物料类采购,75501068,仗兴科技（深圳）有限公司,昝敏,王涛磊,2026-07-31 10:04:03,2026-07-31 10:32:05,0000045139,165-000729,YN501_散热硅胶垫4,400.00,13.00,0,2026-08-13,0000045135,0000045129,CGSQ-260730-000015,0.00,0.00,0.00,正常,正常
0000045138,01-HDKJ-CGDD-260731-016208,2026-07-31,新疆友农科技集团,生产项目采购订单,物料类采购,75501068,仗兴科技（深圳）有限公司,昝敏,王涛磊,2026-07-31 10:04:03,2026-07-31 10:32:05,0000045141,165-000772,YN501_散热硅胶垫6,400.00,13.00,0,2026-08-13,0000045136,0000045129,CGSQ-260730-000015,0.00,0.00,0.00,正常,正常
0000045125,01-HDKJ-CGDD-260730-016197,2026-07-30,新疆友农科技集团,生产项目采购订单,物料类采购,02104057,上海诚统伐塑制品有限公司,昝敏,蒋鹏,2026-07-30 14:46:53,2026-07-31 10:31:17,0000045126,165-000721,YN501_密封圈（外径21X1.5),1000.00,13.00,0,2026-08-14,0000045112,0000045118,CGSQ-260729-000010,0.00,0.00,0.00,正常,正常
0000045124,01-HDKJ-CGDD-260730-016196,2026-07-30,新疆友农科技集团,生产项目采购订单,物料类采购,75501068,仗兴科技（深圳）有限公司,昝敏,王涛磊,2026-07-30 14:45:47,2026-07-30 18:52:50,0000045123,165-002408,YN403_导电泡棉6,1000.00,13.00,0,2026-08-14,0000045116,0000045118,CGSQ-260729-000010,0.00,0.00,0.00,正常,正常
0000045119,01-HDKJ-CGDD-260729-016185,2026-07-29,新疆友农科技集团,生产项目采购订单,物料类采购,2607-02103-0712,上海微范电子科技友限公司,计意强,杨强云,2026-07-29 17:03:03,2026-07-30 14:59:48,0000045120,972-000772,LPDDR4/4X,170.00,13.00,0,2026-04-02,0000029780,0000029775,CGSQ-260309-000033,0.00,0.00,0.00,正常,正常
0000045110,01-HDKJ-CGDD-260729-016176,2026-07-29,新疆友农科技集团,生产项目采购订单,物料类采购,02100140,昆山诚意智能科技有限工司,昝敏,王涛磊,2026-07-29 14:04:25,2026-07-29 14:44:22,0000045111,606-001059,纸护角,800.00,13.00,0,2026-08-25,0000045103,0000045102,CGSQ-260728-000013,0.00,0.00,0.00,正常,正常
0000045108,01-HDKJ-CGDD-260728-016164,2026-07-28,新疆友农科技集团,生产项目采购订单,物料类采购,75504067,深圳市丽晶微甸子科技有限公司,计意强,杨强云,2026-07-28 17:08:28,2026-07-28 20:05:58,0000045109,101-000005,FH211020-9EFA-4EED,8000.00,13.00,0,2026-09-11,0000044947,0000044944,CGSQ-260724-000010,0.00,0.00,0.00,正常,正常
0000045106,01-HDKJ-CGDD-260728-016162,2026-07-28,新疆友农科技集团,生产项目采购订单,物料类采购,2504011,佶京高尚电子有限公司,计意强,杨强云,2026-07-28 17:07:14,2026-07-28 20:05:51,0000045107,972-000438,MCU,4900.00,13.00,0,2026-09-01,0000044953,0000044944,CGSQ-260724-000010,0.00,0.00,0.00,正常,正常
0000045104,01-HDKJ-CGDD-260728-016161,2026-07-28,新疆友农科技集团,生产项目采购订单,物料类采购,02102051,上海馨鹏电子友限公司,计意强,杨强云,2026-07-28 17:07:12,2026-07-28 20:05:46,0000045105,972-000165,电压监控芯片,12000.00,13.00,0,2026-09-11,0000044949,0000044944,CGSQ-260724-000010,0.00,0.00,0.00,正常,正常
0000045098,01-HDKJ-CGDD-260728-016151,2026-07-28,新疆友农科技集团,生产项目采购订单,物料类采购,01004007,支付宝(中国)网络技术有限公司,计意强,骆富英,2026-07-28 13:16:15,2026-07-28 13:24:25,0000045097,165-000266,701pro摄像头连接器防水胶套,1000.00,0.00,0,2026-08-06,0000044919,0000044926,CGSQ-260723-000015,1000.00,0.00,1000.00,已关闭,正常
0000045098,01-HDKJ-CGDD-260728-016151,2026-07-28,新疆友农科技集团,生产项目采购订单,物料类采购,01004007,支付宝(中国)网络技术有限公司,计意强,骆富英,2026-07-28 13:16:15,2026-07-28 13:24:25,0000045099,165-001004,YN501_TNC连接器防水胶套,200.00,0.00,0,2026-08-06,0000044920,0000044926,CGSQ-260723-000015,200.00,0.00,200.00,已关闭,正常
0000045095,01-HDKJ-CGDD-260728-016140,2026-07-28,新疆友农科技集团,研发物料采购订单,物料类采购,02100140,昆山诚意智能科技有限工司,昝敏,王涛磊,2026-07-28 09:36:54,2026-07-28 10:54:13,0000045096,606-001059,纸护角,300.00,13.00,0,2026-07-27,0000045092,0000045091,CGSQ-260727-000016,300.00,0.00,300.00,已关闭,正常
0000045089,01-HDKJ-CGDD-260727-016134,2026-07-27,新疆友农科技集团,生产项目采购订单,物料类采购,51204021,灿达电仔（苏州）有限公司,计意强,葛霞,2026-07-27 16:47:52,2026-07-29 08:48:53,0000045090,356-000189,灿达FPC连接器,13500.00,13.00,0,2026-09-11,0000044948,0000044944,CGSQ-260724-000010,0.00,0.00,0.00,正常,正常
0000045087,01-HDKJ-CGDD-260727-016133,2026-07-27,新疆友农科技集团,生产项目采购订单,物料类采购,51902001,亟州星海电子股份有限公司,计意强,缪财艳,2026-07-27 16:47:49,2026-07-28 13:56:13,0000045088,454-000170,二极管,12000.00,13.00,0,2026-09-01,0000044992,0000044956,CGSQ-260724-000012,0.00,0.00,0.00,正常,正常
0000045085,01-HDKJ-CGDD-260727-016132,2026-07-27,新疆友农科技集团,生产项目采购订单,物料类采购,02102024,上海光纳电子科技友限公司,计意强,缪财艳,2026-07-27 16:47:46,2026-07-27 16:54:40,0000045086,690-000008,直插发光二极管,14000.00,13.00,0,2026-09-01,0000044991,0000044956,CGSQ-260724-000012,0.00,0.00,0.00,正常,正常
0000045083,01-HDKJ-CGDD-260727-016131,2026-07-27,新疆友农科技集团,生产项目采购订单,物料类采购,75501084,深圳市扬展康电仔有限公司,计意强,葛霞,2026-07-27 16:47:44,2026-07-28 20:06:56,0000045084,356-000292,单排卧贴插座,4500.00,13.00,0,2026-09-11,0000044987,0000044956,CGSQ-260724-000012,0.00,0.00,0.00,正常,正常
0000045081,01-HDKJ-CGDD-260727-016130,2026-07-27,新疆友农科技集团,生产项目采购订单,物料类采购,02104051,上海武阳电子科技有限公司,计意强,葛霞,2026-07-27 16:47:42,2026-07-28 20:07:09,0000045082,356-000191,CT25-02V240-12A电池座,33600.00,13.00,0,2026-09-11,0000044978,0000044956,CGSQ-260724-000012,0.00,0.00,0.00,正常,正常
0000045079,01-HDKJ-CGDD-260727-016129,2026-07-27,新疆友农科技集团,生产项目采购订单,物料类采购,76901013,冬莞市元基电子有限公司,计意强,缪财艳,2026-07-27 16:47:40,2026-07-27 16:54:37,0000045080,454-000050,ESD二极管,33000.00,13.00,0,2026-09-11,0000044976,0000044956,CGSQ-260724-000012,0.00,0.00,0.00,正常,正常
0000045077,01-HDKJ-CGDD-260727-016128,2026-07-27,新疆友农科技集团,生产项目采购订单,物料类采购,02102051,上海馨鹏电子友限公司,计意强,葛霞,2026-07-27 16:47:37,2026-07-28 20:07:12,0000045078,725-000257,贴片铝电解电容,50000.00,13.00,0,2026-09-11,0000044973,0000044956,CGSQ-260724-000012,0.00,0.00,0.00,正常,正常
0000045075,01-HDKJ-CGDD-260727-016127,2026-07-27,新疆友农科技集团,生产项目采购订单,物料类采购,75502001,深圳市德亥威实业有限公司,计意强,葛霞,2026-07-27 16:47:35,2026-07-28 13:56:18,0000045076,356-000081,IPEX天线座,25000.00,13.00,0,2026-09-11,0000044972,0000044956,CGSQ-260724-000012,0.00,0.00,0.00,正常,正常
0000045073,01-HDKJ-CGDD-260727-016126,2026-07-27,新疆友农科技集团,生产项目采购订单,物料类采购,75501075,深珍市鲁光电子科技有限公司,计意强,缪财艳,2026-07-27 16:47:32,2026-07-27 16:54:44,0000045074,454-000168,贴片肖特基二极管,33000.00,13.00,0,2026-09-11,0000044964,0000044956,CGSQ-260724-000012,0.00,0.00,0.00,正常,正常
0000045066,01-HDKJ-CGDD-260727-016122,2026-07-27,新疆友农科技集团,产品委外采购订单,产品委外采购,51204049,昆山稳必盛金傭制品有限公司,昝敏,朱英,2026-07-27 13:58:23,2026-07-27 14:49:02,0000045068,849-000211,1号电机支架抱箍A（S22）,1564.00,13.00,0,2026-07-27,0000045056,0000045060,WWGD-20260727-000646,0.00,0.00,0.00,正常,正常
0000045066,01-HDKJ-CGDD-260727-016122,2026-07-27,新疆友农科技集团,产品委外采购订单,产品委外采购,51204049,昆山稳必盛金傭制品有限公司,昝敏,朱英,2026-07-27 13:58:23,2026-07-27 14:49:02,0000045069,849-001041,1号电机支架抱箍B（S22新款）,125.00,13.00,0,2026-07-27,0000045057,0000045060,WWGD-20260727-000646,0.00,0.00,0.00,正常,正常
0000045066,01-HDKJ-CGDD-260727-016122,2026-07-27,新疆友农科技集团,产品委外采购订单,产品委外采购,51204049,昆山稳必盛金傭制品有限公司,昝敏,朱英,2026-07-27 13:58:23,2026-07-27 14:49:02,0000045070,165-000256,1号电机支架底板圆柱(L=50mm),207.00,13.00,0,2026-07-27,0000045058,0000045060,WWGD-20260727-000646,0.00,0.00,0.00,正常,正常
0000045066,01-HDKJ-CGDD-260727-016122,2026-07-27,新疆友农科技集团,产品委外采购订单,产品委外采购,51204049,昆山稳必盛金傭制品有限公司,昝敏,朱英,2026-07-27 13:58:23,2026-07-27 14:49:02,0000045067,165-000257,1号电机支架底板圆柱（L=100mm）,1570.00,13.00,0,2026-07-27,0000045059,0000045060,WWGD-20260727-000646,0.00,0.00,0.00,正常,正常
0000045061,01-HDKJ-CGDD-260727-016121,2026-07-27,新疆友农科技集团,产品委外采购订单,产品委外采购,76901001,东宛市旺洋五金电子科技有限公司,昝敏,王涛磊,2026-07-27 13:57:09,2026-07-27 14:49:05,0000045063,165-002704,YN418方向盘发泡本体_铭牌,170.00,13.00,0,2026-07-27,0000044904,0000044905,WWGD-20260722-000639,0.00,0.00,0.00,正常,正常
0000045061,01-HDKJ-CGDD-260727-016121,2026-07-27,新疆友农科技集团,产品委外采购订单,产品委外采购,76901001,东宛市旺洋五金电子科技有限公司,昝敏,王涛磊,2026-07-27 13:57:09,2026-07-27 14:49:05,0000045065,549-000880,方向盘本体_铭牌_杭州明日,150.00,13.00,0,2026-07-27,0000044908,0000044909,WWGD-20260723-000641,0.00,0.00,0.00,正常,正常
0000045061,01-HDKJ-CGDD-260727-016121,2026-07-27,新疆友农科技集团,产品委外采购订单,产品委外采购,76901001,东宛市旺洋五金电子科技有限公司,昝敏,王涛磊,2026-07-27 13:57:09,2026-07-27 14:49:05,0000045062,165-002704,YN418方向盘发泡本体_铭牌,67.00,13.00,0,2026-07-27,0000044910,0000044911,WWGD-20260723-000642,0.00,0.00,0.00,正常,正常
0000045061,01-HDKJ-CGDD-260727-016121,2026-07-27,新疆友农科技集团,产品委外采购订单,产品委外采购,76901001,东宛市旺洋五金电子科技有限公司,昝敏,王涛磊,2026-07-27 13:57:09,2026-07-27 14:49:05,0000045064,549-001813,方向盘本体_铭牌_AG,2.00,13.00,0,2026-07-27,0000044912,0000044913,WWGD-20260723-000643,0.00,0.00,0.00,正常,正常
0000045055,01-HDKJ-CGDD-260727-016113,2026-07-27,新疆友农科技集团,产品委外采购订单,产品委外采购,51204045,超城紧伱系统（苏州）有限公司,计意强,骆富英,2026-07-27 09:42:25,2026-07-27 11:26:47,0000045054,795-000962,电机安装附件包,3382.00,13.00,0,2026-07-27,0000044902,0000044903,WWGD-20260722-000638,0.00,0.00,0.00,正常,正常
0000045050,01-HDKJ-CGDD-260725-016107,2026-07-25,新疆友农科技集团,生产项目采购订单,物料类采购,2506-51201-0183,苏州金仝泰模塑科技有限公司,昝敏,蒋鹏,2026-07-25 10:22:24,2026-07-25 10:57:36,0000045051,165-000737,YN501_SIM卡盖板,130.00,13.00,0,2026-08-21,0000045045,0000045040,CGSQ-260724-000020,0.00,0.00,0.00,正常,正常
0000045048,01-HDKJ-CGDD-260725-016106,2026-07-25,新疆友农科技集团,生产项目采购订单,物料类采购,75504042,深圳市中科乷线技术有限公司,昝敏,王涛磊,2026-07-25 10:21:49,2026-07-27 15:31:12,0000045049,838-000184,YN408-TNC转IPEX连接线,170.00,13.00,0,2026-08-28,0000045044,0000045040,CGSQ-260724-000020,0.00,0.00,0.00,正常,正常
0000045047,01-HDKJ-CGDD-260725-016105,2026-07-25,新疆友农科技集团,生产项目采购订单,物料类采购,76904028,东宛市德崧电子有限公司,昝敏,高军,2026-07-25 10:18:55,2026-07-25 13:08:32,0000045046,994-000241,YN501_电源开关已焊线,160.00,13.00,0,2026-08-28,0000045041,0000045040,CGSQ-260724-000020,0.00,0.00,0.00,正常,正常
0000045038,01-HDKJ-CGDD-260724-016102,2026-07-24,新疆友农科技集团,生产项目采购订单,物料类采购,75501076,深珍正腾视讯科技有限公司,计意强,骆富英,2026-07-24 17:31:37,2026-07-25 12:15:43,0000045039,705-000039,高清摄像头螺丝包(不含摄像头),2040.00,13.00,0,2026-08-14,0000045036,0000045037,CGSQ-260724-000019,2040.00,0.00,2040.00,已关闭,正常
0000045034,01-HDKJ-CGDD-260724-016094,2026-07-24,新疆友农科技集团,生产项目采购订单,物料类采购,51204045,超城紧伱系统（苏州）有限公司,计意强,骆富英,2026-07-24 17:04:46,2026-07-25 12:16:54,0000045035,849-000757,M2.5*8_不锈钢十字盘头平尾自攻螺丝,1000.00,13.00,0,2026-08-09,0000044915,0000044914,CGSQ-260723-000009,0.00,0.00,0.00,正常,正常
0000045032,01-HDKJ-CGDD-260724-016092,2026-07-24,新疆友农科技集团,生产项目采购订单,物料类采购,02102032,艾创特电子贸易（上海）有限工司,计意强,骆富英,2026-07-24 17:04:39,2026-07-25 12:16:49,0000045033,554-000027,降压型转换器,7500.00,13.00,0,2026-09-01,0000044952,0000044944,CGSQ-260724-000010,0.00,0.00,0.00,正常,正常
0000045030,01-HDKJ-CGDD-260724-016091,2026-07-24,新疆友农科技集团,生产项目采购订单,物料类采购,0216086,上海修束甸子有限公司,计意强,杨强云,2026-07-24 17:04:37,2026-07-29 08:50:02,0000045031,972-000684,GNSS模组,6411.00,13.00,0,2026-09-11,0000044985,0000044956,CGSQ-260724-000012,0.00,0.00,0.00,正常,正常
0000045026,01-HDKJ-CGDD-260724-016090,2026-07-24,新疆友农科技集团,生产项目采购订单,物料类采购,02102051,上海馨鹏电子友限公司,计意强,杨强云,2026-07-24 17:04:34,2026-07-25 12:17:25,0000045027,972-000308,FLASH LED 驱动器,12000.00,13.00,0,2026-09-11,0000044955,0000044944,CGSQ-260724-000010,0.00,0.00,0.00,正常,正常
0000045026,01-HDKJ-CGDD-260724-016090,2026-07-24,新疆友农科技集团,生产项目采购订单,物料类采购,02102051,上海馨鹏电子友限公司,计意强,杨强云,2026-07-24 17:04:34,2026-07-25 12:17:25,0000045028,972-000065,复位芯片,6000.00,13.00,0,2026-09-01,0000044954,0000044944,CGSQ-260724-000010,0.00,0.00,0.00,正常,正常
0000045026,01-HDKJ-CGDD-260724-016090,2026-07-24,新疆友农科技集团,生产项目采购订单,物料类采购,02102051,上海馨鹏电子友限公司,计意强,杨强云,2026-07-24 17:04:34,2026-07-25 12:17:25,0000045029,972-000389,电平转换芯片,6000.00,13.00,0,2026-09-11,0000044984,0000044956,CGSQ-260724-000012,0.00,0.00,0.00,正常,正常
0000045024,01-HDKJ-CGDD-260724-016089,2026-07-24,新疆友农科技集团,生产项目采购订单,物料类采购,02002076,深圳唯创知音电仔有限公司,计意强,杨强云,2026-07-24 17:04:33,2026-07-28 09:07:37,0000045025,972-000677,D类音频功率放大器,12450.00,13.00,0,2026-09-11,0000044971,0000044956,CGSQ-260724-000012,0.00,0.00,0.00,正常,正常
0000045020,01-HDKJ-CGDD-260724-016088,2026-07-24,新疆友农科技集团,生产项目采购订单,物料类采购,75502049,深圳市阳和通甸子有限公司,计意强,缪财艳,2026-07-24 17:04:30,2026-07-27 15:39:04,0000045021,733-000109,贴片电感,14000.00,13.00,0,2026-09-01,0000044994,0000044956,CGSQ-260724-000012,0.00,0.00,0.00,正常,正常
0000045020,01-HDKJ-CGDD-260724-016088,2026-07-24,新疆友农科技集团,生产项目采购订单,物料类采购,75502049,深圳市阳和通甸子有限公司,计意强,缪财艳,2026-07-24 17:04:30,2026-07-27 15:39:04,0000045022,733-000087,绕线贴片功率电感,49500.00,13.00,0,2026-09-11,0000044977,0000044956,CGSQ-260724-000012,0.00,0.00,0.00,正常,正常
0000045020,01-HDKJ-CGDD-260724-016088,2026-07-24,新疆友农科技集团,生产项目采购订单,物料类采购,75502049,深圳市阳和通甸子有限公司,计意强,缪财艳,2026-07-24 17:04:30,2026-07-27 15:39:04,0000045023,733-000173,贴片磁珠,8000.00,13.00,0,2026-09-11,0000044969,0000044956,CGSQ-260724-000012,0.00,0.00,0.00,正常,正常
0000045018,01-HDKJ-CGDD-260724-016087,2026-07-24,新疆友农科技集团,生产项目采购订单,物料类采购,02104106,上海比诺星新材丰科技有限公司,计意强,骆富英,2026-07-24 17:04:28,2026-07-25 12:16:38,0000045019,364-000044,PPTC,45000.00,13.00,0,2026-09-11,0000044965,0000044956,CGSQ-260724-000012,0.00,0.00,0.00,正常,正常
0000045015,01-HDKJ-CGDD-260724-016086,2026-07-24,新疆友农科技集团,生产项目采购订单,物料类采购,02102065,上海洛加实両有限公司,计意强,杨强云,2026-07-24 17:04:25,2026-07-25 12:16:58,0000045016,972-000324,SS485收发器,16000.00,13.00,0,2026-09-01,0000044945,0000044944,CGSQ-260724-000010,0.00,0.00,0.00,正常,正常
0000045015,01-HDKJ-CGDD-260724-016086,2026-07-24,新疆友农科技集团,生产项目采购订单,物料类采购,02102065,上海洛加实両有限公司,计意强,杨强云,2026-07-24 17:04:25,2026-07-25 12:16:58,0000045017,972-000338,LDO,24000.00,13.00,0,2026-09-01,0000044961,0000044956,CGSQ-260724-000012,0.00,0.00,0.00,正常,正常
0000045013,01-HDKJ-CGDD-260724-016085,2026-07-24,新疆友农科技集团,生产项目采购订单,物料类采购,73901002,湖南佳迪科甸子有限公司,计意强,缪财艳,2026-07-24 17:04:23,2026-07-27 15:39:15,0000045014,454-000172,TVS二极管,45000.00,13.00,0,2026-09-01,0000044960,0000044956,CGSQ-260724-000012,0.00,0.00,0.00,正常,正常
0000045011,01-HDKJ-CGDD-260724-016084,2026-07-24,新疆友农科技集团,生产项目采购订单,物料类采购,02102078,上海圳耀电仔有限公司,计意强,缪财艳,2026-07-24 17:04:20,2026-07-27 15:41:10,0000045012,454-000175,TVS二极管,15000.00,13.00,0,2026-09-01,0000044957,0000044956,CGSQ-260724-000012,0.00,0.00,0.00,正常,正常
0000045009,01-HDKJ-CGDD-260724-016083,2026-07-24,新疆友农科技集团,生产项目采购订单,物料类采购,02102069,北天星国际贸易(上海)有限工司,计意强,杨强云,2026-07-24 17:04:16,2026-07-27 18:15:20,0000045010,972-000704,电源管理芯片,6000.00,13.00,0,2026-10-30,0000045001,0000045002,CGSQ-260724-000013,3000.00,0.00,3000.00,正常,正常
0000044943,01-HDKJ-CGDD-260724-016062,2026-07-24,新疆友农科技集团,生产项目采购订单,物料类采购,01002002,北京富声达杰儽电子销售有限公司,计意强,缪财艳,2026-07-24 13:39:11,2026-07-29 08:49:02,0000044942,972-000688,IMU,10000.00,13.00,0,2026-02-13,0000017690,0000017689,CGSQ-251112-000008,0.00,0.00,0.00,正常,正常
0000044934,01-HDKJ-CGDD-260724-016056,2026-07-24,新疆友农科技集团,生产项目采购订单,物料类采购,02104057,上海诚统伐塑制品有限公司,昝敏,朱英,2026-07-24 09:41:11,2026-07-28 10:54:12,0000044933,165-000721,YN501_密封圈（外径21X1.5),1000.00,13.00,0,2026-08-06,0000044923,0000044926,CGSQ-260723-000015,0.00,0.00,0.00,正常,正常
0000044931,01-HDKJ-CGDD-260724-016055,2026-07-24,新疆友农科技集团,生产项目采购订单,物料类采购,02101063,尚海致佳胶粘制品有限公司,昝敏,王涛磊,2026-07-24 09:39:26,2026-07-24 13:45:38,0000044930,165-001562,YN501_导电泡棉F,180.00,13.00,0,2026-08-06,0000044924,0000044926,CGSQ-260723-000015,0.00,0.00,0.00,正常,正常
0000044931,01-HDKJ-CGDD-260724-016055,2026-07-24,新疆友农科技集团,生产项目采购订单,物料类采购,02101063,尚海致佳胶粘制品有限公司,昝敏,王涛磊,2026-07-24 09:39:26,2026-07-24 13:45:38,0000044932,165-000837,YN501_导电泡棉7,180.00,13.00,0,2026-08-06,0000044925,0000044926,CGSQ-260723-000015,0.00,0.00,0.00,正常,正常
0000044927,01-HDKJ-CGDD-260724-016054,2026-07-24,新疆友农科技集团,生产项目采购订单,物料类采购,75501068,仗兴科技（深圳）有限公司,昝敏,王涛磊,2026-07-24 09:38:44,2026-07-24 13:45:37,0000044929,165-000726,YN501_散热硅胶垫1,180.00,13.00,0,2026-08-06,0000044921,0000044926,CGSQ-260723-000015,0.00,0.00,0.00,正常,正常
0000044927,01-HDKJ-CGDD-260724-016054,2026-07-24,新疆友农科技集团,生产项目采购订单,物料类采购,75501068,仗兴科技（深圳）有限公司,昝敏,王涛磊,2026-07-24 09:38:44,2026-07-24 13:45:37,0000044928,165-000772,YN501_散热硅胶垫6,180.00,13.00,0,2026-08-06,0000044922,0000044926,CGSQ-260723-000015,0.00,0.00,0.00,正常,正常
0000044906,01-HDKJ-CGDD-260722-016011,2026-07-22,新疆友农科技集团,生产项目采购订单,物料类采购,51204045,超城紧伱系统（苏州）有限公司,计意强,骆富英,2026-07-22 18:07:32,2026-07-22 20:12:21,0000044907,849-000528,M2.5*8内六角螺钉,500.00,13.00,0,2026-08-12,0000044881,0000044882,CGSQ-260720-000016,0.00,0.00,0.00,正常,正常
0000044898,01-HDKJ-CGDD-260721-015965,2026-07-21,新疆友农科技集团,生产项目采购订单,物料类采购,57403040,昆山诚达包装制品友限公司,昝敏,王涛磊,2026-07-21 10:13:45,2026-07-21 14:20:23,0000044897,606-000692,YN525-整机包装内衬,10.00,13.00,0,2026-07-31,0000044867,0000044865,CGSQ-260717-000026,10.00,0.00,10.00,已关闭,正常
0000044895,01-HDKJ-CGDD-260721-015964,2026-07-21,新疆友农科技集团,生产项目采购订单,物料类采购,02105020,上海明欢包装材料友限公司,昝敏,王涛磊,2026-07-21 10:13:02,2026-07-21 14:20:21,0000044894,606-000691,YN525-整机包纸箱-中性英文版,20.00,13.00,0,2026-07-31,0000044866,0000044865,CGSQ-260717-000026,20.00,0.00,20.00,已关闭,正常
0000044895,01-HDKJ-CGDD-260721-015964,2026-07-21,新疆友农科技集团,生产项目采购订单,物料类采购,02105020,上海明欢包装材料友限公司,昝敏,王涛磊,2026-07-21 10:13:02,2026-07-21 14:20:21,0000044896,165-002619,实木栈板,20.00,13.00,0,2026-07-31,0000044868,0000044865,CGSQ-260717-000026,20.00,0.00,20.00,已关闭,正常
0000044892,02-KSHA-CGDD-260721-015962,2026-07-21,苏州友安电子科技有限公司,生产项目采购订单,物料类采购,75504207,深珍市戈埃尔科技有限公司,昝敏,王涛磊,2026-07-21 09:41:41,2026-07-21 10:14:59,0000044893,165-000081,防水透气膜,1500.00,13.00,0,2026-07-31,0000044891,0000044890,CGSQ-260720-000030,1500.00,0.00,1500.00,已关闭,正常
0000044889,02-KSHA-CGDD-260720-015957,2026-07-20,苏州友安电子科技有限公司,生产项目采购订单,物料类采购,02101002,上海芯镭电子科技有限公司,昝敏,王涛磊,2026-07-20 17:10:31,2026-07-21 14:28:04,0000044888,165-000663,YC400按键贴膜,500.00,13.00,0,2026-07-31,0000044861,0000044859,CGSQ-260717-000025,0.00,0.00,0.00,正常,正常
0000044877,02-KSHA-CGDD-260717-015919,2026-07-17,苏州友安电子科技有限公司,生产项目采购订单,物料类采购,75504207,深珍市戈埃尔科技有限公司,昝敏,王涛磊,2026-07-17 16:36:53,2026-07-20 13:43:27,0000044878,165-000081,防水透气膜,500.00,13.00,0,2026-07-31,0000044863,0000044859,CGSQ-260717-000025,500.00,0.00,500.00,已关闭,正常
0000044876,02-KSHA-CGDD-260717-015918,2026-07-17,苏州友安电子科技有限公司,生产项目采购订单,物料类采购,57403018,苏洲誉腾模塑科技有限公司,昝敏,蒋鹏,2026-07-17 16:36:06,2026-07-17 18:02:55,0000044875,165-001456,YC400 P5前壳,500.00,13.00,0,2026-07-31,0000044860,0000044859,CGSQ-260717-000025,0.00,0.00,0.00,正常,正常
0000044874,02-KSHA-CGDD-260717-015917,2026-07-17,苏州友安电子科技有限公司,生产项目采购订单,物料类采购,02104105,上海圣乀纳无线科技有限公司,昝敏,王涛磊,2026-07-17 16:35:21,2026-07-20 13:43:24,0000044873,994-000083,SMA天线,500.00,13.00,0,2026-07-31,0000044862,0000044859,CGSQ-260717-000025,0.00,0.00,0.00,正常,正常
0000044871,02-KSHA-CGDD-260717-015916,2026-07-17,苏州友安电子科技有限公司,生产项目采购订单,物料类采购,51204099,苏州蓝欣橡塑五金有限公思,昝敏,蒋鹏,2026-07-17 16:34:44,2026-07-17 18:03:04,0000044872,165-000582,YC200点胶面板,500.00,13.00,0,2026-07-31,0000044864,0000044859,CGSQ-260717-000025,500.00,0.00,500.00,已关闭,正常
0000044869,01-HDKJ-CGDD-260717-015914,2026-07-17,新疆友农科技集团,生产项目采购订单,物料类采购,57403040,昆山诚达包装制品友限公司,昝敏,王涛磊,2026-07-17 16:23:37,2026-07-20 13:43:31,0000044870,606-000692,YN525-整机包装内衬,10.00,13.00,0,2026-07-31,0000044867,0000044865,CGSQ-260717-000026,0.00,0.00,0.00,正常,正常
0000044853,01-HDKJ-CGDD-260717-015900,2026-07-17,新疆友农科技集团,生产项目采购订单,物料类采购,51204045,超城紧伱系统（苏州）有限公司,计意强,骆富英,2026-07-17 11:13:34,2026-07-17 12:13:24,0000044854,849-000204,M3*10不锈钢耐落机制螺丝,300.00,13.00,0,2026-07-14,0000044786,0000044785,CGSQ-260714-000013,0.00,0.00,0.00,正常,正常
0000044851,01-HDKJ-CGDD-260717-015899,2026-07-17,新疆友农科技集团,生产项目采购订单,物料类采购,51204099,苏州蓝欣橡塑五金有限公思,计意强,骆富英,2026-07-17 11:13:30,2026-07-17 12:13:33,0000044852,468-000565,YS221固定标签(国内),3000.00,13.00,0,2026-07-22,0000044812,0000044811,CGSQ-260715-000026,2000.00,0.00,2000.00,正常,正常
0000044804,01-HDKJ-CGDD-260715-015882,2026-07-15,新疆友农科技集团,生产项目采购订单,物料类采购,75504068,深圳乩浩达多层线路板有限公司,计意强,葛霞,2026-07-15 13:49:41,2026-07-21 18:23:55,0000044805,321-000364,YC602_V2-A板_P1_PCB,110.00,13.00,0,2026-06-12,0000044332,0000044324,CGSQ-260603-000006,0.00,0.00,0.00,正常,正常
0000044804,01-HDKJ-CGDD-260715-015882,2026-07-15,新疆友农科技集团,生产项目采购订单,物料类采购,75504068,深圳乩浩达多层线路板有限公司,计意强,葛霞,2026-07-15 13:49:41,2026-07-21 18:23:55,0000044806,321-000365,YC602_V2-B板_P1_PCB,110.00,13.00,0,2026-06-12,0000044326,0000044324,CGSQ-260603-000006,110.00,0.00,110.00,已关闭,正常
0000044798,02-KSHA-CGDD-260714-015874,2026-07-14,苏州友安电子科技有限公司,生产项目采购订单,物料类采购,0250092,苏州庆泽电子柯技有限公司,昝敏,高军,2026-07-14 17:25:13,2026-07-14 21:15:00,0000044799,994-000630,YC400采集器下接一拖四线(4种，2.7m)（屏蔽层版）,1000.00,13.00,0,2026-07-31,0000044793,0000044791,CGSQ-260714-000015,168.00,0.00,168.00,正常,正常
0000044795,02-KSHA-CGDD-260714-015868,2026-07-14,苏州友安电子科技有限公司,生产项目采购订单,物料类采购,57403018,苏洲誉腾模塑科技有限公司,昝敏,蒋鹏,2026-07-14 11:05:37,2026-07-14 11:32:13,0000044794,165-002916,YC400采集器壳体,1500.00,13.00,0,2026-07-31,0000044792,0000044791,CGSQ-260714-000015,1500.00,0.00,1500.00,已关闭,正常
0000044777,01-HDKJ-CGDD-260709-015795,2026-07-09,新疆友农科技集团,生产项目采购订单,物料类采购,51204045,超城紧伱系统（苏州）有限公司,计意强,骆富英,2026-07-09 15:57:01,2026-07-09 18:36:00,0000044778,849-000203,M3*20_不锈钢十字圆头机牙螺丝_整圈耐落,5000.00,13.00,0,2026-07-15,0000044765,0000044764,CGSQ-260708-000004,5000.00,0.00,5000.00,已关闭,正常
0000044775,01-HDKJ-CGDD-260709-015794,2026-07-09,新疆友农科技集团,生产项目采购订单,物料类采购,51403024,苏州英姿精倕电子有限公司,计意强,骆富英,2026-07-09 15:56:56,2026-07-09 17:52:23,0000044776,849-001038,M2*7十字平尾自攻不锈钢螺丝,1000.00,13.00,0,2026-07-09,0000044774,0000044772,CGSQ-260708-000009,1000.00,0.00,1000.00,已关闭,正常
0000044755,01-HDKJ-CGDD-260706-015740,2026-07-06,新疆友农科技集团,研发物料采购订单,物料类采购,25040036,浙江巨传电子凈份有限公司,计意强,葛霞,2026-07-06 17:19:55,2026-07-06 18:03:22,0000044756,725-000410,贴片陶瓷电容,300.00,13.00,0,2026-07-06,0,0,,0.00,0.00,0.00,正常,正常
0000044770,01-HDKJ-CGDD-260708-015768,2026-07-08,新疆友农科技集团,研发物料采购订单,物料类采购,73901002,湖南佳迪科甸子有限公司,计意强,缪财艳,2026-07-08 13:18:19,2026-07-08 17:43:04,0000044771,358-000130,N沟道MOS管,500.00,13.00,0,2026-07-08,0,0,,0.00,0.00,0.00,已关闭,已终止
0000044759,01-HDKJ-CGDD-260706-015742,2026-07-06,新疆友农科技集团,研发物料采购订单,物料类采购,2606-02101-0681,上海聚炟智能柯技有限公司,计意强,葛霞,2026-07-06 17:20:00,2026-07-06 18:03:35,0000044760,539-000005,贴片电阻,300.00,13.00,0,2026-07-06,0,0,,300.00,0.00,300.00,已关闭,正常
0000044759,01-HDKJ-CGDD-260706-015742,2026-07-06,新疆友农科技集团,研发物料采购订单,物料类采购,2606-02101-0681,上海聚炟智能柯技有限公司,计意强,葛霞,2026-07-06 17:20:00,2026-07-06 18:03:35,0000044761,725-000426,贴片陶瓷电容,200.00,13.00,0,2026-07-06,0,0,,200.00,0.00,200.00,已关闭,正常
0000044757,01-HDKJ-CGDD-260706-015741,2026-07-06,新疆友农科技集团,研发物料采购订单,物料类采购,25040036,浙江巨传电子凈份有限公司,计意强,葛霞,2026-07-06 17:19:58,2026-07-06 18:03:31,0000044758,539-000025,贴片电阻,150.00,13.00,0,2026-07-06,0,0,,0.00,0.00,0.00,正常,正常
0000044753,01-HDKJ-CGDD-260706-015738,2026-07-06,新疆友农科技集团,研发物料采购订单,物料类采购,25040036,浙江巨传电子凈份有限公司,计意强,葛霞,2026-07-06 17:19:50,2026-07-06 18:03:15,0000044754,725-000427,贴片陶瓷电容,500.00,13.00,0,2026-07-06,0,0,,0.00,0.00,0.00,正常,正常
0000044751,01-HDKJ-CGDD-260706-015729,2026-07-06,新疆友农科技集团,研发物料采购订单,物料类采购,02100140,昆山诚意智能科技有限工司,昝敏,王涛磊,2026-07-06 17:02:03,2026-07-07 10:00:53,0000044752,606-001059,纸护角,300.00,13.00,0,2026-07-06,0000044746,0000044745,CGSQ-260706-000004,292.00,0.00,292.00,正常,正常
0000044739,01-HDKJ-CGDD-260701-015679,2026-07-01,新疆友农科技集团,生产项目采购订单,物料类采购,25040036,浙江巨传电子凈份有限公司,计意强,葛霞,2026-07-01 14:23:43,2026-07-01 20:27:42,0000044740,539-000451,贴片电阻,150.00,13.00,0,2026-09-21,0000044727,0000044726,CGSQ-260629-000005,150.00,0.00,150.00,已关闭,正常
0000044735,01-HDKJ-CGDD-260629-015647,2026-06-29,新疆友农科技集团,生产项目采购订单,物料类采购,2504011,佶京高尚电子有限公司,计意强,杨强云,2026-06-29 15:34:00,2026-06-29 21:18:29,0000044736,972-000210,国民MCU,10000.00,13.00,0,2026-07-23,0000044465,0000044459,CGSQ-260612-000015,0.00,0.00,0.00,正常,正常
0000044731,01-HDKJ-CGDD-260629-015646,2026-06-29,新疆友农科技集团,研发物料采购订单,物料类采购,01004007,支付宝(中国)网络技术有限公司,计意强,骆富英,2026-06-29 15:07:41,2026-06-29 15:11:57,0000044733,849-001038,M2*7十字平尾自攻不锈钢螺丝,2000.00,13.00,0,2026-06-26,0000044709,0000044708,CGSQ-260626-000016,2000.00,0.00,2000.00,已关闭,正常
0000044731,01-HDKJ-CGDD-260629-015646,2026-06-29,新疆友农科技集团,研发物料采购订单,物料类采购,01004007,支付宝(中国)网络技术有限公司,计意强,骆富英,2026-06-29 15:07:41,2026-06-29 15:11:57,0000044732,849-001038,M2*7十字平尾自攻不锈钢螺丝,3000.00,13.00,0,2026-06-23,0000044636,0000044634,CGSQ-260623-000005,3000.00,0.00,3000.00,已关闭,正常
0000044731,01-HDKJ-CGDD-260629-015646,2026-06-29,新疆友农科技集团,研发物料采购订单,物料类采购,01004007,支付宝(中国)网络技术有限公司,计意强,骆富英,2026-06-29 15:07:41,2026-06-29 15:11:57,0000044734,849-001038,M2*7十字平尾自攻不锈钢螺丝,140.00,13.00,0,2026-06-22,0000044628,0000044625,CGSQ-260622-000018,140.00,0.00,140.00,已关闭,正常
0000044728,01-HDKJ-CGDD-260629-015644,2026-06-29,新疆友农科技集团,研发物料采购订单,物料类采购,01004007,支付宝(中国)网络技术有限公司,计意强,骆富英,2026-06-29 14:30:34,2026-06-29 15:13:18,0000044730,165-002736,150圆柱分电板O型密封圈,200.00,0.00,0,2026-06-23,0000044638,0000044634,CGSQ-260623-000005,200.00,0.00,200.00,已关闭,正常
0000044728,01-HDKJ-CGDD-260629-015644,2026-06-29,新疆友农科技集团,研发物料采购订单,物料类采购,01004007,支付宝(中国)网络技术有限公司,计意强,骆富英,2026-06-29 14:30:34,2026-06-29 15:13:18,0000044729,165-002736,150圆柱分电板O型密封圈,10.00,0.00,0,2026-06-22,0000044629,0000044625,CGSQ-260622-000018,10.00,0.00,10.00,已关闭,正常
0000044722,01-HDKJ-CGDD-260627-015610,2026-06-27,新疆友农科技集团,生产项目采购订单,物料类采购,51204039,苏洲浩达印刷科技有限公司,计意强,骆富英,2026-06-27 09:32:06,2026-06-27 15:13:12,0000044723,795-000003,601C倾角/机具识别标签纸,10500.00,13.00,0,2026-08-10,0000044673,0000044666,CGSQ-260625-000006,10500.00,0.00,10500.00,已关闭,正常
0000044720,01-HDKJ-CGDD-260627-015609,2026-06-27,新疆友农科技集团,生产项目采购订单,物料类采购,02101076,上海劲昶电子柯技有限公司,计意强,骆富英,2026-06-27 09:32:04,2026-06-27 15:13:35,0000044721,994-000154,无线机具电池,5000.00,13.00,0,2026-08-10,0000044680,0000044681,CGSQ-260625-000007,0.00,0.00,0.00,正常,正常
0000044718,01-HDKJ-CGDD-260627-015608,2026-06-27,新疆友农科技集团,生产项目采购订单,物料类采购,51202017,倞品圣五金弹簧 ( 昆山 ) 有限公司,计意强,骆富英,2026-06-27 09:32:00,2026-06-27 15:13:40,0000044719,849-000335,新无线机具识别器塔簧,5000.00,13.00,0,2026-08-10,0000044678,0000044681,CGSQ-260625-000007,0.00,0.00,0.00,正常,正常
0000044712,01-HDKJ-CGDD-260627-015607,2026-06-27,新疆友农科技集团,生产项目采购订单,物料类采购,51204045,超城紧伱系统（苏州）有限公司,计意强,骆富英,2026-06-27 09:31:55,2026-06-27 15:13:42,0000044713,849-000005,M2.5*6 机丝,43000.00,13.00,0,2026-08-10,0000044674,0000044666,CGSQ-260625-000006,43000.00,0.00,43000.00,已关闭,正常
0000044712,01-HDKJ-CGDD-260627-015607,2026-06-27,新疆友农科技集团,生产项目采购订单,物料类采购,51204045,超城紧伱系统（苏州）有限公司,计意强,骆富英,2026-06-27 09:31:55,2026-06-27 15:13:42,0000044714,849-000191,M16平垫片,11000.00,13.00,0,2026-08-10,0000044672,0000044666,CGSQ-260625-000006,11000.00,0.00,11000.00,已关闭,正常
0000044712,01-HDKJ-CGDD-260627-015607,2026-06-27,新疆友农科技集团,生产项目采购订单,物料类采购,51204045,超城紧伱系统（苏州）有限公司,计意强,骆富英,2026-06-27 09:31:55,2026-06-27 15:13:42,0000044715,849-000411,ST2.5*10自攻,42000.00,13.00,0,2026-08-10,0000044671,0000044666,CGSQ-260625-000006,42000.00,0.00,42000.00,已关闭,正常
0000044712,01-HDKJ-CGDD-260627-015607,2026-06-27,新疆友农科技集团,生产项目采购订单,物料类采购,51204045,超城紧伱系统（苏州）有限公司,计意强,骆富英,2026-06-27 09:31:55,2026-06-27 15:13:42,0000044716,849-000003,ST2.0*6自攻,32000.00,13.00,0,2026-08-10,0000044670,0000044666,CGSQ-260625-000006,32000.00,0.00,32000.00,已关闭,正常
0000044712,01-HDKJ-CGDD-260627-015607,2026-06-27,新疆友农科技集团,生产项目采购订单,物料类采购,51204045,超城紧伱系统（苏州）有限公司,计意强,骆富英,2026-06-27 09:31:55,2026-06-27 15:13:42,0000044717,849-000194,M2.5*6机制螺丝,20000.00,13.00,0,2026-08-10,0000044679,0000044681,CGSQ-260625-000007,20000.00,0.00,20000.00,已关闭,正常
0000044711,01-HDKJ-CGDD-260626-015604,2026-06-26,新疆友农科技集团,研发物料采购订单,物料类采购,2510-512-0366,苏洲瑞可达连接系统股份有限公司,昝敏,高军,2026-06-26 18:03:29,2026-06-27 10:51:33,0000044710,356-000750,圆柱连接器公座-500A,80.00,13.00,0,2026-06-23,0000044635,0000044634,CGSQ-260623-000005,0.00,0.00,0.00,正常,正常
0000044706,01-HDKJ-CGDD-260626-015592,2026-06-26,新疆友农科技集团,生产项目采购订单,物料类采购,57403009,苏州锦廷凍密制造有限公司,昝敏,蒋鹏,2026-06-26 11:38:13,2026-06-26 13:33:12,0000044707,895-000033,新无线机具识别器按键,5000.00,13.00,0,2026-07-13,0000044677,0000044681,CGSQ-260625-000007,5000.00,0.00,5000.00,已关闭,正常
0000044705,01-HDKJ-CGDD-260625-015588,2026-06-25,新疆友农科技集团,生产项目采购订单,物料类采购,76904018,东莞市晶品电线科技有限公司,昝敏,高军,2026-06-25 17:53:26,2026-06-25 18:03:32,0000044704,363-000157,4pin姿态机具连接线,100.00,13.00,0,2026-08-10,0000044667,0000044666,CGSQ-260625-000006,40.00,0.00,40.00,正常,正常
0000044703,01-HDKJ-CGDD-260625-015587,2026-06-25,新疆友农科技集团,生产项目采购订单,物料类采购,73901001,洞口县亞生成电子有限公司,昝敏,高军,2026-06-25 17:52:47,2026-06-26 15:48:28,0000044702,363-000157,4pin姿态机具连接线,10000.00,13.00,0,2026-08-10,0000044667,0000044666,CGSQ-260625-000006,0.00,0.00,0.00,正常,正常
0000044700,01-HDKJ-CGDD-260625-015586,2026-06-25,新疆友农科技集团,生产项目采购订单,物料类采购,51202008,亝山市盈锋五金科技有限公司,昝敏,朱英,2026-06-25 17:50:28,2026-06-25 18:36:46,0000044701,165-000005,金属盖板,10600.00,13.00,0,2026-08-10,0000044669,0000044666,CGSQ-260625-000006,0.00,0.00,0.00,正常,正常
0000044698,01-HDKJ-CGDD-260625-015585,2026-06-25,新疆友农科技集团,生产项目采购订单,物料类采购,51204037,无锡市宏鹏橡塑乕品有限公司,昝敏,蒋鹏,2026-06-25 17:49:33,2026-06-25 18:36:50,0000044699,795-000809,姿态机具传感器胶塞（宏鹏）,11000.00,13.00,0,2026-08-10,0000044668,0000044666,CGSQ-260625-000006,11000.00,0.00,11000.00,已关闭,正常
0000044696,01-HDKJ-CGDD-260625-015584,2026-06-25,新疆友农科技集团,生产项目采购订单,物料类采购,2504-waitgroup-0025,上海南森兾智能科技有限公司,昝敏,朱英,2026-06-25 17:48:42,2026-06-25 18:11:24,0000044695,165-000647,新无线机具识别器下壳,5000.00,13.00,0,2026-07-16,0000044675,0000044681,CGSQ-260625-000007,0.00,0.00,0.00,正常,正常
0000044696,01-HDKJ-CGDD-260625-015584,2026-06-25,新疆友农科技集团,生产项目采购订单,物料类采购,2504-waitgroup-0025,上海南森兾智能科技有限公司,昝敏,朱英,2026-06-25 17:48:42,2026-06-25 18:11:24,0000044697,165-000648,新无线机具识别器上盖,5000.00,13.00,0,2026-07-16,0000044676,0000044681,CGSQ-260625-000007,0.00,0.00,0.00,正常,正常
0000044682,01-HDKJ-CGDD-260625-015582,2026-06-25,新疆友农科技集团,生产项目采购订单,物料类采购,51204045,超城紧伱系统（苏州）有限公司,昝敏,王涛磊,2026-06-25 17:42:50,2026-06-25 18:37:05,0000044687,849-001279,M2.5*6_不锈钢十字圆头机牙螺丝_整圈耐落,200.00,13.00,0,2026-06-23,0000044605,0000044604,CGSQ-260622-000012,200.00,0.00,200.00,已关闭,正常
0000044682,01-HDKJ-CGDD-260625-015582,2026-06-25,新疆友农科技集团,生产项目采购订单,物料类采购,51204045,超城紧伱系统（苏州）有限公司,昝敏,王涛磊,2026-06-25 17:42:50,2026-06-25 18:37:05,0000044688,849-001317,M6*26_外六角法兰面螺栓,1000.00,13.00,0,2026-06-23,0000044606,0000044604,CGSQ-260622-000012,1000.00,0.00,1000.00,已关闭,正常
0000044682,01-HDKJ-CGDD-260625-015582,2026-06-25,新疆友农科技集团,生产项目采购订单,物料类采购,51204045,超城紧伱系统（苏州）有限公司,昝敏,王涛磊,2026-06-25 17:42:50,2026-06-25 18:37:05,0000044683,849-001282,M20*1.5_六角薄螺母,200.00,13.00,0,2026-06-23,0000044607,0000044604,CGSQ-260622-000012,200.00,0.00,200.00,已关闭,正常
0000044682,01-HDKJ-CGDD-260625-015582,2026-06-25,新疆友农科技集团,生产项目采购订单,物料类采购,51204045,超城紧伱系统（苏州）有限公司,昝敏,王涛磊,2026-06-25 17:42:50,2026-06-25 18:37:05,0000044689,849-001283,M20_弹性垫圈,200.00,13.00,0,2026-06-23,0000044608,0000044604,CGSQ-260622-000012,200.00,0.00,200.00,已关闭,正常
0000044682,01-HDKJ-CGDD-260625-015582,2026-06-25,新疆友农科技集团,生产项目采购订单,物料类采购,51204045,超城紧伱系统（苏州）有限公司,昝敏,王涛磊,2026-06-25 17:42:50,2026-06-25 18:37:05,0000044690,849-001265,M10*55_外六角法兰面螺栓,500.00,13.00,0,2026-06-23,0000044609,0000044604,CGSQ-260622-000012,500.00,0.00,500.00,已关闭,正常
0000044682,01-HDKJ-CGDD-260625-015582,2026-06-25,新疆友农科技集团,生产项目采购订单,物料类采购,51204045,超城紧伱系统（苏州）有限公司,昝敏,王涛磊,2026-06-25 17:42:50,2026-06-25 18:37:05,0000044684,849-001274,M14_车轮螺母,400.00,13.00,0,2026-06-23,0000044610,0000044604,CGSQ-260622-000012,400.00,0.00,400.00,已关闭,正常
0000044682,01-HDKJ-CGDD-260625-015582,2026-06-25,新疆友农科技集团,生产项目采购订单,物料类采购,51204045,超城紧伱系统（苏州）有限公司,昝敏,王涛磊,2026-06-25 17:42:50,2026-06-25 18:37:05,0000044691,849-001275,M14_弹性垫圈,400.00,13.00,0,2026-06-23,0000044611,0000044604,CGSQ-260622-000012,400.00,0.00,400.00,已关闭,正常
0000044682,01-HDKJ-CGDD-260625-015582,2026-06-25,新疆友农科技集团,生产项目采购订单,物料类采购,51204045,超城紧伱系统（苏州）有限公司,昝敏,王涛磊,2026-06-25 17:42:50,2026-06-25 18:37:05,0000044685,849-001296,M4*22_304不锈钢沉头内六角螺栓,100.00,13.00,0,2026-06-23,0000044613,0000044604,CGSQ-260622-000012,100.00,0.00,100.00,已关闭,正常
0000044682,01-HDKJ-CGDD-260625-015582,2026-06-25,新疆友农科技集团,生产项目采购订单,物料类采购,51204045,超城紧伱系统（苏州）有限公司,昝敏,王涛磊,2026-06-25 17:42:50,2026-06-25 18:37:05,0000044692,849-001314,M5_304不锈钢六角法兰面尼龙防松螺母,200.00,13.00,0,2026-06-23,0000044614,0000044604,CGSQ-260622-000012,200.00,0.00,200.00,已关闭,正常
0000044682,01-HDKJ-CGDD-260625-015582,2026-06-25,新疆友农科技集团,生产项目采购订单,物料类采购,51204045,超城紧伱系统（苏州）有限公司,昝敏,王涛磊,2026-06-25 17:42:50,2026-06-25 18:37:05,0000044693,849-001323,M8*30_304不锈钢外六角法兰面螺栓,300.00,13.00,0,2026-06-23,0000044615,0000044604,CGSQ-260622-000012,300.00,0.00,300.00,已关闭,正常
0000044682,01-HDKJ-CGDD-260625-015582,2026-06-25,新疆友农科技集团,生产项目采购订单,物料类采购,51204045,超城紧伱系统（苏州）有限公司,昝敏,王涛磊,2026-06-25 17:42:50,2026-06-25 18:37:05,0000044694,849-001268,M10_304不锈钢法兰尼龙锁紧螺母,200.00,13.00,0,2026-06-23,0000044616,0000044604,CGSQ-260622-000012,200.00,0.00,200.00,已关闭,正常
0000044682,01-HDKJ-CGDD-260625-015582,2026-06-25,新疆友农科技集团,生产项目采购订单,物料类采购,51204045,超城紧伱系统（苏州）有限公司,昝敏,王涛磊,2026-06-25 17:42:50,2026-06-25 18:37:05,0000044686,849-001275,M14_弹性垫圈,500.00,13.00,0,2026-06-23,0000044617,0000044604,CGSQ-260622-000012,500.00,0.00,500.00,已关闭,正常
0000044665,01-HDKJ-CGDD-260625-015560,2026-06-25,新疆友农科技集团,生产项目采购订单,物料类采购,2508-51201-0236,苏州双傢橡塑有限公司,昝敏,蒋鹏,2026-06-25 10:09:47,2026-06-25 11:20:03,0000044664,165-002644,YS221接收机上壳,1000.00,13.00,0,2026-08-30,0000044659,0000044658,CGSQ-260624-000011,0.00,0.00,0.00,正常,正常
0000044663,01-HDKJ-CGDD-260625-015559,2026-06-25,新疆友农科技集团,研发物料采购订单,物料类采购,2510-512-0366,苏洲瑞可达连接系统股份有限公司,昝敏,高军,2026-06-25 09:52:16,2026-06-25 10:01:30,0000044662,356-000750,圆柱连接器公座-500A,10.00,13.00,0,2026-07-30,0000044661,0000044660,CGSQ-260625-000001,0.00,0.00,0.00,正常,正常
0000044656,01-HDKJ-CGDD-260624-015555,2026-06-24,新疆友农科技集团,研发物料采购订单,物料类采购,01002002,北京富声达杰儽电子销售有限公司,计意强,缪财艳,2026-06-24 16:01:57,2026-06-24 23:31:34,0000044657,972-000264,IMU,66.00,13.00,0,2026-06-24,0,0,,66.00,0.00,66.00,已关闭,正常
0000044654,01-HDKJ-CGDD-260624-015551,2026-06-24,新疆友农科技集团,生产项目采购订单,物料类采购,5740306,宁波驰普机兇有限公司,昝敏,朱英,2026-06-24 15:55:44,2026-06-25 09:38:53,0000044653,165-001923,YN580_航电模块上盖,500.00,13.00,0,2026-08-03,0000044591,0000044593,CGSQ-260622-000008,0.00,0.00,0.00,正常,正常
0000044654,01-HDKJ-CGDD-260624-015551,2026-06-24,新疆友农科技集团,生产项目采购订单,物料类采购,5740306,宁波驰普机兇有限公司,昝敏,朱英,2026-06-24 15:55:44,2026-06-25 09:38:53,0000044655,165-001924,YN580_航电模块下盖,500.00,13.00,0,2026-08-03,0000044592,0000044593,CGSQ-260622-000008,0.00,0.00,0.00,正常,正常
0000044647,HD20251028无人机（苟德）,2026-06-24,新疆友农科技集团,研发物料采购订单,物料类采购,02104119,上海苟德电子科计有限公司,柏涛翔,杨强云,2026-06-24 11:09:01,2026-06-24 14:22:42,0000044648,588-000662,YC302B电调电容板CAP_P0_PCBA,20.00,13.00,0,2026-06-24,0,0,,20.00,0.00,20.00,已关闭,正常
0000044645,01-HDKJ-CGDD-260623-015528,2026-06-23,新疆友农科技集团,生产项目采购订单,物料类采购,75504095,深圳市鸿鑫新休能科技有限公司,昝敏,朱英,2026-06-23 17:55:48,2026-06-23 18:25:52,0000044646,165-002629,YN580分电板缓冲脚垫,500.00,13.00,0,2026-07-13,0000044603,0000044602,CGSQ-260622-000011,500.00,0.00,500.00,已关闭,正常
0000044643,01-HDKJ-CGDD-260623-015519,2026-06-23,新疆友农科技集团,生产项目采购订单,物料类采购,2606-57100-0663,宁波星桐科技有线公司,昝敏,王涛磊,2026-06-23 17:55:27,2026-06-23 18:25:27,0000044644,795-001180,盖板磁铁,40.00,13.00,0,2026-07-20,0000044612,0000044604,CGSQ-260622-000012,40.00,0.00,40.00,已关闭,正常
0000044641,01-HDKJ-CGDD-260623-015501,2026-06-23,新疆友农科技集团,生产项目采购订单,物料类采购,59202002,俅门信和达电子有限公司,计意强,葛霞,2026-06-23 14:44:26,2026-06-23 17:39:10,0000044642,725-000286,贴片陶瓷电容,10000.00,13.00,0,2026-07-23,0000044460,0000044459,CGSQ-260612-000015,0.00,0.00,0.00,正常,正常
0000044639,01-HDKJ-CGDD-260623-015500,2026-06-23,新疆友农科技集团,生产项目采购订单,物料类采购,75504086,深圳磁联达甸子有限公司,计意强,骆富英,2026-06-23 14:44:22,,0000044640,501-000007,网络变压器,850.00,13.00,0,2026-07-20,0000044620,0000044621,CGSQ-260622-000015,0.00,0.00,0.00,正常,已终止
0000044632,01-HDKJ-CGDD-260623-015498,2026-06-23,新疆友农科技集团,产品委外采购订单,产品委外采购,51204160,元橡科技（酥州）有限公司,计意强,骆富英,2026-06-23 13:11:21,2026-06-23 14:20:18,0000044633,165-001769,YS403双目前壳组件,600.00,13.00,0,2026-06-23,0000028620,0000028623,WWGD-20260307-000453,0.00,0.00,0.00,正常,正常
0000044631,01-HDKJ-CGDD-260623-015492,2026-06-23,新疆友农科技集团,产品委外采购订单,产品委外采购,51201015,苏州朋佮智控科技有限公司,计意强,杨强云,2026-06-23 09:50:21,2026-06-23 14:03:31,0000044630,588-000487,YN402_MAIN_P2_PCBA,4.00,13.00,0,2026-06-23,0000044618,0000044619,WWGD-20260622-000623,0.00,0.00,0.00,已关闭,正常
0000044622,01-HDKJ-CGDD-260622-015487,2026-06-22,新疆友农科技集团,研发物料采购订单,物料类采购,02103023,云汉芯城（上海）电子科技有限公司,计意强,缪财艳,2026-06-22 19:01:59,2026-06-23 09:54:37,0000044623,358-000148,P沟道MOS管,110.00,13.00,0,2026-06-22,0,0,,0.00,0.00,0.00,正常,正常
0000044622,01-HDKJ-CGDD-260622-015487,2026-06-22,新疆友农科技集团,研发物料采购订单,物料类采购,02103023,云汉芯城（上海）电子科技有限公司,计意强,缪财艳,2026-06-22 19:01:59,2026-06-23 09:54:37,0000044624,972-000272,气压计,60.00,13.00,0,2026-06-22,0,0,,60.00,0.00,60.00,已关闭,正常
0000044600,02-KSHA-CGDD-260622-015470,2026-06-22,苏州友安电子科技有限公司,生产项目采购订单,物料类采购,02100140,昆山诚意智能科技有限工司,昝敏,王涛磊,2026-06-22 13:50:45,2026-06-22 15:17:29,0000044601,606-000676,TB系列包装材料-洋马大包装纸箱,58.00,13.00,0,2026-06-26,0000044599,0000044598,CGSQ-260622-000010,58.00,0.00,58.00,已关闭,正常
0000044596,01-HDKJ-CGDD-260622-015469,2026-06-22,新疆友农科技集团,生产项目采购订单,物料类采购,75504068,深圳乩浩达多层线路板有限公司,计意强,葛霞,2026-06-22 13:41:15,2026-06-30 15:36:30,0000044597,321-000337,无线机具52810_P0_PCB,5000.00,13.00,0,2026-07-23,0000044462,0000044459,CGSQ-260612-000015,5000.00,0.00,5000.00,已关闭,正常
0000044595,01-HDKJ-CGDD-260622-015468,2026-06-22,新疆友农科技集团,生产项目采购订单,物料类采购,75504018,深圳康宏电子实业有限公司,计意强,葛霞,2026-06-22 13:38:09,2026-06-22 18:03:12,0000044594,321-000604,GPS模块B40S_P0_PCB,100.00,13.00,0,2026-07-27,0000044471,0000044468,CGSQ-260612-000016,0.00,0.00,0.00,正常,正常
0000044589,01-HDKJ-CGDD-260618-015448,2026-06-18,新疆友农科技集团,研发物料采购订单,物料类采购,75504086,深圳磁联达甸子有限公司,计意强,骆富英,2026-06-18 18:08:36,2026-06-22 18:04:58,0000044590,501-000007,网络变压器,210.00,13.00,0,2026-06-18,0,0,,210.00,0.00,210.00,已关闭,正常
0000044587,01-HDKJ-CGDD-260618-015445,2026-06-18,新疆友农科技集团,生产项目采购订单,物料类采购,59202002,俅门信和达电子有限公司,计意强,葛霞,2026-06-18 16:38:47,2026-06-18 16:55:53,0000044588,539-000028,贴片电阻,50000.00,13.00,0,2026-09-10,0000044586,0000044585,CGSQ-260618-000013,50000.00,0.00,50000.00,已关闭,正常
0000044583,01-HDKJ-CGDD-260618-015437,2026-06-18,新疆友农科技集团,生产项目采购订单,物料类采购,75504042,深圳市中科乷线技术有限公司,昝敏,王涛磊,2026-06-18 11:19:00,2026-06-18 15:54:49,0000044584,165-002708,TNC防尘堵头,1000.00,13.00,0,2026-06-30,0000044572,0000044570,CGSQ-260617-000009,1000.00,0.00,1000.00,已关闭,正常
0000044581,01-HDKJ-CGDD-260618-015436,2026-06-18,新疆友农科技集团,生产项目采购订单,物料类采购,2508-51201-0236,苏州双傢橡塑有限公司,昝敏,蒋鹏,2026-06-18 11:18:58,2026-06-19 07:00:14,0000044582,165-002702,YS221接收机下壳(P+R),1000.00,13.00,0,2026-06-30,0000044571,0000044570,CGSQ-260617-000009,465.00,0.00,465.00,正常,正常
0000044579,01-HDKJ-CGDD-260618-015434,2026-06-18,新疆友农科技集团,生产项目采购订单,物料类采购,01004007,支付宝(中国)网络技术有限公司,计意强,骆富英,2026-06-18 10:39:10,2026-06-18 10:51:50,0000044580,165-001004,YN501_TNC连接器防水胶套,500.00,0.00,0,2026-06-23,0000044573,0000044574,CGSQ-260617-000015,500.00,0.00,500.00,已关闭,正常
0000044578,01-HDKJ-CGDD-260618-015429,2026-06-18,新疆友农科技集团,产品委外采购订单,产品委外采购,57101004,杭洲明日汽车零部件厂,昝敏,王涛磊,2026-06-18 09:36:32,2026-06-18 15:56:14,0000044577,549-000880,方向盘本体_铭牌_杭州明日,179.00,13.00,0,2026-06-18,0000044575,0000044576,WWGD-20260617-000621,0.00,0.00,0.00,正常,正常
0000044569,01-HDKJ-CGDD-260617-015414,2026-06-17,新疆友农科技集团,产品委外采购订单,产品委外采购,2508-02100-0246,上海方柯汽车部件有限公司,昝敏,沈娟,2026-06-17 10:15:57,2026-06-18 10:29:09,0000044568,165-002704,YN418方向盘发泡本体_铭牌,170.00,13.00,0,2026-06-17,0000044566,0000044567,WWGD-20260617-000619,0.00,0.00,0.00,正常,已终止
0000044558,01-HDKJ-CGDD-260616-015409,2026-06-16,新疆友农科技集团,生产项目采购订单,物料类采购,51202010,苏洲苏煜克电子有限公司,计意强,葛霞,2026-06-16 16:55:28,2026-06-17 10:30:30,0000044559,321-000126,601C倾角&机具P5_PCB,10000.00,13.00,0,2026-07-23,0000044467,0000044459,CGSQ-260612-000015,0.00,0.00,0.00,正常,正常
0000044556,01-HDKJ-CGDD-260616-015408,2026-06-16,新疆友农科技集团,生产项目采购订单,物料类采购,02102054,上海为晶电子有限公司,计意强,骆富英,2026-06-16 16:55:26,2026-06-16 17:59:05,0000044557,527-000009,贴片无源晶振,10000.00,13.00,0,2026-07-23,0000044466,0000044459,CGSQ-260612-000015,0.00,0.00,0.00,正常,正常
0000044554,01-HDKJ-CGDD-260616-015407,2026-06-16,新疆友农科技集团,生产项目采购订单,物料类采购,75502013,深圳市明智芯科技友限公司,计意强,骆富英,2026-06-16 16:55:24,2026-06-16 18:05:14,0000044555,554-000003,低压差线性稳压芯片,10000.00,13.00,0,2026-07-23,0000044464,0000044459,CGSQ-260612-000015,0.00,0.00,0.00,正常,正常
0000044552,01-HDKJ-CGDD-260616-015406,2026-06-16,新疆友农科技集团,生产项目采购订单,物料类采购,75504034,沈圳特思嘉工业电子有限公司,计意强,葛霞,2026-06-16 16:55:22,2026-06-17 10:30:58,0000044553,356-000246,无线机具电池连接器,5000.00,13.00,0,2026-07-23,0000044461,0000044459,CGSQ-260612-000015,0.00,0.00,0.00,正常,正常
0000044550,01-HDKJ-CGDD-260616-015404,2026-06-16,新疆友农科技集团,生产项目采购订单,物料类采购,99601006,协鸿児电科技(昆山)有限公司,计意强,葛霞,2026-06-16 16:55:18,2026-06-17 10:30:41,0000044551,321-000498,YS210_自研IMU模块_P1_PCB,100.00,13.00,0,2026-07-27,0000044472,0000044468,CGSQ-260612-000016,0.00,0.00,0.00,正常,正常
0000044548,01-HDKJ-CGDD-260616-015402,2026-06-16,新疆友农科技集团,生产项目采购订单,物料类采购,75501084,深圳市扬展康电仔有限公司,计意强,葛霞,2026-06-16 16:55:14,2026-06-16 17:58:39,0000044549,356-000311,MMCX母座加高型,1000.00,13.00,0,2026-07-27,0000044469,0000044468,CGSQ-260612-000016,0.00,0.00,0.00,正常,正常
0000044546,01-HDKJ-CGDD-260616-015400,2026-06-16,新疆友农科技集团,生产项目采购订单,物料类采购,75502049,深圳市阳和通甸子有限公司,计意强,葛霞,2026-06-16 16:55:10,2026-06-16 17:58:42,0000044547,725-000217,贴片陶瓷电容,30000.00,13.00,0,2026-09-17,0000044447,0000044448,CGSQ-260611-000013,30000.00,0.00,30000.00,已关闭,正常
0000044545,01-HDKJ-CGDD-260616-015389,2026-06-16,新疆友农科技集团,生产项目采购订单,物料类采购,02105021,上海尚远通讯科技有线公司,昝敏,沈娟,2026-06-16 11:09:23,2026-06-16 14:05:17,0000044544,165-001549,UA400P5天线组件,1950.00,13.00,0,2026-07-10,0000044416,0000044414,CGSQ-260610-000014,1950.00,0.00,1950.00,已关闭,正常
0000044543,01-HDKJ-CGDD-260616-015387,2026-06-16,新疆友农科技集团,产品委外采购订单,产品委外采购,57403020,苏州华誉智丼科技有限公司,苗晓强,杨强云,2026-06-16 10:33:13,2026-06-16 10:45:33,0000044542,588-000266,801_8芯转接板_P3_S01_PCBA,17.00,13.00,0,2026-06-16,0000044540,0000044541,WWGD-20260616-000618,17.00,0.00,17.00,已关闭,正常
0000044535,01-HDKJ-CGDD-260616-015385,2026-06-16,新疆友农科技集团,研发物料采购订单,物料类采购,2508-996-0278,昆山长益模型柯技有限公司,王涛磊,蒋鹏,2026-06-16 10:07:49,2026-06-16 10:28:08,0000044538,165-003408,前接口板壳体,3.00,13.00,0,2026-06-12,0000044450,0000044449,CGSQ-260612-000004,3.00,0.00,3.00,已关闭,正常
0000044535,01-HDKJ-CGDD-260616-015385,2026-06-16,新疆友农科技集团,研发物料采购订单,物料类采购,2508-996-0278,昆山长益模型柯技有限公司,王涛磊,蒋鹏,2026-06-16 10:07:49,2026-06-16 10:28:08,0000044536,165-003410,后接口板壳体,3.00,13.00,0,2026-06-12,0000044451,0000044449,CGSQ-260612-000004,3.00,0.00,3.00,已关闭,正常
0000044535,01-HDKJ-CGDD-260616-015385,2026-06-16,新疆友农科技集团,研发物料采购订单,物料类采购,2508-996-0278,昆山长益模型柯技有限公司,王涛磊,蒋鹏,2026-06-16 10:07:49,2026-06-16 10:28:08,0000044539,165-003414,作业接口板壳体,3.00,13.00,0,2026-06-12,0000044452,0000044449,CGSQ-260612-000004,3.00,0.00,3.00,已关闭,正常
0000044535,01-HDKJ-CGDD-260616-015385,2026-06-16,新疆友农科技集团,研发物料采购订单,物料类采购,2508-996-0278,昆山长益模型柯技有限公司,王涛磊,蒋鹏,2026-06-16 10:07:49,2026-06-16 10:28:08,0000044537,849-001244,作业板散热片,3.00,13.00,0,2026-06-12,0000044453,0000044449,CGSQ-260612-000004,3.00,0.00,3.00,已关闭,正常
0000044533,01-HDKJ-CGDD-260616-015382,2026-06-16,新疆友农科技集团,生产项目采购订单,物料类采购,2604-75503-0613,深圳乩广佑达电子有限公司,计意强,葛霞,2026-06-16 09:52:02,2026-06-16 13:51:09,0000044534,725-000003,贴片陶瓷电容,40000.00,13.00,0,2026-01-05,0000020030,0000020187,CGSQ-251211-000027,0.00,0.00,0.00,正常,正常
0000044531,01-HDKJ-CGDD-260616-015381,2026-06-16,新疆友农科技集团,生产项目采购订单,物料类采购,2604-75503-0613,深圳乩广佑达电子有限公司,计意强,葛霞,2026-06-16 09:50:41,2026-06-16 13:38:02,0000044532,725-000107,贴片陶瓷电容,10000.00,13.00,0,2026-03-01,0000022416,0000022389,CGSQ-251226-000024,0.00,0.00,0.00,正常,正常
0000044529,01-HDKJ-CGDD-260616-015380,2026-06-16,新疆友农科技集团,生产项目采购订单,物料类采购,2604-75503-0613,深圳乩广佑达电子有限公司,计意强,葛霞,2026-06-16 09:49:03,2026-06-16 13:38:01,0000044530,725-000355,贴片陶瓷电容,20000.00,13.00,0,2026-01-05,0000020057,0000020187,CGSQ-251211-000027,0.00,0.00,0.00,正常,正常
0000044527,01-HDKJ-CGDD-260616-015379,2026-06-16,新疆友农科技集团,生产项目采购订单,物料类采购,2606-02102-0657,上海东盛泰和电子有限工司,计意强,葛霞,2026-06-16 09:42:02,2026-06-16 09:57:14,0000044525,539-000025,贴片电阻,5000.00,13.00,0,2026-04-03,0000030338,0000030301,CGSQ-260312-000020,0.00,0.00,0.00,正常,正常
0000044527,01-HDKJ-CGDD-260616-015379,2026-06-16,新疆友农科技集团,生产项目采购订单,物料类采购,2606-02102-0657,上海东盛泰和电子有限工司,计意强,葛霞,2026-06-16 09:42:02,2026-06-16 09:57:14,0000044528,539-000025,贴片电阻,10000.00,13.00,0,2026-04-03,0000029408,0000029466,CGSQ-260309-000019,0.00,0.00,0.00,正常,正常
0000044527,01-HDKJ-CGDD-260616-015379,2026-06-16,新疆友农科技集团,生产项目采购订单,物料类采购,2606-02102-0657,上海东盛泰和电子有限工司,计意强,葛霞,2026-06-16 09:42:02,2026-06-16 09:57:14,0000044526,539-000025,贴片电阻,5000.00,13.00,0,2026-03-31,0000027763,0000027564,CGSQ-260305-000030,0.00,0.00,0.00,正常,正常
0000044523,01-HDKJ-CGDD-260615-015375,2026-06-15,新疆友农科技集团,研发物料采购订单,物料类采购,73901002,湖南佳迪科甸子有限公司,计意强,缪财艳,2026-06-15 20:28:24,2026-06-16 09:06:21,0000044524,358-000130,N沟道MOS管,250.00,13.00,0,2026-06-15,0,0,,250.00,0.00,250.00,已关闭,正常
0000044520,01-HDKJ-CGDD-260615-015366,2026-06-15,新疆友农科技集团,产品委外采购订单,产品委外采购,02104119,上海苟德电子科计有限公司,计意强,杨强云,2026-06-15 15:10:53,2026-06-16 09:06:09,0000044521,588-000582,YS506_V2_光电编码板_P2_S01_PCBA,1652.00,13.00,0,2026-06-15,0000044514,0000044515,WWGD-20260615-000615,1652.00,0.00,1652.00,已关闭,正常
0000044520,01-HDKJ-CGDD-260615-015366,2026-06-15,新疆友农科技集团,产品委外采购订单,产品委外采购,02104119,上海苟德电子科计有限公司,计意强,杨强云,2026-06-15 15:10:53,2026-06-16 09:06:09,0000044522,588-000582,YS506_V2_光电编码板_P2_S01_PCBA,349.00,13.00,0,2026-06-15,0000044516,0000044517,WWGD-20260615-000616,349.00,0.00,349.00,已关闭,正常
0000044512,01-HDKJ-CGDD-260615-015358,2026-06-15,新疆友农科技集团,生产项目采购订单,物料类采购,76901013,冬莞市元基电子有限公司,计意强,缪财艳,2026-06-15 13:30:26,2026-06-15 14:41:44,0000044513,454-000094,TVS二极管,6000.00,13.00,0,2026-07-23,0000044463,0000044459,CGSQ-260612-000015,6000.00,0.00,6000.00,已关闭,正常
0000044510,01-HDKJ-CGDD-260615-015357,2026-06-15,新疆友农科技集团,生产项目采购订单,物料类采购,57104006,千寻位置偸络（浙江）有限公司,计意强,杨强云,2026-06-15 13:30:23,2026-06-15 14:46:55,0000044511,972-000859,定位模块,100.00,13.00,0,2026-07-27,0000044470,0000044468,CGSQ-260612-000016,0.00,0.00,0.00,正常,正常
0000044502,01-HDKJ-CGDD-260615-015342,2026-06-15,新疆友农科技集团,研发物料采购订单,物料类采购,01004007,支付宝(中国)网络技术有限公司,昝敏,沈娟,2026-06-15 09:40:09,2026-06-15 10:34:06,0000044506,359-000038,LED指示灯,1.00,0.00,0,2026-06-12,0000044481,0000044480,CGSQ-260612-000021,1.00,1.00,0.00,已关闭,正常
0000044502,01-HDKJ-CGDD-260615-015342,2026-06-15,新疆友农科技集团,研发物料采购订单,物料类采购,01004007,支付宝(中国)网络技术有限公司,昝敏,沈娟,2026-06-15 09:40:09,2026-06-15 10:34:06,0000044503,849-001302,M4*8_304不锈钢扁平头内六角防脱落螺栓,2.00,0.00,0,2026-06-12,0000044482,0000044480,CGSQ-260612-000021,2.00,2.00,0.00,已关闭,正常
0000044502,01-HDKJ-CGDD-260615-015342,2026-06-15,新疆友农科技集团,研发物料采购订单,物料类采购,01004007,支付宝(中国)网络技术有限公司,昝敏,沈娟,2026-06-15 09:40:09,2026-06-15 10:34:06,0000044507,165-003649,电磁阀回水管,20.00,0.00,0,2026-06-12,0000044483,0000044480,CGSQ-260612-000021,20.00,20.00,0.00,已关闭,正常
0000044502,01-HDKJ-CGDD-260615-015342,2026-06-15,新疆友农科技集团,研发物料采购订单,物料类采购,01004007,支付宝(中国)网络技术有限公司,昝敏,沈娟,2026-06-15 09:40:09,2026-06-15 10:34:06,0000044504,849-001375,Φ8*10*18套管,1.00,0.00,0,2026-06-12,0000044484,0000044480,CGSQ-260612-000021,1.00,1.00,0.00,已关闭,正常
0000044502,01-HDKJ-CGDD-260615-015342,2026-06-15,新疆友农科技集团,研发物料采购订单,物料类采购,01004007,支付宝(中国)网络技术有限公司,昝敏,沈娟,2026-06-15 09:40:09,2026-06-15 10:34:06,0000044508,849-001373,水管抱箍,4.00,0.00,0,2026-06-12,0000044485,0000044480,CGSQ-260612-000021,4.00,4.00,0.00,已关闭,正常
0000044502,01-HDKJ-CGDD-260615-015342,2026-06-15,新疆友农科技集团,研发物料采购订单,物料类采购,01004007,支付宝(中国)网络技术有限公司,昝敏,沈娟,2026-06-15 09:40:09,2026-06-15 10:34:06,0000044505,849-001318,M6*30_内六角法兰面圆柱头带垫防松螺丝,1.00,0.00,0,2026-06-12,0000044486,0000044480,CGSQ-260612-000021,1.00,1.00,0.00,已关闭,正常
0000044502,01-HDKJ-CGDD-260615-015342,2026-06-15,新疆友农科技集团,研发物料采购订单,物料类采购,01004007,支付宝(中国)网络技术有限公司,昝敏,沈娟,2026-06-15 09:40:09,2026-06-15 10:34:06,0000044509,849-001371,M8螺母,3.00,0.00,0,2026-06-12,0000044487,0000044480,CGSQ-260612-000021,3.00,3.00,0.00,已关闭,正常
0000044500,01-HDKJ-CGDD-260615-015341,2026-06-15,新疆友农科技集团,特种物资采购,物料类采购,02104101,上海量讯物联计术有限公司,索述英,索述英,2026-06-15 09:14:25,2026-06-15 11:25:43,0000044501,182-000033,MS卡,2000.00,13.00,0,2026-06-15,0,0,,2000.00,0.00,2000.00,已关闭,正常
0000044497,01-HDKJ-CGDD-260612-015332,2026-06-12,新疆友农科技集团,生产项目采购订单,物料类采购,2604-75503-0613,深圳乩广佑达电子有限公司,计意强,葛霞,2026-06-12 19:30:14,2026-06-13 09:29:44,0000044498,725-000024,贴片陶瓷电容,10000.00,13.00,0,2026-06-12,0000044328,0000044324,CGSQ-260603-000006,0.00,0.00,0.00,正常,正常
0000044497,01-HDKJ-CGDD-260612-015332,2026-06-12,新疆友农科技集团,生产项目采购订单,物料类采购,2604-75503-0613,深圳乩广佑达电子有限公司,计意强,葛霞,2026-06-12 19:30:14,2026-06-13 09:29:44,0000044499,725-000072,贴片陶瓷电容,2000.00,13.00,0,2026-06-12,0000044329,0000044324,CGSQ-260603-000006,0.00,0.00,0.00,正常,正常
0000044495,01-HDKJ-CGDD-260612-015331,2026-06-12,新疆友农科技集团,生产项目采购订单,物料类采购,2507-75502-0226,深圳市子锦年科技友限公司,计意强,葛霞,2026-06-12 19:30:11,2026-06-13 09:29:21,0000044496,539-000281,贴片功率电阻,4000.00,13.00,0,2026-06-12,0000044331,0000044324,CGSQ-260603-000006,0.00,0.00,0.00,正常,正常
0000044492,01-HDKJ-CGDD-260612-015330,2026-06-12,新疆友农科技集团,生产项目采购订单,物料类采购,2606-02102-0657,上海东盛泰和电子有限工司,计意强,葛霞,2026-06-12 19:30:08,2026-06-13 09:29:07,0000044493,539-000451,贴片电阻,5000.00,13.00,0,2026-06-12,0000044330,0000044324,CGSQ-260603-000006,0.00,0.00,0.00,正常,正常
0000044492,01-HDKJ-CGDD-260612-015330,2026-06-12,新疆友农科技集团,生产项目采购订单,物料类采购,2606-02102-0657,上海东盛泰和电子有限工司,计意强,葛霞,2026-06-12 19:30:08,2026-06-13 09:29:07,0000044494,725-000222,贴片陶瓷电容,10000.00,13.00,0,2026-06-12,0000044327,0000044324,CGSQ-260603-000006,0.00,0.00,0.00,正常,正常
0000044490,01-HDKJ-CGDD-260612-015328,2026-06-12,新疆友农科技集团,生产项目采购订单,物料类采购,02102069,北天星国际贸易(上海)有限工司,计意强,杨强云,2026-06-12 19:30:00,2026-06-13 09:27:16,0000044491,972-000802,Cat.1模块,1000.00,13.00,0,2026-07-10,0000044426,0000044414,CGSQ-260610-000014,0.00,0.00,0.00,正常,正常
0000044488,01-HDKJ-CGDD-260612-015327,2026-06-12,新疆友农科技集团,生产项目采购订单,物料类采购,75501084,深圳市扬展康电仔有限公司,计意强,葛霞,2026-06-12 19:29:56,2026-06-13 09:29:37,0000044489,356-000293,双排插座,648.00,13.00,0,2026-07-10,0000044418,0000044414,CGSQ-260610-000014,648.00,0.00,648.00,已关闭,正常
0000044478,HD20260612-D02,2026-06-12,新疆友农科技集团,研发物料采购订单,物料类采购,2512-02100-0464,上海仦巨传感器有限公司,王涛磊,朱英,2026-06-12 18:02:17,2026-06-12 19:25:41,0000044479,359-000034,接近开关-HJL18,6.00,13.00,0,2026-06-12,0000044474,0000044473,CGSQ-260612-000018,6.00,0.00,6.00,已关闭,正常
0000044475,01-HDKJ-CGDD-260612-015326,2026-06-12,新疆友农科技集团,生产项目采购订单,物料类采购,57403039,苏州日争新精密技术有限工司,王涛磊,朱英,2026-06-12 18:00:52,2026-06-12 18:47:22,0000044477,165-002155,YN580离心喷头宝塔接头,50.00,13.00,0,2026-07-14,0000044396,0000044395,CGSQ-260609-000003,50.00,0.00,50.00,已关闭,正常
0000044475,01-HDKJ-CGDD-260612-015326,2026-06-12,新疆友农科技集团,生产项目采购订单,物料类采购,57403039,苏州日争新精密技术有限工司,王涛磊,朱英,2026-06-12 18:00:52,2026-06-12 18:47:22,0000044476,165-002155,YN580离心喷头宝塔接头,320.00,13.00,0,2026-07-06,0000044280,0000044273,CGSQ-260601-000007,320.00,0.00,320.00,已关闭,正常
0000044457,01-HDKJ-CGDD-260612-015324,2026-06-12,新疆友农科技集团,生产项目采购订单,物料类采购,2604-75503-0613,深圳乩广佑达电子有限公司,计意强,葛霞,2026-06-12 16:16:13,2026-06-13 09:33:11,0000044456,725-000107,贴片陶瓷电容,4000.00,13.00,0,2026-04-30,0000036354,0000036345,CGSQ-260413-000012,0.00,0.00,0.00,正常,正常
0000044457,01-HDKJ-CGDD-260612-015324,2026-06-12,新疆友农科技集团,生产项目采购订单,物料类采购,2604-75503-0613,深圳乩广佑达电子有限公司,计意强,葛霞,2026-06-12 16:16:13,2026-06-13 09:33:11,0000044458,725-000048,贴片陶瓷电容,6000.00,13.00,0,2026-04-30,0000036365,0000036345,CGSQ-260413-000012,0.00,0.00,0.00,正常,正常
0000044455,01-HDKJ-CGDD-260612-015322,2026-06-12,新疆友农科技集团,生产项目采购订单,物料类采购,59202001,厦门美赫电仔有限公司,计意强,葛霞,2026-06-12 15:55:18,2026-06-13 09:37:20,0000044454,725-000114,贴片陶瓷电容,20000.00,13.00,0,2026-07-10,0000044149,0000044136,CGSQ-260528-000015,0.00,0.00,0.00,正常,正常
0000044442,01-HDKJ-CGDD-260611-015312,2026-06-11,新疆友农科技集团,生产项目采购订单,物料类采购,51301006,佳威科技（海安）有线公司,王涛磊,朱英,2026-06-11 13:57:09,2026-06-11 18:25:42,0000044444,165-001794,YN580_离心喷头电调上盖,300.00,13.00,0,2026-07-09,0000044276,0000044273,CGSQ-260601-000007,300.00,0.00,300.00,已关闭,正常
0000044442,01-HDKJ-CGDD-260611-015312,2026-06-11,新疆友农科技集团,生产项目采购订单,物料类采购,51301006,佳威科技（海安）有线公司,王涛磊,朱英,2026-06-11 13:57:09,2026-06-11 18:25:42,0000044443,165-001370,YN540S_离心喷头电调下盖,330.00,13.00,0,2026-07-06,0000044277,0000044273,CGSQ-260601-000007,330.00,0.00,330.00,已关闭,正常
0000044440,01-HDKJ-CGDD-260611-015309,2026-06-11,新疆友农科技集团,生产项目采购订单,物料类采购,2507-75503-0211,深圳市威尔达甸子有限公司,计意强,葛霞,2026-06-11 13:56:13,2026-06-11 16:02:20,0000044441,725-000392,贯通型滤波器,2000.00,13.00,0,2026-07-10,0000044425,0000044414,CGSQ-260610-000014,0.00,0.00,0.00,正常,正常
0000044438,01-HDKJ-CGDD-260611-015308,2026-06-11,新疆友农科技集团,生产项目采购订单,物料类采购,02104096,上亥辽旦电子有限公司,计意强,缪财艳,2026-06-11 13:56:09,2026-06-13 09:33:47,0000044439,733-000121,贴片共模电感,2000.00,13.00,0,2026-07-10,0000044424,0000044414,CGSQ-260610-000014,2000.00,0.00,2000.00,已关闭,正常
0000044436,01-HDKJ-CGDD-260611-015307,2026-06-11,新疆友农科技集团,生产项目采购订单,物料类采购,75502049,深圳市阳和通甸子有限公司,计意强,缪财艳,2026-06-11 13:56:07,2026-06-13 09:33:58,0000044437,733-000169,贴片磁珠,3000.00,13.00,0,2026-07-10,0000044423,0000044414,CGSQ-260610-000014,0.00,0.00,0.00,正常,正常
0000044434,01-HDKJ-CGDD-260611-015306,2026-06-11,新疆友农科技集团,生产项目采购订单,物料类采购,02502001,南京商络电子股份有限工司,计意强,缪财艳,2026-06-11 13:56:05,2026-06-13 09:33:35,0000044435,358-000136,N沟道MOS管,27000.00,13.00,0,2026-07-10,0000044422,0000044414,CGSQ-260610-000014,0.00,0.00,0.00,正常,正常
0000044432,01-HDKJ-CGDD-260611-015305,2026-06-11,新疆友农科技集团,生产项目采购订单,物料类采购,73901002,湖南佳迪科甸子有限公司,计意强,缪财艳,2026-06-11 13:56:02,2026-06-13 09:33:43,0000044433,358-000077,MOSFET,3000.00,13.00,0,2026-07-10,0000044421,0000044414,CGSQ-260610-000014,3000.00,0.00,3000.00,已关闭,正常
0000044429,01-HDKJ-CGDD-260611-015304,2026-06-11,新疆友农科技集团,生产项目采购订单,物料类采购,59202002,俅门信和达电子有限公司,计意强,葛霞,2026-06-11 13:56:00,2026-06-11 15:33:51,0000044430,725-000104,贴片陶瓷电容,20000.00,13.00,0,2026-07-10,0000044420,0000044414,CGSQ-260610-000014,0.00,0.00,0.00,正常,正常
0000044429,01-HDKJ-CGDD-260611-015304,2026-06-11,新疆友农科技集团,生产项目采购订单,物料类采购,59202002,俅门信和达电子有限公司,计意强,葛霞,2026-06-11 13:56:00,2026-06-11 15:33:51,0000044431,539-000005,贴片电阻,10000.00,13.00,0,2026-07-10,0000044419,0000044414,CGSQ-260610-000014,0.00,0.00,0.00,正常,正常
0000044427,01-HDKJ-CGDD-260611-015302,2026-06-11,新疆友农科技集团,生产项目采购订单,物料类采购,75504068,深圳乩浩达多层线路板有限公司,计意强,葛霞,2026-06-11 13:55:55,2026-06-11 16:02:14,0000044428,321-000395,UA400_P5_PCB,2000.00,13.00,0,2026-07-10,0000044415,0000044414,CGSQ-260610-000014,2000.00,0.00,2000.00,已关闭,正常
0000044412,02-KSHA-CGDD-260610-015280,2026-06-10,苏州友安电子科技有限公司,生产项目采购订单,物料类采购,75501076,深珍正腾视讯科技有限公司,计意强,骆富英,2026-06-10 17:44:38,2026-06-10 21:34:36,0000044413,838-000296,摄像头,500.00,13.00,0,2026-06-25,0000044400,0000044401,CGSQ-260609-000007,500.00,0.00,500.00,已关闭,正常
0000044411,01-HDKJ-CGDD-260610-015276,2026-06-10,新疆友农科技集团,生产项目采购订单,物料类采购,57403031,苏州禾佳顺电子科技有限公司,王涛磊,朱英,2026-06-10 16:40:44,2026-06-10 20:31:25,0000044410,165-002049,YN580下雾化盘螺丝挡片,280.00,13.00,0,2026-06-22,0000044282,0000044273,CGSQ-260601-000007,280.00,0.00,280.00,已关闭,正常
0000044408,01-HDKJ-CGDD-260610-015274,2026-06-10,新疆友农科技集团,生产项目采购订单,物料类采购,01004007,支付宝(中国)网络技术有限公司,计意强,骆富英,2026-06-10 14:35:27,2026-06-10 15:09:07,0000044406,165-002156,YN580离心喷头宝塔接头密封圈,50.00,0.00,0,2026-06-26,0000044397,0000044395,CGSQ-260609-000003,50.00,0.00,50.00,已关闭,正常
0000044408,01-HDKJ-CGDD-260610-015274,2026-06-10,新疆友农科技集团,生产项目采购订单,物料类采购,01004007,支付宝(中国)网络技术有限公司,计意强,骆富英,2026-06-10 14:35:27,2026-06-10 15:09:07,0000044409,165-001493,YN540S离心喷头电调上下盖密封圈,350.00,0.00,0,2026-06-18,0000044278,0000044273,CGSQ-260601-000007,350.00,0.00,350.00,已关闭,正常
0000044408,01-HDKJ-CGDD-260610-015274,2026-06-10,新疆友农科技集团,生产项目采购订单,物料类采购,01004007,支付宝(中国)网络技术有限公司,计意强,骆富英,2026-06-10 14:35:27,2026-06-10 15:09:07,0000044407,165-002156,YN580离心喷头宝塔接头密封圈,300.00,0.00,0,2026-06-18,0000044281,0000044273,CGSQ-260601-000007,300.00,0.00,300.00,已关闭,正常
0000044404,01-HDKJ-CGDD-260610-015271,2026-06-10,新疆友农科技集团,产品委外采购订单,产品委外采购,2508-51201-0277,苏洲德华电子有限公司,苗晓强,杨强云,2026-06-10 10:21:41,2026-06-10 10:34:41,0000044405,588-000562,YN300E_801_U113_P3_S04_PCBA（906AMBD单北斗）,61.00,13.00,0,2026-06-10,0000044402,0000044403,WWGD-20260610-000608,0.00,0.00,0.00,正常,正常
0000044398,02-KSHA-CGDD-260609-015246,2026-06-09,苏州友安电子科技有限公司,生产项目采购订单,物料类采购,76904022,东莞市贻兴包装制苹有限公司,计意强,骆富英,2026-06-09 14:07:05,2026-06-09 18:10:05,0000044399,812-000095,3M胶贴,3000.00,13.00,0,2026-06-30,0000044385,0000044386,CGSQ-260608-000005,0.00,0.00,0.00,正常,正常
0000044392,02-KSHA-CGDD-260609-015232,2026-06-09,苏州友安电子科技有限公司,产品委外采购订单,产品委外采购,51204045,超城紧伱系统（苏州）有限公司,计意强,骆富英,2026-06-09 09:09:46,2026-06-09 10:50:54,0000044391,795-001256,TB系列螺丝包配件-洋马（加长),398.00,13.00,0,2026-06-09,0000044375,0000044376,WWGD-20260605-000606,398.00,0.00,398.00,已关闭,正常
0000044389,01-HDKJ-CGDD-260608-015228,2026-06-08,新疆友农科技集团,生产项目采购订单,物料类采购,5740314,余姚市舜通电磁阀有限工司,昝敏,蒋鹏,2026-06-08 13:53:34,2026-06-08 14:05:36,0000044390,549-001016,YN580离心喷头电磁阀,345.00,13.00,0,2026-07-06,0000044299,0000044273,CGSQ-260601-000007,345.00,0.00,345.00,已关闭,正常
0000044379,01-HDKJ-CGDD-260605-015215,2026-06-05,新疆友农科技集团,生产项目采购订单,物料类采购,73901002,湖南佳迪科甸子有限公司,计意强,缪财艳,2026-06-05 17:56:41,2026-06-08 10:41:27,0000044380,358-000111,NPN三极管,3000.00,13.00,0,2026-06-12,0000044325,0000044324,CGSQ-260603-000006,3000.00,0.00,3000.00,已关闭,正常
0000044372,02-KSHA-CGDD-260605-015207,2026-06-05,苏州友安电子科技有限公司,生产项目采购订单,物料类采购,02100140,昆山诚意智能科技有限工司,昝敏,沈娟,2026-06-05 10:24:06,2026-06-05 13:13:30,0000044373,606-000218,UA500夹档,135.00,13.00,0,2026-06-18,0000044359,0000044361,CGSQ-260604-000011,0.00,0.00,0.00,正常,正常
0000044372,02-KSHA-CGDD-260605-015207,2026-06-05,苏州友安电子科技有限公司,生产项目采购订单,物料类采购,02100140,昆山诚意智能科技有限工司,昝敏,沈娟,2026-06-05 10:24:06,2026-06-05 13:13:30,0000044374,606-000217,UA500衬板,55.00,13.00,0,2026-06-18,0000044360,0000044361,CGSQ-260604-000011,0.00,0.00,0.00,正常,正常
0000044370,01-HDKJ-CGDD-260605-015206,2026-06-05,新疆友农科技集团,生产项目采购订单,物料类采购,75501068,仗兴科技（深圳）有限公司,昝敏,沈娟,2026-06-05 10:23:35,2026-06-05 13:13:28,0000044371,795-000637,YN540S_离心喷头_散热硅胶垫3,350.00,13.00,0,2026-06-15,0000044289,0000044273,CGSQ-260601-000007,350.00,0.00,350.00,已关闭,正常
0000044368,01-HDKJ-CGDD-260605-015205,2026-06-05,新疆友农科技集团,生产项目采购订单,物料类采购,75504026,深珍市拓航创新科技有限公司,昝敏,朱英,2026-06-05 10:07:25,2026-06-05 13:22:56,0000044369,549-000320,YN540S_离心喷头电机,154.00,13.00,0,2026-07-13,0000044283,0000044273,CGSQ-260601-000007,154.00,0.00,154.00,已关闭,正常
0000044368,01-HDKJ-CGDD-260605-015205,2026-06-05,新疆友农科技集团,生产项目采购订单,物料类采购,75504026,深珍市拓航创新科技有限公司,昝敏,朱英,2026-06-05 10:07:25,2026-06-05 13:22:56,0000044887,549-000320,YN540S_离心喷头电机,186.00,13.00,0,2026-07-20,0,0,,0.00,0.00,0.00,正常,正常
0000044362,01-HDKJ-CGDD-260604-015195,2026-06-04,新疆友农科技集团,生产项目采购订单,物料类采购,2509-51202-0313,苏州市巨新科电仔有限公司,计意强,葛霞,2026-06-04 18:04:04,2026-06-05 20:27:30,0000044363,725-000380,纽扣式超级电容,130.00,13.00,0,2026-07-29,0000044344,0000044343,CGSQ-260603-000011,130.00,0.00,130.00,已关闭,正常
0000044358,02-KSHA-CGDD-260604-015190,2026-06-04,苏州友安电子科技有限公司,生产项目采购订单,物料类采购,51201030,昆山腾富电子友限公司,王涛磊,高军,2026-06-04 13:20:21,2026-06-04 17:57:44,0000044357,994-000328,UA500线束,2881.00,13.00,0,2026-07-19,0000044035,0000044040,CGSQ-260522-000021,0.00,0.00,0.00,正常,正常
0000044348,01-HDKJ-CGDD-260603-015175,2026-06-03,新疆友农科技集团,生产项目采购订单,物料类采购,5810109,嘉兴金峰精密模具友限公司,王涛磊,蒋鹏,2026-06-03 16:54:19,2026-06-04 10:09:03,0000044347,165-001790,YN580_离心喷头软连接件,1000.00,13.00,0,2026-07-06,0000044274,0000044273,CGSQ-260601-000007,0.00,0.00,0.00,正常,正常
0000044345,01-HDKJ-CGDD-260603-015174,2026-06-03,新疆友农科技集团,生产项目采购订单,物料类采购,51204043,凯乐伯精倕塑胶模具（苏州）有限公司,王涛磊,蒋鹏,2026-06-03 16:53:33,2026-06-03 16:59:45,0000044346,165-001792,YN580_离心喷头下盖,100.00,13.00,0,2026-06-25,0000044275,0000044273,CGSQ-260601-000007,100.00,0.00,100.00,已关闭,正常
0000044338,01-HDKJ-CGDD-260603-015162,2026-06-03,新疆友农科技集团,生产项目采购订单,物料类采购,51403024,苏州英姿精倕电子有限公司,计意强,骆富英,2026-06-03 16:04:09,2026-06-03 18:42:20,0000044339,849-000282,M3*8_不锈钢杯头内六角滚花机牙螺丝_整圈耐落,17000.00,13.00,0,2026-06-18,0000044301,0000044273,CGSQ-260601-000007,0.00,0.00,0.00,正常,正常
0000044338,01-HDKJ-CGDD-260603-015162,2026-06-03,新疆友农科技集团,生产项目采购订单,物料类采购,51403024,苏州英姿精倕电子有限公司,计意强,骆富英,2026-06-03 16:04:09,2026-06-03 18:42:20,0000044340,849-000496,M2.5*6_不锈钢十字盘头机牙螺丝_整圈耐落，带介,1400.00,13.00,0,2026-06-18,0000044298,0000044273,CGSQ-260601-000007,1400.00,0.00,1400.00,已关闭,正常
0000044338,01-HDKJ-CGDD-260603-015162,2026-06-03,新疆友农科技集团,生产项目采购订单,物料类采购,51403024,苏州英姿精倕电子有限公司,计意强,骆富英,2026-06-03 16:04:09,2026-06-03 18:42:20,0000044341,849-000622,M2*14+5_不锈钢六角柱,1100.00,13.00,0,2026-06-18,0000044297,0000044273,CGSQ-260601-000007,1100.00,0.00,1100.00,已关闭,正常
0000044338,01-HDKJ-CGDD-260603-015162,2026-06-03,新疆友农科技集团,生产项目采购订单,物料类采购,51403024,苏州英姿精倕电子有限公司,计意强,骆富英,2026-06-03 16:04:09,2026-06-03 18:42:20,0000044342,849-000491,M2*8_不锈钢杯头内六角滚花机牙螺丝_整圈耐落,1400.00,13.00,0,2026-06-18,0000044296,0000044273,CGSQ-260601-000007,1400.00,0.00,1400.00,已关闭,正常
0000044333,01-HDKJ-CGDD-260603-015161,2026-06-03,新疆友农科技集团,生产项目采购订单,物料类采购,51204045,超城紧伱系统（苏州）有限公司,计意强,骆富英,2026-06-03 16:04:05,2026-06-03 18:42:32,0000044334,849-000287,M4*20_不锈钢杯头内六角滚花机牙螺丝_整圈耐落,10000.00,13.00,0,2026-06-19,0000044300,0000044273,CGSQ-260601-000007,10000.00,0.00,10000.00,已关闭,正常
0000044333,01-HDKJ-CGDD-260603-015161,2026-06-03,新疆友农科技集团,生产项目采购订单,物料类采购,51204045,超城紧伱系统（苏州）有限公司,计意强,骆富英,2026-06-03 16:04:05,2026-06-03 18:42:32,0000044335,849-000419,M2*6_不锈钢杯头内六角滚花机牙螺丝_整圈耐落,1100.00,13.00,0,2026-06-14,0000044295,0000044273,CGSQ-260601-000007,1100.00,0.00,1100.00,已关闭,正常
0000044333,01-HDKJ-CGDD-260603-015161,2026-06-03,新疆友农科技集团,生产项目采购订单,物料类采购,51204045,超城紧伱系统（苏州）有限公司,计意强,骆富英,2026-06-03 16:04:05,2026-06-03 18:42:32,0000044336,849-000747,M2.6*8_不锈钢内六角平尾自攻螺丝,1000.00,13.00,0,2026-06-18,0000044294,0000044273,CGSQ-260601-000007,1000.00,0.00,1000.00,已关闭,正常
0000044333,01-HDKJ-CGDD-260603-015161,2026-06-03,新疆友农科技集团,生产项目采购订单,物料类采购,51204045,超城紧伱系统（苏州）有限公司,计意强,骆富英,2026-06-03 16:04:05,2026-06-03 18:42:32,0000044337,849-000620,M3*20_不锈钢内六角沉头机牙螺丝_整圈耐落,1500.00,13.00,0,2026-06-18,0000044293,0000044273,CGSQ-260601-000007,1500.00,0.00,1500.00,已关闭,正常
0000044322,01-HDKJ-CGDD-260603-015159,2026-06-03,新疆友农科技集团,生产项目采购订单,物料类采购,75502004,深圳市时讯俶通讯有限公司,计意强,杨强云,2026-06-03 13:06:56,2026-06-03 14:39:36,0000044323,972-000600,微处理器,1600.00,13.00,0,2026-06-25,0000044023,0000044007,CGSQ-260522-000019,1600.00,0.00,1600.00,已关闭,正常
0000044321,01-HDKJ-CGDD-260603-015157,2026-06-03,新疆友农科技集团,生产项目采购订单,物料类采购,51204037,无锡市宏鹏橡塑乕品有限公司,昝敏,蒋鹏,2026-06-03 10:38:03,2026-06-03 10:49:01,0000044320,165-001982,YN580电磁阀防护胶套,350.00,13.00,0,2026-06-22,0000044292,0000044273,CGSQ-260601-000007,350.00,0.00,350.00,已关闭,正常
0000044318,01-HDKJ-CGDD-260603-015156,2026-06-03,新疆友农科技集团,生产项目采购订单,物料类采购,01004007,支付宝(中国)网络技术有限公司,计意强,骆富英,2026-06-03 09:47:01,2026-06-03 10:03:10,0000044317,165-001376,YN540S_离心喷头喷碗密封氟胶圈,280.00,13.00,0,2026-06-18,0000044284,0000044273,CGSQ-260601-000007,280.00,0.00,280.00,已关闭,正常
0000044318,01-HDKJ-CGDD-260603-015156,2026-06-03,新疆友农科技集团,生产项目采购订单,物料类采购,01004007,支付宝(中国)网络技术有限公司,计意强,骆富英,2026-06-03 09:47:01,2026-06-03 10:03:10,0000044319,795-000663,YN540S_离心喷头防水堵头,350.00,13.00,0,2026-06-11,0000044290,0000044273,CGSQ-260601-000007,350.00,0.00,350.00,已关闭,正常
0000044315,02-KSHA-CGDD-260603-015155,2026-06-03,苏州友安电子科技有限公司,产品委外采购订单,产品委外采购,02104042,上海丰崇电子柯技有限公司,计意强,杨强云,2026-06-03 09:33:45,2026-06-03 14:35:21,0000044316,260-000064,YC400采集器（4路播种）_P3.0组装BOM,200.00,13.00,0,2026-06-03,0000044302,0000044303,WWGD-20260602-000604,168.00,0.00,168.00,正常,正常
0000044310,01-HDKJ-CGDD-260602-015147,2026-06-02,新疆友农科技集团,生产项目采购订单,物料类采购,51204043,凯乐伯精倕塑胶模具（苏州）有限公司,王涛磊,蒋鹏,2026-06-02 13:54:19,2026-06-02 14:32:06,0000044312,165-001951,YN580离心喷头喷碗内衬,320.00,13.00,0,2026-06-29,0000044279,0000044273,CGSQ-260601-000007,320.00,0.00,320.00,已关闭,正常
0000044310,01-HDKJ-CGDD-260602-015147,2026-06-02,新疆友农科技集团,生产项目采购订单,物料类采购,51204043,凯乐伯精倕塑胶模具（苏州）有限公司,王涛磊,蒋鹏,2026-06-02 13:54:19,2026-06-02 14:32:06,0000044311,165-001268,YN501防水硅胶圈2,390.00,13.00,0,2026-06-15,0000044191,0000044190,CGSQ-260528-000030,390.00,0.00,390.00,已关闭,正常
0000044308,01-HDKJ-CGDD-260602-015142,2026-06-02,新疆友农科技集团,生产项目采购订单,物料类采购,76904018,东莞市晶品电线科技有限公司,王涛磊,高军,2026-06-02 11:09:33,2026-06-03 10:37:56,0000044309,994-000350,2米弹簧手柄线束,2500.00,13.00,0,2026-05-30,0000043540,0000043543,CGSQ-260519-000016,2500.00,0.00,2500.00,已关闭,正常
0000044304,01-HDKJ-CGDD-260602-015131,2026-06-02,新疆友农科技集团,生产项目采购订单,物料类采购,75501068,仗兴科技（深圳）有限公司,昝敏,沈娟,2026-06-02 10:01:08,2026-06-02 11:15:10,0000044306,795-000635,YN540S_离心喷头_散热硅胶垫1,350.00,13.00,0,2026-06-15,0000044287,0000044273,CGSQ-260601-000007,350.00,0.00,350.00,已关闭,正常
0000044304,01-HDKJ-CGDD-260602-015131,2026-06-02,新疆友农科技集团,生产项目采购订单,物料类采购,75501068,仗兴科技（深圳）有限公司,昝敏,沈娟,2026-06-02 10:01:08,2026-06-02 11:15:10,0000044305,795-000636,YN540S_离心喷头_散热硅胶垫2,350.00,13.00,0,2026-06-15,0000044288,0000044273,CGSQ-260601-000007,350.00,0.00,350.00,已关闭,正常
0000044304,01-HDKJ-CGDD-260602-015131,2026-06-02,新疆友农科技集团,生产项目采购订单,物料类采购,75501068,仗兴科技（深圳）有限公司,昝敏,沈娟,2026-06-02 10:01:08,2026-06-02 11:15:10,0000044307,165-001680,YN540S离心喷头电机线束防磨胶带,350.00,13.00,0,2026-06-15,0000044291,0000044273,CGSQ-260601-000007,350.00,0.00,350.00,已关闭,正常
0000044268,01-HDKJ-CGDD-260601-015126,2026-06-01,新疆友农科技集团,生产项目采购订单,物料类采购,2604-75503-0613,深圳乩广佑达电子有限公司,计意强,葛霞,2026-06-01 13:37:30,2026-06-01 16:08:16,0000044269,725-000174,贴片陶瓷电容,6000.00,13.00,0,2026-07-10,0000044173,0000044136,CGSQ-260528-000015,0.00,0.00,0.00,正常,正常
0000044268,01-HDKJ-CGDD-260601-015126,2026-06-01,新疆友农科技集团,生产项目采购订单,物料类采购,2604-75503-0613,深圳乩广佑达电子有限公司,计意强,葛霞,2026-06-01 13:37:30,2026-06-01 16:08:16,0000044270,725-000019,贴片陶瓷电容,10000.00,13.00,0,2026-07-10,0000044155,0000044136,CGSQ-260528-000015,0.00,0.00,0.00,正常,正常
0000044267,01-HDKJ-CGDD-260601-015118,2026-06-01,新疆友农科技集团,生产项目采购订单,物料类采购,51403024,苏州英姿精倕电子有限公司,昝敏,沈娟,2026-06-01 11:11:10,2026-06-01 14:27:15,0000044266,849-001278,M2*6_内六角盘头螺栓,120.00,13.00,0,2026-06-02,0000044067,0000044066,CGSQ-260525-000006,120.00,0.00,120.00,已关闭,正常
0000044263,01-HDKJ-CGDD-260601-015117,2026-06-01,新疆友农科技集团,生产项目采购订单,物料类采购,75504071,深圳市永诚辉电子有线公司,昝敏,朱英,2026-06-01 11:08:41,2026-06-01 14:27:19,0000044260,165-001095,701小系统屏蔽罩A,9000.00,13.00,0,2026-07-10,0000044164,0000044136,CGSQ-260528-000015,9000.00,0.00,9000.00,已关闭,正常
0000044263,01-HDKJ-CGDD-260601-015117,2026-06-01,新疆友农科技集团,生产项目采购订单,物料类采购,75504071,深圳市永诚辉电子有线公司,昝敏,朱英,2026-06-01 11:08:41,2026-06-01 14:27:19,0000044264,165-001096,701小系统屏蔽罩B,9000.00,13.00,0,2026-07-10,0000044165,0000044136,CGSQ-260528-000015,9000.00,0.00,9000.00,已关闭,正常
0000044263,01-HDKJ-CGDD-260601-015117,2026-06-01,新疆友农科技集团,生产项目采购订单,物料类采购,75504071,深圳市永诚辉电子有线公司,昝敏,朱英,2026-06-01 11:08:41,2026-06-01 14:27:19,0000044261,165-001158,701显示屏面小系统屏蔽罩A,9000.00,13.00,0,2026-07-10,0000044166,0000044136,CGSQ-260528-000015,9000.00,0.00,9000.00,已关闭,正常
0000044263,01-HDKJ-CGDD-260601-015117,2026-06-01,新疆友农科技集团,生产项目采购订单,物料类采购,75504071,深圳市永诚辉电子有线公司,昝敏,朱英,2026-06-01 11:08:41,2026-06-01 14:27:19,0000044265,165-001094,801-4g模块电源屏蔽罩,7000.00,13.00,0,2026-07-10,0000044172,0000044136,CGSQ-260528-000015,7000.00,0.00,7000.00,已关闭,正常
0000044263,01-HDKJ-CGDD-260601-015117,2026-06-01,新疆友农科技集团,生产项目采购订单,物料类采购,75504071,深圳市永诚辉电子有线公司,昝敏,朱英,2026-06-01 11:08:41,2026-06-01 14:27:19,0000044262,165-001159,701显示屏面小系统屏蔽罩B,4000.00,13.00,0,2026-07-10,0000044178,0000044136,CGSQ-260528-000015,4000.00,0.00,4000.00,已关闭,正常
0000044254,02-KSHA-CGDD-260529-015111,2026-05-29,苏州友安电子科技有限公司,生产项目采购订单,物料类采购,0250092,苏州庆泽电子柯技有限公司,王涛磊,高军,2026-05-29 17:02:30,2026-06-09 10:44:17,0000044255,363-000510,TB系列视频线-洋马6118R-后视,20.00,13.00,0,2026-06-18,0000044252,0000044253,CGSQ-260529-000010,20.00,0.00,20.00,已关闭,正常
0000044248,01-HDKJ-CGDD-260529-015103,2026-05-29,新疆友农科技集团,生产项目采购订单,物料类采购,02102069,北天星国际贸易(上海)有限工司,计意强,杨强云,2026-05-29 14:22:47,2026-05-29 20:38:09,0000044249,972-000802,Cat.1模块,1250.00,13.00,0,2026-07-10,0000044181,0000044136,CGSQ-260528-000015,0.00,0.00,0.00,正常,正常
0000044246,01-HDKJ-CGDD-260529-015102,2026-05-29,新疆友农科技集团,生产项目采购订单,物料类采购,75501018,深圳市必威尔科计有限公司,计意强,葛霞,2026-05-29 14:22:44,2026-06-01 12:12:07,0000044247,725-000165,法拉电容,1800.00,13.00,0,2026-07-10,0000044180,0000044136,CGSQ-260528-000015,0.00,0.00,0.00,正常,正常
0000044244,01-HDKJ-CGDD-260529-015101,2026-05-29,新疆友农科技集团,生产项目采购订单,物料类采购,75502058,深圳乩亿伟达科技有限公司,计意强,杨强云,2026-05-29 14:22:41,2026-05-29 20:38:49,0000044245,972-000432,逻辑芯片,3000.00,13.00,0,2026-07-10,0000044179,0000044136,CGSQ-260528-000015,3000.00,0.00,3000.00,已关闭,正常
0000044242,01-HDKJ-CGDD-260529-015100,2026-05-29,新疆友农科技集团,生产项目采购订单,物料类采购,02700014,睿锶科技（武汉）有限公司,计意强,杨强云,2026-05-29 14:22:39,2026-05-30 16:29:57,0000044243,972-000674,单北斗高精度定位模块,4500.00,13.00,0,2026-07-10,0000044177,0000044136,CGSQ-260528-000015,0.00,0.00,0.00,正常,正常
0000044240,01-HDKJ-CGDD-260529-015099,2026-05-29,新疆友农科技集团,生产项目采购订单,物料类采购,75504065,曼特电子科技（深珍）有限公司,计意强,杨强云,2026-05-29 14:22:38,2026-05-30 16:30:01,0000044241,972-000535,CPU,5950.00,13.00,0,2026-07-10,0000044175,0000044136,CGSQ-260528-000015,0.00,0.00,0.00,正常,正常
0000044238,01-HDKJ-CGDD-260529-015098,2026-05-29,新疆友农科技集团,生产项目采购订单,物料类采购,02502001,南京商络电子股份有限工司,计意强,缪财艳,2026-05-29 14:22:36,2026-05-29 20:15:39,0000044239,454-000200,肖特基二极管,6000.00,13.00,0,2026-07-10,0000044174,0000044136,CGSQ-260528-000015,0.00,0.00,0.00,正常,正常
0000044234,01-HDKJ-CGDD-260529-015097,2026-05-29,新疆友农科技集团,生产项目采购订单,物料类采购,75504068,深圳乩浩达多层线路板有限公司,计意强,葛霞,2026-05-29 14:22:34,2026-06-01 12:14:11,0000044235,321-000234,801_7芯转接板_P3_PCB,9280.00,13.00,0,2026-07-01,0000044169,0000044136,CGSQ-260528-000015,9280.00,0.00,9280.00,已关闭,正常
0000044234,01-HDKJ-CGDD-260529-015097,2026-05-29,新疆友农科技集团,生产项目采购订单,物料类采购,75504068,深圳乩浩达多层线路板有限公司,计意强,葛霞,2026-05-29 14:22:34,2026-06-01 12:14:11,0000044236,321-000233,801_8芯转接板_P3_PCB,8810.00,13.00,0,2026-07-01,0000044168,0000044136,CGSQ-260528-000015,8810.00,0.00,8810.00,已关闭,正常
0000044234,01-HDKJ-CGDD-260529-015097,2026-05-29,新疆友农科技集团,生产项目采购订单,物料类采购,75504068,深圳乩浩达多层线路板有限公司,计意强,葛霞,2026-05-29 14:22:34,2026-06-01 12:14:11,0000044237,321-000324,YN300E_801_U113_P3_PCB,9000.00,13.00,0,2026-07-10,0000044167,0000044136,CGSQ-260528-000015,9000.00,0.00,9000.00,已关闭,正常
0000044232,01-HDKJ-CGDD-260529-015096,2026-05-29,新疆友农科技集团,生产项目采购订单,物料类采购,2508-02102-0243,尚海研尚电子科技有限公司,计意强,杨强云,2026-05-29 14:22:33,2026-05-29 20:37:42,0000044233,589-000020,DC-DC电源芯片,9000.00,13.00,0,2026-07-10,0000044163,0000044136,CGSQ-260528-000015,0.00,0.00,0.00,正常,正常
0000044230,01-HDKJ-CGDD-260529-015095,2026-05-29,新疆友农科技集团,生产项目采购订单,物料类采购,2506-75502-0178,深圳品为兴科技有限公司,计意强,杨强云,2026-05-29 14:22:31,2026-05-29 20:37:40,0000044231,972-000534,移位寄存器,10000.00,13.00,0,2026-07-10,0000044160,0000044136,CGSQ-260528-000015,0.00,0.00,0.00,正常,正常
0000044228,01-HDKJ-CGDD-260529-015094,2026-05-29,新疆友农科技集团,生产项目采购订单,物料类采购,75502049,深圳市阳和通甸子有限公司,计意强,葛霞,2026-05-29 14:22:28,2026-06-01 12:20:10,0000044229,725-000342,法拉电容,13800.00,13.00,0,2026-07-10,0000044152,0000044136,CGSQ-260528-000015,0.00,0.00,0.00,正常,正常
0000044226,01-HDKJ-CGDD-260529-015093,2026-05-29,新疆友农科技集团,生产项目采购订单,物料类采购,2507-75502-0226,深圳市子锦年科技友限公司,计意强,葛霞,2026-05-29 14:22:26,2026-06-01 12:13:06,0000044227,725-000114,贴片陶瓷电容,20000.00,13.00,0,2026-07-10,0000044149,0000044136,CGSQ-260528-000015,0.00,0.00,0.00,已关闭,正常
0000044224,01-HDKJ-CGDD-260529-015092,2026-05-29,新疆友农科技集团,生产项目采购订单,物料类采购,5120228,昆山晨琪安电子有限公司,计意强,骆富英,2026-05-29 14:22:23,2026-05-29 21:07:49,0000044225,364-000050,贴片可恢复保险丝,24000.00,13.00,0,2026-07-10,0000044148,0000044136,CGSQ-260528-000015,0.00,0.00,0.00,正常,正常
0000044218,01-HDKJ-CGDD-260529-015091,2026-05-29,新疆友农科技集团,生产项目采购订单,物料类采购,02104096,上亥辽旦电子有限公司,计意强,缪财艳,2026-05-29 14:22:21,2026-05-29 20:15:37,0000044219,733-000153,贴片共模电感,4500.00,13.00,0,2026-07-10,0000044176,0000044136,CGSQ-260528-000015,4500.00,0.00,4500.00,已关闭,正常
0000044218,01-HDKJ-CGDD-260529-015091,2026-05-29,新疆友农科技集团,生产项目采购订单,物料类采购,02104096,上亥辽旦电子有限公司,计意强,缪财艳,2026-05-29 14:22:21,2026-05-29 20:15:37,0000044220,733-000152,贴片绕线电感,8000.00,13.00,0,2026-07-10,0000044171,0000044136,CGSQ-260528-000015,8000.00,0.00,8000.00,已关闭,正常
0000044218,01-HDKJ-CGDD-260529-015091,2026-05-29,新疆友农科技集团,生产项目采购订单,物料类采购,02104096,上亥辽旦电子有限公司,计意强,缪财艳,2026-05-29 14:22:21,2026-05-29 20:15:37,0000044221,733-000151,贴片功率电感,9000.00,13.00,0,2026-07-10,0000044162,0000044136,CGSQ-260528-000015,9000.00,0.00,9000.00,已关闭,正常
0000044218,01-HDKJ-CGDD-260529-015091,2026-05-29,新疆友农科技集团,生产项目采购订单,物料类采购,02104096,上亥辽旦电子有限公司,计意强,缪财艳,2026-05-29 14:22:21,2026-05-29 20:15:37,0000044222,733-000129,绕线贴片功率电感,15000.00,13.00,0,2026-07-10,0000044151,0000044136,CGSQ-260528-000015,15000.00,0.00,15000.00,已关闭,正常
0000044218,01-HDKJ-CGDD-260529-015091,2026-05-29,新疆友农科技集团,生产项目采购订单,物料类采购,02104096,上亥辽旦电子有限公司,计意强,缪财艳,2026-05-29 14:22:21,2026-05-29 20:15:37,0000044223,733-000117,绕线贴片功率电感,30000.00,13.00,0,2026-07-10,0000044146,0000044136,CGSQ-260528-000015,30000.00,0.00,30000.00,已关闭,正常
0000044216,01-HDKJ-CGDD-260529-015090,2026-05-29,新疆友农科技集团,生产项目采购订单,物料类采购,76901010,冬莞市韩荣电子科技有限公司,计意强,骆富英,2026-05-29 14:22:19,2026-05-29 20:16:51,0000044217,895-000012,701轻触开关,37100.00,13.00,0,2026-07-10,0000044145,0000044136,CGSQ-260528-000015,0.00,0.00,0.00,正常,正常
0000044208,01-HDKJ-CGDD-260529-015089,2026-05-29,新疆友农科技集团,生产项目采购订单,物料类采购,75501084,深圳市扬展康电仔有限公司,计意强,葛霞,2026-05-29 14:22:17,2026-06-01 12:12:08,0000044209,356-000276,1.5单排卧式贴片连接器,9000.00,13.00,0,2026-07-10,0000044161,0000044136,CGSQ-260528-000015,0.00,0.00,0.00,正常,正常
0000044208,01-HDKJ-CGDD-260529-015089,2026-05-29,新疆友农科技集团,生产项目采购订单,物料类采购,75501084,深圳市扬展康电仔有限公司,计意强,葛霞,2026-05-29 14:22:17,2026-06-01 12:12:08,0000044210,356-000278,4pin电源连接器,10000.00,13.00,0,2026-07-10,0000044158,0000044136,CGSQ-260528-000015,0.00,0.00,0.00,正常,正常
0000044208,01-HDKJ-CGDD-260529-015089,2026-05-29,新疆友农科技集团,生产项目采购订单,物料类采购,75501084,深圳市扬展康电仔有限公司,计意强,葛霞,2026-05-29 14:22:17,2026-06-01 12:12:08,0000044211,356-000275,2.0卧式插件连接器,10000.00,13.00,0,2026-07-10,0000044157,0000044136,CGSQ-260528-000015,0.00,0.00,0.00,正常,正常
0000044208,01-HDKJ-CGDD-260529-015089,2026-05-29,新疆友农科技集团,生产项目采购订单,物料类采购,75501084,深圳市扬展康电仔有限公司,计意强,葛霞,2026-05-29 14:22:17,2026-06-01 12:12:08,0000044212,770-000146,micro 2.0连接器,10000.00,13.00,0,2026-07-10,0000044154,0000044136,CGSQ-260528-000015,0.00,0.00,0.00,正常,正常
0000044208,01-HDKJ-CGDD-260529-015089,2026-05-29,新疆友农科技集团,生产项目采购订单,物料类采购,75501084,深圳市扬展康电仔有限公司,计意强,葛霞,2026-05-29 14:22:17,2026-06-01 12:12:08,0000044213,356-000341,RF射频同轴连接器,10000.00,13.00,0,2026-07-10,0000044153,0000044136,CGSQ-260528-000015,0.00,0.00,0.00,正常,正常
0000044208,01-HDKJ-CGDD-260529-015089,2026-05-29,新疆友农科技集团,生产项目采购订单,物料类采购,75501084,深圳市扬展康电仔有限公司,计意强,葛霞,2026-05-29 14:22:17,2026-06-01 12:12:08,0000044214,356-000274,2.54mm间距双排排母,19000.00,13.00,0,2026-07-10,0000044150,0000044136,CGSQ-260528-000015,0.00,0.00,0.00,正常,正常
0000044208,01-HDKJ-CGDD-260529-015089,2026-05-29,新疆友农科技集团,生产项目采购订单,物料类采购,75501084,深圳市扬展康电仔有限公司,计意强,葛霞,2026-05-29 14:22:17,2026-06-01 12:12:08,0000044215,849-000037,贴片螺母,53000.00,13.00,0,2026-07-10,0000044142,0000044136,CGSQ-260528-000015,0.00,0.00,0.00,正常,正常
0000044199,01-HDKJ-CGDD-260529-015088,2026-05-29,新疆友农科技集团,生产项目采购订单,物料类采购,59202002,俅门信和达电子有限公司,计意强,葛霞,2026-05-29 14:22:15,2026-06-01 12:13:10,0000044200,539-000040,贴片电阻,10000.00,13.00,0,2026-07-10,0000044159,0000044136,CGSQ-260528-000015,0.00,0.00,0.00,正常,正常
0000044199,01-HDKJ-CGDD-260529-015088,2026-05-29,新疆友农科技集团,生产项目采购订单,物料类采购,59202002,俅门信和达电子有限公司,计意强,葛霞,2026-05-29 14:22:15,2026-06-01 12:13:10,0000044201,725-000104,贴片陶瓷电容,10000.00,13.00,0,2026-07-10,0000044156,0000044136,CGSQ-260528-000015,0.00,0.00,0.00,正常,正常
0000044199,01-HDKJ-CGDD-260529-015088,2026-05-29,新疆友农科技集团,生产项目采购订单,物料类采购,59202002,俅门信和达电子有限公司,计意强,葛霞,2026-05-29 14:22:15,2026-06-01 12:13:10,0000044202,539-000006,贴片电阻,30000.00,13.00,0,2026-07-10,0000044147,0000044136,CGSQ-260528-000015,30000.00,0.00,30000.00,已关闭,正常
0000044199,01-HDKJ-CGDD-260529-015088,2026-05-29,新疆友农科技集团,生产项目采购订单,物料类采购,59202002,俅门信和达电子有限公司,计意强,葛霞,2026-05-29 14:22:15,2026-06-01 12:13:10,0000044203,725-000170,贴片陶瓷电容,44000.00,13.00,0,2026-07-10,0000044144,0000044136,CGSQ-260528-000015,0.00,0.00,0.00,正常,正常
0000044199,01-HDKJ-CGDD-260529-015088,2026-05-29,新疆友农科技集团,生产项目采购订单,物料类采购,59202002,俅门信和达电子有限公司,计意强,葛霞,2026-05-29 14:22:15,2026-06-01 12:13:10,0000044204,539-000005,贴片电阻,50000.00,13.00,0,2026-07-10,0000044143,0000044136,CGSQ-260528-000015,0.00,0.00,0.00,正常,正常
0000044199,01-HDKJ-CGDD-260529-015088,2026-05-29,新疆友农科技集团,生产项目采购订单,物料类采购,59202002,俅门信和达电子有限公司,计意强,葛霞,2026-05-29 14:22:15,2026-06-01 12:13:10,0000044205,539-000002,贴片电阻,100000.00,13.00,0,2026-07-10,0000044141,0000044136,CGSQ-260528-000015,0.00,0.00,0.00,正常,正常
0000044199,01-HDKJ-CGDD-260529-015088,2026-05-29,新疆友农科技集团,生产项目采购订单,物料类采购,59202002,俅门信和达电子有限公司,计意强,葛霞,2026-05-29 14:22:15,2026-06-01 12:13:10,0000044206,539-000003,贴片电阻,110000.00,13.00,0,2026-07-10,0000044140,0000044136,CGSQ-260528-000015,0.00,0.00,0.00,正常,正常
0000044199,01-HDKJ-CGDD-260529-015088,2026-05-29,新疆友农科技集团,生产项目采购订单,物料类采购,59202002,俅门信和达电子有限公司,计意强,葛霞,2026-05-29 14:22:15,2026-06-01 12:13:10,0000044207,539-000008,贴片电阻,970000.00,13.00,0,2026-07-10,0000044138,0000044136,CGSQ-260528-000015,0.00,0.00,0.00,正常,正常
0000044196,01-HDKJ-CGDD-260529-015087,2026-05-29,新疆友农科技集团,生产项目采购订单,物料类采购,2604-75503-0613,深圳乩广佑达电子有限公司,计意强,葛霞,2026-05-29 14:22:13,2026-06-01 11:20:53,0000044197,539-000022,贴片电阻,175000.00,13.00,0,2026-07-10,0000044139,0000044136,CGSQ-260528-000015,0.00,0.00,0.00,正常,正常
0000044196,01-HDKJ-CGDD-260529-015087,2026-05-29,新疆友农科技集团,生产项目采购订单,物料类采购,2604-75503-0613,深圳乩广佑达电子有限公司,计意强,葛霞,2026-05-29 14:22:13,2026-06-01 11:20:53,0000044198,539-000001,贴片电阻,1140000.00,13.00,0,2026-07-10,0000044137,0000044136,CGSQ-260528-000015,0.00,0.00,0.00,正常,正常
0000044194,01-HDKJ-CGDD-260529-015086,2026-05-29,新疆友农科技集团,生产项目采购订单,物料类采购,02002016,广东翼侀车联网服务有限公司,计意强,杨强云,2026-05-29 14:22:10,2026-05-29 20:16:29,0000044195,182-000025,前装上柴机载客供卡,2600.00,13.00,0,2026-06-25,0000044024,0000044007,CGSQ-260522-000019,2600.00,0.00,2600.00,已关闭,正常
0000044192,01-HDKJ-CGDD-260529-015081,2026-05-29,新疆友农科技集团,研发物料采购订单,物料类采购,76901001,东宛市旺洋五金电子科技有限公司,王涛磊,朱英,2026-05-29 10:45:09,2026-05-29 11:48:02,0000044193,165-003204,580V3圆柱分电铜板左右,20.00,13.00,0,2026-05-16,0000043197,0000043192,CGSQ-260516-000005,0.00,0.00,0.00,正常,正常
0000044188,01-HDKJ-CGDD-260528-015074,2026-05-28,新疆友农科技集团,生产项目采购订单,物料类采购,51204043,凯乐伯精倕塑胶模具（苏州）有限公司,王涛磊,蒋鹏,2026-05-28 17:49:23,2026-05-28 19:30:06,0000044186,165-001161,YN501_散热支架,1385.00,13.00,0,2026-06-15,0000044182,0000044185,CGSQ-260528-000019,0.00,0.00,0.00,正常,正常
0000044188,01-HDKJ-CGDD-260528-015074,2026-05-28,新疆友农科技集团,生产项目采购订单,物料类采购,51204043,凯乐伯精倕塑胶模具（苏州）有限公司,王涛磊,蒋鹏,2026-05-28 17:49:23,2026-05-28 19:30:06,0000044189,165-001267,YN501防水硅胶圈1,390.00,13.00,0,2026-06-15,0000044183,0000044185,CGSQ-260528-000019,390.00,0.00,390.00,已关闭,正常
0000044188,01-HDKJ-CGDD-260528-015074,2026-05-28,新疆友农科技集团,生产项目采购订单,物料类采购,51204043,凯乐伯精倕塑胶模具（苏州）有限公司,王涛磊,蒋鹏,2026-05-28 17:49:23,2026-05-28 19:30:06,0000044187,165-001269,YN501防水硅胶圈3,390.00,13.00,0,2026-06-15,0000044184,0000044185,CGSQ-260528-000019,390.00,0.00,390.00,已关闭,正常
0000044134,01-HDKJ-CGDD-260528-015070,2026-05-28,新疆友农科技集团,生产项目采购订单,物料类采购,75504068,深圳乩浩达多层线路板有限公司,计意强,葛霞,2026-05-28 15:20:48,2026-05-29 08:14:16,0000044135,321-000431,YS403_X3M主板_P2_PCB,660.00,13.00,0,2026-06-26,0000044132,0000044131,CGSQ-260527-000005,660.00,0.00,660.00,已关闭,正常
0000044130,01-HDKJ-CGDD-260527-015059,2026-05-27,新疆友农科技集团,生产项目采购订单,物料类采购,2604-75503-0613,深圳乩广佑达电子有限公司,苗晓强,葛霞,2026-05-27 14:20:53,2026-05-27 15:34:37,0000044129,725-000012,贴片陶瓷电容,480000.00,13.00,0,2026-06-12,0000044128,0000044127,CGSQ-260527-000003,363239.50,116170.00,247069.50,正常,正常
0000044125,01-HDKJ-CGDD-260527-015053,2026-05-27,新疆友农科技集团,生产项目采购订单,物料类采购,2604-75503-0613,深圳乩广佑达电子有限公司,计意强,葛霞,2026-05-27 13:38:19,2026-05-27 15:53:04,0000044126,725-000222,贴片陶瓷电容,850.00,13.00,0,2026-09-01,0000044120,0000044119,CGSQ-260526-000007,0.00,0.00,0.00,正常,正常
0000044121,01-HDKJ-CGDD-260527-015050,2026-05-27,新疆友农科技集团,特种物资采购,物料类采购,02104101,上海量讯物联计术有限公司,索述英,索述英,2026-05-27 09:31:38,2026-05-28 09:44:49,0000044122,182-000029,量讯物联移动单卡100M月套餐流量卡（组流量池-后装-贴片卡）,2700.00,13.00,0,2026-05-27,0,0,,2700.00,0.00,2700.00,已关闭,正常
0000044116,01-HDKJ-CGDD-260526-015043,2026-05-26,新疆友农科技集团,生产项目采购订单,物料类采购,59202002,俅门信和达电子有限公司,计意强,葛霞,2026-05-26 13:06:58,2026-05-26 17:17:32,0000044117,539-000018,贴片电阻,50000.00,13.00,0,2026-06-25,0000044022,0000044007,CGSQ-260522-000019,0.00,0.00,0.00,正常,正常
0000044116,01-HDKJ-CGDD-260526-015043,2026-05-26,新疆友农科技集团,生产项目采购订单,物料类采购,59202002,俅门信和达电子有限公司,计意强,葛霞,2026-05-26 13:06:58,2026-05-26 17:17:32,0000044118,539-000008,贴片电阻,50000.00,13.00,0,2026-06-25,0000044021,0000044007,CGSQ-260522-000019,0.00,0.00,0.00,正常,正常
0000044113,01-HDKJ-CGDD-260526-015042,2026-05-26,新疆友农科技集团,生产项目采购订单,物料类采购,2507-75503-0211,深圳市威尔达甸子有限公司,计意强,葛霞,2026-05-26 13:06:55,2026-05-26 16:54:00,0000044114,725-000392,贯通型滤波器,2000.00,13.00,0,2026-06-25,0000044014,0000044007,CGSQ-260522-000019,0.00,0.00,0.00,正常,正常
0000044113,01-HDKJ-CGDD-260526-015042,2026-05-26,新疆友农科技集团,生产项目采购订单,物料类采购,2507-75503-0211,深圳市威尔达甸子有限公司,计意强,葛霞,2026-05-26 13:06:55,2026-05-26 16:54:00,0000044115,725-000388,贯通型滤波器,8000.00,13.00,0,2026-06-25,0000044012,0000044007,CGSQ-260522-000019,0.00,0.00,0.00,正常,正常
0000044110,01-HDKJ-CGDD-260526-015041,2026-05-26,新疆友农科技集团,生产项目采购订单,物料类采购,2604-75503-0613,深圳乩广佑达电子有限公司,计意强,葛霞,2026-05-26 13:06:52,2026-05-26 16:53:55,0000044111,539-000001,贴片电阻,10000.00,13.00,0,2026-06-25,0000044020,0000044007,CGSQ-260522-000019,0.00,0.00,0.00,正常,正常
0000044110,01-HDKJ-CGDD-260526-015041,2026-05-26,新疆友农科技集团,生产项目采购订单,物料类采购,2604-75503-0613,深圳乩广佑达电子有限公司,计意强,葛霞,2026-05-26 13:06:52,2026-05-26 16:53:55,0000044112,725-000012,贴片陶瓷电容,50000.00,13.00,0,2026-06-25,0000044009,0000044007,CGSQ-260522-000019,0.00,0.00,0.00,正常,正常
0000044108,01-HDKJ-CGDD-260526-015040,2026-05-26,新疆友农科技集团,生产项目采购订单,物料类采购,02103023,云汉芯城（上海）电子科技有限公司,计意强,葛霞,2026-05-26 13:06:48,2026-05-26 17:17:33,0000044109,725-000390,贯通型滤波器,20000.00,13.00,0,2026-06-25,0000044008,0000044007,CGSQ-260522-000019,0.00,0.00,0.00,正常,正常
0000044106,01-HDKJ-CGDD-260526-015039,2026-05-26,新疆友农科技集团,生产项目采购订单,物料类采购,2602-51202-0552,苏州乩芃晟电子科技有限公司,计意强,葛霞,2026-05-26 13:06:45,2026-05-26 17:17:36,0000044107,725-000014,贴片陶瓷电容,40000.00,13.00,0,2026-05-29,0000044068,0000044069,CGSQ-260525-000012,40000.00,0.00,40000.00,已关闭,正常
0000044104,01-HDKJ-CGDD-260526-015037,2026-05-26,新疆友农科技集团,生产项目采购订单,物料类采购,59202002,俅门信和达电子有限公司,计意强,葛霞,2026-05-26 11:21:49,2026-05-26 16:48:25,0000044105,725-000010,贴片陶瓷电容,1000000.00,13.00,0,2026-05-28,0000044103,0000044102,CGSQ-260526-000006,1000000.00,0.00,1000000.00,已关闭,正常
0000044100,01-HDKJ-CGDD-260525-015029,2026-05-25,新疆友农科技集团,生产项目采购订单,物料类采购,51403024,苏州英姿精倕电子有限公司,计意强,骆富英,2026-05-25 19:36:44,2026-05-25 22:47:38,0000044101,849-000691,M3*L5自攻螺钉,5000.00,13.00,0,2026-05-30,0000043542,0000043543,CGSQ-260519-000016,5000.00,0.00,5000.00,已关闭,正常
0000044098,01-HDKJ-CGDD-260525-015028,2026-05-25,新疆友农科技集团,生产项目采购订单,物料类采购,01004060,北京宏思电子技术友限责任公司,计意强,杨强云,2026-05-25 19:36:41,2026-05-26 07:36:24,0000044099,972-000515,安全芯片,2700.00,13.00,0,2026-06-25,0000044025,0000044007,CGSQ-260522-000019,2700.00,0.00,2700.00,已关闭,正常
0000044096,01-HDKJ-CGDD-260525-015027,2026-05-25,新疆友农科技集团,生产项目采购订单,物料类采购,02502001,南京商络电子股份有限工司,计意强,缪财艳,2026-05-25 19:36:38,2026-05-26 07:36:08,0000044097,358-000136,N沟道MOS管,15000.00,13.00,0,2026-06-25,0000044019,0000044007,CGSQ-260522-000019,0.00,0.00,0.00,正常,正常
0000044094,01-HDKJ-CGDD-260525-015026,2026-05-25,新疆友农科技集团,生产项目采购订单,物料类采购,73901002,湖南佳迪科甸子有限公司,计意强,缪财艳,2026-05-25 19:36:36,2026-05-26 07:36:12,0000044095,358-000077,MOSFET,3000.00,13.00,0,2026-06-25,0000044018,0000044007,CGSQ-260522-000019,3000.00,0.00,3000.00,已关闭,正常
0000044092,01-HDKJ-CGDD-260525-015025,2026-05-25,新疆友农科技集团,生产项目采购订单,物料类采购,75502049,深圳市阳和通甸子有限公司,计意强,缪财艳,2026-05-25 19:36:33,2026-05-26 07:36:14,0000044093,733-000169,贴片磁珠,3000.00,13.00,0,2026-06-25,0000044017,0000044007,CGSQ-260522-000019,0.00,0.00,0.00,正常,正常
0000044090,01-HDKJ-CGDD-260525-015024,2026-05-25,新疆友农科技集团,生产项目采购订单,物料类采购,75501084,深圳市扬展康电仔有限公司,计意强,葛霞,2026-05-25 19:36:31,2026-05-26 10:58:07,0000044091,356-000379,1mm单排卧贴线对板连接器8P,3000.00,13.00,0,2026-06-25,0000044016,0000044007,CGSQ-260522-000019,3000.00,0.00,3000.00,已关闭,正常
0000044088,01-HDKJ-CGDD-260525-015023,2026-05-25,新疆友农科技集团,生产项目采购订单,物料类采购,75501075,深珍市鲁光电子科技有限公司,计意强,缪财艳,2026-05-25 19:36:28,2026-05-26 07:36:17,0000044089,454-000179,肖特基二极管,3000.00,13.00,0,2026-06-25,0000044015,0000044007,CGSQ-260522-000019,0.00,0.00,0.00,正常,正常
0000044086,01-HDKJ-CGDD-260525-015022,2026-05-25,新疆友农科技集团,生产项目采购订单,物料类采购,59202002,俅门信和达电子有限公司,计意强,葛霞,2026-05-25 19:36:25,2026-05-26 10:58:04,0000044087,725-000104,贴片陶瓷电容,30000.00,13.00,0,2026-06-25,0000044013,0000044007,CGSQ-260522-000019,0.00,0.00,0.00,正常,正常
0000044084,01-HDKJ-CGDD-260525-015021,2026-05-25,新疆友农科技集团,生产项目采购订单,物料类采购,75504068,深圳乩浩达多层线路板有限公司,计意强,葛霞,2026-05-25 19:36:23,2026-05-26 10:58:20,0000044085,321-000396,UA500_P4_PCB,3000.00,13.00,0,2026-06-25,0000044011,0000044007,CGSQ-260522-000019,3000.00,0.00,3000.00,已关闭,正常
0000044082,01-HDKJ-CGDD-260525-015020,2026-05-25,新疆友农科技集团,生产项目采购订单,物料类采购,75502004,深圳市时讯俶通讯有限公司,计意强,杨强云,2026-05-25 19:36:20,2026-05-26 06:58:31,0000044083,972-000584,4G数传模块,3000.00,13.00,0,2026-06-25,0000044010,0000044007,CGSQ-260522-000019,0.00,0.00,0.00,正常,正常
0000044080,02-KSHA-CGDD-260525-015016,2026-05-25,苏州友安电子科技有限公司,生产项目采购订单,物料类采购,51204045,超城紧伱系统（苏州）有限公司,计意强,骆富英,2026-05-25 19:36:08,2026-05-25 22:47:34,0000044081,849-000655,UA500安装螺丝包,3000.00,13.00,0,2026-07-19,0000044032,0000044028,CGSQ-260522-000020,2200.00,0.00,2200.00,正常,正常
0000044078,01-HDKJ-CGDD-260525-015013,2026-05-25,新疆友农科技集团,生产项目采购订单,物料类采购,2603-02102-0569,上海高尚嘉电子有限工司,计意强,缪财艳,2026-05-25 19:35:59,2026-05-27 07:44:32,0000044079,358-000159,NMOS,30000.00,13.00,0,2026-11-01,0000043922,0000043921,CGSQ-260521-000002,0.00,0.00,0.00,正常,正常
0000044074,01-HDKJ-CGDD-260525-015011,2026-05-25,新疆友农科技集团,研发物料采购订单,物料类采购,01002002,北京富声达杰儽电子销售有限公司,计意强,缪财艳,2026-05-25 18:46:11,2026-05-26 07:36:10,0000044075,454-000324,肖特基二极管,50.00,13.00,0,2026-05-25,0,0,,50.00,0.00,50.00,已关闭,正常
0000044074,01-HDKJ-CGDD-260525-015011,2026-05-25,新疆友农科技集团,研发物料采购订单,物料类采购,01002002,北京富声达杰儽电子销售有限公司,计意强,缪财艳,2026-05-25 18:46:11,2026-05-26 07:36:10,0000044076,454-000347,ESD静电保护管,120.00,13.00,0,2026-05-25,0,0,,120.00,0.00,120.00,已关闭,正常
0000044074,01-HDKJ-CGDD-260525-015011,2026-05-25,新疆友农科技集团,研发物料采购订单,物料类采购,01002002,北京富声达杰儽电子销售有限公司,计意强,缪财艳,2026-05-25 18:46:11,2026-05-26 07:36:10,0000044077,358-000172,NMOS,720.00,13.00,0,2026-05-25,0,0,,720.00,0.00,720.00,已关闭,正常
0000044072,02-KSHA-CGDD-260525-015006,2026-05-25,苏州友安电子科技有限公司,生产项目采购订单,物料类采购,57403018,苏洲誉腾模塑科技有限公司,王涛磊,朱英,2026-05-25 16:26:43,2026-05-26 00:44:52,0000044073,165-000280,3.5寸屏支架,300.00,13.00,0,2026-05-30,0000044070,0000044071,CGSQ-260525-000014,300.00,0.00,300.00,已关闭,正常
0000044065,01-HDKJ-CGDD-260525-015000,2026-05-25,新疆友农科技集团,生产项目采购订单,物料类采购,01004007,支付宝(中国)网络技术有限公司,计意强,骆富英,2026-05-25 10:05:43,2026-05-25 10:23:35,0000044064,165-002736,150圆柱分电板O型密封圈,450.00,0.00,0,2026-05-30,0000044005,0000044006,CGSQ-260522-000017,450.00,0.00,450.00,已关闭,正常
0000044061,01-HDKJ-CGDD-260525-014998,2026-05-25,新疆友农科技集团,生产项目采购订单,物料类采购,75504026,深珍市拓航创新科技有限公司,昝敏,朱英,2026-05-25 09:46:10,2026-05-25 17:51:38,0000044063,795-000968,YC632离心电机,1105.00,13.00,0,2026-05-31,0000039224,0000039185,CGSQ-260423-000006,0.00,0.00,0.00,正常,正常
0000044061,01-HDKJ-CGDD-260525-014998,2026-05-25,新疆友农科技集团,生产项目采购订单,物料类采购,75504026,深珍市拓航创新科技有限公司,昝敏,朱英,2026-05-25 09:46:10,2026-05-25 17:51:38,0000044062,795-000968,YC632离心电机,200.00,13.00,0,2026-04-20,0000033299,0000033271,CGSQ-260401-000008,0.00,0.00,0.00,正常,正常
0000044059,02-KSHA-CGDD-260522-014985,2026-05-22,苏州友安电子科技有限公司,生产项目采购订单,物料类采购,2603-51901-0565,常州朗菲电僃有限公司,王涛磊,高军,2026-05-22 20:39:19,2026-05-23 15:52:09,0000044060,994-000328,UA500线束,3000.00,13.00,0,2026-07-19,0000044035,0000044040,CGSQ-260522-000021,119.00,0.00,119.00,正常,已终止
0000044057,01-HDKJ-CGDD-260522-014984,2026-05-22,新疆友农科技集团,生产项目采购订单,物料类采购,51204043,凯乐伯精倕塑胶模具（苏州）有限公司,王涛磊,蒋鹏,2026-05-22 20:39:16,2026-05-23 00:12:33,0000044058,165-003203,580V3圆柱分电板壳体,99.00,13.00,0,2026-06-19,0000044004,0000044003,CGSQ-260522-000016,99.00,0.00,99.00,已关闭,正常
0000044054,02-KSHA-CGDD-260522-014983,2026-05-22,苏州友安电子科技有限公司,生产项目采购订单,物料类采购,51204043,凯乐伯精倕塑胶模具（苏州）有限公司,王涛磊,蒋鹏,2026-05-22 20:39:11,2026-06-09 15:54:11,0000044055,165-001286,UA500底壳,3000.00,13.00,0,2026-07-19,0000044034,0000044040,CGSQ-260522-000021,0.00,0.00,0.00,正常,正常
0000044054,02-KSHA-CGDD-260522-014983,2026-05-22,苏州友安电子科技有限公司,生产项目采购订单,物料类采购,51204043,凯乐伯精倕塑胶模具（苏州）有限公司,王涛磊,蒋鹏,2026-05-22 20:39:11,2026-06-09 15:54:11,0000044056,165-001285,UA500上壳,3000.00,13.00,0,2026-07-19,0000044033,0000044040,CGSQ-260522-000021,0.00,0.00,0.00,正常,正常
0000044051,02-KSHA-CGDD-260522-014982,2026-05-22,苏州友安电子科技有限公司,生产项目采购订单,物料类采购,75504071,深圳市永诚辉电子有线公司,昝敏,朱英,2026-05-22 18:06:04,2026-05-23 00:12:14,0000044053,795-000629,UA500屏蔽罩B上盖,3100.00,13.00,0,2026-07-19,0000044036,0000044040,CGSQ-260522-000021,3100.00,0.00,3100.00,已关闭,正常
0000044051,02-KSHA-CGDD-260522-014982,2026-05-22,苏州友安电子科技有限公司,生产项目采购订单,物料类采购,75504071,深圳市永诚辉电子有线公司,昝敏,朱英,2026-05-22 18:06:04,2026-05-23 00:12:14,0000044052,795-000630,UA500屏蔽罩T上盖,3000.00,13.00,0,2026-07-19,0000044037,0000044040,CGSQ-260522-000021,3000.00,0.00,3000.00,已关闭,正常
0000044047,02-KSHA-CGDD-260522-014981,2026-05-22,苏州友安电子科技有限公司,生产项目采购订单,物料类采购,02100140,昆山诚意智能科技有限工司,昝敏,沈娟,2026-05-22 18:05:32,2026-05-23 00:12:32,0000044049,606-000217,UA500衬板,240.00,13.00,0,2026-07-19,0000044029,0000044028,CGSQ-260522-000020,45.00,0.00,45.00,正常,正常
0000044047,02-KSHA-CGDD-260522-014981,2026-05-22,苏州友安电子科技有限公司,生产项目采购订单,物料类采购,02100140,昆山诚意智能科技有限工司,昝敏,沈娟,2026-05-22 18:05:32,2026-05-23 00:12:32,0000044048,606-000218,UA500夹档,300.00,13.00,0,2026-07-19,0000044030,0000044028,CGSQ-260522-000020,125.00,0.00,125.00,正常,正常
0000044047,02-KSHA-CGDD-260522-014981,2026-05-22,苏州友安电子科技有限公司,生产项目采购订单,物料类采购,02100140,昆山诚意智能科技有限工司,昝敏,沈娟,2026-05-22 18:05:32,2026-05-23 00:12:32,0000044050,606-000216,UA500大包装箱,60.00,13.00,0,2026-07-19,0000044031,0000044028,CGSQ-260522-000020,0.00,0.00,0.00,正常,正常
0000044044,02-KSHA-CGDD-260522-014980,2026-05-22,苏州友安电子科技有限公司,生产项目采购订单,物料类采购,02105021,上海尚远通讯科技有线公司,昝敏,沈娟,2026-05-22 18:04:53,2026-05-23 00:12:29,0000044046,838-000256,UA500主天线,3000.00,13.00,0,2026-07-19,0000044038,0000044040,CGSQ-260522-000021,0.00,0.00,0.00,正常,正常
0000044044,02-KSHA-CGDD-260522-014980,2026-05-22,苏州友安电子科技有限公司,生产项目采购订单,物料类采购,02105021,上海尚远通讯科技有线公司,昝敏,沈娟,2026-05-22 18:04:53,2026-05-23 00:12:29,0000044045,838-000257,UA500GPS天线,3000.00,13.00,0,2026-07-19,0000044039,0000044040,CGSQ-260522-000021,0.00,0.00,0.00,正常,正常
0000044041,01-HDKJ-CGDD-260522-014979,2026-05-22,新疆友农科技集团,生产项目采购订单,物料类采购,75504071,深圳市永诚辉电子有线公司,昝敏,朱英,2026-05-22 18:03:43,2026-05-23 00:12:13,0000044043,795-000613,屏蔽罩,800.00,13.00,0,2026-06-25,0000044026,0000044007,CGSQ-260522-000019,800.00,0.00,800.00,已关闭,正常
0000044041,01-HDKJ-CGDD-260522-014979,2026-05-22,新疆友农科技集团,生产项目采购订单,物料类采购,75504071,深圳市永诚辉电子有线公司,昝敏,朱英,2026-05-22 18:03:43,2026-05-23 00:12:13,0000044042,795-000614,屏蔽罩,3000.00,13.00,0,2026-06-25,0000044027,0000044007,CGSQ-260522-000019,3000.00,0.00,3000.00,已关闭,正常
0000044000,01-HDKJ-CGDD-260522-014975,2026-05-22,新疆友农科技集团,生产项目采购订单,物料类采购,02101063,尚海致佳胶粘制品有限公司,昝敏,沈娟,2026-05-22 16:57:08,2026-05-23 00:12:28,0000043998,165-001560,YN501_导电泡棉D,610.00,13.00,0,2026-05-30,0000043528,0000043543,CGSQ-260519-000016,610.00,0.00,610.00,已关闭,正常
0000044000,01-HDKJ-CGDD-260522-014975,2026-05-22,新疆友农科技集团,生产项目采购订单,物料类采购,02101063,尚海致佳胶粘制品有限公司,昝敏,沈娟,2026-05-22 16:57:08,2026-05-23 00:12:28,0000044001,165-001561,YN501_导电泡棉E,610.00,13.00,0,2026-05-30,0000043529,0000043543,CGSQ-260519-000016,610.00,0.00,610.00,已关闭,正常
0000044000,01-HDKJ-CGDD-260522-014975,2026-05-22,新疆友农科技集团,生产项目采购订单,物料类采购,02101063,尚海致佳胶粘制品有限公司,昝敏,沈娟,2026-05-22 16:57:08,2026-05-23 00:12:28,0000043999,165-001562,YN501_导电泡棉F,610.00,13.00,0,2026-05-30,0000043530,0000043543,CGSQ-260519-000016,610.00,0.00,610.00,已关闭,正常
0000044000,01-HDKJ-CGDD-260522-014975,2026-05-22,新疆友农科技集团,生产项目采购订单,物料类采购,02101063,尚海致佳胶粘制品有限公司,昝敏,沈娟,2026-05-22 16:57:08,2026-05-23 00:12:28,0000044002,165-001563,YN501_导电泡棉G,610.00,13.00,0,2026-05-30,0000043531,0000043543,CGSQ-260519-000016,610.00,0.00,610.00,已关闭,正常
0000043993,01-HDKJ-CGDD-260522-014974,2026-05-22,新疆友农科技集团,生产项目采购订单,物料类采购,02101063,尚海致佳胶粘制品有限公司,昝敏,沈娟,2026-05-22 16:53:28,2026-05-23 00:12:25,0000043996,165-000837,YN501_导电泡棉7,620.00,13.00,0,2026-05-30,0000043516,0000043543,CGSQ-260519-000016,620.00,0.00,620.00,已关闭,正常
0000043993,01-HDKJ-CGDD-260522-014974,2026-05-22,新疆友农科技集团,生产项目采购订单,物料类采购,02101063,尚海致佳胶粘制品有限公司,昝敏,沈娟,2026-05-22 16:53:28,2026-05-23 00:12:25,0000043994,165-001557,YN501_导电泡棉A,615.00,13.00,0,2026-05-30,0000043525,0000043543,CGSQ-260519-000016,615.00,0.00,615.00,已关闭,正常
0000043993,01-HDKJ-CGDD-260522-014974,2026-05-22,新疆友农科技集团,生产项目采购订单,物料类采购,02101063,尚海致佳胶粘制品有限公司,昝敏,沈娟,2026-05-22 16:53:28,2026-05-23 00:12:25,0000043997,165-001558,YN501_导电泡棉B,610.00,13.00,0,2026-05-30,0000043526,0000043543,CGSQ-260519-000016,610.00,0.00,610.00,已关闭,正常
0000043993,01-HDKJ-CGDD-260522-014974,2026-05-22,新疆友农科技集团,生产项目采购订单,物料类采购,02101063,尚海致佳胶粘制品有限公司,昝敏,沈娟,2026-05-22 16:53:28,2026-05-23 00:12:25,0000043995,165-001559,YN501_导电泡棉C,610.00,13.00,0,2026-05-30,0000043527,0000043543,CGSQ-260519-000016,610.00,0.00,610.00,已关闭,正常
0000043989,01-HDKJ-CGDD-260522-014973,2026-05-22,新疆友农科技集团,生产项目采购订单,物料类采购,51204043,凯乐伯精倕塑胶模具（苏州）有限公司,王涛磊,蒋鹏,2026-05-22 16:30:08,2026-05-22 16:50:21,0000043990,165-001269,YN501防水硅胶圈3,610.00,13.00,0,2026-05-30,0000043521,0000043543,CGSQ-260519-000016,610.00,0.00,610.00,已关闭,正常
0000043989,01-HDKJ-CGDD-260522-014973,2026-05-22,新疆友农科技集团,生产项目采购订单,物料类采购,51204043,凯乐伯精倕塑胶模具（苏州）有限公司,王涛磊,蒋鹏,2026-05-22 16:30:08,2026-05-22 16:50:21,0000043991,165-001267,YN501防水硅胶圈1,610.00,13.00,0,2026-05-30,0000043519,0000043543,CGSQ-260519-000016,610.00,0.00,610.00,已关闭,正常
0000043989,01-HDKJ-CGDD-260522-014973,2026-05-22,新疆友农科技集团,生产项目采购订单,物料类采购,51204043,凯乐伯精倕塑胶模具（苏州）有限公司,王涛磊,蒋鹏,2026-05-22 16:30:08,2026-05-22 16:50:21,0000043992,165-001161,YN501_散热支架,615.00,13.00,0,2026-05-30,0000043518,0000043543,CGSQ-260519-000016,300.00,0.00,300.00,正常,正常
0000043987,01-HDKJ-CGDD-260522-014972,2026-05-22,新疆友农科技集团,生产项目采购订单,物料类采购,00104068,巨鹿县东风橡胶価（普通合伙）,王涛磊,蒋鹏,2026-05-22 16:30:06,2026-05-22 16:50:19,0000043988,165-001684,YN501_硅胶圈(JL),110.00,13.00,0,2026-05-30,0000043942,0000043941,CGSQ-260521-000010,110.00,0.00,110.00,已关闭,正常
0000043985,01-HDKJ-CGDD-260522-014970,2026-05-22,新疆友农科技集团,生产项目采购订单,物料类采购,59202001,厦门美赫电仔有限公司,计意强,葛霞,2026-05-22 16:22:35,2026-05-22 17:40:02,0000043986,539-000371,贴片电阻,5000.00,13.00,0,2026-06-21,0000043952,0000043943,CGSQ-260521-000013,5000.00,0.00,5000.00,已关闭,正常
0000043983,01-HDKJ-CGDD-260522-014969,2026-05-22,新疆友农科技集团,生产项目采购订单,物料类采购,73901002,湖南佳迪科甸子有限公司,计意强,缪财艳,2026-05-22 16:22:32,2026-05-23 09:29:44,0000043984,454-000288,ESD静电保护管,5000.00,13.00,0,2026-06-21,0000043950,0000043943,CGSQ-260521-000013,5000.00,0.00,5000.00,已关闭,正常
0000043981,01-HDKJ-CGDD-260522-014967,2026-05-22,新疆友农科技集团,生产项目采购订单,物料类采购,02103006,帕太伴际贸易（上海）有限公司,计意强,葛霞,2026-05-22 16:22:26,2026-05-22 17:40:06,0000043982,725-000249,贴片陶瓷电容,15000.00,13.00,0,2026-06-21,0000043948,0000043943,CGSQ-260521-000013,0.00,0.00,0.00,正常,正常
0000043979,01-HDKJ-CGDD-260522-014966,2026-05-22,新疆友农科技集团,生产项目采购订单,物料类采购,75502043,深圳市天河星供应链友限公司,计意强,葛霞,2026-05-22 16:22:23,2026-05-22 17:40:09,0000043980,725-000062,贴片陶瓷电容,10000.00,13.00,0,2026-06-21,0000043947,0000043943,CGSQ-260521-000013,0.00,0.00,0.00,正常,正常
0000043974,01-HDKJ-CGDD-260522-014965,2026-05-22,新疆友农科技集团,生产项目采购订单,物料类采购,59202002,俅门信和达电子有限公司,计意强,葛霞,2026-05-22 16:22:19,2026-05-22 17:40:09,0000043975,539-000014,贴片电阻,10000.00,13.00,0,2026-06-21,0000043951,0000043943,CGSQ-260521-000013,0.00,0.00,0.00,正常,正常
0000043974,01-HDKJ-CGDD-260522-014965,2026-05-22,新疆友农科技集团,生产项目采购订单,物料类采购,59202002,俅门信和达电子有限公司,计意强,葛霞,2026-05-22 16:22:19,2026-05-22 17:40:09,0000043976,725-000128,贴片陶瓷电容,10000.00,13.00,0,2026-06-21,0000043949,0000043943,CGSQ-260521-000013,0.00,0.00,0.00,正常,正常
0000043974,01-HDKJ-CGDD-260522-014965,2026-05-22,新疆友农科技集团,生产项目采购订单,物料类采购,59202002,俅门信和达电子有限公司,计意强,葛霞,2026-05-22 16:22:19,2026-05-22 17:40:09,0000043977,725-000105,贴片陶瓷电容,3000.00,13.00,0,2026-06-21,0000043946,0000043943,CGSQ-260521-000013,3000.00,0.00,3000.00,已关闭,正常
0000043974,01-HDKJ-CGDD-260522-014965,2026-05-22,新疆友农科技集团,生产项目采购订单,物料类采购,59202002,俅门信和达电子有限公司,计意强,葛霞,2026-05-22 16:22:19,2026-05-22 17:40:09,0000043978,725-000033,贴片陶瓷电容,10000.00,13.00,0,2026-06-21,0000043945,0000043943,CGSQ-260521-000013,0.00,0.00,0.00,正常,正常
0000043972,01-HDKJ-CGDD-260522-014964,2026-05-22,新疆友农科技集团,生产项目采购订单,物料类采购,2509-75502-0295,深圳市易达凯电仔有限公司,计意强,葛霞,2026-05-22 16:22:16,2026-05-22 17:40:11,0000043973,725-000326,钽电容,500.00,13.00,0,2026-06-21,0000043944,0000043943,CGSQ-260521-000013,500.00,0.00,500.00,已关闭,正常
0000043970,01-HDKJ-CGDD-260522-014963,2026-05-22,新疆友农科技集团,生产项目采购订单,物料类采购,75504213,深圳市海偋科技有限公司,计意强,杨强云,2026-05-22 16:22:08,2026-05-23 15:52:14,0000043971,549-000205,HX-EU1023D 华信电台模块,500.00,13.00,0,2026-06-12,0000043076,0000043080,CGSQ-260515-000016,500.00,0.00,500.00,已关闭,正常
0000043965,01-HDKJ-CGDD-260522-014960,2026-05-22,新疆友农科技集团,研发物料采购订单,物料类采购,02104096,上亥辽旦电子有限公司,计意强,缪财艳,2026-05-22 16:18:01,2026-05-23 09:29:44,0000043966,733-000247,贴片共模电感,50.00,13.00,0,2026-05-22,0,0,,50.00,0.00,50.00,已关闭,正常
0000043965,01-HDKJ-CGDD-260522-014960,2026-05-22,新疆友农科技集团,研发物料采购订单,物料类采购,02104096,上亥辽旦电子有限公司,计意强,缪财艳,2026-05-22 16:18:01,2026-05-23 09:29:44,0000043967,733-000164,贴片电感,50.00,13.00,0,2026-05-22,0,0,,50.00,0.00,50.00,已关闭,正常
0000043965,01-HDKJ-CGDD-260522-014960,2026-05-22,新疆友农科技集团,研发物料采购订单,物料类采购,02104096,上亥辽旦电子有限公司,计意强,缪财艳,2026-05-22 16:18:01,2026-05-23 09:29:44,0000043968,733-000245,一体成型功率电感,100.00,13.00,0,2026-05-22,0,0,,100.00,0.00,100.00,已关闭,正常
0000043965,01-HDKJ-CGDD-260522-014960,2026-05-22,新疆友农科技集团,研发物料采购订单,物料类采购,02104096,上亥辽旦电子有限公司,计意强,缪财艳,2026-05-22 16:18:01,2026-05-23 09:29:44,0000043969,733-000216,贴片功率电感,70.00,13.00,0,2026-05-22,0,0,,70.00,0.00,70.00,已关闭,正常
0000043963,01-HDKJ-CGDD-260522-014956,2026-05-22,新疆友农科技集团,生产项目采购订单,物料类采购,7550483,深圳市俖文浩电子有限公司,昝敏,蒋鹏,2026-05-22 11:14:59,2026-05-22 13:51:35,0000043964,505-000036,YN501_LCD模组_带耳朵_(精创),230.00,13.00,0,2026-05-30,0000043506,0000043543,CGSQ-260519-000016,230.00,0.00,230.00,已关闭,正常
0000043960,01-HDKJ-CGDD-260522-014953,2026-05-22,新疆友农科技集团,生产项目采购订单,物料类采购,59202002,俅门信和达电子有限公司,计意强,葛霞,2026-05-22 09:58:00,2026-05-22 13:48:16,0000043959,725-000105,贴片陶瓷电容,39000.00,13.00,0,2026-07-24,0000043079,0000043080,CGSQ-260515-000016,0.00,0.00,0.00,正常,正常
0000043957,01-HDKJ-CGDD-260522-014952,2026-05-22,新疆友农科技集团,生产项目采购订单,物料类采购,01004007,支付宝(中国)网络技术有限公司,计意强,骆富英,2026-05-22 09:48:36,2026-05-22 10:17:57,0000043955,165-000266,701pro摄像头连接器防水胶套,6300.00,0.00,0,2026-05-30,0000043509,0000043543,CGSQ-260519-000016,6300.00,0.00,6300.00,已关闭,正常
0000043957,01-HDKJ-CGDD-260522-014952,2026-05-22,新疆友农科技集团,生产项目采购订单,物料类采购,01004007,支付宝(中国)网络技术有限公司,计意强,骆富英,2026-05-22 09:48:36,2026-05-22 10:17:57,0000043958,165-000722,YN501_M16连接器防水胶套,2000.00,0.00,0,2026-05-30,0000043510,0000043543,CGSQ-260519-000016,2000.00,0.00,2000.00,已关闭,正常
0000043957,01-HDKJ-CGDD-260522-014952,2026-05-22,新疆友农科技集团,生产项目采购订单,物料类采购,01004007,支付宝(中国)网络技术有限公司,计意强,骆富英,2026-05-22 09:48:36,2026-05-22 10:17:57,0000043956,165-001004,YN501_TNC连接器防水胶套,1363.00,0.00,0,2026-05-30,0000043517,0000043543,CGSQ-260519-000016,1363.00,0.00,1363.00,已关闭,正常
0000043939,01-HDKJ-CGDD-260521-014945,2026-05-21,新疆友农科技集团,生产项目采购订单,物料类采购,75501068,仗兴科技（深圳）有限公司,昝敏,沈娟,2026-05-21 14:06:44,2026-05-23 00:12:24,0000043937,165-000726,YN501_散热硅胶垫1,610.00,13.00,0,2026-05-30,0000043511,0000043543,CGSQ-260519-000016,610.00,0.00,610.00,已关闭,正常
0000043939,01-HDKJ-CGDD-260521-014945,2026-05-21,新疆友农科技集团,生产项目采购订单,物料类采购,75501068,仗兴科技（深圳）有限公司,昝敏,沈娟,2026-05-21 14:06:44,2026-05-23 00:12:24,0000043940,165-000727,YN501_散热硅胶垫2,1000.00,13.00,0,2026-05-30,0000043512,0000043543,CGSQ-260519-000016,1000.00,0.00,1000.00,已关闭,正常
0000043939,01-HDKJ-CGDD-260521-014945,2026-05-21,新疆友农科技集团,生产项目采购订单,物料类采购,75501068,仗兴科技（深圳）有限公司,昝敏,沈娟,2026-05-21 14:06:44,2026-05-23 00:12:24,0000043938,165-000772,YN501_散热硅胶垫6,610.00,13.00,0,2026-05-30,0000043515,0000043543,CGSQ-260519-000016,610.00,0.00,610.00,已关闭,正常
0000043934,01-HDKJ-CGDD-260521-014944,2026-05-21,新疆友农科技集团,生产项目采购订单,物料类采购,75501083,深圳市得自在科技有线公司,昝敏,沈娟,2026-05-21 14:05:28,2026-05-23 00:12:18,0000043936,838-000156,YN408 4G DIV支架天线,10.00,13.00,0,2026-06-25,0000043924,0000043923,CGSQ-260521-000004,10.00,0.00,10.00,已关闭,正常
0000043934,01-HDKJ-CGDD-260521-014944,2026-05-21,新疆友农科技集团,生产项目采购订单,物料类采购,75501083,深圳市得自在科技有线公司,昝敏,沈娟,2026-05-21 14:05:28,2026-05-23 00:12:18,0000043935,838-000178,YN408-WIFI天线（PCB）,11.00,13.00,0,2026-06-25,0000043925,0000043923,CGSQ-260521-000004,11.00,0.00,11.00,已关闭,正常
0000043930,01-HDKJ-CGDD-260521-014937,2026-05-21,新疆友农科技集团,生产项目采购订单,物料类采购,51403024,苏州英姿精倕电子有限公司,计意强,骆富英,2026-05-21 13:49:09,2026-05-21 18:20:53,0000043931,849-000689,M2.5*L6机制螺钉,40000.00,13.00,0,2026-05-30,0000043541,0000043543,CGSQ-260519-000016,0.00,0.00,0.00,正常,正常
0000043926,01-HDKJ-CGDD-260521-014936,2026-05-21,新疆友农科技集团,生产项目采购订单,物料类采购,51204045,超城紧伱系统（苏州）有限公司,计意强,骆富英,2026-05-21 13:49:05,2026-05-21 18:20:51,0000043927,849-000700,M3*6-不锈钢十字圆头机牙螺丝_半耐落,10000.00,13.00,0,2026-05-30,0000043504,0000043543,CGSQ-260519-000016,10000.00,0.00,10000.00,已关闭,正常
0000043926,01-HDKJ-CGDD-260521-014936,2026-05-21,新疆友农科技集团,生产项目采购订单,物料类采购,51204045,超城紧伱系统（苏州）有限公司,计意强,骆富英,2026-05-21 13:49:05,2026-05-21 18:20:51,0000043928,849-000203,M3*20_不锈钢十字圆头机牙螺丝_整圈耐落,450.00,13.00,0,2026-05-30,0000043503,0000043543,CGSQ-260519-000016,450.00,0.00,450.00,已关闭,正常
0000043926,01-HDKJ-CGDD-260521-014936,2026-05-21,新疆友农科技集团,生产项目采购订单,物料类采购,51204045,超城紧伱系统（苏州）有限公司,计意强,骆富英,2026-05-21 13:49:05,2026-05-21 18:20:51,0000043929,849-000025,M3X6+4单头六角铜柱，六角对边尺寸4.6,1120.00,13.00,0,2026-05-30,0000043502,0000043543,CGSQ-260519-000016,1120.00,0.00,1120.00,已关闭,正常
0000043695,01-HDKJ-CGDD-260520-014917,2026-05-20,新疆友农科技集团,生产项目采购订单,物料类采购,57401015,宁波可可磁业股份有限公思,昝敏,朱英,2026-05-20 14:23:31,2026-05-21 23:32:20,0000043696,795-000673,YN408_磁铁,2520.00,13.00,0,2026-05-20,0000043532,0000043543,CGSQ-260519-000016,0.00,0.00,0.00,正常,正常
0000043692,01-HDKJ-CGDD-260520-014916,2026-05-20,新疆友农科技集团,生产项目采购订单,物料类采购,02104057,上海诚统伐塑制品有限公司,昝敏,朱英,2026-05-20 14:23:28,2026-05-21 17:10:40,0000043693,165-000233,701pro密封圈（SIM盖）,900.00,13.00,0,2026-05-20,0000043508,0000043543,CGSQ-260519-000016,900.00,0.00,900.00,已关闭,正常
0000043692,01-HDKJ-CGDD-260520-014916,2026-05-20,新疆友农科技集团,生产项目采购订单,物料类采购,02104057,上海诚统伐塑制品有限公司,昝敏,朱英,2026-05-20 14:23:28,2026-05-21 17:10:40,0000043694,165-000229,701pro密封圈（摄像头）,3000.00,13.00,0,2026-05-20,0000043507,0000043543,CGSQ-260519-000016,3000.00,0.00,3000.00,已关闭,正常
0000043690,01-HDKJ-CGDD-260520-014915,2026-05-20,新疆友农科技集团,生产项目采购订单,物料类采购,75504042,深圳市中科乷线技术有限公司,昝敏,朱英,2026-05-20 14:23:25,2026-05-21 23:32:20,0000043691,838-000184,YN408-TNC转IPEX连接线,412.00,13.00,0,2026-05-20,0000043505,0000043543,CGSQ-260519-000016,412.00,0.00,412.00,已关闭,正常
0000043683,01-HDKJ-CGDD-260520-014914,2026-05-20,新疆友农科技集团,生产项目采购订单,物料类采购,51204042,苏洲工业园区国兴精密模具制品有限公司,昝敏,朱英,2026-05-20 14:23:21,2026-05-20 21:12:20,0000043684,165-001464,YN408_密封硅胶圈,2520.00,13.00,0,2026-05-20,0000043538,0000043543,CGSQ-260519-000016,0.00,0.00,0.00,正常,正常
0000043683,01-HDKJ-CGDD-260520-014914,2026-05-20,新疆友农科技集团,生产项目采购订单,物料类采购,51204042,苏洲工业园区国兴精密模具制品有限公司,昝敏,朱英,2026-05-20 14:23:21,2026-05-20 21:12:20,0000043685,165-001463,YN408_导航环形按键,2530.00,13.00,0,2026-05-20,0000043537,0000043543,CGSQ-260519-000016,0.00,0.00,0.00,正常,正常
0000043683,01-HDKJ-CGDD-260520-014914,2026-05-20,新疆友农科技集团,生产项目采购订单,物料类采购,51204042,苏洲工业园区国兴精密模具制品有限公司,昝敏,朱英,2026-05-20 14:23:21,2026-05-20 21:12:20,0000043686,165-001462,YN408_导航下按键,2470.00,13.00,0,2026-05-20,0000043536,0000043543,CGSQ-260519-000016,0.00,0.00,0.00,正常,正常
0000043683,01-HDKJ-CGDD-260520-014914,2026-05-20,新疆友农科技集团,生产项目采购订单,物料类采购,51204042,苏洲工业园区国兴精密模具制品有限公司,昝敏,朱英,2026-05-20 14:23:21,2026-05-20 21:12:20,0000043687,165-001461,YN408_导航上按键,2530.00,13.00,0,2026-05-20,0000043535,0000043543,CGSQ-260519-000016,0.00,0.00,0.00,正常,正常
0000043683,01-HDKJ-CGDD-260520-014914,2026-05-20,新疆友农科技集团,生产项目采购订单,物料类采购,51204042,苏洲工业园区国兴精密模具制品有限公司,昝敏,朱英,2026-05-20 14:23:21,2026-05-20 21:12:20,0000043688,165-001547,YN408_导航下盖_2,2520.00,13.00,0,2026-05-20,0000043534,0000043543,CGSQ-260519-000016,0.00,0.00,0.00,正常,正常
0000043683,01-HDKJ-CGDD-260520-014914,2026-05-20,新疆友农科技集团,生产项目采购订单,物料类采购,51204042,苏洲工业园区国兴精密模具制品有限公司,昝敏,朱英,2026-05-20 14:23:21,2026-05-20 21:12:20,0000043689,165-001459,YN408_导航上盖,2510.00,13.00,0,2026-05-20,0000043533,0000043543,CGSQ-260519-000016,0.00,0.00,0.00,正常,正常
0000043681,01-HDKJ-CGDD-260520-014913,2026-05-20,新疆友农科技集团,生产项目采购订单,物料类采购,02101002,上海芯镭电子科技有限公司,昝敏,朱英,2026-05-20 14:23:18,2026-05-21 20:07:07,0000043682,165-001465,YN408_密封挡片,2520.00,13.00,0,2026-05-20,0000043539,0000043543,CGSQ-260519-000016,2520.00,0.00,2520.00,已关闭,正常
0000043679,02-KSHA-CGDD-260520-014912,2026-05-20,苏州友安电子科技有限公司,生产项目采购订单,物料类采购,2605-51204-0636,昆山市嘉苹包装材料有限公司,昝敏,朱英,2026-05-20 14:23:14,2026-06-01 17:14:53,0000043680,606-000381,北斗智能平板十寸单屏小包盒,210.00,13.00,0,2026-05-20,0000042715,0000042716,CGSQ-260513-000004,210.00,0.00,210.00,已关闭,正常
0000043582,01-HDKJ-CGDD-260520-014904,2026-05-20,新疆友农科技集团,生产项目采购订单,物料类采购,5710427,浙江金羽新能源科技有限公思,昝敏,朱英,2026-05-20 10:27:56,2026-05-20 18:28:25,0000043583,165-000715,YN201防水透气膜,100.00,13.00,0,2026-06-22,0000043327,0000043326,CGSQ-260518-000019,100.00,0.00,100.00,已关闭,正常
0000043569,01-HDKJ-CGDD-260520-014902,2026-05-20,新疆友农科技集团,生产项目采购订单,物料类采购,5810109,嘉兴金峰精密模具友限公司,王涛磊,蒋鹏,2026-05-20 10:13:54,2026-05-20 10:51:41,0000043570,165-001486,YN501卡扣2,500.00,13.00,0,2026-05-20,0000043524,0000043543,CGSQ-260519-000016,500.00,0.00,500.00,已关闭,正常
0000043569,01-HDKJ-CGDD-260520-014902,2026-05-20,新疆友农科技集团,生产项目采购订单,物料类采购,5810109,嘉兴金峰精密模具友限公司,王涛磊,蒋鹏,2026-05-20 10:13:54,2026-05-20 10:51:41,0000043571,165-001485,YN501卡扣1,500.00,13.00,0,2026-05-20,0000043523,0000043543,CGSQ-260519-000016,500.00,0.00,500.00,已关闭,正常
0000043569,01-HDKJ-CGDD-260520-014902,2026-05-20,新疆友农科技集团,生产项目采购订单,物料类采购,5810109,嘉兴金峰精密模具友限公司,王涛磊,蒋鹏,2026-05-20 10:13:54,2026-05-20 10:51:41,0000043572,165-001484,YN501前壳（改版）,635.00,13.00,0,2026-05-20,0000043522,0000043543,CGSQ-260519-000016,593.00,0.00,593.00,正常,正常
0000043567,01-HDKJ-CGDD-260520-014901,2026-05-20,新疆友农科技集团,生产项目采购订单,物料类采购,51204043,凯乐伯精倕塑胶模具（苏州）有限公司,王涛磊,蒋鹏,2026-05-20 10:13:49,2026-05-20 10:51:39,0000043568,165-001268,YN501防水硅胶圈2,610.00,13.00,0,2026-05-20,0000043520,0000043543,CGSQ-260519-000016,610.00,0.00,610.00,已关闭,正常
0000043565,01-HDKJ-CGDD-260520-014900,2026-05-20,新疆友农科技集团,生产项目采购订单,物料类采购,2506-51201-0183,苏州金仝泰模塑科技有限公司,王涛磊,蒋鹏,2026-05-20 10:13:44,2026-05-20 10:51:38,0000043566,165-000737,YN501_SIM卡盖板,330.00,13.00,0,2026-05-20,0000043514,0000043543,CGSQ-260519-000016,0.00,0.00,0.00,正常,已终止
0000043563,01-HDKJ-CGDD-260520-014899,2026-05-20,新疆友农科技集团,生产项目采购订单,物料类采购,76904028,东宛市德崧电子有限公司,王涛磊,高军,2026-05-20 10:13:39,2026-05-21 22:00:19,0000043564,994-000241,YN501_电源开关已焊线,20.00,13.00,0,2026-05-20,0000043501,0000043543,CGSQ-260519-000016,20.00,0.00,20.00,已关闭,正常
0000043552,01-HDKJ-CGDD-260520-014898,2026-05-20,新疆友农科技集团,生产项目采购订单,物料类采购,5710427,浙江金羽新能源科技有限公思,昝敏,朱英,2026-05-20 10:10:15,2026-05-20 18:28:21,0000043553,849-000289,M4*26_不锈钢杯头内六角滚花机牙螺丝_整圈耐落,200.00,13.00,0,2026-05-20,0000043333,0000043326,CGSQ-260518-000019,200.00,0.00,200.00,已关闭,正常
0000043552,01-HDKJ-CGDD-260520-014898,2026-05-20,新疆友农科技集团,生产项目采购订单,物料类采购,5710427,浙江金羽新能源科技有限公思,昝敏,朱英,2026-05-20 10:10:15,2026-05-20 18:28:21,0000043554,849-000276,M2.5*5_不锈钢十字盘头机牙螺丝_整圈耐落,200.00,13.00,0,2026-05-20,0000043332,0000043326,CGSQ-260518-000019,200.00,0.00,200.00,已关闭,正常
0000043552,01-HDKJ-CGDD-260520-014898,2026-05-20,新疆友农科技集团,生产项目采购订单,物料类采购,5710427,浙江金羽新能源科技有限公思,昝敏,朱英,2026-05-20 10:10:15,2026-05-20 18:28:21,0000043555,849-000304,M3*6_不锈钢十字盘头机牙螺丝_整圈耐落,100.00,13.00,0,2026-05-20,0000043331,0000043326,CGSQ-260518-000019,100.00,0.00,100.00,已关闭,正常
0000043552,01-HDKJ-CGDD-260520-014898,2026-05-20,新疆友农科技集团,生产项目采购订单,物料类采购,5710427,浙江金羽新能源科技有限公思,昝敏,朱英,2026-05-20 10:10:15,2026-05-20 18:28:21,0000043556,849-000694,M3*8_不锈钢十字扁平头机牙螺丝_整圈耐落,100.00,13.00,0,2026-05-20,0000043330,0000043326,CGSQ-260518-000019,100.00,0.00,100.00,已关闭,正常
0000043552,01-HDKJ-CGDD-260520-014898,2026-05-20,新疆友农科技集团,生产项目采购订单,物料类采购,5710427,浙江金羽新能源科技有限公思,昝敏,朱英,2026-05-20 10:10:15,2026-05-20 18:28:21,0000043557,849-000638,M3X6扁平头机牙螺丝,600.00,13.00,0,2026-05-20,0000043329,0000043326,CGSQ-260518-000019,600.00,0.00,600.00,已关闭,正常
0000043552,01-HDKJ-CGDD-260520-014898,2026-05-20,新疆友农科技集团,生产项目采购订单,物料类采购,5710427,浙江金羽新能源科技有限公思,昝敏,朱英,2026-05-20 10:10:15,2026-05-20 18:28:21,0000043558,795-000399,M5防水透气阀,50.00,13.00,0,2026-05-20,0000043328,0000043326,CGSQ-260518-000019,50.00,0.00,50.00,已关闭,正常
0000043324,01-HDKJ-CGDD-260518-014877,2026-05-18,新疆友农科技集团,生产项目采购订单,物料类采购,2602-51202-0552,苏州乩芃晟电子科技有限公司,计意强,葛霞,2026-05-18 17:24:10,2026-05-19 17:55:43,0000043325,725-000105,贴片陶瓷电容,39000.00,13.00,0,2026-05-18,0000043079,0000043080,CGSQ-260515-000016,0.00,0.00,0.00,已关闭,正常
0000043318,01-HDKJ-CGDD-260518-014875,2026-05-18,新疆友农科技集团,生产项目采购订单,物料类采购,59202002,俅门信和达电子有限公司,计意强,葛霞,2026-05-18 17:24:06,2026-05-21 05:54:54,0000043319,539-000008,贴片电阻,120000.00,13.00,0,2026-05-18,0000043078,0000043080,CGSQ-260515-000016,120000.00,0.00,120000.00,已关闭,正常
0000043318,01-HDKJ-CGDD-260518-014875,2026-05-18,新疆友农科技集团,生产项目采购订单,物料类采购,59202002,俅门信和达电子有限公司,计意强,葛霞,2026-05-18 17:24:06,2026-05-21 05:54:54,0000043320,539-000005,贴片电阻,90000.00,13.00,0,2026-05-18,0000043077,0000043080,CGSQ-260515-000016,0.00,0.00,0.00,正常,正常
0000043318,01-HDKJ-CGDD-260518-014875,2026-05-18,新疆友农科技集团,生产项目采购订单,物料类采购,59202002,俅门信和达电子有限公司,计意强,葛霞,2026-05-18 17:24:06,2026-05-21 05:54:54,0000043321,539-000002,贴片电阻,170000.00,13.00,0,2026-05-18,0000043085,0000043086,CGSQ-260515-000018,0.00,0.00,0.00,正常,正常
0000043318,01-HDKJ-CGDD-260518-014875,2026-05-18,新疆友农科技集团,生产项目采购订单,物料类采购,59202002,俅门信和达电子有限公司,计意强,葛霞,2026-05-18 17:24:06,2026-05-21 05:54:54,0000043322,539-000028,贴片电阻,30000.00,13.00,0,2026-05-18,0000043084,0000043086,CGSQ-260515-000018,0.00,0.00,0.00,正常,正常
0000043318,01-HDKJ-CGDD-260518-014875,2026-05-18,新疆友农科技集团,生产项目采购订单,物料类采购,59202002,俅门信和达电子有限公司,计意强,葛霞,2026-05-18 17:24:06,2026-05-21 05:54:54,0000043323,725-000128,贴片陶瓷电容,10000.00,13.00,0,2026-05-18,0000043082,0000043086,CGSQ-260515-000018,0.00,0.00,0.00,正常,正常
0000043316,01-HDKJ-CGDD-260518-014874,2026-05-18,新疆友农科技集团,生产项目采购订单,物料类采购,59202001,厦门美赫电仔有限公司,计意强,葛霞,2026-05-18 17:24:05,2026-05-19 19:11:24,0000043317,725-000005,贴片陶瓷电容,10000.00,13.00,0,2026-05-18,0000043081,0000043086,CGSQ-260515-000018,10000.00,0.00,10000.00,已关闭,正常
0000043312,01-HDKJ-CGDD-260518-014871,2026-05-18,新疆友农科技集团,产品委外采购订单,产品委外采购,2508-51201-0277,苏洲德华电子有限公司,苗晓强,杨强云,2026-05-18 16:38:36,2026-05-19 10:56:05,0000043313,588-000562,YN300E_801_U113_P3_S04_PCBA（906AMBD单北斗）,8100.00,13.00,0,2026-05-18,0000043310,0000043311,WWGD-20260518-000600,8057.00,0.00,8057.00,正常,正常
0000043278,01-HDKJ-CGDD-260518-014858,2026-05-18,新疆友农科技集团,生产项目采购订单,物料类采购,51204039,苏洲浩达印刷科技有限公司,计意强,骆富英,2026-05-18 13:11:43,2026-05-18 13:17:03,0000043279,795-000003,601C倾角/机具识别标签纸,12000.00,13.00,0,2026-05-18,0000043040,0000043032,CGSQ-260515-000008,12000.00,0.00,12000.00,已关闭,正常
0000043273,01-HDKJ-CGDD-260518-014857,2026-05-18,新疆友农科技集团,生产项目采购订单,物料类采购,51204045,超城紧伱系统（苏州）有限公司,计意强,骆富英,2026-05-18 13:11:42,2026-05-18 13:17:04,0000043274,849-000005,M2.5*6 机丝,7000.00,13.00,0,2026-05-18,0000043042,0000043032,CGSQ-260515-000008,7000.00,0.00,7000.00,已关闭,正常
0000043273,01-HDKJ-CGDD-260518-014857,2026-05-18,新疆友农科技集团,生产项目采购订单,物料类采购,51204045,超城紧伱系统（苏州）有限公司,计意强,骆富英,2026-05-18 13:11:42,2026-05-18 13:17:04,0000043275,849-000191,M16平垫片,1400.00,13.00,0,2026-05-18,0000043039,0000043032,CGSQ-260515-000008,1400.00,0.00,1400.00,已关闭,正常
0000043273,01-HDKJ-CGDD-260518-014857,2026-05-18,新疆友农科技集团,生产项目采购订单,物料类采购,51204045,超城紧伱系统（苏州）有限公司,计意强,骆富英,2026-05-18 13:11:42,2026-05-18 13:17:04,0000043276,849-000411,ST2.5*10自攻,7000.00,13.00,0,2026-05-18,0000043038,0000043032,CGSQ-260515-000008,7000.00,0.00,7000.00,已关闭,正常
0000043273,01-HDKJ-CGDD-260518-014857,2026-05-18,新疆友农科技集团,生产项目采购订单,物料类采购,51204045,超城紧伱系统（苏州）有限公司,计意强,骆富英,2026-05-18 13:11:42,2026-05-18 13:17:04,0000043277,849-000003,ST2.0*6自攻,5500.00,13.00,0,2026-05-18,0000043037,0000043032,CGSQ-260515-000008,5500.00,0.00,5500.00,已关闭,正常
0000043271,01-HDKJ-CGDD-260518-014856,2026-05-18,新疆友农科技集团,生产项目采购订单,物料类采购,99601006,协鸿児电科技(昆山)有限公司,计意强,葛霞,2026-05-18 13:11:40,2026-05-18 13:17:10,0000043272,321-000498,YS210_自研IMU模块_P1_PCB,300.00,13.00,0,2026-05-18,0000043074,0000043080,CGSQ-260515-000016,0.00,0.00,0.00,正常,正常
0000043269,01-HDKJ-CGDD-260518-014855,2026-05-18,新疆友农科技集团,生产项目采购订单,物料类采购,2604-75503-0613,深圳乩广佑达电子有限公司,计意强,葛霞,2026-05-18 13:11:37,2026-05-18 13:17:11,0000043270,725-000222,贴片陶瓷电容,20000.00,13.00,0,2026-05-18,0000043083,0000043086,CGSQ-260515-000018,0.00,0.00,0.00,正常,正常
0000043260,01-HDKJ-CGDD-260518-014849,2026-05-18,新疆友农科技集团,生产项目采购订单,物料类采购,75504071,深圳市永诚辉电子有线公司,昝敏,朱英,2026-05-18 11:02:29,2026-05-18 13:18:10,0000043261,795-000863,408IMU自研屏蔽罩V2,350.00,13.00,0,2026-05-18,0000043075,0000043080,CGSQ-260515-000016,350.00,0.00,350.00,已关闭,正常
0000043246,HD20260518-D01,2026-05-18,新疆友农科技集团,研发物料采购订单,物料类采购,51204043,凯乐伯精倕塑胶模具（苏州）有限公司,王涛磊,蒋鹏,2026-05-18 09:51:04,2026-05-18 14:09:31,0000043245,165-003203,580V3圆柱分电板壳体,20.00,13.00,0,2026-05-16,0000043196,0000043192,CGSQ-260516-000005,20.00,0.00,20.00,已关闭,正常
0000043094,01-HDKJ-CGDD-260515-014833,2026-05-15,新疆友农科技集团,生产项目采购订单,物料类采购,01004007,支付宝(中国)网络技术有限公司,计意强,骆富英,2026-05-15 17:17:39,2026-05-15 17:24:17,0000043093,165-000266,701pro摄像头连接器防水胶套,5000.00,0.00,0,2026-05-21,0000043087,0000043088,CGSQ-260515-000020,5000.00,0.00,5000.00,已关闭,正常
0000043071,02-KSHA-CGDD-260515-014826,2026-05-15,苏州友安电子科技有限公司,生产项目采购订单,物料类采购,51204008,苏州岚嵩五金科技有限公司,计意强,骆富英,2026-05-15 15:49:14,2026-05-16 09:48:12,0000043072,795-000110,梅花手柄螺丝,500.00,13.00,0,2026-05-15,0000042970,0000042968,CGSQ-260514-000022,500.00,0.00,500.00,已关闭,正常
0000043071,02-KSHA-CGDD-260515-014826,2026-05-15,苏州友安电子科技有限公司,生产项目采购订单,物料类采购,51204008,苏州岚嵩五金科技有限公司,计意强,骆富英,2026-05-15 15:49:14,2026-05-16 09:48:12,0000043073,849-000067,ST5.5*25钻尾螺丝,5000.00,13.00,0,2026-05-15,0000042969,0000042968,CGSQ-260514-000022,3600.00,0.00,3600.00,正常,正常
0000043065,02-KSHA-CGDD-260515-014821,2026-05-15,苏州友安电子科技有限公司,生产项目采购订单,物料类采购,0250092,苏州庆泽电子柯技有限公司,王涛磊,高军,2026-05-15 15:07:42,2026-05-16 11:02:49,0000043066,994-000645,YC400电源线（屏蔽层版）,850.00,13.00,0,2026-05-15,0000043000,0000042999,CGSQ-260515-000001,850.00,0.00,850.00,已关闭,正常
0000043063,01-HDKJ-CGDD-260515-014820,2026-05-15,新疆友农科技集团,生产项目采购订单,物料类采购,51202008,亝山市盈锋五金科技有限公司,王涛磊,朱英,2026-05-15 15:07:40,2026-05-15 15:16:56,0000043064,165-000005,金属盖板,400.00,13.00,0,2026-05-15,0000043036,0000043032,CGSQ-260515-000008,0.00,0.00,0.00,正常,正常
0000043060,01-HDKJ-CGDD-260515-014819,2026-05-15,新疆友农科技集团,生产项目采购订单,物料类采购,51204043,凯乐伯精倕塑胶模具（苏州）有限公司,王涛磊,蒋鹏,2026-05-15 15:07:38,2026-05-15 15:17:03,0000043061,165-002077,机具识别下盖(凯乐伯）,4200.00,13.00,0,2026-05-15,0000043041,0000043032,CGSQ-260515-000008,3212.00,0.00,3212.00,正常,已终止
0000043060,01-HDKJ-CGDD-260515-014819,2026-05-15,新疆友农科技集团,生产项目采购订单,物料类采购,51204043,凯乐伯精倕塑胶模具（苏州）有限公司,王涛磊,蒋鹏,2026-05-15 15:07:38,2026-05-15 15:17:03,0000043062,165-002078,机具识别上盖(凯乐伯）,4200.00,13.00,0,2026-05-15,0000043035,0000043032,CGSQ-260515-000008,3300.00,0.00,3300.00,正常,已终止
0000043058,01-HDKJ-CGDD-260515-014818,2026-05-15,新疆友农科技集团,生产项目采购订单,物料类采购,51204037,无锡市宏鹏橡塑乕品有限公司,昝敏,蒋鹏,2026-05-15 15:07:35,2026-05-15 15:16:59,0000043059,795-000809,姿态机具传感器胶塞（宏鹏）,1400.00,13.00,0,2026-05-15,0000043034,0000043032,CGSQ-260515-000008,1400.00,0.00,1400.00,已关闭,正常
0000043056,01-HDKJ-CGDD-260515-014817,2026-05-15,新疆友农科技集团,生产项目采购订单,物料类采购,73901001,洞口县亞生成电子有限公司,王涛磊,高军,2026-05-15 15:07:33,2026-05-15 15:10:42,0000043057,363-000157,4pin姿态机具连接线,2880.00,13.00,0,2026-05-15,0000043033,0000043032,CGSQ-260515-000008,1400.00,0.00,1400.00,正常,正常
0000043054,01-HDKJ-CGDD-260515-014816,2026-05-15,新疆友农科技集团,生产项目采购订单,物料类采购,76904018,东莞市晶品电线科技有限公司,王涛磊,高军,2026-05-15 15:07:31,2026-05-15 15:12:37,0000043055,363-000157,4pin姿态机具连接线,1270.00,13.00,0,2026-05-15,0000043033,0000043032,CGSQ-260515-000008,1270.00,0.00,1270.00,已关闭,正常
0000043047,HD20260226-苟德（黑龙江惠达）,2026-05-15,新疆友农科技集团,研发物料采购订单,物料类采购,02104119,上海苟德电子科计有限公司,柏涛翔,杨强云,2026-05-15 14:33:13,2026-05-15 14:59:56,0000043048,588-000662,YC302B电调电容板CAP_P0_PCBA,20.00,13.00,0,2026-05-15,0,0,,20.00,0.00,20.00,已关闭,正常
0000043047,HD20260226-苟德（黑龙江惠达）,2026-05-15,新疆友农科技集团,研发物料采购订单,物料类采购,02104119,上海苟德电子科计有限公司,柏涛翔,杨强云,2026-05-15 14:33:13,2026-05-15 14:59:56,0000043049,588-000662,YC302B电调电容板CAP_P0_PCBA,20.00,13.00,0,2026-05-15,0,0,,20.00,0.00,20.00,已关闭,正常
0000043047,HD20260226-苟德（黑龙江惠达）,2026-05-15,新疆友农科技集团,研发物料采购订单,物料类采购,02104119,上海苟德电子科计有限公司,柏涛翔,杨强云,2026-05-15 14:33:13,2026-05-15 14:59:56,0000043050,588-000662,YC302B电调电容板CAP_P0_PCBA,20.00,13.00,0,2026-05-15,0,0,,20.00,0.00,20.00,已关闭,正常
0000043045,HD20251222无人机-苟德,2026-05-15,新疆友农科技集团,研发物料采购订单,物料类采购,02104119,上海苟德电子科计有限公司,柏涛翔,杨强云,2026-05-15 14:25:54,2026-05-15 15:01:16,0000043043,588-000715,YC302B_ESC_P2.1_PCBA,30.00,13.00,0,2026-05-15,0,0,,30.00,0.00,30.00,已关闭,正常
0000043045,HD20251222无人机-苟德,2026-05-15,新疆友农科技集团,研发物料采购订单,物料类采购,02104119,上海苟德电子科计有限公司,柏涛翔,杨强云,2026-05-15 14:25:54,2026-05-15 15:01:16,0000043044,588-000649,YS210_自研IMU模块_P1_PCBA,40.00,13.00,0,2026-05-15,0,0,,40.00,0.00,40.00,已关闭,正常
0000043003,01-HDKJ-CGDD-260515-014812,2026-05-15,新疆友农科技集团,生产项目采购订单,物料类采购,45104338,黑龙江仐能智慧能源科技有限公司,昝敏,朱英,2026-05-15 09:37:19,2026-05-16 09:11:08,0000043008,849-000287,M4*20_不锈钢杯头内六角滚花机牙螺丝_整圈耐落,150.00,13.00,0,2026-06-01,0000042768,0000042767,CGSQ-260514-000006,150.00,0.00,150.00,已关闭,正常
0000043003,01-HDKJ-CGDD-260515-014812,2026-05-15,新疆友农科技集团,生产项目采购订单,物料类采购,45104338,黑龙江仐能智慧能源科技有限公司,昝敏,朱英,2026-05-15 09:37:19,2026-05-16 09:11:08,0000043004,849-000505,M3*20_不锈钢十字圆头机牙螺丝_整圈耐落,70.00,13.00,0,2026-06-01,0000042769,0000042767,CGSQ-260514-000006,70.00,0.00,70.00,已关闭,正常
0000043003,01-HDKJ-CGDD-260515-014812,2026-05-15,新疆友农科技集团,生产项目采购订单,物料类采购,45104338,黑龙江仐能智慧能源科技有限公司,昝敏,朱英,2026-05-15 09:37:19,2026-05-16 09:11:08,0000043009,849-000626,M3*8_不锈钢平头倒边内六角机牙螺丝_整圈耐落,4730.00,13.00,0,2026-05-31,0000042770,0000042767,CGSQ-260514-000006,4730.00,0.00,4730.00,已关闭,正常
0000043003,01-HDKJ-CGDD-260515-014812,2026-05-15,新疆友农科技集团,生产项目采购订单,物料类采购,45104338,黑龙江仐能智慧能源科技有限公司,昝敏,朱英,2026-05-15 09:37:19,2026-05-16 09:11:08,0000043005,849-000627,M4*22_不锈钢平头倒边内六角机牙螺丝_整圈耐落,1800.00,13.00,0,2026-05-31,0000042771,0000042767,CGSQ-260514-000006,1800.00,0.00,1800.00,已关闭,正常
0000043003,01-HDKJ-CGDD-260515-014812,2026-05-15,新疆友农科技集团,生产项目采购订单,物料类采购,45104338,黑龙江仐能智慧能源科技有限公司,昝敏,朱英,2026-05-15 09:37:19,2026-05-16 09:11:08,0000043006,849-000694,M3*8_不锈钢十字扁平头机牙螺丝_整圈耐落,110.00,13.00,0,2026-05-31,0000042772,0000042767,CGSQ-260514-000006,110.00,0.00,110.00,已关闭,正常
0000043003,01-HDKJ-CGDD-260515-014812,2026-05-15,新疆友农科技集团,生产项目采购订单,物料类采购,45104338,黑龙江仐能智慧能源科技有限公司,昝敏,朱英,2026-05-15 09:37:19,2026-05-16 09:11:08,0000043010,165-000526,YN540电池固定扣,160.00,13.00,0,2026-06-07,0000042773,0000042767,CGSQ-260514-000006,160.00,0.00,160.00,已关闭,正常
0000043003,01-HDKJ-CGDD-260515-014812,2026-05-15,新疆友农科技集团,生产项目采购订单,物料类采购,45104338,黑龙江仐能智慧能源科技有限公司,昝敏,朱英,2026-05-15 09:37:19,2026-05-16 09:11:08,0000043007,165-001529,M4*9*1_不锈钢平垫,120.00,13.00,0,2026-05-31,0000042774,0000042767,CGSQ-260514-000006,120.00,0.00,120.00,已关闭,正常
0000042877,02-KSHA-CGDD-260514-014809,2026-05-14,苏州友安电子科技有限公司,生产项目采购订单,物料类采购,02100140,昆山诚意智能科技有限工司,昝敏,沈娟,2026-05-14 16:59:01,2026-05-15 07:59:56,0000042875,606-000069,YC200终端飞机盒,120.00,13.00,0,2026-06-05,0000042871,0000042870,CGSQ-260514-000017,0.00,0.00,0.00,正常,正常
0000042877,02-KSHA-CGDD-260514-014809,2026-05-14,苏州友安电子科技有限公司,生产项目采购订单,物料类采购,02100140,昆山诚意智能科技有限工司,昝敏,沈娟,2026-05-14 16:59:01,2026-05-15 07:59:56,0000042878,606-000070,YC200终端EPE内衬,120.00,13.00,0,2026-06-05,0000042872,0000042870,CGSQ-260514-000017,120.00,0.00,120.00,已关闭,正常
0000042877,02-KSHA-CGDD-260514-014809,2026-05-14,苏州友安电子科技有限公司,生产项目采购订单,物料类采购,02100140,昆山诚意智能科技有限工司,昝敏,沈娟,2026-05-14 16:59:01,2026-05-15 07:59:56,0000042876,606-000071,YC200飞机盒包装箱,120.00,13.00,0,2026-06-05,0000042873,0000042870,CGSQ-260514-000017,120.00,0.00,120.00,已关闭,正常
0000042877,02-KSHA-CGDD-260514-014809,2026-05-14,苏州友安电子科技有限公司,生产项目采购订单,物料类采购,02100140,昆山诚意智能科技有限工司,昝敏,沈娟,2026-05-14 16:59:01,2026-05-15 07:59:56,0000042879,606-000072,YC200包装外箱,55.00,13.00,0,2026-06-05,0000042874,0000042870,CGSQ-260514-000017,55.00,0.00,55.00,已关闭,正常
0000042863,01-HDKJ-CGDD-260514-014801,2026-05-14,新疆友农科技集团,生产项目采购订单,物料类采购,7550460,州极甸子（深圳）有限公司,计意强,杨强云,2026-05-14 15:55:20,2026-05-15 06:37:16,0000042864,972-000737,EMMC,880.00,13.00,0,2026-05-14,0000042731,0000042730,CGSQ-260513-000009,880.00,0.00,880.00,已关闭,正常
0000042845,01-HDKJ-CGDD-260514-014796,2026-05-14,新疆友农科技集团,生产项目采购订单,物料类采购,02101005,上海连申印务科技有限公司,计意强,骆富英,2026-05-14 13:53:55,2026-05-14 21:53:14,0000042846,468-000530,导航车贴(60*15cm),1500.00,13.00,0,2025-08-26,0000011943,0000011945,CGSQ-250825-000003,1500.00,0.00,1500.00,已关闭,正常
0000042831,HD20251027无人机,2026-05-14,新疆友农科技集团,研发物料采购订单,物料类采购,02104119,上海苟德电子科计有限公司,柏涛翔,杨强云,2026-05-14 13:48:29,2026-05-15 14:58:47,0000042832,588-000662,YC302B电调电容板CAP_P0_PCBA,30.00,13.00,0,2026-05-14,0,0,,30.00,0.00,30.00,已关闭,正常
0000042831,HD20251027无人机,2026-05-14,新疆友农科技集团,研发物料采购订单,物料类采购,02104119,上海苟德电子科计有限公司,柏涛翔,杨强云,2026-05-14 13:48:29,2026-05-15 14:58:47,0000042833,588-000704,YN502_CAT4_CN_P0_S01_PCBA,60.00,13.00,0,2026-05-14,0,0,,60.00,0.00,60.00,已关闭,正常
0000042831,HD20251027无人机,2026-05-14,新疆友农科技集团,研发物料采购订单,物料类采购,02104119,上海苟德电子科计有限公司,柏涛翔,杨强云,2026-05-14 13:48:29,2026-05-15 14:58:47,0000042834,588-000694,YN503_Mainboard_P1_PCBA,60.00,13.00,0,2026-05-14,0,0,,60.00,0.00,60.00,已关闭,正常
0000042831,HD20251027无人机,2026-05-14,新疆友农科技集团,研发物料采购订单,物料类采购,02104119,上海苟德电子科计有限公司,柏涛翔,杨强云,2026-05-14 13:48:29,2026-05-15 14:58:47,0000042835,588-000619,YN580_电调主板_P4.1_PCBA,15.00,13.00,0,2026-05-14,0,0,,15.00,0.00,15.00,已关闭,正常
0000042831,HD20251027无人机,2026-05-14,新疆友农科技集团,研发物料采购订单,物料类采购,02104119,上海苟德电子科计有限公司,柏涛翔,杨强云,2026-05-14 13:48:29,2026-05-15 14:58:47,0000042836,588-000564,YN580_电调电容板CAP4_P0_PCBA,15.00,13.00,0,2026-05-14,0,0,,15.00,0.00,15.00,已关闭,正常
0000042831,HD20251027无人机,2026-05-14,新疆友农科技集团,研发物料采购订单,物料类采购,02104119,上海苟德电子科计有限公司,柏涛翔,杨强云,2026-05-14 13:48:29,2026-05-15 14:58:47,0000042837,588-000565,YN580_电调电容板CAP5_P0_PCBA,15.00,13.00,0,2026-05-14,0,0,,15.00,0.00,15.00,已关闭,正常
0000042831,HD20251027无人机,2026-05-14,新疆友农科技集团,研发物料采购订单,物料类采购,02104119,上海苟德电子科计有限公司,柏涛翔,杨强云,2026-05-14 13:48:29,2026-05-15 14:58:47,0000042838,321-000484,YS508_机尾雷达_P1_PCB,25.00,13.00,0,2026-05-14,0,0,,25.00,0.00,25.00,已关闭,正常
0000042831,HD20251027无人机,2026-05-14,新疆友农科技集团,研发物料采购订单,物料类采购,02104119,上海苟德电子科计有限公司,柏涛翔,杨强云,2026-05-14 13:48:29,2026-05-15 14:58:47,0000042839,321-000484,YS508_机尾雷达_P1_PCB,20.00,13.00,0,2026-05-14,0,0,,20.00,0.00,20.00,已关闭,正常
0000042831,HD20251027无人机,2026-05-14,新疆友农科技集团,研发物料采购订单,物料类采购,02104119,上海苟德电子科计有限公司,柏涛翔,杨强云,2026-05-14 13:48:29,2026-05-15 14:58:47,0000042840,588-000732,YC632_P2_PCBA,30.00,13.00,0,2026-05-14,0,0,,30.00,0.00,30.00,已关闭,正常
0000042831,HD20251027无人机,2026-05-14,新疆友农科技集团,研发物料采购订单,物料类采购,02104119,上海苟德电子科计有限公司,柏涛翔,杨强云,2026-05-14 13:48:29,2026-05-15 14:58:47,0000042841,588-000736,YC580_前接口板_P3_PCBA,20.00,13.00,0,2026-05-14,0,0,,20.00,0.00,20.00,已关闭,正常
0000042831,HD20251027无人机,2026-05-14,新疆友农科技集团,研发物料采购订单,物料类采购,02104119,上海苟德电子科计有限公司,柏涛翔,杨强云,2026-05-14 13:48:29,2026-05-15 14:58:47,0000042842,588-000729,YN580_后接口板_P4_PCBA(搭配配自研电调),15.00,13.00,0,2026-05-14,0,0,,15.00,0.00,15.00,已关闭,正常
0000042831,HD20251027无人机,2026-05-14,新疆友农科技集团,研发物料采购订单,物料类采购,02104119,上海苟德电子科计有限公司,柏涛翔,杨强云,2026-05-14 13:48:29,2026-05-15 14:58:47,0000042843,588-000732,YC632_P2_PCBA,250.00,13.00,0,2026-05-14,0,0,,250.00,0.00,250.00,已关闭,正常
0000042831,HD20251027无人机,2026-05-14,新疆友农科技集团,研发物料采购订单,物料类采购,02104119,上海苟德电子科计有限公司,柏涛翔,杨强云,2026-05-14 13:48:29,2026-05-15 14:58:47,0000042844,321-000484,YS508_机尾雷达_P1_PCB,42.00,13.00,0,2026-05-14,0,0,,42.00,0.00,42.00,已关闭,正常
0000042790,01-HDKJ-CGDD-251124-006178,2025-11-24,新疆友农科技集团,研发物料采购订单,物料类采购,02102051,上海馨鹏电子友限公司,计意强,缪财艳,2026-05-14 13:15:00,2026-05-14 13:43:18,0000042826,539-000014,贴片电阻,200.00,13.00,0,2026-05-14,0,0,,200.00,0.00,200.00,已关闭,正常
0000042792,02-KSHA-CGDD-260514-014793,2026-05-14,苏州友安电子科技有限公司,生产项目采购订单,物料类采购,02100140,昆山诚意智能科技有限工司,昝敏,沈娟,2026-05-14 13:35:30,2026-05-15 07:59:54,0000042793,606-000676,TB系列包装材料-洋马大包装纸箱,42.00,13.00,0,2026-05-14,0000042759,0000042758,CGSQ-260514-000004,42.00,0.00,42.00,已关闭,正常
0000042790,01-HDKJ-CGDD-251124-006178,2025-11-24,新疆友农科技集团,研发物料采购订单,物料类采购,02102051,上海馨鹏电子友限公司,计意强,缪财艳,2026-05-14 13:15:00,2026-05-14 13:43:18,0000042791,972-000092,运算放大器,60.00,13.00,0,2026-05-14,0,0,,60.00,0.00,60.00,已关闭,正常
0000042790,01-HDKJ-CGDD-251124-006178,2025-11-24,新疆友农科技集团,研发物料采购订单,物料类采购,02102051,上海馨鹏电子友限公司,计意强,缪财艳,2026-05-14 13:15:00,2026-05-14 13:43:18,0000042794,972-000488,三相独立半桥驱动芯片,20.00,13.00,0,2026-05-14,0,0,,20.00,0.00,20.00,已关闭,正常
0000042790,01-HDKJ-CGDD-251124-006178,2025-11-24,新疆友农科技集团,研发物料采购订单,物料类采购,02102051,上海馨鹏电子友限公司,计意强,缪财艳,2026-05-14 13:15:00,2026-05-14 13:43:18,0000042795,358-000121,NMOS,30.00,13.00,0,2026-05-14,0,0,,30.00,0.00,30.00,已关闭,正常
0000042790,01-HDKJ-CGDD-251124-006178,2025-11-24,新疆友农科技集团,研发物料采购订单,物料类采购,02102051,上海馨鹏电子友限公司,计意强,缪财艳,2026-05-14 13:15:00,2026-05-14 13:43:18,0000042796,358-000091,NPN三极管,100.00,13.00,0,2026-05-14,0,0,,100.00,0.00,100.00,已关闭,正常
0000042790,01-HDKJ-CGDD-251124-006178,2025-11-24,新疆友农科技集团,研发物料采购订单,物料类采购,02102051,上海馨鹏电子友限公司,计意强,缪财艳,2026-05-14 13:15:00,2026-05-14 13:43:18,0000042797,733-000024,贴片磁珠,40.00,13.00,0,2026-05-14,0,0,,40.00,0.00,40.00,已关闭,正常
0000042790,01-HDKJ-CGDD-251124-006178,2025-11-24,新疆友农科技集团,研发物料采购订单,物料类采购,02102051,上海馨鹏电子友限公司,计意强,缪财艳,2026-05-14 13:15:00,2026-05-14 13:43:18,0000042798,454-000323,肖特基二极管,30.00,13.00,0,2026-05-14,0,0,,30.00,0.00,30.00,已关闭,正常
0000042790,01-HDKJ-CGDD-251124-006178,2025-11-24,新疆友农科技集团,研发物料采购订单,物料类采购,02102051,上海馨鹏电子友限公司,计意强,缪财艳,2026-05-14 13:15:00,2026-05-14 13:43:18,0000042799,454-000213,贴片开关二极管,100.00,13.00,0,2026-05-14,0,0,,100.00,0.00,100.00,已关闭,正常
0000042790,01-HDKJ-CGDD-251124-006178,2025-11-24,新疆友农科技集团,研发物料采购订单,物料类采购,02102051,上海馨鹏电子友限公司,计意强,缪财艳,2026-05-14 13:15:00,2026-05-14 13:43:18,0000042800,725-000144,贴片陶瓷电容,200.00,13.00,0,2026-05-14,0,0,,200.00,0.00,200.00,已关闭,正常
0000042790,01-HDKJ-CGDD-251124-006178,2025-11-24,新疆友农科技集团,研发物料采购订单,物料类采购,02102051,上海馨鹏电子友限公司,计意强,缪财艳,2026-05-14 13:15:00,2026-05-14 13:43:18,0000042801,725-000352,贴片陶瓷电容,200.00,13.00,0,2026-05-14,0,0,,200.00,0.00,200.00,已关闭,正常
0000042790,01-HDKJ-CGDD-251124-006178,2025-11-24,新疆友农科技集团,研发物料采购订单,物料类采购,02102051,上海馨鹏电子友限公司,计意强,缪财艳,2026-05-14 13:15:00,2026-05-14 13:43:18,0000042802,539-000088,贴片电阻,100.00,13.00,0,2026-05-14,0,0,,100.00,0.00,100.00,已关闭,正常
0000042790,01-HDKJ-CGDD-251124-006178,2025-11-24,新疆友农科技集团,研发物料采购订单,物料类采购,02102051,上海馨鹏电子友限公司,计意强,缪财艳,2026-05-14 13:15:00,2026-05-14 13:43:18,0000042803,725-000460,贴片陶瓷电容,100.00,13.00,0,2026-05-14,0,0,,100.00,0.00,100.00,已关闭,正常
0000042790,01-HDKJ-CGDD-251124-006178,2025-11-24,新疆友农科技集团,研发物料采购订单,物料类采购,02102051,上海馨鹏电子友限公司,计意强,缪财艳,2026-05-14 13:15:00,2026-05-14 13:43:18,0000042804,539-000341,贴片电阻,100.00,13.00,0,2026-05-14,0,0,,100.00,0.00,100.00,已关闭,正常
0000042790,01-HDKJ-CGDD-251124-006178,2025-11-24,新疆友农科技集团,研发物料采购订单,物料类采购,02102051,上海馨鹏电子友限公司,计意强,缪财艳,2026-05-14 13:15:00,2026-05-14 13:43:18,0000042805,725-000174,贴片陶瓷电容,100.00,13.00,0,2026-05-14,0,0,,100.00,0.00,100.00,已关闭,正常
0000042790,01-HDKJ-CGDD-251124-006178,2025-11-24,新疆友农科技集团,研发物料采购订单,物料类采购,02102051,上海馨鹏电子友限公司,计意强,缪财艳,2026-05-14 13:15:00,2026-05-14 13:43:18,0000042806,972-000489,MCU,100.00,13.00,0,2026-05-14,0,0,,100.00,0.00,100.00,已关闭,正常
0000042790,01-HDKJ-CGDD-251124-006178,2025-11-24,新疆友农科技集团,研发物料采购订单,物料类采购,02102051,上海馨鹏电子友限公司,计意强,缪财艳,2026-05-14 13:15:00,2026-05-14 13:43:18,0000042807,539-000110,贴片电阻,100.00,13.00,0,2026-05-14,0,0,,100.00,0.00,100.00,已关闭,正常
0000042790,01-HDKJ-CGDD-251124-006178,2025-11-24,新疆友农科技集团,研发物料采购订单,物料类采购,02102051,上海馨鹏电子友限公司,计意强,缪财艳,2026-05-14 13:15:00,2026-05-14 13:43:18,0000042808,539-000248,贴片电阻,100.00,13.00,0,2026-05-14,0,0,,100.00,0.00,100.00,已关闭,正常
0000042790,01-HDKJ-CGDD-251124-006178,2025-11-24,新疆友农科技集团,研发物料采购订单,物料类采购,02102051,上海馨鹏电子友限公司,计意强,缪财艳,2026-05-14 13:15:00,2026-05-14 13:43:18,0000042809,539-000439,贴片低阻值采样电阻,100.00,13.00,0,2026-05-14,0,0,,100.00,0.00,100.00,已关闭,正常
0000042790,01-HDKJ-CGDD-251124-006178,2025-11-24,新疆友农科技集团,研发物料采购订单,物料类采购,02102051,上海馨鹏电子友限公司,计意强,缪财艳,2026-05-14 13:15:00,2026-05-14 13:43:18,0000042810,539-000045,贴片电阻,100.00,13.00,0,2026-05-14,0,0,,100.00,0.00,100.00,已关闭,正常
0000042790,01-HDKJ-CGDD-251124-006178,2025-11-24,新疆友农科技集团,研发物料采购订单,物料类采购,02102051,上海馨鹏电子友限公司,计意强,缪财艳,2026-05-14 13:15:00,2026-05-14 13:43:18,0000042811,539-000470,贴片电阻,100.00,13.00,0,2026-05-14,0,0,,100.00,0.00,100.00,已关闭,正常
0000042790,01-HDKJ-CGDD-251124-006178,2025-11-24,新疆友农科技集团,研发物料采购订单,物料类采购,02102051,上海馨鹏电子友限公司,计意强,缪财艳,2026-05-14 13:15:00,2026-05-14 13:43:18,0000042812,539-000035,贴片电阻,100.00,13.00,0,2026-05-14,0,0,,100.00,0.00,100.00,已关闭,正常
0000042790,01-HDKJ-CGDD-251124-006178,2025-11-24,新疆友农科技集团,研发物料采购订单,物料类采购,02102051,上海馨鹏电子友限公司,计意强,缪财艳,2026-05-14 13:15:00,2026-05-14 13:43:18,0000042813,539-000057,贴片电阻,100.00,13.00,0,2026-05-14,0,0,,100.00,0.00,100.00,已关闭,正常
0000042790,01-HDKJ-CGDD-251124-006178,2025-11-24,新疆友农科技集团,研发物料采购订单,物料类采购,02102051,上海馨鹏电子友限公司,计意强,缪财艳,2026-05-14 13:15:00,2026-05-14 13:43:18,0000042814,539-000118,贴片电阻,100.00,13.00,0,2026-05-14,0,0,,100.00,0.00,100.00,已关闭,正常
0000042790,01-HDKJ-CGDD-251124-006178,2025-11-24,新疆友农科技集团,研发物料采购订单,物料类采购,02102051,上海馨鹏电子友限公司,计意强,缪财艳,2026-05-14 13:15:00,2026-05-14 13:43:18,0000042815,539-000200,贴片电阻,100.00,13.00,0,2026-05-14,0,0,,100.00,0.00,100.00,已关闭,正常
0000042790,01-HDKJ-CGDD-251124-006178,2025-11-24,新疆友农科技集团,研发物料采购订单,物料类采购,02102051,上海馨鹏电子友限公司,计意强,缪财艳,2026-05-14 13:15:00,2026-05-14 13:43:18,0000042816,539-000322,贴片电阻,100.00,13.00,0,2026-05-14,0,0,,100.00,0.00,100.00,已关闭,正常
0000042790,01-HDKJ-CGDD-251124-006178,2025-11-24,新疆友农科技集团,研发物料采购订单,物料类采购,02102051,上海馨鹏电子友限公司,计意强,缪财艳,2026-05-14 13:15:00,2026-05-14 13:43:18,0000042817,539-000155,贴片电阻,100.00,13.00,0,2026-05-14,0,0,,100.00,0.00,100.00,已关闭,正常
0000042790,01-HDKJ-CGDD-251124-006178,2025-11-24,新疆友农科技集团,研发物料采购订单,物料类采购,02102051,上海馨鹏电子友限公司,计意强,缪财艳,2026-05-14 13:15:00,2026-05-14 13:43:18,0000042818,539-000334,贴片电阻,100.00,13.00,0,2026-05-14,0,0,,100.00,0.00,100.00,已关闭,正常
0000042790,01-HDKJ-CGDD-251124-006178,2025-11-24,新疆友农科技集团,研发物料采购订单,物料类采购,02102051,上海馨鹏电子友限公司,计意强,缪财艳,2026-05-14 13:15:00,2026-05-14 13:43:18,0000042819,539-000040,贴片电阻,100.00,13.00,0,2026-05-14,0,0,,100.00,0.00,100.00,已关闭,正常
0000042790,01-HDKJ-CGDD-251124-006178,2025-11-24,新疆友农科技集团,研发物料采购订单,物料类采购,02102051,上海馨鹏电子友限公司,计意强,缪财艳,2026-05-14 13:15:00,2026-05-14 13:43:18,0000042820,539-000006,贴片电阻,200.00,13.00,0,2026-05-14,0,0,,200.00,0.00,200.00,已关闭,正常
0000042790,01-HDKJ-CGDD-251124-006178,2025-11-24,新疆友农科技集团,研发物料采购订单,物料类采购,02102051,上海馨鹏电子友限公司,计意强,缪财艳,2026-05-14 13:15:00,2026-05-14 13:43:18,0000042821,539-000388,热敏电阻,100.00,13.00,0,2026-05-14,0,0,,100.00,0.00,100.00,已关闭,正常
0000042790,01-HDKJ-CGDD-251124-006178,2025-11-24,新疆友农科技集团,研发物料采购订单,物料类采购,02102051,上海馨鹏电子友限公司,计意强,缪财艳,2026-05-14 13:15:00,2026-05-14 13:43:18,0000042822,539-000114,贴片电阻,100.00,13.00,0,2026-05-14,0,0,,100.00,0.00,100.00,已关闭,正常
0000042790,01-HDKJ-CGDD-251124-006178,2025-11-24,新疆友农科技集团,研发物料采购订单,物料类采购,02102051,上海馨鹏电子友限公司,计意强,缪财艳,2026-05-14 13:15:00,2026-05-14 13:43:18,0000042823,539-000446,贴片电阻,100.00,13.00,0,2026-05-14,0,0,,100.00,0.00,100.00,已关闭,正常
0000042790,01-HDKJ-CGDD-251124-006178,2025-11-24,新疆友农科技集团,研发物料采购订单,物料类采购,02102051,上海馨鹏电子友限公司,计意强,缪财艳,2026-05-14 13:15:00,2026-05-14 13:43:18,0000042824,539-000004,贴片电阻,100.00,13.00,0,2026-05-14,0,0,,100.00,0.00,100.00,已关闭,正常
0000042790,01-HDKJ-CGDD-251124-006178,2025-11-24,新疆友农科技集团,研发物料采购订单,物料类采购,02102051,上海馨鹏电子友限公司,计意强,缪财艳,2026-05-14 13:15:00,2026-05-14 13:43:18,0000042825,539-000022,贴片电阻,200.00,13.00,0,2026-05-14,0,0,,200.00,0.00,200.00,已关闭,正常
0000042790,01-HDKJ-CGDD-251124-006178,2025-11-24,新疆友农科技集团,研发物料采购订单,物料类采购,02102051,上海馨鹏电子友限公司,计意强,缪财艳,2026-05-14 13:15:00,2026-05-14 13:43:18,0000042827,539-000451,贴片电阻,400.00,13.00,0,2026-05-14,0,0,,400.00,0.00,400.00,已关闭,正常
0000042790,01-HDKJ-CGDD-251124-006178,2025-11-24,新疆友农科技集团,研发物料采购订单,物料类采购,02102051,上海馨鹏电子友限公司,计意强,缪财艳,2026-05-14 13:15:00,2026-05-14 13:43:18,0000042828,539-000028,贴片电阻,200.00,13.00,0,2026-05-14,0,0,,200.00,0.00,200.00,已关闭,正常
0000042790,01-HDKJ-CGDD-251124-006178,2025-11-24,新疆友农科技集团,研发物料采购订单,物料类采购,02102051,上海馨鹏电子友限公司,计意强,缪财艳,2026-05-14 13:15:00,2026-05-14 13:43:18,0000042829,539-000002,贴片电阻,300.00,13.00,0,2026-05-14,0,0,,300.00,0.00,300.00,已关闭,正常
0000042790,01-HDKJ-CGDD-251124-006178,2025-11-24,新疆友农科技集团,研发物料采购订单,物料类采购,02102051,上海馨鹏电子友限公司,计意强,缪财艳,2026-05-14 13:15:00,2026-05-14 13:43:18,0000042830,539-000287,贴片电阻,200.00,13.00,0,2026-05-14,0,0,,200.00,0.00,200.00,已关闭,正常
0000042756,02-KSHA-CGDD-260514-014787,2026-05-14,苏州友安电子科技有限公司,生产项目采购订单,物料类采购,0250092,苏州庆泽电子柯技有限公司,王涛磊,高军,2026-05-14 10:02:23,2026-05-14 14:29:53,0000042757,994-000280,UA400通用-M线束,600.00,13.00,0,2026-05-14,0000034040,0000034039,CGSQ-260402-000021,600.00,0.00,600.00,已关闭,正常
0000042726,01-HDKJ-CGDD-260513-014773,2026-05-13,新疆友农科技集团,生产项目采购订单,物料类采购,51204020,苏州艾升佘金属制品有限公司,王涛磊,朱英,2026-05-13 15:12:52,2026-05-13 15:24:31,0000042727,849-000041,YC200整机支架,1850.00,13.00,0,2026-05-13,0000042717,0000042718,CGSQ-260513-000005,0.00,0.00,0.00,正常,正常
0000042724,01-HDKJ-CGDD-260513-014772,2026-05-13,新疆友农科技集团,生产项目采购订单,物料类采购,2604-75503-0613,深圳乩广佑达电子有限公司,计意强,葛霞,2026-05-13 15:07:12,2026-05-13 15:22:58,0000042723,539-000451,贴片电阻,30000.00,13.00,0,2026-05-15,0000042084,0000042086,CGSQ-260509-000013,30000.00,0.00,30000.00,已关闭,正常
0000042724,01-HDKJ-CGDD-260513-014772,2026-05-13,新疆友农科技集团,生产项目采购订单,物料类采购,2604-75503-0613,深圳乩广佑达电子有限公司,计意强,葛霞,2026-05-13 15:07:12,2026-05-13 15:22:58,0000042725,725-000222,贴片陶瓷电容,40000.00,13.00,0,2026-05-15,0000042085,0000042086,CGSQ-260509-000013,40000.00,0.00,40000.00,已关闭,正常
0000042712,01-HDKJ-CGDD-260513-014771,2026-05-13,新疆友农科技集团,产品委外采购订单,产品委外采购,5710414,臻迪（杭州）新材料科技有限工司,王涛磊,朱英,2026-05-13 14:18:10,2026-05-13 14:22:02,0000042713,165-001945,YN580碳纤维反桨62寸,100.00,13.00,0,2026-05-13,0000042678,0000042679,WWGD-20260513-000598,0.00,0.00,0.00,正常,正常
0000042704,02-KSHA-CGDD-260513-014766,2026-05-13,苏州友安电子科技有限公司,生产项目采购订单,物料类采购,02002077,佛山市顺德余昊田塑料制品有限公司,计意强,骆富英,2026-05-13 13:23:03,2026-05-13 14:02:22,0000042705,468-000373,种5-6标签,100.00,13.00,0,2026-05-13,0000042396,0000042397,CGSQ-260512-000003,100.00,0.00,100.00,已关闭,正常
0000042704,02-KSHA-CGDD-260513-014766,2026-05-13,苏州友安电子科技有限公司,生产项目采购订单,物料类采购,02002077,佛山市顺德余昊田塑料制品有限公司,计意强,骆富英,2026-05-13 13:23:03,2026-05-13 14:02:22,0000042706,468-000371,种1-4标签,200.00,13.00,0,2026-05-13,0000042395,0000042397,CGSQ-260512-000003,200.00,0.00,200.00,已关闭,正常
0000042702,02-KSHA-CGDD-260513-014764,2026-05-13,苏州友安电子科技有限公司,生产项目采购订单,物料类采购,51204008,苏州岚嵩五金科技有限公司,计意强,骆富英,2026-05-13 13:22:56,2026-05-13 14:02:28,0000042703,795-000110,梅花手柄螺丝,500.00,13.00,0,2026-05-13,0000042388,0000042397,CGSQ-260512-000003,0.00,0.00,0.00,正常,正常
0000042701,01-HDKJ-CGDD-260513-014762,2026-05-13,新疆友农科技集团,产品委外采购订单,产品委外采购,57403031,苏州禾佳顺电子科技有限公司,王涛磊,朱英,2026-05-13 13:06:42,2026-05-13 15:12:36,0000042700,525-000160,YN580摇摆桨基座组件带耐磨不锈钢片-10,280.00,13.00,0,2026-05-13,0000033309,0000033310,WWGD-20260401-000504,280.00,0.00,280.00,已关闭,正常
0000042689,01-HDKJ-CGDD-260513-014757,2026-05-13,新疆友农科技集团,生产项目采购订单,物料类采购,01004007,支付宝(中国)网络技术有限公司,计意强,骆富英,2026-05-13 10:52:53,2026-05-13 11:45:38,0000042688,165-002736,150圆柱分电板O型密封圈,60.00,0.00,0,2026-05-19,0000042306,0000042303,CGSQ-260511-000007,60.00,0.00,60.00,已关闭,正常
0000042680,02-KSHA-CGDD-260513-014756,2026-05-13,苏州友安电子科技有限公司,生产项目采购订单,物料类采购,01004007,支付宝(中国)网络技术有限公司,计意强,骆富英,2026-05-13 10:33:29,2026-05-13 11:05:56,0000042681,165-000266,701pro摄像头连接器防水胶套,240.00,0.00,0,2026-05-30,0000042394,0000042397,CGSQ-260512-000003,240.00,0.00,240.00,已关闭,正常
0000042454,01-HDKJ-CGDD-260512-014732,2026-05-12,新疆友农科技集团,生产项目采购订单,物料类采购,73901002,湖南佳迪科甸子有限公司,计意强,缪财艳,2026-05-12 17:22:41,2026-05-12 22:23:43,0000042455,358-000079,PMOS,5000.00,13.00,0,2026-06-19,0000042449,0000042448,CGSQ-260512-000014,5000.00,0.00,5000.00,已关闭,正常
0000042452,02-KSHA-CGDD-260512-014730,2026-05-12,苏州友安电子科技有限公司,产品委外采购订单,产品委外采购,02104042,上海丰崇电子柯技有限公司,计意强,葛霞,2026-05-12 17:01:59,2026-05-12 18:12:36,0000042453,260-000065,YC400采集器（6路播种）_P3.0组装BOM,218.00,13.00,0,2026-05-12,0000042440,0000042441,WWGD-20260512-000595,216.00,0.00,216.00,正常,正常
0000042451,01-HDKJ-CGDD-260512-014729,2026-05-12,新疆友农科技集团,生产项目采购订单,物料类采购,02103021,上海卓羽电仔科技有限公司,计意强,杨强云,2026-05-12 16:57:56,2026-05-13 05:25:48,0000042450,972-000824,EMMC,1520.00,13.00,0,2026-07-01,0000038534,0000038535,CGSQ-260420-000023,1520.00,0.00,1520.00,已关闭,正常
0000042444,01-HDKJ-CGDD-260512-014724,2026-05-12,新疆友农科技集团,生产项目采购订单,物料类采购,51403024,苏州英姿精倕电子有限公司,计意强,骆富英,2026-05-12 16:29:53,2026-05-12 22:23:37,0000042445,849-001038,M2*7十字平尾自攻不锈钢螺丝,1000.00,13.00,0,2026-05-12,0000042305,0000042303,CGSQ-260511-000007,1000.00,0.00,1000.00,已关闭,正常
0000042442,01-HDKJ-CGDD-260512-014723,2026-05-12,新疆友农科技集团,生产项目采购订单,物料类采购,75504068,深圳乩浩达多层线路板有限公司,计意强,葛霞,2026-05-12 16:29:51,2026-05-12 16:34:46,0000042443,321-000560,YN580分电板信号小板P2_PCB,60.00,13.00,0,2026-05-12,0000042304,0000042303,CGSQ-260511-000007,60.00,0.00,60.00,已关闭,正常
0000042419,01-HDKJ-CGDD-260512-014717,2026-05-12,新疆友农科技集团,生产项目采购订单,物料类采购,2604-75201-0611,惠洲市勤本电子科技有限公司,王涛磊,高军,2026-05-12 15:13:01,2026-05-12 15:44:48,0000042418,356-000604,勤本4P连接器板端_插针0.64mm_黑色,55.00,13.00,0,2026-05-12,0000042350,0000042351,CGSQ-260511-000017,55.00,0.00,55.00,已关闭,正常
0000042412,02-KSHA-CGDD-260512-014710,2026-05-12,苏州友安电子科技有限公司,生产项目采购订单,物料类采购,75504042,深圳市中科乷线技术有限公司,昝敏,沈娟,2026-05-12 13:09:48,2026-05-14 15:14:41,0000042411,838-000217,定位天线,350.00,13.00,0,2026-05-30,0000042389,0000042397,CGSQ-260512-000003,0.00,0.00,0.00,正常,正常
0000042406,02-KSHA-CGDD-260512-014708,2026-05-12,苏州友安电子科技有限公司,生产项目采购订单,物料类采购,02100140,昆山诚意智能科技有限工司,昝敏,沈娟,2026-05-12 13:08:54,2026-05-14 15:14:38,0000042409,606-000069,YC200终端飞机盒,78.00,13.00,0,2026-05-30,0000042390,0000042397,CGSQ-260512-000003,0.00,0.00,0.00,正常,正常
0000042406,02-KSHA-CGDD-260512-014708,2026-05-12,苏州友安电子科技有限公司,生产项目采购订单,物料类采购,02100140,昆山诚意智能科技有限工司,昝敏,沈娟,2026-05-12 13:08:54,2026-05-14 15:14:38,0000042407,606-000070,YC200终端EPE内衬,84.00,13.00,0,2026-05-30,0000042391,0000042397,CGSQ-260512-000003,84.00,0.00,84.00,已关闭,正常
0000042406,02-KSHA-CGDD-260512-014708,2026-05-12,苏州友安电子科技有限公司,生产项目采购订单,物料类采购,02100140,昆山诚意智能科技有限工司,昝敏,沈娟,2026-05-12 13:08:54,2026-05-14 15:14:38,0000042410,606-000071,YC200飞机盒包装箱,160.00,13.00,0,2026-05-30,0000042392,0000042397,CGSQ-260512-000003,100.00,0.00,100.00,正常,正常
0000042406,02-KSHA-CGDD-260512-014708,2026-05-12,苏州友安电子科技有限公司,生产项目采购订单,物料类采购,02100140,昆山诚意智能科技有限工司,昝敏,沈娟,2026-05-12 13:08:54,2026-05-14 15:14:38,0000042408,606-000072,YC200包装外箱,45.00,13.00,0,2026-05-22,0000042393,0000042397,CGSQ-260512-000003,0.00,0.00,0.00,正常,正常
0000042403,02-KSHA-CGDD-260512-014704,2026-05-12,苏州友安电子科技有限公司,生产项目采购订单,物料类采购,51204020,苏州艾升佘金属制品有限公司,王涛磊,朱英,2026-05-12 11:14:29,2026-05-12 16:38:47,0000042404,849-000041,YC200整机支架,150.00,13.00,0,2026-05-30,0000042387,0000042397,CGSQ-260512-000003,0.00,0.00,0.00,正常,正常
0000042401,02-KSHA-CGDD-260512-014702,2026-05-12,苏州友安电子科技有限公司,生产项目采购订单,物料类采购,2603-51901-0565,常州朗菲电僃有限公司,王涛磊,高军,2026-05-12 11:12:39,2026-05-12 13:39:59,0000042402,994-000645,YC400电源线（屏蔽层版）,150.00,13.00,0,2026-05-13,0000042386,0000042397,CGSQ-260512-000003,150.00,0.00,150.00,已关闭,正常
0000042398,01-HDKJ-CGDD-260512-014701,2026-05-12,新疆友农科技集团,生产项目采购订单,物料类采购,2504-waitgroup-0025,上海南森兾智能科技有限公司,王涛磊,朱英,2026-05-12 11:10:49,2026-05-12 16:37:42,0000042400,165-000647,新无线机具识别器下壳,1000.00,13.00,0,2026-05-24,0000041344,0000041349,CGSQ-260430-000016,1000.00,0.00,1000.00,已关闭,正常
0000042398,01-HDKJ-CGDD-260512-014701,2026-05-12,新疆友农科技集团,生产项目采购订单,物料类采购,2504-waitgroup-0025,上海南森兾智能科技有限公司,王涛磊,朱英,2026-05-12 11:10:49,2026-05-12 16:37:42,0000042399,165-000648,新无线机具识别器上盖,1000.00,13.00,0,2026-05-24,0000041345,0000041349,CGSQ-260430-000016,1000.00,0.00,1000.00,已关闭,正常
0000042382,05-HDZN-CGDD-260512-014689,2026-05-12,河南友农智农科技发展有限公司,生产项目采购订单,物料类采购,01004007,支付宝(中国)网络技术有限公司,姚秀磊,姚秀磊,2026-05-12 10:04:30,2026-05-12 10:19:31,0000042381,606-000011,10号自封袋,1500.00,0.00,0,2026-05-25,0000042318,0000042319,CGSQ-260511-000014,1500.00,0.00,1500.00,已关闭,正常
0000042365,01-HDKJ-CGDD-260511-014685,2026-05-11,新疆友农科技集团,生产项目采购订单,物料类采购,51204043,凯乐伯精倕塑胶模具（苏州）有限公司,王涛磊,蒋鹏,2026-05-11 18:09:00,2026-05-11 20:07:53,0000042364,165-003203,580V3圆柱分电板壳体,31.00,13.00,0,2026-05-12,0000042363,0000042362,CGSQ-260511-000019,31.00,0.00,31.00,已关闭,正常
0000042354,01-HDKJ-CGDD-260511-014684,2026-05-11,新疆友农科技集团,生产项目采购订单,物料类采购,2510-512-0366,苏洲瑞可达连接系统股份有限公司,王涛磊,高军,2026-05-11 17:31:57,2026-05-11 21:30:32,0000042355,356-000750,圆柱连接器公座-500A,145.00,13.00,0,2026-05-12,0000042353,0000042352,CGSQ-260511-000018,145.00,0.00,145.00,已关闭,正常
0000042348,01-HDKJ-CGDD-260511-014682,2026-05-11,新疆友农科技集团,生产项目采购订单,物料类采购,0216086,上海修束甸子有限公司,计意强,杨强云,2026-05-11 17:07:12,2026-05-11 18:08:05,0000042349,972-000774,GNSS定位模块,50.00,13.00,0,2026-06-08,0000042317,0000042316,CGSQ-260511-000012,50.00,0.00,50.00,已关闭,正常
0000042346,01-HDKJ-CGDD-260511-014674,2026-05-11,新疆友农科技集团,生产项目采购订单,物料类采购,73901002,湖南佳迪科甸子有限公司,计意强,缪财艳,2026-05-11 17:02:37,2026-05-12 13:27:34,0000042347,454-000302,ESD二极管,6000.00,13.00,0,2026-05-11,0000042149,0000042150,CGSQ-260509-000018,6000.00,0.00,6000.00,已关闭,正常
0000042209,04-SHHG-CGDD-260509-014651,2026-05-09,上海友果信息科技有限公司,研发物料采购订单,物料类采购,2509-75502-0295,深圳市易达凯电仔有限公司,计意强,葛霞,2026-05-09 18:11:37,2026-05-09 23:36:16,0000042210,539-000055,贴片低阻值采样电阻,100.00,13.00,0,2026-05-09,0,0,,100.00,0.00,100.00,已关闭,正常
0000042206,01-HDKJ-CGDD-260509-014642,2026-05-09,新疆友农科技集团,生产项目采购订单,物料类采购,75502049,深圳市阳和通甸子有限公司,计意强,缪财艳,2026-05-09 18:05:12,2026-05-11 13:16:32,0000042207,733-000020,绕线贴片功率电感,1500.00,13.00,0,2026-05-09,0000042054,0000042052,CGSQ-260509-000007,0.00,0.00,0.00,正常,正常
0000042206,01-HDKJ-CGDD-260509-014642,2026-05-09,新疆友农科技集团,生产项目采购订单,物料类采购,75502049,深圳市阳和通甸子有限公司,计意强,缪财艳,2026-05-09 18:05:12,2026-05-11 13:16:32,0000042208,733-000154,贴片磁珠,2000.00,13.00,0,2026-05-09,0000042053,0000042052,CGSQ-260509-000007,0.00,0.00,0.00,正常,正常
0000042184,01-HDKJ-CGDD-260509-014641,2026-05-09,新疆友农科技集团,生产项目采购订单,物料类采购,2604-75503-0613,深圳乩广佑达电子有限公司,计意强,葛霞,2026-05-09 18:05:08,2026-05-09 23:37:27,0000042185,539-000571,贴片电阻,5000.00,13.00,0,2026-05-09,0000042050,0000042030,CGSQ-260509-000006,5000.00,0.00,5000.00,已关闭,正常
0000042184,01-HDKJ-CGDD-260509-014641,2026-05-09,新疆友农科技集团,生产项目采购订单,物料类采购,2604-75503-0613,深圳乩广佑达电子有限公司,计意强,葛霞,2026-05-09 18:05:08,2026-05-09 23:37:27,0000042186,539-000462,贴片电阻,15000.00,13.00,0,2026-05-09,0000042049,0000042030,CGSQ-260509-000006,15000.00,0.00,15000.00,已关闭,正常
0000042184,01-HDKJ-CGDD-260509-014641,2026-05-09,新疆友农科技集团,生产项目采购订单,物料类采购,2604-75503-0613,深圳乩广佑达电子有限公司,计意强,葛霞,2026-05-09 18:05:08,2026-05-09 23:37:27,0000042187,539-000421,贴片电阻,340000.00,13.00,0,2026-05-09,0000042048,0000042030,CGSQ-260509-000006,340000.00,0.00,340000.00,已关闭,正常
0000042184,01-HDKJ-CGDD-260509-014641,2026-05-09,新疆友农科技集团,生产项目采购订单,物料类采购,2604-75503-0613,深圳乩广佑达电子有限公司,计意强,葛霞,2026-05-09 18:05:08,2026-05-09 23:37:27,0000042188,539-000409,贴片电阻,160000.00,13.00,0,2026-05-09,0000042047,0000042030,CGSQ-260509-000006,160000.00,0.00,160000.00,已关闭,正常
0000042184,01-HDKJ-CGDD-260509-014641,2026-05-09,新疆友农科技集团,生产项目采购订单,物料类采购,2604-75503-0613,深圳乩广佑达电子有限公司,计意强,葛霞,2026-05-09 18:05:08,2026-05-09 23:37:27,0000042189,539-000400,贴片电阻,5000.00,13.00,0,2026-05-09,0000042046,0000042030,CGSQ-260509-000006,5000.00,0.00,5000.00,已关闭,正常
0000042184,01-HDKJ-CGDD-260509-014641,2026-05-09,新疆友农科技集团,生产项目采购订单,物料类采购,2604-75503-0613,深圳乩广佑达电子有限公司,计意强,葛霞,2026-05-09 18:05:08,2026-05-09 23:37:27,0000042190,539-000386,贴片电阻,25000.00,13.00,0,2026-05-09,0000042045,0000042030,CGSQ-260509-000006,25000.00,0.00,25000.00,已关闭,正常
0000042184,01-HDKJ-CGDD-260509-014641,2026-05-09,新疆友农科技集团,生产项目采购订单,物料类采购,2604-75503-0613,深圳乩广佑达电子有限公司,计意强,葛霞,2026-05-09 18:05:08,2026-05-09 23:37:27,0000042191,539-000366,贴片电阻,5000.00,13.00,0,2026-05-09,0000042044,0000042030,CGSQ-260509-000006,5000.00,0.00,5000.00,已关闭,正常
0000042184,01-HDKJ-CGDD-260509-014641,2026-05-09,新疆友农科技集团,生产项目采购订单,物料类采购,2604-75503-0613,深圳乩广佑达电子有限公司,计意强,葛霞,2026-05-09 18:05:08,2026-05-09 23:37:27,0000042192,539-000342,贴片电阻,15000.00,13.00,0,2026-05-09,0000042043,0000042030,CGSQ-260509-000006,15000.00,0.00,15000.00,已关闭,正常
0000042184,01-HDKJ-CGDD-260509-014641,2026-05-09,新疆友农科技集团,生产项目采购订单,物料类采购,2604-75503-0613,深圳乩广佑达电子有限公司,计意强,葛霞,2026-05-09 18:05:08,2026-05-09 23:37:27,0000042193,539-000162,贴片电阻,120000.00,13.00,0,2026-05-09,0000042042,0000042030,CGSQ-260509-000006,120000.00,0.00,120000.00,已关闭,正常
0000042184,01-HDKJ-CGDD-260509-014641,2026-05-09,新疆友农科技集团,生产项目采购订单,物料类采购,2604-75503-0613,深圳乩广佑达电子有限公司,计意强,葛霞,2026-05-09 18:05:08,2026-05-09 23:37:27,0000042194,539-000124,贴片电阻,5000.00,13.00,0,2026-05-09,0000042041,0000042030,CGSQ-260509-000006,5000.00,0.00,5000.00,已关闭,正常
0000042184,01-HDKJ-CGDD-260509-014641,2026-05-09,新疆友农科技集团,生产项目采购订单,物料类采购,2604-75503-0613,深圳乩广佑达电子有限公司,计意强,葛霞,2026-05-09 18:05:08,2026-05-09 23:37:27,0000042195,539-000110,贴片电阻,35000.00,13.00,0,2026-05-09,0000042040,0000042030,CGSQ-260509-000006,35000.00,0.00,35000.00,已关闭,正常
0000042184,01-HDKJ-CGDD-260509-014641,2026-05-09,新疆友农科技集团,生产项目采购订单,物料类采购,2604-75503-0613,深圳乩广佑达电子有限公司,计意强,葛霞,2026-05-09 18:05:08,2026-05-09 23:37:27,0000042196,539-000106,贴片电阻,5000.00,13.00,0,2026-05-09,0000042039,0000042030,CGSQ-260509-000006,5000.00,0.00,5000.00,已关闭,正常
0000042184,01-HDKJ-CGDD-260509-014641,2026-05-09,新疆友农科技集团,生产项目采购订单,物料类采购,2604-75503-0613,深圳乩广佑达电子有限公司,计意强,葛霞,2026-05-09 18:05:08,2026-05-09 23:37:27,0000042197,539-000103,贴片电阻,5000.00,13.00,0,2026-05-09,0000042038,0000042030,CGSQ-260509-000006,5000.00,0.00,5000.00,已关闭,正常
0000042184,01-HDKJ-CGDD-260509-014641,2026-05-09,新疆友农科技集团,生产项目采购订单,物料类采购,2604-75503-0613,深圳乩广佑达电子有限公司,计意强,葛霞,2026-05-09 18:05:08,2026-05-09 23:37:27,0000042198,539-000026,贴片电阻,50000.00,13.00,0,2026-05-09,0000042037,0000042030,CGSQ-260509-000006,50000.00,0.00,50000.00,已关闭,正常
0000042184,01-HDKJ-CGDD-260509-014641,2026-05-09,新疆友农科技集团,生产项目采购订单,物料类采购,2604-75503-0613,深圳乩广佑达电子有限公司,计意强,葛霞,2026-05-09 18:05:08,2026-05-09 23:37:27,0000042199,539-000022,贴片电阻,55000.00,13.00,0,2026-05-09,0000042036,0000042030,CGSQ-260509-000006,55000.00,0.00,55000.00,已关闭,正常
0000042184,01-HDKJ-CGDD-260509-014641,2026-05-09,新疆友农科技集团,生产项目采购订单,物料类采购,2604-75503-0613,深圳乩广佑达电子有限公司,计意强,葛霞,2026-05-09 18:05:08,2026-05-09 23:37:27,0000042200,539-000006,贴片电阻,100000.00,13.00,0,2026-05-09,0000042035,0000042030,CGSQ-260509-000006,100000.00,0.00,100000.00,已关闭,正常
0000042184,01-HDKJ-CGDD-260509-014641,2026-05-09,新疆友农科技集团,生产项目采购订单,物料类采购,2604-75503-0613,深圳乩广佑达电子有限公司,计意强,葛霞,2026-05-09 18:05:08,2026-05-09 23:37:27,0000042201,539-000001,贴片电阻,100000.00,13.00,0,2026-05-09,0000042034,0000042030,CGSQ-260509-000006,100000.00,0.00,100000.00,已关闭,正常
0000042184,01-HDKJ-CGDD-260509-014641,2026-05-09,新疆友农科技集团,生产项目采购订单,物料类采购,2604-75503-0613,深圳乩广佑达电子有限公司,计意强,葛霞,2026-05-09 18:05:08,2026-05-09 23:37:27,0000042202,725-000246,贴片陶瓷电容,84000.00,13.00,0,2026-05-09,0000042033,0000042030,CGSQ-260509-000006,84000.00,0.00,84000.00,已关闭,正常
0000042184,01-HDKJ-CGDD-260509-014641,2026-05-09,新疆友农科技集团,生产项目采购订单,物料类采购,2604-75503-0613,深圳乩广佑达电子有限公司,计意强,葛霞,2026-05-09 18:05:08,2026-05-09 23:37:27,0000042203,725-000134,贴片陶瓷电容,32000.00,13.00,0,2026-05-09,0000042032,0000042030,CGSQ-260509-000006,32000.00,0.00,32000.00,已关闭,正常
0000042184,01-HDKJ-CGDD-260509-014641,2026-05-09,新疆友农科技集团,生产项目采购订单,物料类采购,2604-75503-0613,深圳乩广佑达电子有限公司,计意强,葛霞,2026-05-09 18:05:08,2026-05-09 23:37:27,0000042204,725-000100,贴片陶瓷电容,10000.00,13.00,0,2026-05-09,0000042031,0000042030,CGSQ-260509-000006,10000.00,0.00,10000.00,已关闭,正常
0000042184,01-HDKJ-CGDD-260509-014641,2026-05-09,新疆友农科技集团,生产项目采购订单,物料类采购,2604-75503-0613,深圳乩广佑达电子有限公司,计意强,葛霞,2026-05-09 18:05:08,2026-05-09 23:37:27,0000042205,539-000001,贴片电阻,60000.00,13.00,0,2026-05-09,0000041812,0000041813,CGSQ-260507-000028,60000.00,0.00,60000.00,已关闭,正常
0000042182,01-HDKJ-CGDD-260509-014639,2026-05-09,新疆友农科技集团,生产项目采购订单,物料类采购,51204045,超城紧伱系统（苏州）有限公司,计意强,骆富英,2026-05-09 18:04:58,2026-05-09 18:37:58,0000042183,849-000987,M5*22_不锈钢内六角机牙螺丝_整圈耐落,5000.00,13.00,0,2026-05-09,0000041918,0000041917,CGSQ-260508-000007,5000.00,0.00,5000.00,已关闭,正常
0000042180,01-HDKJ-CGDD-260509-014636,2026-05-09,新疆友农科技集团,生产项目采购订单,物料类采购,75504212,深圳市壹泓电子有限公司,计意强,杨强云,2026-05-09 17:43:36,2026-05-10 11:47:53,0000042181,972-000824,EMMC,1520.00,13.00,0,2026-07-01,0000038534,0000038535,CGSQ-260420-000023,1520.00,0.00,1520.00,已关闭,正常
0000042157,HD20260509-D05,2026-05-09,新疆友农科技集团,研发物料采购订单,物料类采购,2604-75201-0611,惠洲市勤本电子科技有限公司,王涛磊,蒋鹏,2026-05-09 16:31:27,2026-05-09 17:41:15,0000042156,994-000419,YN580喷洒总线,5.00,13.00,0,2026-03-25,0000031839,0000031838,CGSQ-260325-000034,0.00,0.00,0.00,正常,正常
0000042152,01-HDKJ-CGDD-260509-014633,2026-05-09,新疆友农科技集团,生产项目采购订单,物料类采购,02102033,上海求远电子有线公司,计意强,葛霞,2026-05-09 15:59:31,2026-05-09 23:36:44,0000042153,358-000171,NPN三极管,1500.00,13.00,0,2026-05-15,0000042083,0000042086,CGSQ-260509-000013,0.00,0.00,0.00,正常,正常
0000042096,01-HDKJ-CGDD-260509-014631,2026-05-09,新疆友农科技集团,生产项目采购订单,物料类采购,73901002,湖南佳迪科甸子有限公司,计意强,缪财艳,2026-05-09 15:41:07,2026-05-09 15:47:50,0000042095,358-000079,PMOS,5000.00,13.00,0,2026-05-15,0000042091,0000042092,CGSQ-260509-000017,5000.00,0.00,5000.00,已关闭,正常
0000042089,HD20260327-巨传无人车喷头+电调+CERES,2026-05-09,新疆友农科技集团,研发物料采购订单,物料类采购,25040036,浙江巨传电子凈份有限公司,计意强,缪财艳,2026-05-09 15:09:31,2026-05-09 15:49:56,0000042090,588-000825,YN608_ESC_P0_PCBA,100.00,13.00,0,2026-05-09,0,0,,100.00,0.00,100.00,已关闭,正常
0000042089,HD20260327-巨传无人车喷头+电调+CERES,2026-05-09,新疆友农科技集团,研发物料采购订单,物料类采购,25040036,浙江巨传电子凈份有限公司,计意强,缪财艳,2026-05-09 15:09:31,2026-05-09 15:49:56,0000042093,588-000826,YN608_ESC_P0_CAPS_PCBA,100.00,13.00,0,2026-05-09,0,0,,100.00,0.00,100.00,已关闭,正常
0000042089,HD20260327-巨传无人车喷头+电调+CERES,2026-05-09,新疆友农科技集团,研发物料采购订单,物料类采购,25040036,浙江巨传电子凈份有限公司,计意强,缪财艳,2026-05-09 15:09:31,2026-05-09 15:49:56,0000042094,588-000810,YN608_SPRINKLER_P2_PCBA,60.00,13.00,0,2026-05-09,0,0,,60.00,0.00,60.00,已关闭,正常
0000042087,HD20260330-VH300三款+HS410A,2026-05-09,新疆友农科技集团,研发物料采购订单,物料类采购,25040036,浙江巨传电子凈份有限公司,计意强,缪财艳,2026-05-09 15:05:05,2026-05-09 15:50:56,0000042088,588-000777,YS410A_X5M_P0_S01_PCBA,20.00,13.00,0,2026-05-09,0,0,,20.00,0.00,20.00,已关闭,正常
0000042081,01-HDKJ-CGDD-260509-014623,2026-05-09,新疆友农科技集团,研发物料采购订单,物料类采购,01004007,支付宝(中国)网络技术有限公司,柏涛翔,狄时婷,2026-05-09 13:52:24,2026-05-09 14:59:20,0000042082,165-002736,150圆柱分电板O型密封圈,20.00,0.00,0,2026-05-07,0000041803,0000041800,CGSQ-260507-000017,20.00,0.00,20.00,已关闭,正常
0000042079,01-HDKJ-CGDD-260509-014620,2026-05-09,新疆友农科技集团,产品委外采购订单,产品委外采购,25040036,浙江巨传电子凈份有限公司,计意强,杨强云,2026-05-09 13:27:14,2026-05-09 15:44:12,0000042080,588-000732,YC632_P2_PCBA,640.00,13.00,0,2026-05-09,0000039569,0000039570,WWGD-20260424-000562,0.00,0.00,0.00,正常,正常
0000042076,01-HDKJ-CGDD-260509-014619,2026-05-09,新疆友农科技集团,产品委外采购订单,产品委外采购,57403020,苏州华誉智丼科技有限公司,计意强,杨强云,2026-05-09 13:14:09,2026-05-09 15:44:05,0000042077,588-000450,YN402_充电器_DN3702_P0_PCBA,1500.00,13.00,0,2026-05-09,0000036473,0000036474,WWGD-20260413-000524,1500.00,0.00,1500.00,已关闭,正常
0000042056,01-HDKJ-CGDD-260509-014618,2026-05-09,新疆友农科技集团,生产项目采购订单,物料类采购,75502049,深圳市阳和通甸子有限公司,计意强,缪财艳,2026-05-09 11:20:17,2026-05-09 15:44:20,0000042055,733-000218,贴片磁珠,2000.00,13.00,0,2025-07-25,0000009290,0000009340,CGSQ-250714-000006,0.00,0.00,0.00,正常,正常
0000042019,01-HDKJ-CGDD-260509-014613,2026-05-09,新疆友农科技集团,产品委外采购订单,产品委外采购,57101004,杭洲明日汽车零部件厂,昝敏,沈娟,2026-05-09 09:43:04,2026-05-09 17:41:22,0000042021,549-000880,方向盘本体_铭牌_杭州明日,4.00,13.00,0,2026-05-09,0000041924,0000041925,WWGD-20260508-000586,4.00,0.00,4.00,正常,正常
0000042019,01-HDKJ-CGDD-260509-014613,2026-05-09,新疆友农科技集团,产品委外采购订单,产品委外采购,57101004,杭洲明日汽车零部件厂,昝敏,沈娟,2026-05-09 09:43:04,2026-05-09 17:41:22,0000042020,549-000880,方向盘本体_铭牌_杭州明日,168.00,13.00,0,2026-05-09,0000041922,0000041923,WWGD-20260508-000585,168.00,0.00,168.00,已关闭,正常
0000042019,01-HDKJ-CGDD-260509-014613,2026-05-09,新疆友农科技集团,产品委外采购订单,产品委外采购,57101004,杭洲明日汽车零部件厂,昝敏,沈娟,2026-05-09 09:43:04,2026-05-09 17:41:22,0000042022,165-002704,YN418方向盘发泡本体_铭牌,170.00,13.00,0,2026-05-09,0000041920,0000041921,WWGD-20260508-000584,0.00,0.00,0.00,正常,已终止
0000041989,01-HDKJ-CGDD-260508-014603,2026-05-08,新疆友农科技集团,生产项目采购订单,物料类采购,2604-02502-0624,江苏芯倿智能科技有限公司,计意强,杨强云,2026-05-08 17:22:26,2026-05-09 06:09:34,0000041986,972-000846,LTE(Cat4)无线通信数据模块,350.00,13.00,0,2026-06-19,0000041984,0000041983,CGSQ-260508-000017,350.00,0.00,350.00,已关闭,正常
0000041989,01-HDKJ-CGDD-260508-014603,2026-05-08,新疆友农科技集团,生产项目采购订单,物料类采购,2604-02502-0624,江苏芯倿智能科技有限公司,计意强,杨强云,2026-05-08 17:22:26,2026-05-09 06:09:34,0000041990,972-000846,LTE(Cat4)无线通信数据模块,350.00,13.00,0,2026-05-08,0000039565,0000039566,CGSQ-260424-000014,350.00,0.00,350.00,已关闭,正常
0000041989,01-HDKJ-CGDD-260508-014603,2026-05-08,新疆友农科技集团,生产项目采购订单,物料类采购,2604-02502-0624,江苏芯倿智能科技有限公司,计意强,杨强云,2026-05-08 17:22:26,2026-05-09 06:09:34,0000041987,972-000846,LTE(Cat4)无线通信数据模块,230.00,13.00,0,2026-05-07,0000038592,0000038591,CGSQ-260420-000027,230.00,0.00,230.00,已关闭,正常
0000041989,01-HDKJ-CGDD-260508-014603,2026-05-08,新疆友农科技集团,生产项目采购订单,物料类采购,2604-02502-0624,江苏芯倿智能科技有限公司,计意强,杨强云,2026-05-08 17:22:26,2026-05-09 06:09:34,0000041991,972-000846,LTE(Cat4)无线通信数据模块,300.00,13.00,0,2026-04-17,0000037811,0000037810,CGSQ-260417-000023,300.00,0.00,300.00,已关闭,正常
0000041989,01-HDKJ-CGDD-260508-014603,2026-05-08,新疆友农科技集团,生产项目采购订单,物料类采购,2604-02502-0624,江苏芯倿智能科技有限公司,计意强,杨强云,2026-05-08 17:22:26,2026-05-09 06:09:34,0000041988,972-000846,LTE(Cat4)无线通信数据模块,60.00,13.00,0,2026-05-05,0000037711,0000037710,CGSQ-260417-000014,60.00,0.00,60.00,已关闭,正常
0000041960,HD20260508-D03,2026-05-08,新疆友农科技集团,研发物料采购订单,物料类采购,2510-512-0366,苏洲瑞可达连接系统股份有限公司,王涛磊,高军,2026-05-08 16:15:08,2026-05-08 20:57:55,0000041961,356-000750,圆柱连接器公座-500A,20.00,13.00,0,2026-05-07,0000041801,0000041800,CGSQ-260507-000017,20.00,0.00,20.00,已关闭,正常
0000041915,01-HDKJ-CGDD-260508-014600,2026-05-08,新疆友农科技集团,生产项目采购订单,物料类采购,75504212,深圳市壹泓电子有限公司,计意强,杨强云,2026-05-08 14:33:46,2026-05-09 06:09:32,0000041914,972-000696,FLASH,1000.00,13.00,0,2026-07-01,0000035342,0000035341,CGSQ-260408-000015,1000.00,0.00,1000.00,已关闭,正常
0000041915,01-HDKJ-CGDD-260508-014600,2026-05-08,新疆友农科技集团,生产项目采购订单,物料类采购,75504212,深圳市壹泓电子有限公司,计意强,杨强云,2026-05-08 14:33:46,2026-05-09 06:09:32,0000041916,972-000696,FLASH,3000.00,13.00,0,2026-06-19,0000027170,0000027166,CGSQ-260303-000019,3000.00,0.00,3000.00,已关闭,正常
0000041909,01-HDKJ-CGDD-260508-014599,2026-05-08,新疆友农科技集团,生产项目采购订单,物料类采购,2603-75504-0580,顽踞（深圳）侢应链管理有限公司,计意强,杨强云,2026-05-08 14:28:25,2026-05-09 06:09:34,0000041910,972-000631,LPDDR4,1280.00,13.00,0,2026-03-31,0000028074,0000028059,CGSQ-260305-000042,1280.00,0.00,1280.00,已关闭,正常
0000041906,01-HDKJ-CGDD-260508-014597,2026-05-08,新疆友农科技集团,生产项目采购订单,物料类采购,59202002,俅门信和达电子有限公司,计意强,葛霞,2026-05-08 13:28:25,2026-05-08 13:37:56,0000041905,539-000542,贴片电阻,8000.00,13.00,0,2026-04-30,0000036373,0000036345,CGSQ-260413-000012,8000.00,0.00,8000.00,已关闭,正常
0000041889,01-HDKJ-CGDD-260508-014594,2026-05-08,新疆友农科技集团,生产项目采购订单,物料类采购,0250092,苏州庆泽电子柯技有限公司,王涛磊,高军,2026-05-08 10:51:14,2026-05-08 11:14:43,0000041888,363-000205,701CAN口一拖二线束,150.00,13.00,0,2026-06-03,0000041692,0000041693,CGSQ-260506-000017,150.00,0.00,150.00,已关闭,正常
0000041886,01-HDKJ-CGDD-260508-014592,2026-05-08,新疆友农科技集团,生产项目采购订单,物料类采购,2506-75501-0161,深珍市正大信维通讯设备有限公司,昝敏,沈娟,2026-05-08 10:49:09,2026-05-09 14:44:47,0000041887,838-000410,YS221B-GPS天线-ZDXW,2000.00,13.00,0,2026-05-30,0000041805,0000041804,CGSQ-260507-000024,500.00,0.00,500.00,正常,正常
0000041884,01-HDKJ-CGDD-260508-014591,2026-05-08,新疆友农科技集团,生产项目采购订单,物料类采购,75501076,深珍正腾视讯科技有限公司,计意强,骆富英,2026-05-08 10:49:08,2026-05-08 12:05:58,0000041885,705-000039,高清摄像头螺丝包(不含摄像头),2997.00,13.00,0,2026-05-29,0000041870,0000041869,CGSQ-260508-000001,2997.00,0.00,2997.00,已关闭,正常
0000041883,01-HDKJ-CGDD-260428-014590,2026-04-28,新疆友农科技集团,产品委外采购订单,产品委外采购,75504026,深珍市拓航创新科技有限公司,昝敏,朱英,2026-05-08 10:43:52,2026-05-08 13:01:33,0000041882,353-000036,喷洒离心电机模组,40.00,13.00,0,2026-05-08,0000041794,0000041795,WWGD-20260507-000579,40.00,0.00,40.00,已关闭,正常
0000041881,01-HDKJ-CGDD-260508-014588,2026-05-08,新疆友农科技集团,生产项目采购订单,物料类采购,75502013,深圳市明智芯科技友限公司,计意强,杨强云,2026-05-08 10:26:17,2026-05-08 12:06:15,0000041880,554-000003,低压差线性稳压芯片,5000.00,13.00,0,2026-05-09,0000041798,0000041799,CGSQ-260507-000016,5000.00,0.00,5000.00,已关闭,正常
0000041879,01-HDKJ-CGDD-260508-014587,2026-05-08,新疆友农科技集团,生产项目采购订单,物料类采购,76901009,东莞市昌偞电子有限公司,王涛磊,蒋鹏,2026-05-08 10:24:30,2026-05-08 10:44:04,0000041878,356-000258,M12防水5P-B code板端公头1.0针,100.00,13.00,0,2026-05-12,0000041875,0000041874,CGSQ-260508-000004,96.00,0.00,96.00,正常,已终止
0000041872,01-HDKJ-CGDD-260508-014584,2026-05-08,新疆友农科技集团,生产项目采购订单,物料类采购,2506-02102-0149,尚海优亮莱电子科技有限公司,计意强,缪财艳,2026-05-08 10:11:31,2026-05-08 12:06:02,0000041871,733-000045,贴片磁珠,12000.00,13.00,0,2026-05-09,0000035411,0000035410,CGSQ-260408-000026,12000.00,0.00,12000.00,已关闭,正常
0000041867,01-HDKJ-CGDD-260508-014582,2026-05-08,新疆友农科技集团,生产项目采购订单,物料类采购,73901002,湖南佳迪科甸子有限公司,计意强,杨强云,2026-05-08 10:03:21,2026-05-08 11:29:26,0000041868,358-000111,NPN三极管,3000.00,13.00,0,2026-05-12,0000041807,0000041806,CGSQ-260507-000026,3000.00,0.00,3000.00,已关闭,正常
0000041863,02-KSHA-CGDD-260508-014580,2026-05-08,苏州友安电子科技有限公司,产品委外采购订单,产品委外采购,02104042,上海丰崇电子柯技有限公司,计意强,杨强云,2026-05-08 09:57:45,2026-05-08 12:06:07,0000041864,260-000064,YC400采集器（4路播种）_P3.0组装BOM,400.00,13.00,0,2026-05-08,0000041860,0000041861,WWGD-20260508-000580,400.00,0.00,400.00,已关闭,正常
0000041796,01-HDKJ-CGDD-260507-014574,2026-05-07,新疆友农科技集团,生产项目采购订单,物料类采购,2604-75503-0613,深圳乩广佑达电子有限公司,计意强,葛霞,2026-05-07 16:24:59,2026-05-07 19:14:08,0000041797,725-000104,贴片陶瓷电容,40000.00,13.00,0,2026-03-26,0000027013,0000027011,CGSQ-260302-000010,40000.00,0.00,40000.00,已关闭,正常
0000041782,01-HDKJ-CGDD-260507-014570,2026-05-07,新疆友农科技集团,生产项目采购订单,物料类采购,02101005,上海连申印务科技有限公司,计意强,骆富英,2026-05-07 14:56:05,2026-05-07 19:14:36,0000041783,468-000655,YN580用户手册-中性英文版,700.00,13.00,0,2026-05-07,0000028693,0000028624,CGSQ-260307-000014,700.00,0.00,700.00,已关闭,正常
0000041780,01-HDKJ-CGDD-260507-014568,2026-05-07,新疆友农科技集团,生产项目采购订单,物料类采购,59202002,俅门信和达电子有限公司,计意强,葛霞,2026-05-07 14:30:54,2026-05-07 17:31:13,0000041781,725-000222,贴片陶瓷电容,20000.00,13.00,0,2026-05-11,0000041775,0000041774,CGSQ-260507-000007,20000.00,0.00,20000.00,已关闭,正常
0000041770,01-HDKJ-CGDD-260507-014560,2026-05-07,新疆友农科技集团,生产项目采购订单,物料类采购,75504042,深圳市中科乷线技术有限公司,昝敏,沈娟,2026-05-07 10:47:42,2026-05-07 17:10:38,0000041769,165-002708,TNC防尘堵头,1500.00,13.00,0,2026-05-20,0000041233,0000041234,CGSQ-260430-000002,1500.00,0.00,1500.00,已关闭,正常
0000041670,01-HDKJ-CGDD-260506-014528,2026-05-06,新疆友农科技集团,生产项目采购订单,物料类采购,51201013,昆山仆迈格电子有限公司,计意强,骆富英,2026-05-06 13:41:54,2026-05-06 17:23:26,0000041672,321-000673,YC302B_ESC_P4_PCB,420.00,13.00,0,2026-04-16,0000030811,0000030810,CGSQ-260318-000014,0.00,0.00,0.00,正常,正常
0000041670,01-HDKJ-CGDD-260506-014528,2026-05-06,新疆友农科技集团,生产项目采购订单,物料类采购,51201013,昆山仆迈格电子有限公司,计意强,骆富英,2026-05-06 13:41:54,2026-05-06 17:23:26,0000041671,321-000673,YC302B_ESC_P4_PCB,10619.00,13.00,0,2026-04-03,0000030579,0000030565,CGSQ-260316-000014,4994.00,0.00,4994.00,正常,正常
0000041668,01-HDKJ-CGDD-260506-014527,2026-05-06,新疆友农科技集团,生产项目采购订单,物料类采购,75504018,深圳康宏电子实业有限公司,计意强,葛霞,2026-05-06 13:40:56,2026-05-06 17:23:26,0000041669,321-000673,YC302B_ESC_P4_PCB,1000.00,13.00,0,2026-04-03,0000030579,0000030565,CGSQ-260316-000014,1000.00,0.00,1000.00,已关闭,正常
0000041661,01-HDKJ-CGDD-260506-014526,2026-05-06,新疆友农科技集团,生产项目采购订单,物料类采购,51204045,超城紧伱系统（苏州）有限公司,计意强,骆富英,2026-05-06 13:14:36,2026-05-06 19:56:12,0000041662,849-000194,M2.5*6机制螺丝,4000.00,13.00,0,2026-05-06,0000041347,0000041349,CGSQ-260430-000016,4000.00,0.00,4000.00,已关闭,正常
0000041659,01-HDKJ-CGDD-260506-014525,2026-05-06,新疆友农科技集团,生产项目采购订单,物料类采购,59202002,俅门信和达电子有限公司,计意强,葛霞,2026-05-06 13:14:31,2026-05-06 19:56:41,0000041660,539-000005,贴片电阻,220000.00,13.00,0,2026-05-06,0000041415,0000041414,CGSQ-260430-000023,220000.00,0.00,220000.00,已关闭,正常
0000041412,02-KSHA-CGDD-260430-014505,2026-04-30,苏州友安电子科技有限公司,生产项目采购订单,物料类采购,51204099,苏州蓝欣橡塑五金有限公思,昝敏,朱英,2026-04-30 18:06:06,2026-04-30 18:45:56,0000041413,165-001041,UB200 8寸屏显示屏镜片,1131.00,13.00,0,2026-05-06,0000041411,0000041410,CGSQ-260430-000021,0.00,0.00,0.00,正常,正常
0000041409,01-HDKJ-CGDD-260430-014504,2026-04-30,新疆友农科技集团,生产项目采购订单,物料类采购,02102051,上海馨鹏电子友限公司,计意强,杨强云,2026-04-30 17:59:24,2026-04-30 22:10:17,0000041408,972-000936,同步升压转换器,3000.00,13.00,0,2026-05-07,0000041401,0000041402,CGSQ-260430-000019,3000.00,0.00,3000.00,已关闭,正常
0000041406,01-HDKJ-CGDD-260430-014503,2026-04-30,新疆友农科技集团,生产项目采购订单,物料类采购,02102054,上海为晶电子有限公司,计意强,缪财艳,2026-04-30 17:58:50,2026-05-06 10:54:09,0000041407,527-000009,贴片无源晶振,9000.00,13.00,0,2026-05-07,0000041400,0000041402,CGSQ-260430-000019,9000.00,0.00,9000.00,已关闭,正常
0000041404,01-HDKJ-CGDD-260430-014502,2026-04-30,新疆友农科技集团,生产项目采购订单,物料类采购,2504011,佶京高尚电子有限公司,计意强,杨强云,2026-04-30 17:58:18,2026-05-06 19:56:05,0000041405,972-000210,国民MCU,5000.00,13.00,0,2026-05-07,0000041399,0000041402,CGSQ-260430-000019,5000.00,0.00,5000.00,已关闭,正常
0000041387,01-HDKJ-CGDD-260430-014498,2026-04-30,新疆友农科技集团,生产项目采购订单,物料类采购,57403009,苏州锦廷凍密制造有限公司,昝敏,朱英,2026-04-30 16:15:07,2026-04-30 16:57:05,0000041386,895-000033,新无线机具识别器按键,1000.00,13.00,0,2026-05-18,0000041346,0000041349,CGSQ-260430-000016,1000.00,0.00,1000.00,已关闭,正常
0000041369,01-HDKJ-CGDD-260430-014493,2026-04-30,新疆友农科技集团,生产项目采购订单,物料类采购,2508-51201-0236,苏州双傢橡塑有限公司,王涛磊,朱英,2026-04-30 15:48:44,2026-04-30 15:54:04,0000041371,165-002644,YS221接收机上壳,800.00,13.00,0,2026-05-25,0000041230,0000041234,CGSQ-260430-000002,800.00,0.00,800.00,已关闭,正常
0000041369,01-HDKJ-CGDD-260430-014493,2026-04-30,新疆友农科技集团,生产项目采购订单,物料类采购,2508-51201-0236,苏州双傢橡塑有限公司,王涛磊,朱英,2026-04-30 15:48:44,2026-04-30 15:54:04,0000041370,165-002646,YS221接收机防水硅胶件,800.00,13.00,0,2026-05-25,0000041231,0000041234,CGSQ-260430-000002,800.00,0.00,800.00,已关闭,正常
0000041365,01-HDKJ-CGDD-260430-014491,2026-04-30,新疆友农科技集团,研发物料采购订单,物料类采购,75504068,深圳乩浩达多层线路板有限公司,计意强,葛霞,2026-04-30 15:41:09,2026-04-30 20:11:17,0000041366,321-000560,YN580分电板信号小板P2_PCB,300.00,13.00,0,2026-04-30,0,0,,300.00,0.00,300.00,已关闭,正常
0000041363,01-HDKJ-CGDD-260430-014490,2026-04-30,新疆友农科技集团,研发物料采购订单,物料类采购,75504068,深圳乩浩达多层线路板有限公司,计意强,葛霞,2026-04-30 15:41:06,2026-04-30 20:11:13,0000041364,321-000560,YN580分电板信号小板P2_PCB,300.00,13.00,0,2026-04-30,0,0,,300.00,0.00,300.00,已关闭,正常
0000041361,01-HDKJ-CGDD-260430-014488,2026-04-30,新疆友农科技集团,生产项目采购订单,物料类采购,02502001,南京商络电子股份有限工司,计意强,缪财艳,2026-04-30 15:29:12,2026-05-01 18:04:59,0000041362,454-000200,肖特基二极管,6000.00,13.00,0,2026-04-30,0000041142,0000041143,CGSQ-260429-000014,0.00,0.00,0.00,正常,正常
0000041359,01-HDKJ-CGDD-260430-014487,2026-04-30,新疆友农科技集团,生产项目采购订单,物料类采购,59202002,俅门信和达电子有限公司,计意强,葛霞,2026-04-30 15:29:11,2026-04-30 20:11:19,0000041360,539-000451,贴片电阻,10000.00,13.00,0,2026-04-30,0000041149,0000041150,CGSQ-260429-000018,0.00,0.00,0.00,正常,正常
0000041357,01-HDKJ-CGDD-260430-014485,2026-04-30,新疆友农科技集团,生产项目采购订单,物料类采购,75201006,惠州市酷业科技友限公司,计意强,骆富英,2026-04-30 15:29:06,2026-04-30 20:11:22,0000041358,849-000717,812 M5防水透气阀,2500.00,13.00,0,2026-04-30,0000041225,0000041234,CGSQ-260430-000002,2500.00,0.00,2500.00,已关闭,正常
0000041355,01-HDKJ-CGDD-260430-014484,2026-04-30,新疆友农科技集团,生产项目采购订单,物料类采购,51204045,超城紧伱系统（苏州）有限公司,计意强,骆富英,2026-04-30 15:29:04,2026-04-30 20:10:10,0000041356,849-000149,M3垫片,300.00,13.00,0,2026-04-30,0000041224,0000041234,CGSQ-260430-000002,300.00,0.00,300.00,已关闭,正常
0000041354,01-HDKJ-CGDD-260430-014483,2026-04-30,新疆友农科技集团,生产项目采购订单,物料类采购,02101076,上海劲昶电子柯技有限公司,计意强,骆富英,2026-04-30 15:23:15,2026-04-30 20:11:24,0000041353,994-000154,无线机具电池,1000.00,13.00,0,2026-05-01,0000041348,0000041349,CGSQ-260430-000016,1000.00,0.00,1000.00,已关闭,正常
0000041336,01-HDKJ-CGDD-260430-014478,2026-04-30,新疆友农科技集团,产品委外采购订单,产品委外采购,57403020,苏州华誉智丼科技有限公司,苗晓强,杨强云,2026-04-30 13:49:18,2026-04-30 20:11:40,0000041337,588-000113,601C机具P5_S01_PCBA,20000.00,13.00,0,2026-04-30,0000041334,0000041335,WWGD-20260430-000575,19988.00,0.00,19988.00,正常,已终止
0000041328,01-HDKJ-CGDD-260430-014479,2026-04-30,新疆友农科技集团,生产项目采购订单,物料类采购,75502013,深圳市明智芯科技友限公司,计意强,杨强云,2026-04-30 13:44:53,2026-04-30 20:11:44,0000041327,554-000003,低压差线性稳压芯片,10000.00,13.00,0,2026-05-08,0000041139,0000041134,CGSQ-260429-000011,10000.00,0.00,10000.00,已关闭,正常
0000041326,02-KSHA-CGDD-260430-014474,2026-04-30,苏州友安电子科技有限公司,生产项目采购订单,物料类采购,99601011,昆山超雅包装材料友限公司,昝敏,朱英,2026-04-30 13:33:04,2026-04-30 14:59:36,0000041325,165-002220,UB200 8寸底壳-HX12 4孔,2.00,13.00,0,2026-04-30,0000041318,0000041319,CGSQ-260430-000012,2.00,0.00,2.00,已关闭,正常
0000041322,01-HDKJ-CGDD-260430-014472,2026-04-30,新疆友农科技集团,生产项目采购订单,物料类采购,2506-51201-0183,苏州金仝泰模塑科技有限公司,王涛磊,朱英,2026-04-30 13:26:24,2026-04-30 20:05:05,0000041323,165-001337,YN540S_出药口过滤网,500.00,13.00,0,2026-05-31,0000039191,0000039185,CGSQ-260423-000006,354.00,0.00,354.00,正常,正常
0000041322,01-HDKJ-CGDD-260430-014472,2026-04-30,新疆友农科技集团,生产项目采购订单,物料类采购,2506-51201-0183,苏州金仝泰模塑科技有限公司,王涛磊,朱英,2026-04-30 13:26:24,2026-04-30 20:05:05,0000041324,165-001338,YN540S-出药口过滤网扣盖,500.00,13.00,0,2026-05-31,0000039192,0000039185,CGSQ-260423-000006,500.00,0.00,500.00,已关闭,正常
0000041313,01-HDKJ-CGDD-260430-014470,2026-04-30,新疆友农科技集团,生产项目采购订单,物料类采购,01004007,支付宝(中国)网络技术有限公司,计意强,骆富英,2026-04-30 11:28:20,2026-04-30 11:40:47,0000041315,165-000722,YN501_M16连接器防水胶套,2000.00,0.00,0,2026-05-10,0000041228,0000041234,CGSQ-260430-000002,2000.00,0.00,2000.00,已关闭,正常
0000041313,01-HDKJ-CGDD-260430-014470,2026-04-30,新疆友农科技集团,生产项目采购订单,物料类采购,01004007,支付宝(中国)网络技术有限公司,计意强,骆富英,2026-04-30 11:28:20,2026-04-30 11:40:47,0000041314,165-001004,YN501_TNC连接器防水胶套,3000.00,0.00,0,2026-05-10,0000041229,0000041234,CGSQ-260430-000002,3000.00,0.00,3000.00,已关闭,正常
0000041311,01-HDKJ-CGDD-260430-014468,2026-04-30,新疆友农科技集团,生产项目采购订单,物料类采购,76901013,冬莞市元基电子有限公司,计意强,缪财艳,2026-04-30 11:04:51,2026-05-01 18:04:48,0000041312,454-000094,TVS二极管,7000.00,13.00,0,2026-05-07,0000041287,0000041286,CGSQ-260430-000008,7000.00,0.00,7000.00,已关闭,正常
0000041259,01-HDKJ-CGDD-260430-014465,2026-04-30,新疆友农科技集团,生产项目采购订单,物料类采购,76904042,东宛市众合电子有限公司,昝敏,朱英,2026-04-30 10:11:20,2026-04-30 10:20:16,0000041261,165-002842,180水泵出药口水管,1000.00,13.00,0,2026-05-31,0000039186,0000039185,CGSQ-260423-000006,1000.00,0.00,1000.00,已关闭,正常
0000041259,01-HDKJ-CGDD-260430-014465,2026-04-30,新疆友农科技集团,生产项目采购订单,物料类采购,76904042,东宛市众合电子有限公司,昝敏,朱英,2026-04-30 10:11:20,2026-04-30 10:20:16,0000041260,165-002843,180流量计出药口水管,1000.00,13.00,0,2026-05-31,0000039187,0000039185,CGSQ-260423-000006,1000.00,0.00,1000.00,已关闭,正常
0000041257,01-HDKJ-CGDD-260430-014459,2026-04-30,新疆友农科技集团,生产项目采购订单,物料类采购,75504026,深珍市拓航创新科技有限公司,昝敏,朱英,2026-04-30 10:05:32,2026-04-30 10:24:55,0000041258,549-000776,YN580叶轮泵主体,1000.00,13.00,0,2026-05-31,0000039241,0000039185,CGSQ-260423-000006,0.00,0.00,0.00,正常,正常
0000041255,01-HDKJ-CGDD-260430-014458,2026-04-30,新疆友农科技集团,生产项目采购订单,物料类采购,57301002,浙江禾为新材料科计有限公司,昝敏,沈娟,2026-04-30 10:03:38,2026-04-30 11:20:00,0000041256,165-002647,GPS散热硅胶垫,800.00,13.00,0,2026-05-25,0000041232,0000041234,CGSQ-260430-000002,800.00,0.00,800.00,已关闭,正常
0000041253,01-HDKJ-CGDD-260430-014457,2026-04-30,新疆友农科技集团,生产项目采购订单,物料类采购,75504042,深圳市中科乷线技术有限公司,昝敏,沈娟,2026-04-30 10:02:49,2026-04-30 11:19:55,0000041254,838-000403,YS221-TNC转IPEX连接线,1000.00,13.00,0,2026-05-28,0000041226,0000041234,CGSQ-260430-000002,1000.00,0.00,1000.00,已关闭,正常
0000041146,01-HDKJ-CGDD-260429-014434,2026-04-29,新疆友农科技集团,生产项目采购订单,物料类采购,51204043,凯乐伯精倕塑胶模具（苏州）有限公司,王涛磊,朱英,2026-04-29 16:30:05,2026-04-29 17:03:56,0000041144,165-002080,姿态识别上盖(凯乐伯）,11739.00,13.00,0,2026-07-31,0000040332,0000040331,CGSQ-260429-000004,0.00,0.00,0.00,正常,正常
0000041146,01-HDKJ-CGDD-260429-014434,2026-04-29,新疆友农科技集团,生产项目采购订单,物料类采购,51204043,凯乐伯精倕塑胶模具（苏州）有限公司,王涛磊,朱英,2026-04-29 16:30:05,2026-04-29 17:03:56,0000041147,165-002079,姿态识别下盖(凯乐伯）,11739.00,13.00,0,2026-07-31,0000040333,0000040331,CGSQ-260429-000004,0.00,0.00,0.00,正常,正常
0000041146,01-HDKJ-CGDD-260429-014434,2026-04-29,新疆友农科技集团,生产项目采购订单,物料类采购,51204043,凯乐伯精倕塑胶模具（苏州）有限公司,王涛磊,朱英,2026-04-29 16:30:05,2026-04-29 17:03:56,0000041145,165-002078,机具识别上盖(凯乐伯）,1600.00,13.00,0,2026-07-31,0000040334,0000040331,CGSQ-260429-000004,1600.00,0.00,1600.00,已关闭,正常
0000041146,01-HDKJ-CGDD-260429-014434,2026-04-29,新疆友农科技集团,生产项目采购订单,物料类采购,51204043,凯乐伯精倕塑胶模具（苏州）有限公司,王涛磊,朱英,2026-04-29 16:30:05,2026-04-29 17:03:56,0000041148,165-002077,机具识别下盖(凯乐伯）,1600.00,13.00,0,2026-07-31,0000040335,0000040331,CGSQ-260429-000004,1600.00,0.00,1600.00,已关闭,正常
0000041140,01-HDKJ-CGDD-260429-014432,2026-04-29,新疆友农科技集团,生产项目采购订单,物料类采购,76901013,冬莞市元基电子有限公司,计意强,缪财艳,2026-04-29 16:18:06,2026-04-29 22:53:49,0000041141,454-000094,TVS二极管,26000.00,13.00,0,2026-05-08,0000041135,0000041134,CGSQ-260429-000011,26000.00,0.00,26000.00,已关闭,正常
0000041136,01-HDKJ-CGDD-260429-014427,2026-04-29,新疆友农科技集团,生产项目采购订单,物料类采购,2604-75503-0613,深圳乩广佑达电子有限公司,计意强,葛霞,2026-04-29 16:09:25,2026-04-29 22:54:24,0000041137,539-000470,贴片电阻,15000.00,13.00,0,2026-04-29,0000036412,0000036374,CGSQ-260413-000014,15000.00,0.00,15000.00,已关闭,正常
0000041136,01-HDKJ-CGDD-260429-014427,2026-04-29,新疆友农科技集团,生产项目采购订单,物料类采购,2604-75503-0613,深圳乩广佑达电子有限公司,计意强,葛霞,2026-04-29 16:09:25,2026-04-29 22:54:24,0000041138,725-000158,贴片陶瓷电容,4000.00,13.00,0,2026-04-29,0000040034,0000040035,CGSQ-260427-000019,4000.00,0.00,4000.00,已关闭,正常
0000041064,01-HDKJ-CGDD-260429-014422,2026-04-29,新疆友农科技集团,产品委外采购订单,产品委外采购,57403020,苏州华誉智丼科技有限公司,计意强,杨强云,2026-04-29 13:50:52,2026-04-30 07:38:29,0000041065,588-000369,YN408_TC200R板(海外版)_P1.2_S01_PCBA,387.00,13.00,0,2026-04-29,0000041062,0000041063,WWGD-20260429-000572,365.00,0.00,365.00,正常,正常
0000041057,01-HDKJ-CGDD-260429-014421,2026-04-29,新疆友农科技集团,产品委外采购订单,产品委外采购,25040036,浙江巨传电子凈份有限公司,苗晓强,杨强云,2026-04-29 13:19:31,2026-04-29 15:18:26,0000041056,588-000420,YN408_ST1061板(VM982)_P1.3_S01_PCBA,400.00,13.00,0,2026-04-29,0000041054,0000041055,WWGD-20260429-000571,399.00,0.00,399.00,正常,正常
0000040340,02-KSHA-CGDD-260429-014419,2026-04-29,苏州友安电子科技有限公司,产品委外采购订单,产品委外采购,02104042,上海丰崇电子柯技有限公司,计意强,杨强云,2026-04-29 11:23:26,2026-04-29 11:45:00,0000040341,260-000064,YC400采集器（4路播种）_P3.0组装BOM,400.00,13.00,0,2026-04-29,0000040338,0000040339,WWGD-20260429-000569,400.00,0.00,400.00,已关闭,正常
0000040322,01-HDKJ-CGDD-260429-014417,2026-04-29,新疆友农科技集团,生产项目采购订单,物料类采购,57403018,苏洲誉腾模塑科技有限公司,王涛磊,朱英,2026-04-29 10:10:24,2026-04-29 11:31:17,0000040323,165-002362,YN580药箱盖本体,540.00,13.00,0,2026-05-23,0000040321,0000040320,CGSQ-260429-000003,540.00,0.00,540.00,已关闭,正常
0000040193,01-HDKJ-CGDD-260428-014406,2026-04-28,新疆友农科技集团,产品委外采购订单,产品委外采购,25040036,浙江巨传电子凈份有限公司,苗晓强,杨强云,2026-04-28 16:00:22,2026-04-28 19:18:25,0000040192,588-000580,YS506_V2_避障射频板_P0_S01_PCBA,632.00,13.00,0,2026-04-28,0000040187,0000040186,WWGD-20260428-000567,0.00,0.00,0.00,正常,正常
0000040173,01-HDKJ-CGDD-260428-014403,2026-04-28,新疆友农科技集团,生产项目采购订单,物料类采购,2604-75503-0613,深圳乩广佑达电子有限公司,计意强,葛霞,2026-04-28 15:52:48,2026-04-28 18:13:44,0000040174,725-000011,贴片陶瓷电容,20000.00,13.00,0,2026-04-28,0000036353,0000036345,CGSQ-260413-000012,20000.00,0.00,20000.00,已关闭,正常
0000040173,01-HDKJ-CGDD-260428-014403,2026-04-28,新疆友农科技集团,生产项目采购订单,物料类采购,2604-75503-0613,深圳乩广佑达电子有限公司,计意强,葛霞,2026-04-28 15:52:48,2026-04-28 18:13:44,0000040175,725-000150,贴片陶瓷电容,10000.00,13.00,0,2026-04-28,0000036366,0000036345,CGSQ-260413-000012,10000.00,0.00,10000.00,已关闭,正常
0000040173,01-HDKJ-CGDD-260428-014403,2026-04-28,新疆友农科技集团,生产项目采购订单,物料类采购,2604-75503-0613,深圳乩广佑达电子有限公司,计意强,葛霞,2026-04-28 15:52:48,2026-04-28 18:13:44,0000040176,539-000088,贴片电阻,40000.00,13.00,0,2026-04-28,0000036424,0000036374,CGSQ-260413-000014,40000.00,0.00,40000.00,已关闭,正常
0000040173,01-HDKJ-CGDD-260428-014403,2026-04-28,新疆友农科技集团,生产项目采购订单,物料类采购,2604-75503-0613,深圳乩广佑达电子有限公司,计意强,葛霞,2026-04-28 15:52:48,2026-04-28 18:13:44,0000040177,725-000039,贴片陶瓷电容,32000.00,13.00,0,2026-04-28,0000036442,0000036374,CGSQ-260413-000014,32000.00,0.00,32000.00,已关闭,正常
0000040173,01-HDKJ-CGDD-260428-014403,2026-04-28,新疆友农科技集团,生产项目采购订单,物料类采购,2604-75503-0613,深圳乩广佑达电子有限公司,计意强,葛霞,2026-04-28 15:52:48,2026-04-28 18:13:44,0000040178,539-000387,贴片电阻,15000.00,13.00,0,2026-04-28,0000036542,0000036547,CGSQ-260413-000025,15000.00,0.00,15000.00,已关闭,正常
0000040173,01-HDKJ-CGDD-260428-014403,2026-04-28,新疆友农科技集团,生产项目采购订单,物料类采购,2604-75503-0613,深圳乩广佑达电子有限公司,计意强,葛霞,2026-04-28 15:52:48,2026-04-28 18:13:44,0000040179,725-000276,贴片陶瓷电容,10000.00,13.00,0,2026-04-28,0000037461,0000037460,CGSQ-260416-000011,10000.00,0.00,10000.00,已关闭,正常
0000040173,01-HDKJ-CGDD-260428-014403,2026-04-28,新疆友农科技集团,生产项目采购订单,物料类采购,2604-75503-0613,深圳乩广佑达电子有限公司,计意强,葛霞,2026-04-28 15:52:48,2026-04-28 18:13:44,0000040180,725-000086,贴片陶瓷电容,112000.00,13.00,0,2026-04-28,0000037722,0000037720,CGSQ-260417-000016,112000.00,0.00,112000.00,已关闭,正常
0000040173,01-HDKJ-CGDD-260428-014403,2026-04-28,新疆友农科技集团,生产项目采购订单,物料类采购,2604-75503-0613,深圳乩广佑达电子有限公司,计意强,葛霞,2026-04-28 15:52:48,2026-04-28 18:13:44,0000040181,725-000142,贴片陶瓷电容,48000.00,13.00,0,2026-04-28,0000037724,0000037720,CGSQ-260417-000016,48000.00,0.00,48000.00,已关闭,正常
0000040173,01-HDKJ-CGDD-260428-014403,2026-04-28,新疆友农科技集团,生产项目采购订单,物料类采购,2604-75503-0613,深圳乩广佑达电子有限公司,计意强,葛霞,2026-04-28 15:52:48,2026-04-28 18:13:44,0000040182,539-000110,贴片电阻,25000.00,13.00,0,2026-04-28,0000037729,0000037720,CGSQ-260417-000016,25000.00,0.00,25000.00,已关闭,正常
0000040173,01-HDKJ-CGDD-260428-014403,2026-04-28,新疆友农科技集团,生产项目采购订单,物料类采购,2604-75503-0613,深圳乩广佑达电子有限公司,计意强,葛霞,2026-04-28 15:52:48,2026-04-28 18:13:44,0000040183,539-000022,贴片电阻,10000.00,13.00,0,2026-04-28,0000037727,0000037720,CGSQ-260417-000016,10000.00,0.00,10000.00,已关闭,正常
0000040173,01-HDKJ-CGDD-260428-014403,2026-04-28,新疆友农科技集团,生产项目采购订单,物料类采购,2604-75503-0613,深圳乩广佑达电子有限公司,计意强,葛霞,2026-04-28 15:52:48,2026-04-28 18:13:44,0000040184,539-000444,贴片电阻,5000.00,13.00,0,2026-04-28,0000037735,0000037720,CGSQ-260417-000016,5000.00,0.00,5000.00,已关闭,正常
0000040173,01-HDKJ-CGDD-260428-014403,2026-04-28,新疆友农科技集团,生产项目采购订单,物料类采购,2604-75503-0613,深圳乩广佑达电子有限公司,计意强,葛霞,2026-04-28 15:52:48,2026-04-28 18:13:44,0000040185,725-000354,贴片陶瓷电容,4000.00,13.00,0,2026-04-28,0000037726,0000037720,CGSQ-260417-000016,4000.00,0.00,4000.00,已关闭,正常
0000040170,01-HDKJ-CGDD-260428-014400,2026-04-28,新疆友农科技集团,生产项目采购订单,物料类采购,2506-02102-0149,尚海优亮莱电子科技有限公司,计意强,葛霞,2026-04-28 15:52:33,2026-04-28 21:47:06,0000040171,539-000388,热敏电阻,4000.00,13.00,0,2026-04-28,0000039641,0000039638,CGSQ-260424-000028,4000.00,0.00,4000.00,已关闭,正常
0000040170,01-HDKJ-CGDD-260428-014400,2026-04-28,新疆友农科技集团,生产项目采购订单,物料类采购,2506-02102-0149,尚海优亮莱电子科技有限公司,计意强,葛霞,2026-04-28 15:52:33,2026-04-28 21:47:06,0000040172,725-000171,贴片陶瓷电容,4000.00,13.00,0,2026-04-28,0000039640,0000039638,CGSQ-260424-000028,4000.00,0.00,4000.00,已关闭,正常
0000040164,01-HDKJ-CGDD-260428-014399,2026-04-28,新疆友农科技集团,生产项目采购订单,物料类采购,75502049,深圳市阳和通甸子有限公司,计意强,葛霞,2026-04-28 15:52:27,2026-04-28 18:13:45,0000040165,539-000180,贴片电阻,110000.00,13.00,0,2026-04-28,0000036384,0000036374,CGSQ-260413-000014,0.00,0.00,0.00,正常,正常
0000040164,01-HDKJ-CGDD-260428-014399,2026-04-28,新疆友农科技集团,生产项目采购订单,物料类采购,75502049,深圳市阳和通甸子有限公司,计意强,葛霞,2026-04-28 15:52:27,2026-04-28 18:13:45,0000040166,539-000161,贴片电阻,45000.00,13.00,0,2026-04-28,0000036391,0000036374,CGSQ-260413-000014,0.00,0.00,0.00,正常,正常
0000040164,01-HDKJ-CGDD-260428-014399,2026-04-28,新疆友农科技集团,生产项目采购订单,物料类采购,75502049,深圳市阳和通甸子有限公司,计意强,葛霞,2026-04-28 15:52:27,2026-04-28 18:13:45,0000040167,539-000462,贴片电阻,10000.00,13.00,0,2026-04-28,0000037737,0000037720,CGSQ-260417-000016,0.00,0.00,0.00,正常,正常
0000040164,01-HDKJ-CGDD-260428-014399,2026-04-28,新疆友农科技集团,生产项目采购订单,物料类采购,75502049,深圳市阳和通甸子有限公司,计意强,葛霞,2026-04-28 15:52:27,2026-04-28 18:13:45,0000040168,725-000287,直插铝电解电容,5200.00,13.00,0,2026-04-28,0000038868,0000038867,CGSQ-260421-000019,0.00,0.00,0.00,正常,正常
0000040164,01-HDKJ-CGDD-260428-014399,2026-04-28,新疆友农科技集团,生产项目采购订单,物料类采购,75502049,深圳市阳和通甸子有限公司,计意强,葛霞,2026-04-28 15:52:27,2026-04-28 18:13:45,0000040169,725-000261,电解电容,2000.00,13.00,0,2026-04-28,0000039639,0000039638,CGSQ-260424-000028,0.00,0.00,0.00,正常,正常
0000040163,05-HDZN-CGDD-260428-014397,2026-04-28,河南友农智农科技发展有限公司,生产项目采购订单,物料类采购,31001012,乎郸市群奥金属制品有限公司,怀俊宇,怀俊宇,2026-04-28 15:22:09,2026-04-28 15:27:22,0000040162,849-000251,M6_不锈钢弹垫,500.00,13.00,0,2026-05-04,0000040121,0000040122,CGSQ-260428-000002,500.00,0.00,500.00,已关闭,正常
0000040153,HD20260428-D03,2026-04-28,新疆友农科技集团,研发物料采购订单,物料类采购,2510-512-0366,苏洲瑞可达连接系统股份有限公司,王涛磊,蒋鹏,2026-04-28 15:02:48,2026-04-28 16:03:33,0000040152,356-000750,圆柱连接器公座-500A,15.00,13.00,0,2026-04-28,0000040133,0000040132,CGSQ-260428-000012,15.00,0.00,15.00,已关闭,正常
0000040139,01-HDKJ-CGDD-260428-014396,2026-04-28,新疆友农科技集团,产品委外采购订单,产品委外采购,57403020,苏州华誉智丼科技有限公司,苗晓强,杨强云,2026-04-28 14:23:43,2026-04-28 17:18:41,0000040141,588-000883,YS221_P0_(B40S)S01_PCBA,100.00,13.00,0,2026-04-28,0000039611,0000039613,WWGD-20260424-000563,100.00,0.00,100.00,已关闭,正常
0000040139,01-HDKJ-CGDD-260428-014396,2026-04-28,新疆友农科技集团,产品委外采购订单,产品委外采购,57403020,苏州华誉智丼科技有限公司,苗晓强,杨强云,2026-04-28 14:23:43,2026-04-28 17:18:41,0000040140,588-000768,GPS模块B40S_BDS_P0_S01_PCBA,100.00,13.00,0,2026-04-28,0000039612,0000039613,WWGD-20260424-000563,100.00,0.00,100.00,已关闭,正常
0000040128,01-HDKJ-CGDD-260428-014390,2026-04-28,新疆友农科技集团,生产项目采购订单,物料类采购,51204099,苏州蓝欣橡塑五金有限公思,计意强,骆富英,2026-04-28 10:02:14,2026-04-28 10:05:22,0000040130,468-000699,YS221E固定标签(千寻),500.00,13.00,0,2026-04-30,0000039999,0000039998,CGSQ-260427-000013,500.00,0.00,500.00,已关闭,正常
0000040128,01-HDKJ-CGDD-260428-014390,2026-04-28,新疆友农科技集团,生产项目采购订单,物料类采购,51204099,苏州蓝欣橡塑五金有限公思,计意强,骆富英,2026-04-28 10:02:14,2026-04-28 10:05:22,0000040129,468-000699,YS221E固定标签(千寻),500.00,13.00,0,2026-04-29,0000039568,0000039567,CGSQ-260424-000015,500.00,0.00,500.00,已关闭,正常
