id,billno,billstatus,auditdate,billdate,entry_id,material_number,material_name,huid_scxmh_number,qty,planbegintime,planendtime,xkquainwaqty,sourcebilltype,sourcebillnumber,srcbillentity,pickstatus_title,taskstatus_title
0000011122,HDKJ-20250811-004,Approved,2025-08-11 10:34:02,2025-08-11,0000011121,590-000072,Full-cycle Agricultural Operation Detection System,,10.0000,2025-08-11 10:29:21,2025-08-12 23:59:59,10.0000,,,,Fully Issued,Completed
0000011343,HDKJ-20250813-005,Approved,2025-08-13 13:38:05,2025-08-13,0000011342,590-000064,Full-cycle Agricultural Operation Detection System,,300.0000,2025-08-13 13:36:45,2025-08-14 23:59:59,300.0000,,,,Fully Issued,Completed
0000011357,HDKJ-20250813-011,Approved,2025-08-13 17:55:14,2025-08-13,0000011356,590-000075,Full-cycle Agricultural Operation Detection System,,1.0000,2025-08-13 17:53:30,2025-08-14 23:59:59,1.0000,,,,Fully Issued,Completed
0000011388,HDKJ-20250814-001,Approved,2025-08-14 08:33:07,2025-08-14,0000011387,590-000075,Full-cycle Agricultural Operation Detection System,,20.0000,2025-08-14 08:29:40,2025-08-15 23:59:59,20.0000,,,,Fully Issued,Completed
0000011403,HDKJ-20250814-002,Approved,2025-08-14 14:40:56,2025-08-14,0000011402,590-000064,Full-cycle Agricultural Operation Detection System,,0.0000,2025-08-14 14:38:51,2025-08-15 23:59:59,0.0000,,,,Sample Business Label acdff3ad,Completed
0000011405,HDKJ-20250814-004,Approved,2025-08-14 15:43:56,2025-08-14,0000011404,590-000064,Full-cycle Agricultural Operation Detection System,,2.0000,2025-08-14 15:42:45,2025-08-15 23:59:59,2.0000,,,,Fully Issued,Completed
0000011413,HDKJ-20250815-013,Approved,2025-08-15 13:41:08,2025-08-15,0000011412,590-000075,Full-cycle Agricultural Operation Detection System,,10.0000,2025-08-15 13:39:50,2025-08-16 23:59:59,10.0000,,,,Fully Issued,Completed
0000011429,HDKJ-20250818-001,Approved,2025-08-18 08:11:15,2025-08-18,0000011428,590-000100,Agricultural Machinery Detection System,,400.0000,2025-08-18 08:09:24,2025-08-19 23:59:59,400.0000,,,,Fully Issued,Completed
0000011430,HDKJ-20250818-002,Approved,2025-08-18 10:20:56,2025-08-18,0000011431,590-000064,Full-cycle Agricultural Operation Detection System,,200.0000,2025-08-14 14:38:51,2025-08-15 23:59:59,200.0000,,,,Fully Issued,Completed
0000011432,HDKJ-20250818-003,Approved,2025-08-18 10:22:50,2025-08-18,0000011433,590-000064,Full-cycle Agricultural Operation Detection System,,100.0000,2025-08-14 14:38:51,2025-08-15 23:59:59,100.0000,,,,Fully Issued,Completed
0000011435,HDKJ-20250818-004,Approved,2025-08-18 10:28:35,2025-08-18,0000011434,590-000064,Full-cycle Agricultural Operation Detection System,,1.0000,2025-08-18 10:25:48,2025-08-19 23:59:59,1.0000,,,,Fully Issued,Completed
0000011437,HDKJ-20250818-005,Approved,2025-08-18 10:29:49,2025-08-18,0000011436,590-000100,Agricultural Machinery Detection System,,1.0000,2025-08-18 10:28:38,2025-08-19 23:59:59,1.0000,,,,Fully Issued,Completed
0000011440,KSHA-20250818-002,Approved,2025-08-20 15:00:50,2025-08-18,0000011534,P69-000060,Sample Business Label 713c8bb9,,50.0000,2025-08-20 14:59:54,2025-08-21 23:59:59,50.0000,,,,Fully Issued,Completed
0000011444,HDKJ-20250818-009,Approved,2025-08-18 11:59:27,2025-08-18,0000011443,590-000075,Full-cycle Agricultural Operation Detection System,,200.0000,2025-08-18 11:58:03,2025-08-19 23:59:59,200.0000,,,,Fully Issued,Completed
0000011487,KSHA-20250819-002,Approved,2025-08-19 14:49:35,2025-08-19,0000011486,U00-000159,Beidou Vehicle Telematics Terminal System,,1000.0000,2025-08-19 14:48:47,2025-08-20 23:59:59,1000.0000,,,,Fully Issued,Completed
0000011537,HDKJ-20250820-007,Approved,2025-08-20 15:31:42,2025-08-20,0000011536,590-000100,Agricultural Machinery Detection System,,300.0000,2025-08-20 15:28:12,2025-08-21 23:59:59,300.0000,,,,Fully Issued,Completed
0000011539,HDKJ-20250820-011,Approved,2025-08-20 16:43:39,2025-08-20,0000011538,590-000072,Full-cycle Agricultural Operation Detection System,,20.0000,2025-08-20 16:42:03,2025-08-21 23:59:59,20.0000,,,,Fully Issued,Completed
0000011776,HDKJ-20250821-008,Approved,2025-08-21 15:56:34,2025-08-21,0000011775,590-000072,Full-cycle Agricultural Operation Detection System,,4.0000,2025-08-21 15:18:07,2025-08-22 23:59:59,4.0000,,,,Fully Issued,Completed
0000011906,HDKJ-20250823-005,Approved,2025-08-23 16:14:17,2025-08-23,0000011905,590-000100,Agricultural Machinery Detection System,,300.0000,2025-08-23 16:09:32,2025-08-24 23:59:59,300.0000,,,,Fully Issued,Completed
0000011921,HDKJ-20250824-001,Approved,2025-08-24 10:12:17,2025-08-24,0000011920,590-000075,Full-cycle Agricultural Operation Detection System,,12.0000,2025-08-24 10:10:41,2025-08-25 23:59:59,12.0000,,,,Fully Issued,Completed
0000011958,HDKJ-20250825-006,Approved,2025-08-25 18:45:32,2025-08-25,0000011957,590-000075,Full-cycle Agricultural Operation Detection System,,90.0000,2025-08-25 18:40:19,2025-08-26 23:59:59,90.0000,,,,Fully Issued,Completed
0000011969,KSHA-20250826-001,Approved,2025-08-26 15:19:41,2025-08-26,0000011968,U00-000159,Beidou Vehicle Telematics Terminal System,,1000.0000,2025-08-26 15:18:46,2025-08-27 23:59:59,1000.0000,,,,Fully Issued,Completed
0000011974,HDKJ-20250826-006,Approved,2025-08-26 16:20:04,2025-08-26,0000011973,367-000097,Sample Business Label e8c4b42d,,1.0000,2025-08-26 16:19:34,2025-08-27 23:59:59,1.0000,,,,Fully Issued,Completed
0000012003,HDKJ-20250827-006,Approved,2025-08-27 15:41:58,2025-08-27,0000012002,590-000075,Full-cycle Agricultural Operation Detection System,,37.0000,2025-08-27 15:40:31,2025-08-28 23:59:59,37.0000,,,,Fully Issued,Completed
0000012092,HDKJ-20250828-002,Approved,2025-08-28 15:11:59,2025-08-28,0000012091,590-000072,Full-cycle Agricultural Operation Detection System,,20.0000,2025-08-28 15:09:12,2025-08-29 23:59:59,20.0000,,,,Fully Issued,Completed
0000012151,HDKJ-20250829-003,Approved,2025-08-29 17:50:37,2025-08-29,0000012150,590-000064,Full-cycle Agricultural Operation Detection System,,4.0000,2025-08-29 17:49:01,2025-08-30 23:59:59,4.0000,,,,Fully Issued,Completed
0000012163,HDKJ-20250830-003,Approved,2025-08-30 12:24:26,2025-08-30,0000012162,590-000072,Full-cycle Agricultural Operation Detection System,,12.0000,2025-08-30 12:23:15,2025-08-31 23:59:59,12.0000,,,,Fully Issued,Completed
0000012302,HDKJ-20250902-001,Approved,2025-09-02 08:29:42,2025-09-02,0000012301,590-000064,Full-cycle Agricultural Operation Detection System,,300.0000,2025-09-02 08:28:10,2025-09-03 23:59:59,300.0000,,,,Fully Issued,Completed
0000012366,HDKJ-20250903-004,Approved,2025-09-05 09:07:37,2025-09-03,0000012468,590-000064,Full-cycle Agricultural Operation Detection System,,500.0000,2025-09-05 09:03:41,2025-09-06 23:59:59,500.0000,,,,Fully Issued,Completed
0000012367,HDKJ-20250903-005,Approved,2025-09-05 09:03:21,2025-09-03,0000012467,590-000074,Full-cycle Agricultural Operation Detection System,,500.0000,2025-09-05 09:02:13,2025-09-06 23:59:59,500.0000,,,,Fully Issued,Completed
0000012470,HDKJ-20250905-001,Approved,2025-09-05 09:53:05,2025-09-05,0000012469,590-000072,Full-cycle Agricultural Operation Detection System,,20.0000,2025-09-05 09:29:42,2025-09-06 23:59:59,20.0000,,,,Fully Issued,Completed
0000012529,HDKJ-20250905-013,Approved,2025-09-05 14:10:44,2025-09-05,0000012528,590-000064,Full-cycle Agricultural Operation Detection System,,20.0000,2025-09-05 14:06:17,2025-09-06 23:59:59,20.0000,,,,Fully Issued,Completed
0000012540,KSHA-20250905-004,Approved,2025-09-05 18:53:41,2025-09-05,0000012539,U00-000159,Beidou Vehicle Telematics Terminal System,,1000.0000,2025-09-05 18:53:04,2025-09-06 23:59:59,1000.0000,,,,Fully Issued,Completed
0000012542,KSHA-20250905-005,Approved,2025-09-05 18:56:42,2025-09-05,0000012541,U00-000160,Beidou Vehicle Telematics Terminal System,,1000.0000,2025-09-05 18:55:48,2025-09-06 23:59:59,1000.0000,,,,Fully Issued,Completed
0000012544,KSHA-20250905-009,Approved,2025-09-05 19:01:05,2025-09-05,0000012543,U00-000170,Beidou Vehicle Telematics Terminal System,,980.0000,2025-09-05 18:59:44,2025-09-06 23:59:59,980.0000,,,,Fully Issued,Completed
0000012551,HDKJ-20250906-005,Approved,2025-09-06 15:01:59,2025-09-06,0000012550,590-000075,Full-cycle Agricultural Operation Detection System,,10.0000,2025-09-06 15:00:03,2025-09-07 23:59:59,10.0000,,,,Fully Issued,Completed
0000012583,HDKJ-20250908-001,Approved,2025-09-08 13:38:23,2025-09-08,0000012582,590-000075,Full-cycle Agricultural Operation Detection System,,10.0000,2025-09-08 13:27:56,2025-09-09 23:59:59,10.0000,,,,Fully Issued,Completed
0000012587,HDKJ-20250908-003,Approved,2025-09-08 14:45:53,2025-09-08,0000012586,590-000074,Full-cycle Agricultural Operation Detection System,,700.0000,2025-09-08 14:44:30,2025-09-09 23:59:59,700.0000,,,,Fully Issued,Completed
0000012597,HDKJ-20250909-013,Approved,2025-09-09 13:19:49,2025-09-09,0000012596,590-000064,Full-cycle Agricultural Operation Detection System,,300.0000,2025-09-09 13:13:51,2025-09-10 23:59:59,300.0000,,,,Fully Issued,Completed
0000012601,HDKJ-20250909-021,Approved,2025-09-09 15:01:17,2025-09-09,0000012600,590-000075,Full-cycle Agricultural Operation Detection System,,200.0000,2025-09-09 14:59:41,2025-09-10 23:59:59,200.0000,,,,Fully Issued,Completed
0000012603,HDKJ-20250909-025,Approved,2025-09-09 15:06:52,2025-09-09,0000012602,590-000072,Full-cycle Agricultural Operation Detection System,,20.0000,2025-09-09 15:05:47,2025-09-10 23:59:59,20.0000,,,,Fully Issued,Completed
0000012621,HDKJ-20250910-001,Approved,2025-09-10 08:49:50,2025-09-10,0000012620,590-000072,Full-cycle Agricultural Operation Detection System,,12.0000,2025-09-10 08:39:02,2025-09-11 23:59:59,12.0000,,,,Fully Issued,Completed
0000012628,HDKJ-20250910-006,Approved,2025-09-10 12:15:52,2025-09-10,0000012627,590-000072,Full-cycle Agricultural Operation Detection System,,20.0000,2025-09-10 12:13:47,2025-09-11 23:59:59,20.0000,,,,Fully Issued,Completed
0000012690,HDKJ-20250911-006,Approved,2025-09-11 12:18:49,2025-09-11,0000012689,590-000072,Full-cycle Agricultural Operation Detection System,,20.0000,2025-09-11 12:14:46,2025-09-12 23:59:59,20.0000,,,,Fully Issued,Completed
0000012943,HDKJ-20250911-008,Approved,2025-09-11 14:33:39,2025-09-11,0000012942,590-000075,Full-cycle Agricultural Operation Detection System,,400.0000,2025-09-11 14:32:25,2025-09-12 23:59:59,400.0000,,,,Fully Issued,Completed
0000012984,HDKJ-20250912-006,Approved,2025-09-12 10:34:25,2025-09-12,0000012983,590-000072,Full-cycle Agricultural Operation Detection System,,8.0000,2025-09-12 10:31:43,2025-09-13 23:59:59,8.0000,,,,Fully Issued,Completed
0000012985,HDKJ-20250912-007,Approved,2025-09-12 10:37:38,2025-09-12,0000012986,590-000100,Agricultural Machinery Detection System,,100.0000,2025-09-12 10:37:04,2025-09-13 23:59:59,100.0000,,,,Fully Issued,Completed
0000013804,HDKJ-20250916-004,Approved,2025-09-16 08:42:03,2025-09-16,0000013803,590-000072,Full-cycle Agricultural Operation Detection System,,4.0000,2025-09-16 08:40:31,2025-09-17 23:59:59,4.0000,,,,Fully Issued,Completed
0000013806,HDKJ-20250916-005,Approved,2025-09-16 12:02:00,2025-09-16,0000013805,590-000072,Full-cycle Agricultural Operation Detection System,,12.0000,2025-09-16 11:58:45,2025-09-17 23:59:59,12.0000,,,,Fully Issued,Completed
0000013813,HDKJ-20250916-009,Approved,2025-09-16 15:30:14,2025-09-16,0000013812,590-000072,Full-cycle Agricultural Operation Detection System,,250.0000,2025-09-16 15:22:32,2025-09-17 23:59:59,250.0000,,,,Fully Issued,Completed
0000013816,HDKJ-20250916-010,Approved,2025-09-16 15:31:14,2025-09-16,0000013815,590-000074,Full-cycle Agricultural Operation Detection System,,500.0000,2025-09-16 15:30:16,2025-09-17 23:59:59,500.0000,,,,Fully Issued,Completed
0000013818,HDKJ-20250916-012,Approved,2025-09-16 15:37:08,2025-09-16,0000013817,590-000064,Full-cycle Agricultural Operation Detection System,,500.0000,2025-09-16 15:35:28,2025-09-17 23:59:59,500.0000,,,,Fully Issued,Completed
0000013838,HDKJ-20250917-005,Approved,2025-09-17 15:57:40,2025-09-17,0000013837,590-000075,Full-cycle Agricultural Operation Detection System,,250.0000,2025-09-17 15:42:58,2025-09-18 23:59:59,250.0000,,,,Fully Issued,Completed
0000013990,HDKJ-20250919-001,Approved,2025-09-19 08:22:05,2025-09-19,0000013989,590-000064,Full-cycle Agricultural Operation Detection System,,10.0000,2025-09-19 08:15:06,2025-09-20 23:59:59,10.0000,,,,Fully Issued,Completed
0000013999,HDKJ-20250919-003,Approved,2025-09-19 12:14:32,2025-09-19,0000013998,590-000072,Full-cycle Agricultural Operation Detection System,,40.0000,2025-09-19 12:12:52,2025-09-20 23:59:59,40.0000,,,,Fully Issued,Completed
0000014001,HDKJ-20250919-004,Approved,2025-09-19 12:17:31,2025-09-19,0000014000,590-000075,Full-cycle Agricultural Operation Detection System,,8.0000,2025-09-19 12:16:24,2025-09-20 23:59:59,8.0000,,,,Fully Issued,Completed
0000014226,HDKJ-20250919-005,Approved,2025-09-19 16:53:01,2025-09-19,0000014225,590-000075,Full-cycle Agricultural Operation Detection System,,4.0000,2025-09-19 16:52:04,2025-09-20 23:59:59,4.0000,,,,Fully Issued,Completed
0000014228,HDKJ-20250919-006,Approved,2025-09-19 17:45:44,2025-09-19,0000014227,590-000064,Full-cycle Agricultural Operation Detection System,,1.0000,2025-09-19 17:43:41,2025-09-20 23:59:59,1.0000,,,,Fully Issued,Completed
0000014236,HDKJ-20250920-001,Approved,2025-09-20 10:40:53,2025-09-20,0000014235,590-000075,Full-cycle Agricultural Operation Detection System,,50.0000,2025-09-20 10:39:52,2025-09-21 23:59:59,50.0000,,,,Fully Issued,Completed
0000014247,HDKJ-20250920-002,Approved,2025-09-20 12:20:12,2025-09-20,0000014246,590-000075,Full-cycle Agricultural Operation Detection System,,8.0000,2025-09-20 12:19:24,2025-09-21 23:59:59,8.0000,,,,Fully Issued,Completed
0000014253,HDKJ-20250920-004,Approved,2025-09-20 14:56:29,2025-09-20,0000014252,590-000075,Full-cycle Agricultural Operation Detection System,,65.0000,2025-09-20 14:55:05,2025-09-21 23:59:59,65.0000,,,,Fully Issued,Completed
0000014260,HDKJ-20250920-005,Approved,2025-09-20 17:48:28,2025-09-20,0000014259,590-000075,Full-cycle Agricultural Operation Detection System,,15.0000,2025-09-20 17:47:21,2025-09-21 23:59:59,15.0000,,,,Fully Issued,Completed
0000014266,HDKJ-20250921-001,Approved,2025-09-21 10:16:58,2025-09-21,0000014265,590-000075,Full-cycle Agricultural Operation Detection System,,8.0000,2025-09-21 10:16:01,2025-09-22 23:59:59,8.0000,,,,Fully Issued,Completed
0000014277,HDKJ-20250922-010,Approved,2025-09-22 12:10:45,2025-09-22,0000014276,590-000075,Full-cycle Agricultural Operation Detection System,,70.0000,2025-09-22 12:00:06,2025-09-23 23:59:59,70.0000,,,,Fully Issued,Completed
0000014279,HDKJ-20250922-013,Approved,2025-09-22 14:07:36,2025-09-22,0000014278,590-000075,Full-cycle Agricultural Operation Detection System,,16.0000,2025-09-22 14:06:04,2025-09-23 23:59:59,16.0000,,,,Fully Issued,Completed
0000014281,HDKJ-20250922-014,Approved,2025-09-22 14:12:00,2025-09-22,0000014280,590-000072,Full-cycle Agricultural Operation Detection System,,28.0000,2025-09-22 14:11:05,2025-09-23 23:59:59,28.0000,,,,Fully Issued,Completed
0000014283,HDKJ-20250922-015,Approved,2025-09-22 14:20:48,2025-09-22,0000014282,590-000075,Full-cycle Agricultural Operation Detection System,,123.0000,2025-09-22 14:19:24,2025-09-23 23:59:59,123.0000,,,,Fully Issued,Completed
0000014285,HDKJ-20250922-016,Approved,2025-09-22 15:06:25,2025-09-22,0000014284,590-000075,Full-cycle Agricultural Operation Detection System,,8.0000,2025-09-22 15:05:07,2025-09-23 23:59:59,8.0000,,,,Fully Issued,Completed
0000014302,HDKJ-20250922-017,Approved,2025-09-22 16:31:49,2025-09-22,0000014301,590-000075,Full-cycle Agricultural Operation Detection System,,30.0000,2025-09-22 15:05:07,2025-09-23 23:59:59,30.0000,,,,Fully Issued,Completed
0000014306,HDKJ-20250922-019,Approved,2025-09-22 16:47:20,2025-09-22,0000014305,590-000075,Full-cycle Agricultural Operation Detection System,,12.0000,2025-09-22 15:05:07,2025-09-23 23:59:59,12.0000,,,,Fully Issued,Completed
0000014308,HDKJ-20250922-020,Approved,2025-09-22 16:52:44,2025-09-22,0000014307,590-000072,Full-cycle Agricultural Operation Detection System,,15.0000,2025-09-22 16:47:22,2025-09-23 23:59:59,15.0000,,,,Fully Issued,Completed
0000014331,HDKJ-20250923-005,Approved,2025-09-23 13:43:23,2025-09-23,0000014330,590-000072,Full-cycle Agricultural Operation Detection System,,700.0000,2025-09-23 13:39:13,2025-09-24 23:59:59,700.0000,,,,Fully Issued,Completed
0000014333,HDKJ-20250923-006,Approved,2025-09-23 13:51:07,2025-09-23,0000014332,590-000075,Full-cycle Agricultural Operation Detection System,,300.0000,2025-09-23 13:39:13,2025-09-24 23:59:59,300.0000,,,,Fully Issued,Completed
0000014341,HDKJ-20250923-009,Approved,2025-09-23 15:46:59,2025-09-23,0000014340,590-000064,Full-cycle Agricultural Operation Detection System,,500.0000,2025-09-23 15:44:57,2025-09-24 23:59:59,500.0000,,,,Fully Issued,Completed
0000014343,HDKJ-20250923-011,Approved,2025-09-23 15:49:47,2025-09-23,0000014342,590-000074,Full-cycle Agricultural Operation Detection System,,300.0000,2025-09-23 15:48:39,2025-09-24 23:59:59,300.0000,,,,Fully Issued,Completed
0000014400,HDKJ-20250924-032,Approved,2025-09-24 18:23:59,2025-09-24,0000014399,526-000001,Beidou Agricultural Navigation Controller,,45.0000,2025-09-24 18:23:36,2025-09-25 23:59:59,45.0000,,,,Fully Issued,Completed
0000014622,HDKJ-20250925-002,Approved,2025-09-25 11:56:36,2025-09-25,0000014621,590-000072,Full-cycle Agricultural Operation Detection System,,10.0000,2025-09-25 11:54:51,2025-09-26 23:59:59,10.0000,,,,Fully Issued,Completed
0000014833,HDKJ-20250926-017,Approved,2025-09-26 18:15:23,2025-09-26,0000014832,590-000075,Full-cycle Agricultural Operation Detection System,,700.0000,2025-09-26 18:14:26,2025-09-27 23:59:59,700.0000,,,,Fully Issued,Completed
0000014835,HDKJ-20250926-023,Approved,2025-09-26 18:23:35,2025-09-26,0000014834,590-000064,Full-cycle Agricultural Operation Detection System,,700.0000,2025-09-26 18:22:32,2025-09-27 23:59:59,700.0000,,,,Fully Issued,Completed
0000014837,HDKJ-20250926-024,Approved,2025-09-26 18:26:00,2025-09-26,0000014836,590-000074,Full-cycle Agricultural Operation Detection System,,300.0000,2025-09-26 18:24:04,2025-09-27 23:59:59,300.0000,,,,Fully Issued,Completed
0000014862,HDKJ-20250928-017,Approved,2025-09-28 14:00:08,2025-09-28,0000014861,590-000072,Full-cycle Agricultural Operation Detection System,,30.0000,2025-09-28 13:52:53,2025-09-29 23:59:59,30.0000,,,,Fully Issued,Completed
0000014888,HDKJ-20250929-009,Approved,2025-09-29 17:55:11,2025-09-29,0000014887,526-000001,Beidou Agricultural Navigation Controller,,20.0000,2025-09-29 17:43:18,2025-09-30 23:59:59,20.0000,,,,Fully Issued,Completed
0000014905,HDKJ-20250930-004,Approved,2025-09-30 13:07:33,2025-09-30,0000014904,590-000064,Full-cycle Agricultural Operation Detection System,,10.0000,2025-09-30 13:06:17,2025-10-01 23:59:59,10.0000,,,,Fully Issued,Completed
0000015122,HDKJ-20251005-002,Approved,2025-10-05 13:19:42,2025-10-05,0000015121,590-000064,Full-cycle Agricultural Operation Detection System,,20.0000,2025-10-05 13:18:27,2025-10-06 23:59:59,20.0000,,,,Fully Issued,Completed
0000015516,KSHA-20251010-006,Approved,2025-10-10 15:32:21,2025-10-10,0000015515,U00-000151,Beidou Vehicle Telematics Terminal System,,900.0000,2025-10-10 15:30:53,2025-10-11 23:59:59,900.0000,,,,Fully Issued,Completed
0000015518,KSHA-20251010-008,Approved,2025-10-10 15:33:46,2025-10-10,0000015517,U00-000170,Beidou Vehicle Telematics Terminal System,,1000.0000,2025-10-10 15:33:15,2025-10-11 23:59:59,1000.0000,,,,Fully Issued,Completed
0000015520,KSHA-20251010-009,Approved,2025-10-10 15:34:29,2025-10-10,0000015519,U00-000080,Beidou Vehicle Telematics Terminal System,,500.0000,2025-10-10 15:33:50,2025-10-11 23:59:59,500.0000,,,,Fully Issued,Completed
0000015705,HDKJ-20251011-008,Approved,2025-10-11 15:11:12,2025-10-11,0000015704,590-000075,Full-cycle Agricultural Operation Detection System,,500.0000,2025-10-11 15:05:39,2025-10-12 23:59:59,500.0000,,,,Fully Issued,Completed
0000015892,HDKJ-20251014-002,Approved,2025-10-14 10:22:37,2025-10-14,0000015891,590-000064,Full-cycle Agricultural Operation Detection System,,1.0000,2025-10-14 10:20:35,2025-10-15 23:59:59,1.0000,,,,Fully Issued,Completed
0000016281,HDKJ-20251017-009,Approved,2025-10-17 16:37:52,2025-10-17,0000016280,590-000074,Full-cycle Agricultural Operation Detection System,,50.0000,2025-10-17 16:36:49,2025-10-18 23:59:59,50.0000,,,,Fully Issued,Completed
0000016569,KSHA-20251020-003,Approved,2025-10-20 18:43:30,2025-10-20,0000016568,U00-000170,Beidou Vehicle Telematics Terminal System,,1000.0000,2025-10-20 18:42:06,2025-10-21 23:59:59,1000.0000,,,,Fully Issued,Completed
0000016571,KSHA-20251020-004,Approved,2025-10-20 18:44:00,2025-10-20,0000016570,U00-000159,Beidou Vehicle Telematics Terminal System,,1500.0000,2025-10-20 18:42:06,2025-10-21 23:59:59,1500.0000,,,,Fully Issued,Completed
0000016585,HDKJ-20251021-003,Approved,2025-10-21 10:36:21,2025-10-21,0000016584,623-000034,408 Satellite Land Leveling System (Overseas),,8.0000,2025-10-21 10:35:42,2025-10-22 23:59:59,8.0000,,,,Fully Issued,Completed
0000016592,HDKJ-20251021-009,Approved,2025-10-21 13:56:23,2025-10-21,0000016591,590-000064,Full-cycle Agricultural Operation Detection System,,400.0000,2025-10-21 13:55:20,2025-10-22 23:59:59,400.0000,,,,Fully Issued,Completed
0000016594,HDKJ-20251021-012,Approved,2025-10-21 14:00:01,2025-10-21,0000016593,590-000072,Full-cycle Agricultural Operation Detection System,,200.0000,2025-10-21 13:57:19,2025-10-22 23:59:59,200.0000,,,,Fully Issued,Completed
0000016596,HDKJ-20251021-013,Approved,2025-10-21 14:01:02,2025-10-21,0000016595,590-000074,Full-cycle Agricultural Operation Detection System,,200.0000,2025-10-21 14:00:06,2025-10-22 23:59:59,200.0000,,,,Fully Issued,Completed
0000016598,HDKJ-20251021-014,Approved,2025-10-21 14:02:34,2025-10-21,0000016597,590-000075,Full-cycle Agricultural Operation Detection System,,700.0000,2025-10-21 14:00:06,2025-10-22 23:59:59,700.0000,,,,Fully Issued,Completed
0000016736,HDKJ-20251022-004,Approved,2025-10-22 15:03:50,2025-10-22,0000016735,590-000064,Full-cycle Agricultural Operation Detection System,,15.0000,2025-10-22 15:02:22,2025-10-23 23:59:59,15.0000,,,,Fully Issued,Completed
0000017183,HDKJ-20251029-016,Approved,2025-10-29 16:50:56,2025-10-29,0000017182,590-000075,Full-cycle Agricultural Operation Detection System,,200.0000,2025-10-29 16:49:12,2025-10-30 23:59:59,200.0000,,,,Fully Issued,Completed
0000017224,KSHA-20251031-004,Approved,2025-10-31 16:01:20,2025-10-31,0000017223,U00-000151,Beidou Vehicle Telematics Terminal System,,1100.0000,2025-10-31 15:55:21,2025-11-01 23:59:59,1100.0000,,,,Fully Issued,Completed
0000017485,KSHA-20251107-002,Approved,2025-11-07 10:40:06,2025-11-07,0000017484,U00-000159,Beidou Vehicle Telematics Terminal System,,3000.0000,2025-11-07 10:39:21,2025-11-08 23:59:59,3000.0000,,,,Fully Issued,Completed
0000017698,HDKJ-20251112-005,Approved,2025-11-12 14:42:40,2025-11-12,0000017697,590-000064,Full-cycle Agricultural Operation Detection System,,2.0000,2025-11-12 14:41:03,2025-11-13 23:59:59,2.0000,,,,Fully Issued,Completed
0000017766,HDKJ-20251114-002,Approved,2025-11-14 11:59:29,2025-11-14,0000017765,590-000064,Full-cycle Agricultural Operation Detection System,,1.0000,2025-11-14 11:57:55,2025-11-15 23:59:59,1.0000,,,,Fully Issued,Completed
0000017851,HDKJ-20251117-001,Approved,2025-11-17 08:47:45,2025-11-17,0000017850,590-000064,Full-cycle Agricultural Operation Detection System,,100.0000,2025-11-17 08:46:11,2025-11-18 23:59:59,100.0000,,,,Fully Issued,Completed
0000017868,HDKJ-20251117-004,Approved,2025-11-17 13:28:29,2025-11-17,0000017867,590-000064,Full-cycle Agricultural Operation Detection System,,5.0000,2025-11-17 13:27:18,2025-11-18 23:59:59,5.0000,,,,Fully Issued,Completed
0000018087,KSHA-20251118-001,Approved,2025-11-18 14:56:26,2025-11-18,0000018086,U00-000160,Beidou Vehicle Telematics Terminal System,,1500.0000,2025-11-18 14:55:27,2025-11-19 23:59:59,1500.0000,,,,Fully Issued,Completed
0000018089,KSHA-20251118-003,Approved,2025-11-18 14:59:33,2025-11-18,0000018088,P61-000328,Sample Business Label 8a608f8b,,1500.0000,2025-11-18 14:55:27,2025-11-19 23:59:59,1500.0000,,,,Fully Issued,Completed
0000018158,HDKJ-20251119-002,Approved,2025-11-19 10:59:11,2025-11-19,0000018157,590-000064,Full-cycle Agricultural Operation Detection System,,5.0000,2025-11-19 10:57:57,2025-11-20 23:59:59,5.0000,,,,Fully Issued,Completed
0000018161,KSHA-20251119-001,Approved,2025-11-19 15:12:17,2025-11-19,0000018160,U00-000080,Beidou Vehicle Telematics Terminal System,,266.0000,2025-11-19 15:11:20,2025-11-20 23:59:59,266.0000,,,,Fully Issued,Completed
0000018322,KSHA-20251120-003,Approved,2025-11-20 14:37:37,2025-11-20,0000018321,U00-000155,Beidou Vehicle Telematics Terminal System,,500.0000,2025-11-20 14:37:07,2025-11-21 23:59:59,500.0000,,,,Fully Issued,Completed
0000018423,HDKJ-20251121-002,Approved,2025-11-21 13:17:18,2025-11-21,0000018422,590-000064,Full-cycle Agricultural Operation Detection System,,10.0000,2025-11-21 13:16:04,2025-11-22 23:59:59,10.0000,,,,Fully Issued,Completed
0000018443,KSHA-20251121-004,Approved,2025-11-22 10:28:05,2025-11-21,0000018442,P61-000328,Sample Business Label 8a608f8b,,600.0000,2025-11-21 19:14:03,2025-11-22 23:59:59,600.0000,,,,Fully Issued,Completed
0000018694,KSHA-20251126-002,Approved,2025-11-26 14:51:54,2025-11-26,0000018693,P61-000328,Sample Business Label 8a608f8b,,1440.0000,2025-11-26 14:51:11,2025-11-27 23:59:59,1440.0000,,,,Fully Issued,Completed
0000018752,KSHA-20251128-001,Approved,2025-11-28 13:57:58,2025-11-28,0000018751,U00-000161,Beidou Vehicle Telematics Terminal System,,300.0000,2025-11-28 13:57:17,2025-11-29 23:59:59,300.0000,,,,Fully Issued,Completed
0000019008,KSHA-20251129-003,Approved,2025-11-29 15:46:02,2025-11-29,0000019007,P61-000328,Sample Business Label 8a608f8b,,700.0000,2025-11-29 15:44:43,2025-11-30 23:59:59,700.0000,,,,Fully Issued,Completed
0000019063,HDKJ-20251201-014,Approved,2025-12-01 16:25:26,2025-12-01,0000019062,526-000001,Beidou Agricultural Navigation Controller,,120.0000,2025-12-01 16:23:57,2025-12-02 23:59:59,120.0000,,,,Fully Issued,Completed
0000019076,HDKJ-20251202-009,Approved,2025-12-02 12:05:28,2025-12-02,0000019075,590-000064,Full-cycle Agricultural Operation Detection System,,10.0000,2025-12-02 12:04:08,2025-12-03 23:59:59,10.0000,,,,Fully Issued,Completed
0000019107,HDKJ-20251202-014,Approved,2025-12-02 18:17:31,2025-12-02,0000019106,382-000005,Beidou Agricultural Navigation Controller,,400.0000,2025-12-02 18:16:36,2025-12-03 23:59:59,400.0000,,,,Fully Issued,Completed
0000019253,HDKJ-20251205-002,Approved,2025-12-05 12:04:14,2025-12-05,0000019252,590-000064,Full-cycle Agricultural Operation Detection System,,1000.0000,2025-12-05 12:01:03,2025-12-06 23:59:59,1000.0000,,,,Fully Issued,Completed
0000019255,KSHA-20251205-002,Approved,2025-12-05 14:12:39,2025-12-05,0000019254,P61-000351,Sample Business Label 8a608f8b,,750.0000,2025-12-05 14:11:25,2025-12-06 23:59:59,750.0000,,,,Fully Issued,Completed
0000019257,KSHA-20251205-003,Approved,2025-12-05 14:13:36,2025-12-05,0000019256,P61-000351,Sample Business Label 8a608f8b,,800.0000,2025-12-05 14:12:44,2025-12-06 23:59:59,800.0000,,,,Fully Issued,Completed
0000019259,KSHA-20251205-004,Approved,2025-12-05 15:04:34,2025-12-05,0000019258,U00-000170,Beidou Vehicle Telematics Terminal System,,2000.0000,2025-12-05 15:03:24,2025-12-06 23:59:59,0.0000,,,,Partially Issued,Started
0000019287,HDKJ-20251206-011,Approved,2025-12-06 14:17:47,2025-12-06,0000019286,590-000064,Full-cycle Agricultural Operation Detection System,,500.0000,2025-12-06 14:14:44,2025-12-07 23:59:59,500.0000,,,,Fully Issued,Completed
0000019551,HDKJ-20251207-003,Approved,2025-12-07 14:57:22,2025-12-07,0000019550,590-000100,Agricultural Machinery Detection System,,1200.0000,2025-12-07 14:56:15,2025-12-08 23:59:59,1200.0000,,,,Fully Issued,Completed
0000019588,HDKJ-20251208-001,Approved,2025-12-08 12:52:30,2025-12-08,0000019587,590-000064,Full-cycle Agricultural Operation Detection System,,20.0000,2025-12-08 12:45:14,2025-12-09 23:59:59,20.0000,,,,Fully Issued,Completed
0000019606,HDKJ-20251208-008,Approved,2025-12-08 15:47:13,2025-12-08,0000019605,590-000064,Full-cycle Agricultural Operation Detection System,,150.0000,2025-12-08 15:46:06,2025-12-09 23:59:59,150.0000,,,,Fully Issued,Completed
0000019610,HDKJ-20251208-009,Approved,2025-12-08 16:46:57,2025-12-08,0000019609,590-000075,Full-cycle Agricultural Operation Detection System,,600.0000,2025-12-08 16:43:38,2025-12-09 23:59:59,0.0000,,,,Fully Issued,Started
0000019616,HDKJ-20251208-015,Approved,2025-12-08 18:06:12,2025-12-08,0000019615,590-000074,Full-cycle Agricultural Operation Detection System,,200.0000,2025-12-08 18:04:19,2025-12-09 23:59:59,0.0000,,,,Fully Issued,Started
0000019684,HDKJ-20251210-003,Approved,2025-12-10 10:37:24,2025-12-10,0000019683,590-000064,Full-cycle Agricultural Operation Detection System,,1700.0000,2025-12-10 10:35:30,2025-12-11 23:59:59,1700.0000,,,,Fully Issued,Completed
0000019760,KSHA-20251210-004,Approved,2025-12-10 20:03:33,2025-12-10,0000019759,U00-000151,Beidou Vehicle Telematics Terminal System,,3600.0000,2025-12-10 20:03:02,2025-12-11 23:59:59,3600.0000,,,,Fully Issued,Completed
0000019814,HDKJ-20251211-016,Approved,2025-12-11 13:31:04,2025-12-11,0000019813,382-000005,Beidou Agricultural Navigation Controller,,1000.0000,2025-12-11 13:30:33,2025-12-12 23:59:59,1000.0000,,,,Fully Issued,Completed
0000019837,KSHA-20251211-002,Approved,2025-12-11 17:55:13,2025-12-11,0000019836,U00-000155,Beidou Vehicle Telematics Terminal System,,300.0000,2025-12-11 17:54:49,2025-12-12 23:59:59,300.0000,,,,Fully Issued,Completed
0000019839,KSHA-20251211-004,Approved,2025-12-11 17:56:09,2025-12-11,0000019838,U00-000160,Beidou Vehicle Telematics Terminal System,,1000.0000,2025-12-11 17:55:45,2025-12-12 23:59:59,1000.0000,,,,Fully Issued,Completed
0000019841,KSHA-20251211-005,Approved,2025-12-11 17:56:40,2025-12-11,0000019840,U00-000170,Beidou Vehicle Telematics Terminal System,,2900.0000,2025-12-11 17:56:11,2025-12-12 23:59:59,2900.0000,,,,Fully Issued,Completed
0000020269,HDKJ-20251212-026,Approved,2025-12-12 18:45:35,2025-12-12,0000020268,382-000005,Beidou Agricultural Navigation Controller,,1000.0000,2025-12-12 18:43:38,2025-12-13 23:59:59,1000.0000,,,,Fully Issued,Completed
0000020281,KSHA-20251212-002,Approved,2025-12-12 20:15:18,2025-12-12,0000020280,U00-000151,Beidou Vehicle Telematics Terminal System,,2000.0000,2025-12-12 20:13:42,2025-12-13 23:59:59,2000.0000,,,,Fully Issued,Completed
0000020313,HDKJ-20251213-006,Approved,2025-12-13 14:31:18,2025-12-13,0000020312,367-000061,Sample Business Label cb6463ca,,3.0000,2025-12-13 14:24:05,2025-12-14 23:59:59,0.0000,,,,Fully Issued,Started
0000020389,HDKJ-20251215-007,Approved,2025-12-15 14:01:45,2025-12-15,0000020388,367-000097,Sample Business Label e8c4b42d,,14.0000,2025-12-15 13:58:11,2025-12-16 23:59:59,14.0000,,,,Fully Issued,Completed
0000020390,HDKJ-20251215-002,Approved,2025-12-15 14:37:26,2025-12-15,0000020469,590-000100,Agricultural Machinery Detection System,,500.0000,2025-12-15 14:36:48,2025-12-16 23:59:59,500.0000,,,,Fully Issued,Completed
0000020503,HDKJ-20251216-005,Approved,2025-12-16 09:49:17,2025-12-16,0000020502,382-000005,Beidou Agricultural Navigation Controller,,800.0000,2025-12-16 09:33:04,2025-12-17 23:59:59,800.0000,,,,Fully Issued,Completed
0000020576,HDKJ-20251216-012,Approved,2025-12-16 20:42:00,2025-12-16,0000020575,590-000100,Agricultural Machinery Detection System,,373.0000,2025-12-16 20:39:20,2025-12-17 23:59:59,373.0000,,,,Fully Issued,Completed
0000020740,HDKJ-20251218-003,Approved,2025-12-18 08:56:36,2025-12-18,0000020739,526-000001,Beidou Agricultural Navigation Controller,,1000.0000,2025-12-18 08:55:50,2025-12-19 23:59:59,1000.0000,,,,Fully Issued,Completed
0000020747,HDKJ-20251218-010,Approved,2025-12-18 18:02:24,2025-12-18,0000020746,590-000064,Full-cycle Agricultural Operation Detection System,,800.0000,2025-12-18 17:59:01,2025-12-19 23:59:59,800.0000,,,,Fully Issued,Completed
0000021394,KSHA-20251219-002,Approved,2025-12-19 10:31:51,2025-12-19,0000021393,U00-000151,Beidou Vehicle Telematics Terminal System,,4500.0000,2025-12-19 10:30:17,2025-12-20 23:59:59,4500.0000,,,,Fully Issued,Completed
0000021396,KSHA-20251219-004,Approved,2025-12-19 10:33:56,2025-12-19,0000021395,U00-000159,Beidou Vehicle Telematics Terminal System,,800.0000,2025-12-19 10:30:17,2025-12-20 23:59:59,800.0000,,,,Fully Issued,Completed
0000021406,HDKJ-20251219-007,Approved,2025-12-19 20:56:37,2025-12-19,0000021405,590-000064,Full-cycle Agricultural Operation Detection System,,361.0000,2025-12-19 15:27:30,2025-12-20 23:59:59,0.0000,,,,Fully Issued,Started
0000021504,HDKJ-20251220-002,Approved,2025-12-20 10:38:41,2025-12-20,0000021503,590-000064,Full-cycle Agricultural Operation Detection System,,300.0000,2025-12-20 10:37:14,2025-12-21 23:59:59,300.0000,,,,Fully Issued,Completed
0000021721,HDKJ-20251222-013,Approved,2025-12-22 18:28:26,2025-12-22,0000021720,382-000006,Beidou Agricultural Navigation Controller,,600.0000,2025-12-22 18:26:33,2025-12-23 23:59:59,600.0000,,,,Fully Issued,Completed
0000021784,HDKJ-20251223-007,Approved,2025-12-23 19:43:41,2025-12-23,0000021783,526-000001,Beidou Agricultural Navigation Controller,,1000.0000,2025-12-23 19:42:35,2025-12-24 23:59:59,1000.0000,,,,Fully Issued,Completed
0000021786,HDKJ-20251223-008,Approved,2025-12-23 19:45:58,2025-12-23,0000021785,590-000064,Full-cycle Agricultural Operation Detection System,,100.0000,2025-12-23 19:43:44,2025-12-24 23:59:59,100.0000,,,,Fully Issued,Completed
0000021791,KSHA-20251224-002,Approved,2025-12-24 13:49:08,2025-12-24,0000021790,U00-000159,Beidou Vehicle Telematics Terminal System,,2000.0000,2025-12-24 13:48:40,2025-12-25 23:59:59,2000.0000,,,,Fully Issued,Completed
0000022168,KSHA-20251224-004,Approved,2025-12-24 18:30:12,2025-12-24,0000022167,U00-000160,Beidou Vehicle Telematics Terminal System,,1000.0000,2025-12-24 18:23:41,2025-12-25 23:59:59,1000.0000,,,,Fully Issued,Completed
0000022192,HDKJ-20251225-013,Approved,2025-12-25 14:45:50,2025-12-25,0000022191,590-000075,Full-cycle Agricultural Operation Detection System,,700.0000,2025-12-25 14:39:11,2025-12-26 23:59:59,0.0000,,,,Sample Business Label acdff3ad,Sample Business Label 859c6144
0000022201,HDKJ-20251225-015,Approved,2025-12-25 14:47:43,2025-12-25,0000022200,590-000064,Full-cycle Agricultural Operation Detection System,,20.0000,2025-12-25 14:46:23,2025-12-26 23:59:59,20.0000,,,,Fully Issued,Completed
0000022259,HDKJ-20251226-001,Approved,2025-12-26 10:47:16,2025-12-26,0000022258,590-000075,Full-cycle Agricultural Operation Detection System,,600.0000,2025-12-26 10:41:12,2025-12-27 23:59:59,0.0000,,,,Sample Business Label acdff3ad,Started
0000022266,HDKJ-20251226-030,Approved,2025-12-26 14:13:26,2025-12-26,0000022265,590-000064,Full-cycle Agricultural Operation Detection System,,2.0000,2025-12-26 13:55:48,2025-12-27 23:59:59,2.0000,,,,Fully Issued,Completed
0000022781,KSHA-20251229-028,Approved,2025-12-29 22:24:43,2025-12-29,0000022780,P61-000331,Sample Business Label 8a608f8b,,20.0000,2025-12-29 22:23:45,2025-12-30 23:59:59,20.0000,,,,Fully Issued,Completed
0000022786,HDKJ-20251230-011,Approved,2025-12-30 14:40:37,2025-12-30,0000022785,590-000064,Full-cycle Agricultural Operation Detection System,,10.0000,2025-12-30 14:37:38,2025-12-31 23:59:59,10.0000,,,,Fully Issued,Completed
0000022794,HDKJ-20251230-020,Approved,2025-12-30 15:19:26,2025-12-30,0000022792,382-000006,Beidou Agricultural Navigation Controller,,300.0000,2025-12-30 15:18:40,2025-12-31 23:59:59,300.0000,,,,Fully Issued,Completed
0000022796,HDKJ-20251230-024,Approved,2025-12-30 15:22:03,2025-12-30,0000022795,526-000001,Beidou Agricultural Navigation Controller,,300.0000,2025-12-30 15:21:39,2025-12-31 23:59:59,300.0000,,,,Fully Issued,Completed
0000022814,HDKJ-20251230-061,Approved,2025-12-30 20:15:25,2025-12-30,0000022813,590-000075,Full-cycle Agricultural Operation Detection System,,2000.0000,2025-12-30 19:30:29,2025-12-31 23:59:59,2000.0000,,,,Fully Issued,Completed
0000022816,HDKJ-20251230-065,Approved,2025-12-30 20:32:33,2025-12-30,0000022815,590-000064,Full-cycle Agricultural Operation Detection System,,2000.0000,2025-12-30 19:40:45,2025-12-31 23:59:59,2000.0000,,,,Fully Issued,Completed
0000022818,HDKJ-20251230-066,Approved,2025-12-30 19:42:34,2025-12-30,0000022817,590-000074,Full-cycle Agricultural Operation Detection System,,400.0000,2025-12-30 19:41:46,2025-12-31 23:59:59,400.0000,,,,Fully Issued,Completed
0000022820,HDKJ-20251230-067,Approved,2025-12-30 19:43:55,2025-12-30,0000022819,590-000072,Full-cycle Agricultural Operation Detection System,,150.0000,2025-12-30 19:43:01,2025-12-31 23:59:59,150.0000,,,,Fully Issued,Completed
0000022823,HDKJ-20251230-071,Approved,2025-12-30 20:04:45,2025-12-30,0000022822,590-000100,Agricultural Machinery Detection System,,1000.0000,2025-12-30 20:04:00,2025-12-31 23:59:59,1000.0000,,,,Fully Issued,Completed
0000022825,HDKJ-20251230-072,Approved,2025-12-30 20:21:15,2025-12-30,0000022824,590-000075,Full-cycle Agricultural Operation Detection System,,2000.0000,2025-12-30 20:20:18,2025-12-31 23:59:59,2000.0000,,,,Fully Issued,Completed
0000022827,HDKJ-20251230-073,Approved,2025-12-30 20:26:21,2025-12-30,0000022826,590-000075,Full-cycle Agricultural Operation Detection System,,1000.0000,2025-12-30 20:21:52,2025-12-31 23:59:59,1000.0000,,,,Fully Issued,Completed
0000022829,HDKJ-20251230-074,Approved,2025-12-30 20:27:51,2025-12-30,0000022828,590-000075,Full-cycle Agricultural Operation Detection System,,1494.0000,2025-12-30 20:26:58,2025-12-31 23:59:59,1494.0000,,,,Fully Issued,Completed
0000022831,HDKJ-20251230-076,Approved,2025-12-30 20:34:02,2025-12-30,0000022830,590-000064,Full-cycle Agricultural Operation Detection System,,1970.0000,2025-12-30 20:33:08,2025-12-31 23:59:59,1970.0000,,,,Fully Issued,Completed
0000022863,HDKJ-20251231-007,Approved,2025-12-31 10:09:54,2025-12-31,0000022862,590-000064,Full-cycle Agricultural Operation Detection System,,400.0000,2025-12-31 10:09:22,2026-01-01 23:59:59,400.0000,,,,Fully Issued,Completed
0000022944,HDKJ-20251231-015,Approved,2025-12-31 18:09:25,2025-12-31,0000022943,526-000005,Beidou Agricultural Navigation Controller,,324.0000,2025-12-31 18:08:59,2026-01-01 23:59:59,324.0000,,,,Fully Issued,Completed
0000023398,HDKJ-20260108-001,Approved,2026-01-08 16:50:04,2026-01-08,0000023397,367-000097,Sample Business Label e8c4b42d,,1.0000,2026-01-08 16:49:11,2026-01-09 23:59:59,0.0000,,,,Fully Issued,Started
0000023456,HDKJ-20260109-001,Approved,2026-01-09 15:31:02,2026-01-09,0000023455,590-000100,Agricultural Machinery Detection System,,97.0000,2026-01-09 15:29:05,2026-01-10 23:59:59,0.0000,,,,Fully Issued,Started
0000023699,KSHA-20260113-003,Approved,2026-01-13 12:14:04,2026-01-13,0000023698,U00-000080,Beidou Vehicle Telematics Terminal System,,80.0000,2026-01-13 12:12:21,2026-01-14 23:59:59,80.0000,,,,Fully Issued,Completed
0000023734,KSHA-20260113-006,Approved,2026-01-13 19:22:35,2026-01-13,0000023733,U00-000151,Beidou Vehicle Telematics Terminal System,,48.0000,2026-01-13 19:21:38,2026-01-14 23:59:59,48.0000,,,,Fully Issued,Completed
0000023911,HDKJ-20260115-003,Approved,2026-01-15 18:39:50,2026-01-15,0000023910,623-000034,408 Satellite Land Leveling System (Overseas),,6.0000,2026-01-15 18:35:56,2026-01-16 23:59:59,6.0000,,,,Fully Issued,Completed
0000024131,HDKJ-20260118-004,Approved,2026-01-18 10:43:13,2026-01-18,0000024130,526-000001,Beidou Agricultural Navigation Controller,,180.0000,2026-01-18 10:41:26,2026-01-19 23:59:59,180.0000,,,,Fully Issued,Completed
0000024133,HDKJ-20260118-007,Approved,2026-01-18 10:47:30,2026-01-18,0000024132,526-000005,Beidou Agricultural Navigation Controller,,200.0000,2026-01-18 10:46:35,2026-01-19 23:59:59,200.0000,,,,Fully Issued,Completed
0000024192,KSHA-20260120-002,Approved,2026-01-20 10:41:53,2026-01-20,0000024191,U00-000080,Beidou Vehicle Telematics Terminal System,,400.0000,2026-01-20 10:41:21,2026-01-21 23:59:59,400.0000,,,,Fully Issued,Completed
0000024695,KSHA-20260121-003,Approved,2026-01-21 16:33:03,2026-01-21,0000024694,U00-000161,Beidou Vehicle Telematics Terminal System,,399.0000,2026-01-21 16:31:48,2026-01-22 23:59:59,399.0000,,,,Fully Issued,Completed
0000024697,KSHA-20260121-004,Approved,2026-01-21 16:33:37,2026-01-21,0000024696,U00-000160,Beidou Vehicle Telematics Terminal System,,500.0000,2026-01-21 16:33:07,2026-01-22 23:59:59,500.0000,,,,Fully Issued,Completed
0000024699,KSHA-20260121-005,Approved,2026-01-21 16:34:16,2026-01-21,0000024698,U00-000170,Beidou Vehicle Telematics Terminal System,,800.0000,2026-01-21 16:33:40,2026-01-22 23:59:59,800.0000,,,,Fully Issued,Completed
0000025177,HDKJ-20260127-007,Approved,2026-01-27 14:36:46,2026-01-27,0000025176,382-000005,Beidou Agricultural Navigation Controller,,200.0000,2026-01-27 14:36:15,2026-01-28 23:59:59,200.0000,,,,Fully Issued,Completed
0000025344,HDKJ-20260128-001,Approved,2026-01-28 12:35:40,2026-01-28,0000025343,590-000075,Full-cycle Agricultural Operation Detection System,,235.0000,2026-01-28 12:19:26,2026-01-29 23:59:59,235.0000,,,,Fully Issued,Completed
0000025608,HDKJ-20260129-004,Approved,2026-01-29 18:30:27,2026-01-29,0000025607,590-000064,Full-cycle Agricultural Operation Detection System,,4.0000,2026-01-29 18:27:02,2026-01-30 23:59:59,4.0000,,,,Fully Issued,Completed
0000026035,KSHA-20260203-002,Approved,2026-02-03 14:38:20,2026-02-03,0000026034,U00-000080,Beidou Vehicle Telematics Terminal System,,510.0000,2026-02-03 14:36:52,2026-02-04 23:59:59,510.0000,,,,Fully Issued,Completed
0000026771,HDKJ-20260224-001,Approved,2026-02-24 09:39:55,2026-02-24,0000026770,623-000034,408 Satellite Land Leveling System (Overseas),,22.0000,2026-02-24 09:38:57,2026-02-25 23:59:59,22.0000,,,,Fully Issued,Completed
0000026774,HDKJ-20260224-004,Approved,2026-02-24 10:40:28,2026-02-24,0000026773,526-000001,Beidou Agricultural Navigation Controller,,460.0000,2026-02-24 10:38:15,2026-02-25 23:59:59,460.0000,,,,Fully Issued,Completed
0000026795,HDKJ-20260225-005,Approved,2026-02-25 15:41:32,2026-02-25,0000026794,590-000064,Full-cycle Agricultural Operation Detection System,,12.0000,2026-02-25 15:39:56,2026-02-26 23:59:59,12.0000,,,,Fully Issued,Completed
0000026857,HDKJ-20260228-005,Approved,2026-02-28 10:34:30,2026-02-28,0000026856,526-000005,Beidou Agricultural Navigation Controller,,247.0000,2026-02-28 10:32:32,2026-03-01 23:59:59,247.0000,,,,Fully Issued,Completed
0000026995,HDKJ-20260302-008,Approved,2026-03-02 13:22:56,2026-03-02,0000026994,590-000064,Full-cycle Agricultural Operation Detection System,,1.0000,2026-03-02 13:21:42,2026-03-03 23:59:59,1.0000,,,,Fully Issued,Completed
0000026996,KSHA-20260302-006,Approved,2026-03-02 14:01:35,2026-03-02,0000026997,U00-000170,Beidou Vehicle Telematics Terminal System,,500.0000,2026-03-02 00:00:00,2026-03-03 00:00:00,500.0000,mrp_planorder,JHJY-20260302-00040172,,Fully Issued,Completed
0000027247,HDKJ-20260304-010,Approved,2026-03-04 19:31:50,2026-03-04,0000027246,382-000006,Beidou Agricultural Navigation Controller,,300.0000,2026-03-04 19:31:12,2026-03-05 23:59:59,300.0000,,,,Fully Issued,Completed
0000027345,HDKJ-20260305-003,Approved,2026-03-05 14:53:46,2026-03-05,0000027344,590-000064,Full-cycle Agricultural Operation Detection System,,10.0000,2026-03-05 14:52:26,2026-03-06 23:59:59,10.0000,,,,Fully Issued,Completed
0000028090,KSHA-20260306-001,Approved,2026-03-06 09:49:20,2026-03-06,0000028091,U00-000080,Beidou Vehicle Telematics Terminal System,,400.0000,2026-04-29 00:00:00,2026-04-30 00:00:00,400.0000,mrp_planorder,JHJY-20260306-00040244,,Fully Issued,Completed
0000028392,HDKJ-20260307-007,Approved,2026-03-07 12:10:22,2026-03-07,0000028391,590-000064,Full-cycle Agricultural Operation Detection System,,10.0000,2026-03-07 12:09:15,2026-03-08 23:59:59,10.0000,,,,Fully Issued,Completed
0000029277,HDKJ-20260309-010,Approved,2026-03-09 14:40:00,2026-03-09,0000029276,590-000064,Full-cycle Agricultural Operation Detection System,,1.0000,2026-03-09 14:38:57,2026-03-10 23:59:59,1.0000,,,,Fully Issued,Completed
0000029806,HDKJ-20260309-012,Approved,2026-03-09 18:12:04,2026-03-09,0000029805,590-000064,Full-cycle Agricultural Operation Detection System,,20.0000,2026-03-09 18:08:18,2026-03-10 23:59:59,20.0000,,,,Fully Issued,Completed
0000030173,HDKJ-20260311-010,Approved,2026-03-11 17:59:06,2026-03-11,0000030172,590-000064,Full-cycle Agricultural Operation Detection System,,5.0000,2026-03-11 17:55:34,2026-03-12 23:59:59,5.0000,,,,Fully Issued,Completed
0000030197,HDKJ-20260311-011,Approved,2026-03-11 19:22:08,2026-03-11,0000030196,590-000064,Full-cycle Agricultural Operation Detection System,,1.0000,2026-03-11 19:19:57,2026-03-12 23:59:59,1.0000,,,,Fully Issued,Completed
0000030251,KSHA-20260312-002,Approved,2026-03-12 12:09:58,2026-03-12,0000030252,P61-000331,Sample Business Label 8a608f8b,,30.0000,2026-03-12 00:00:00,2026-03-13 00:00:00,30.0000,mrp_planorder,JHJY-20260312-00040263,,Fully Issued,Completed
0000030346,KSHA-20260312-006,Approved,2026-03-16 09:28:27,2026-03-12,0000030347,U00-000080,Beidou Vehicle Telematics Terminal System,,600.0000,2026-04-29 00:00:00,2026-04-30 00:00:00,600.0000,mrp_planorder,JHJY-20260306-00040245,,Fully Issued,Completed
0000030562,HDKJ-20260316-014,Approved,2026-03-16 15:19:26,2026-03-16,0000030561,590-000064,Full-cycle Agricultural Operation Detection System,,3.0000,2026-03-16 15:18:00,2026-03-17 23:59:59,3.0000,,,,Fully Issued,Completed
0000030564,HDKJ-20260316-015,Approved,2026-03-16 15:20:58,2026-03-16,0000030563,590-000064,Full-cycle Agricultural Operation Detection System,,30.0000,2026-03-16 15:18:00,2026-03-17 23:59:59,30.0000,,,,Fully Issued,Completed
0000030609,HDKJ-20260317-004,Approved,2026-03-17 12:07:26,2026-03-17,0000030608,590-000064,Full-cycle Agricultural Operation Detection System,,1.0000,2026-03-17 12:06:30,2026-03-18 23:59:59,1.0000,,,,Fully Issued,Completed
0000030611,HDKJ-20260317-006,Approved,2026-03-17 14:41:10,2026-03-17,0000030610,590-000064,Full-cycle Agricultural Operation Detection System,,6.0000,2026-03-17 14:39:23,2026-03-18 23:59:59,6.0000,,,,Fully Issued,Completed
0000030617,HDKJ-20260317-008,Approved,2026-03-17 16:37:22,2026-03-17,0000030616,590-000073,Full-cycle Agricultural Operation Detection System,,20.0000,2026-03-17 16:35:05,2026-03-18 23:59:59,20.0000,,,,Fully Issued,Completed
0000030662,HDKJ-20260318-002,Approved,2026-03-18 10:23:28,2026-03-18,0000030661,590-000072,Full-cycle Agricultural Operation Detection System,,10.0000,2026-03-18 10:21:14,2026-03-19 23:59:59,10.0000,,,,Fully Issued,Completed
0000030823,HDKJ-20260318-016,Approved,2026-03-18 14:59:15,2026-03-18,0000030822,590-000073,Full-cycle Agricultural Operation Detection System,,30.0000,2026-03-18 14:57:57,2026-03-19 23:59:59,30.0000,,,,Fully Issued,Completed
0000030918,HDKJ-20260319-011,Approved,2026-03-19 15:10:15,2026-03-19,0000030917,367-000097,Sample Business Label e8c4b42d,,12.0000,2026-03-19 15:08:56,2026-03-20 23:59:59,12.0000,,,,Fully Issued,Completed
0000031313,HDKJ-20260320-055,Approved,2026-03-22 10:02:51,2026-03-20,0000031437,590-000073,Full-cycle Agricultural Operation Detection System,,40.0000,2026-03-22 09:57:13,2026-03-23 23:59:59,40.0000,,,,Fully Issued,Completed
0000031317,HDKJ-20260320-048,Approved,2026-03-20 15:45:48,2026-03-20,0000031316,590-000073,Full-cycle Agricultural Operation Detection System,,4.0000,2026-03-20 15:44:39,2026-03-21 23:59:59,4.0000,,,,Fully Issued,Completed
0000031323,HDKJ-20260320-057,Approved,2026-03-20 18:11:09,2026-03-20,0000031322,382-000005,Beidou Agricultural Navigation Controller,,400.0000,2026-03-20 18:10:37,2026-03-21 23:59:59,400.0000,,,,Fully Issued,Completed
0000031325,HDKJ-20260320-059,Approved,2026-03-20 18:13:29,2026-03-20,0000031324,382-000006,Beidou Agricultural Navigation Controller,,200.0000,2026-03-20 18:13:03,2026-03-21 23:59:59,200.0000,,,,Fully Issued,Completed
0000031382,HDKJ-20260321-011,Approved,2026-03-21 15:49:14,2026-03-21,0000031381,590-000075,Full-cycle Agricultural Operation Detection System,,5.0000,2026-03-21 15:46:54,2026-03-22 23:59:59,5.0000,,,,Fully Issued,Completed
0000031384,HDKJ-20260321-013,Approved,2026-03-21 15:50:29,2026-03-21,0000031383,590-000064,Full-cycle Agricultural Operation Detection System,,100.0000,2026-03-21 15:49:20,2026-03-22 23:59:59,100.0000,,,,Fully Issued,Completed
0000031386,HDKJ-20260321-015,Approved,2026-03-21 15:52:24,2026-03-21,0000031385,590-000073,Full-cycle Agricultural Operation Detection System,,20.0000,2026-03-21 15:51:28,2026-03-22 23:59:59,20.0000,,,,Fully Issued,Completed
0000031476,HDKJ-20260323-001,Approved,2026-03-23 09:02:14,2026-03-23,0000031475,590-000073,Full-cycle Agricultural Operation Detection System,,4.0000,2026-03-23 09:00:40,2026-03-24 23:59:59,4.0000,,,,Fully Issued,Completed
0000031577,HDKJ-20260324-001,Approved,2026-03-24 10:49:51,2026-03-24,0000031576,590-000064,Full-cycle Agricultural Operation Detection System,,10.0000,2026-03-24 10:46:49,2026-03-25 23:59:59,10.0000,,,,Fully Issued,Completed
0000031579,HDKJ-20260324-003,Approved,2026-03-24 10:52:57,2026-03-24,0000031578,590-000064,Full-cycle Agricultural Operation Detection System,,1.0000,2026-03-24 10:46:49,2026-03-25 23:59:59,1.0000,,,,Fully Issued,Completed
0000031610,KSHA-20260324-002,Approved,2026-03-24 14:46:49,2026-03-24,0000031611,U00-000161,Beidou Vehicle Telematics Terminal System,,200.0000,2026-03-24 00:00:00,2026-03-25 00:00:00,200.0000,mrp_planorder,JHJY-20260324-00045424,,Fully Issued,Completed
0000031663,KSHA-20260324-005,Approved,2026-03-24 18:02:34,2026-03-24,0000031664,P61-000331,Sample Business Label 8a608f8b,,20.0000,2026-03-24 00:00:00,2026-03-25 00:00:00,20.0000,mrp_planorder,JHJY-20260324-00045427,,Fully Issued,Completed
0000031682,KSHA-20260324-008,Approved,2026-03-24 18:26:22,2026-03-24,0000031683,U00-000080,Beidou Vehicle Telematics Terminal System,,450.0000,2026-04-29 00:00:00,2026-04-30 00:00:00,450.0000,mrp_planorder,JHJY-20260324-00045431,,Fully Issued,Completed
0000031801,HDKJ-20260325-013,Approved,2026-03-25 16:09:00,2026-03-25,0000031800,590-000064,Full-cycle Agricultural Operation Detection System,,2.0000,2026-03-25 16:07:51,2026-03-26 23:59:59,2.0000,,,,Fully Issued,Completed
0000031812,HDKJ-20260325-016,Approved,2026-03-25 16:28:16,2026-03-25,0000031811,590-000073,Full-cycle Agricultural Operation Detection System,,30.0000,2026-03-25 16:27:16,2026-03-26 23:59:59,30.0000,,,,Fully Issued,Completed
0000031831,HDKJ-20260325-017,Approved,2026-03-25 16:29:25,2026-03-25,0000031813,590-000075,Full-cycle Agricultural Operation Detection System,,60.0000,2026-03-25 16:28:28,2026-03-26 23:59:59,60.0000,,,,Fully Issued,Completed
0000032300,HDKJ-20260326-005,Approved,2026-03-26 12:37:00,2026-03-26,0000032299,590-000073,Full-cycle Agricultural Operation Detection System,,32.0000,2026-03-26 12:35:50,2026-03-27 23:59:59,32.0000,,,,Fully Issued,Completed
0000032347,HDKJ-20260326-017,Approved,2026-03-26 16:26:09,2026-03-26,0000032346,590-000064,Full-cycle Agricultural Operation Detection System,,30.0000,2026-03-26 16:24:24,2026-03-27 23:59:59,30.0000,,,,Fully Issued,Completed
0000032381,HDKJ-20260326-018,Approved,2026-03-26 17:53:18,2026-03-26,0000032380,590-000064,Full-cycle Agricultural Operation Detection System,,20.0000,2026-03-26 17:52:19,2026-03-27 23:59:59,20.0000,,,,Fully Issued,Completed
0000032453,HDKJ-20260327-001,Approved,2026-03-27 10:27:13,2026-03-27,0000032452,590-000073,Full-cycle Agricultural Operation Detection System,,70.0000,2026-03-27 10:25:47,2026-03-28 23:59:59,70.0000,,,,Fully Issued,Completed
0000032456,KSHA-20260327-002,Approved,2026-03-27 16:36:31,2026-03-27,0000032457,U00-000170,Beidou Vehicle Telematics Terminal System,,1000.0000,2026-03-25 00:00:00,2026-03-26 00:00:00,1000.0000,mrp_planorder,JHJY-20260325-00045440,,Fully Issued,Completed
0000032463,HDKJ-20260327-002,Approved,2026-03-27 11:56:52,2026-03-27,0000032464,526-000001,Beidou Agricultural Navigation Controller,,700.0000,2026-03-28 00:00:00,2026-03-29 00:00:00,700.0000,mrp_planorder,JHJY-20260318-00043190,,Fully Issued,Completed
0000032516,HDKJ-20260327-007,Approved,2026-03-27 11:59:59,2026-03-27,0000032515,590-000073,Full-cycle Agricultural Operation Detection System,,200.0000,2026-03-27 11:58:58,2026-03-28 23:59:59,200.0000,,,,Fully Issued,Completed
0000032557,HDKJ-20260327-009,Approved,2026-03-27 15:02:23,2026-03-27,0000032556,590-000064,Full-cycle Agricultural Operation Detection System,,5.0000,2026-03-27 15:00:05,2026-03-28 23:59:59,5.0000,,,,Fully Issued,Completed
0000032646,HDKJ-20260328-001,Approved,2026-03-28 10:49:54,2026-03-28,0000032645,590-000073,Full-cycle Agricultural Operation Detection System,,600.0000,2026-03-28 10:48:58,2026-03-29 23:59:59,600.0000,,,,Fully Issued,Completed
0000032673,HDKJ-20260328-013,Approved,2026-03-28 14:41:03,2026-03-28,0000032672,590-000075,Full-cycle Agricultural Operation Detection System,,3.0000,2026-03-28 14:37:36,2026-03-29 23:59:59,3.0000,,,,Fully Issued,Completed
0000032674,HDKJ-20260328-014,Approved,2026-03-28 14:43:42,2026-03-28,0000032677,590-000073,Full-cycle Agricultural Operation Detection System,,57.0000,2026-03-28 14:42:56,2026-03-29 23:59:59,57.0000,,,,Fully Issued,Completed
0000032683,HDKJ-20260328-021,Approved,2026-03-28 18:16:05,2026-03-28,0000032682,590-000064,Full-cycle Agricultural Operation Detection System,,1.0000,2026-03-28 18:10:00,2026-03-29 23:59:59,1.0000,,,,Fully Issued,Completed
0000032887,HDKJ-20260330-006,Approved,2026-03-30 10:03:02,2026-03-30,0000032886,590-000073,Full-cycle Agricultural Operation Detection System,,300.0000,2026-03-30 10:02:14,2026-03-31 23:59:59,300.0000,,,,Fully Issued,Completed
0000032919,HDKJ-20260330-008,Approved,2026-03-30 12:21:58,2026-03-30,0000032918,590-000064,Full-cycle Agricultural Operation Detection System,,30.0000,2026-03-30 12:20:09,2026-03-31 23:59:59,30.0000,,,,Fully Issued,Completed
0000032954,HDKJ-20260330-010,Approved,2026-03-30 15:19:06,2026-03-30,0000032953,590-000073,Full-cycle Agricultural Operation Detection System,,700.0000,2026-03-30 15:17:57,2026-03-31 23:59:59,700.0000,,,,Fully Issued,Completed
0000032979,HDKJ-20260330-018,Approved,2026-03-30 18:14:35,2026-03-30,0000032977,590-000064,Full-cycle Agricultural Operation Detection System,,2.0000,2026-03-30 18:10:46,2026-03-31 23:59:59,2.0000,,,,Fully Issued,Completed
0000032989,HDKJ-20260330-020,Approved,2026-03-30 18:21:12,2026-03-30,0000032988,590-000064,Full-cycle Agricultural Operation Detection System,,5.0000,2026-03-30 18:18:01,2026-03-31 23:59:59,5.0000,,,,Fully Issued,Completed
0000032990,HDKJ-20260330-021,Approved,2026-03-30 18:43:34,2026-03-30,0000032993,590-000073,Full-cycle Agricultural Operation Detection System,,40.0000,2026-03-30 18:28:21,2026-03-31 23:59:59,40.0000,,,,Fully Issued,Completed
0000032992,HDKJ-20260330-022,Approved,2026-03-30 18:24:24,2026-03-30,0000032991,590-000075,Full-cycle Agricultural Operation Detection System,,30.0000,2026-03-30 18:18:01,2026-03-31 23:59:59,30.0000,,,,Fully Issued,Completed
0000033087,HDKJ-20260331-022,Approved,2026-03-31 18:39:57,2026-03-31,0000033088,590-000073,Full-cycle Agricultural Operation Detection System,,50.0000,2026-03-31 18:34:24,2026-04-01 23:59:59,50.0000,,,,Fully Issued,Completed
0000033201,HDKJ-20260401-013,Approved,2026-04-01 10:18:19,2026-04-01,0000033200,590-000075,Full-cycle Agricultural Operation Detection System,,20.0000,2026-04-01 10:17:02,2026-04-02 23:59:59,20.0000,,,,Fully Issued,Completed
0000033203,HDKJ-20260401-014,Approved,2026-04-01 10:19:13,2026-04-01,0000033202,590-000073,Full-cycle Agricultural Operation Detection System,,20.0000,2026-04-01 10:17:02,2026-04-02 23:59:59,20.0000,,,,Fully Issued,Completed
0000033473,HDKJ-20260401-018,Approved,2026-04-01 15:23:30,2026-04-01,0000033472,590-000074,Full-cycle Agricultural Operation Detection System,,1000.0000,2026-04-01 15:22:16,2026-04-02 23:59:59,1000.0000,,,,Fully Issued,Completed
0000033489,HDKJ-20260401-017,Approved,2026-04-01 16:24:11,2026-04-01,0000033488,590-000075,Full-cycle Agricultural Operation Detection System,,24.0000,2026-04-01 16:22:40,2026-04-02 23:59:59,24.0000,,,,Fully Issued,Completed
0000033491,HDKJ-20260401-023,Approved,2026-04-01 17:03:12,2026-04-01,0000033490,590-000075,Full-cycle Agricultural Operation Detection System,,118.0000,2026-04-01 16:55:14,2026-04-02 23:59:59,118.0000,,,,Fully Issued,Completed
0000033493,HDKJ-20260401-024,Approved,2026-04-01 17:04:24,2026-04-01,0000033492,590-000073,Full-cycle Agricultural Operation Detection System,,124.0000,2026-04-01 17:03:16,2026-04-02 23:59:59,124.0000,,,,Fully Issued,Completed
0000033623,KSHA-20260401-002,Approved,2026-04-02 18:20:17,2026-04-01,0000033624,P61-000331,Sample Business Label 8a608f8b,,30.0000,2026-04-01 00:00:00,2026-04-02 00:00:00,30.0000,mrp_planorder,JHJY-20260401-00045881,,Fully Issued,Completed
0000033865,HDKJ-20260402-004,Approved,2026-04-02 15:05:09,2026-04-02,0000033979,590-000074,Full-cycle Agricultural Operation Detection System,,50.0000,2026-04-02 15:04:29,2026-04-03 23:59:59,50.0000,,,,Fully Issued,Completed
0000033962,HDKJ-20260402-007,Approved,2026-04-02 14:19:03,2026-04-02,0000033961,590-000074,Full-cycle Agricultural Operation Detection System,,12.0000,2026-04-02 14:17:33,2026-04-03 23:59:59,12.0000,,,,Fully Issued,Completed
0000033973,HDKJ-20260402-008,Approved,2026-04-02 14:40:11,2026-04-02,0000033972,590-000075,Full-cycle Agricultural Operation Detection System,,50.0000,2026-04-02 14:37:47,2026-04-03 23:59:59,50.0000,,,,Fully Issued,Completed
0000033980,HDKJ-20260402-013,Approved,2026-04-02 15:06:38,2026-04-02,0000033978,590-000075,Full-cycle Agricultural Operation Detection System,,30.0000,2026-04-02 15:02:25,2026-04-03 23:59:59,30.0000,,,,Fully Issued,Completed
0000034014,HDKJ-20260402-014,Approved,2026-04-02 16:32:51,2026-04-02,0000034013,590-000075,Full-cycle Agricultural Operation Detection System,,4.0000,2026-04-02 16:31:50,2026-04-03 23:59:59,4.0000,,,,Fully Issued,Completed
0000034015,KSHA-20260402-003,Approved,2026-04-02 18:22:59,2026-04-02,0000034017,U00-000161,Beidou Vehicle Telematics Terminal System,,1000.0000,2026-04-02 00:00:00,2026-04-02 00:00:00,1000.0000,mrp_planorder,JHJY-20260402-00045931,,Fully Issued,Completed
0000034016,KSHA-20260402-005,Approved,2026-04-02 18:23:18,2026-04-02,0000034018,U00-000155,Beidou Vehicle Telematics Terminal System,,100.0000,2026-04-02 00:00:00,2026-04-02 00:00:00,100.0000,mrp_planorder,JHJY-20260402-00045954,,Fully Issued,Completed
0000034035,HDKJ-20260402-015,Approved,2026-04-02 18:43:08,2026-04-02,0000034036,526-000001,Beidou Agricultural Navigation Controller,,300.0000,2026-04-06 00:00:00,2026-04-07 00:00:00,300.0000,mrp_planorder,JHJY-20260318-00043191,,Fully Issued,Completed
0000034252,HDKJ-20260403-006,Approved,2026-04-03 14:20:31,2026-04-03,0000034251,590-000073,Full-cycle Agricultural Operation Detection System,,60.0000,2026-04-03 14:16:20,2026-04-04 23:59:59,60.0000,,,,Fully Issued,Completed
0000034262,HDKJ-20260403-008,Approved,2026-04-03 14:37:03,2026-04-03,0000034261,590-000064,Full-cycle Agricultural Operation Detection System,,10.0000,2026-04-03 14:34:39,2026-04-04 23:59:59,10.0000,,,,Fully Issued,Completed
0000034346,HDKJ-20260403-021,Approved,2026-04-03 18:15:17,2026-04-03,0000034345,590-000073,Full-cycle Agricultural Operation Detection System,,1500.0000,2026-04-03 18:13:08,2026-04-04 23:59:59,1500.0000,,,,Fully Issued,Completed
0000034698,HDKJ-20260404-003,Approved,2026-04-04 10:51:02,2026-04-04,0000034697,590-000072,Full-cycle Agricultural Operation Detection System,,5.0000,2026-04-04 10:49:51,2026-04-05 23:59:59,5.0000,,,,Fully Issued,Completed
0000035102,HDKJ-20260407-007,Approved,2026-04-07 10:20:38,2026-04-07,0000035101,590-000074,Full-cycle Agricultural Operation Detection System,,500.0000,2026-04-07 10:19:47,2026-04-08 23:59:59,500.0000,,,,Fully Issued,Completed
0000035104,HDKJ-20260407-009,Approved,2026-04-07 10:26:12,2026-04-07,0000035103,590-000074,Full-cycle Agricultural Operation Detection System,,288.0000,2026-04-07 10:20:40,2026-04-08 23:59:59,288.0000,,,,Fully Issued,Completed
0000035106,HDKJ-20260407-010,Approved,2026-04-08 12:27:20,2026-04-07,0000035105,590-000075,Full-cycle Agricultural Operation Detection System,,290.0000,2026-04-07 10:21:33,2026-04-08 23:59:59,290.0000,,,,Fully Issued,Completed
0000035108,HDKJ-20260407-011,Approved,2026-04-07 10:26:15,2026-04-07,0000035107,590-000064,Full-cycle Agricultural Operation Detection System,,4.0000,2026-04-07 10:24:34,2026-04-08 23:59:59,4.0000,,,,Fully Issued,Completed
0000035110,HDKJ-20260407-012,Approved,2026-04-07 10:28:13,2026-04-07,0000035109,590-000073,Full-cycle Agricultural Operation Detection System,,56.0000,2026-04-07 10:24:34,2026-04-08 23:59:59,56.0000,,,,Fully Issued,Completed
0000035112,HDKJ-20260407-013,Approved,2026-04-07 10:31:39,2026-04-07,0000035111,590-000075,Full-cycle Agricultural Operation Detection System,,20.0000,2026-04-07 10:24:34,2026-04-08 23:59:59,20.0000,,,,Fully Issued,Completed
0000035114,HDKJ-20260407-014,Approved,2026-04-07 10:38:56,2026-04-07,0000035113,590-000073,Full-cycle Agricultural Operation Detection System,,142.0000,2026-04-07 10:36:51,2026-04-08 23:59:59,142.0000,,,,Fully Issued,Completed
0000035143,HDKJ-20260407-017,Approved,2026-04-07 12:11:51,2026-04-07,0000035142,590-000074,Full-cycle Agricultural Operation Detection System,,600.0000,2026-04-07 12:09:25,2026-04-08 23:59:59,600.0000,,,,Fully Issued,Completed
0000035184,HDKJ-20260407-019,Approved,2026-04-07 13:56:17,2026-04-07,0000035183,590-000074,Full-cycle Agricultural Operation Detection System,,30.0000,2026-04-07 13:55:17,2026-04-08 23:59:59,30.0000,,,,Fully Issued,Completed
0000035186,HDKJ-20260407-020,Approved,2026-04-07 13:57:15,2026-04-07,0000035185,590-000073,Full-cycle Agricultural Operation Detection System,,100.0000,2026-04-07 13:55:17,2026-04-08 23:59:59,100.0000,,,,Fully Issued,Completed
0000035270,HDKJ-20260407-034,Approved,2026-04-07 20:25:46,2026-04-07,0000035269,590-000074,Full-cycle Agricultural Operation Detection System,,50.0000,2026-04-07 20:24:52,2026-04-08 23:59:59,50.0000,,,,Fully Issued,Completed
0000035272,HDKJ-20260407-036,Approved,2026-04-07 20:28:09,2026-04-07,0000035271,590-000073,Full-cycle Agricultural Operation Detection System,,18.0000,2026-04-07 20:26:53,2026-04-08 23:59:59,18.0000,,,,Fully Issued,Completed
0000035274,HDKJ-20260407-037,Approved,2026-04-07 20:28:58,2026-04-07,0000035273,590-000075,Full-cycle Agricultural Operation Detection System,,12.0000,2026-04-07 20:28:11,2026-04-08 23:59:59,12.0000,,,,Fully Issued,Completed
0000035379,HDKJ-20260408-011,Approved,2026-04-08 13:34:33,2026-04-08,0000035355,590-000073,Full-cycle Agricultural Operation Detection System,,110.0000,2026-04-08 13:33:27,2026-04-09 23:59:59,110.0000,,,,Fully Issued,Completed
0000035420,HDKJ-20260408-016,Approved,2026-04-08 16:01:40,2026-04-08,0000035419,590-000064,Full-cycle Agricultural Operation Detection System,,30.0000,2026-04-08 16:00:26,2026-04-09 23:59:59,30.0000,,,,Fully Issued,Completed
0000035422,HDKJ-20260408-017,Approved,2026-04-08 16:03:02,2026-04-08,0000035421,590-000073,Full-cycle Agricultural Operation Detection System,,5.0000,2026-04-08 16:01:42,2026-04-09 23:59:59,5.0000,,,,Fully Issued,Completed
0000035438,KSHA-20260408-002,Approved,2026-04-08 18:20:47,2026-04-08,0000035439,P61-000331,Sample Business Label 8a608f8b,,30.0000,2026-04-08 00:00:00,2026-04-09 00:00:00,30.0000,mrp_planorder,JHJY-20260408-00046541,,Fully Issued,Completed
0000035447,HDKJ-20260408-020,Approved,2026-04-08 18:26:22,2026-04-08,0000035446,590-000073,Full-cycle Agricultural Operation Detection System,,44.0000,2026-04-08 18:25:22,2026-04-09 23:59:59,44.0000,,,,Fully Issued,Completed
0000035449,HDKJ-20260408-022,Approved,2026-04-08 18:28:31,2026-04-08,0000035448,590-000073,Full-cycle Agricultural Operation Detection System,,15.0000,2026-04-08 18:26:26,2026-04-09 23:59:59,15.0000,,,,Fully Issued,Completed
0000035592,HDKJ-20260409-024,Approved,2026-04-09 12:14:40,2026-04-09,0000035591,590-000064,Full-cycle Agricultural Operation Detection System,,2.0000,2026-04-09 12:12:13,2026-04-10 23:59:59,2.0000,,,,Fully Issued,Completed
0000035614,HDKJ-20260409-025,Approved,2026-04-09 15:24:42,2026-04-09,0000035613,590-000075,Full-cycle Agricultural Operation Detection System,,94.0000,2026-04-09 15:17:55,2026-04-10 23:59:59,94.0000,,,,Fully Issued,Completed
0000035616,HDKJ-20260409-026,Approved,2026-04-09 15:25:29,2026-04-09,0000035615,590-000075,Full-cycle Agricultural Operation Detection System,,800.0000,2026-04-09 15:17:55,2026-04-10 23:59:59,800.0000,,,,Fully Issued,Completed
0000035619,HDKJ-20260409-027,Approved,2026-04-09 15:35:45,2026-04-09,0000035617,590-000074,Full-cycle Agricultural Operation Detection System,,394.0000,2026-04-09 15:25:32,2026-04-10 23:59:59,394.0000,,,,Fully Issued,Completed
0000035621,HDKJ-20260409-031,Approved,2026-04-09 15:44:04,2026-04-09,0000035620,590-000075,Full-cycle Agricultural Operation Detection System,,70.0000,2026-04-09 15:17:55,2026-04-10 23:59:59,70.0000,,,,Fully Issued,Completed
0000035626,HDKJ-20260409-032,Approved,2026-04-09 16:45:32,2026-04-09,0000035625,590-000064,Full-cycle Agricultural Operation Detection System,,2.0000,2026-04-09 16:43:48,2026-04-10 23:59:59,2.0000,,,,Fully Issued,Completed
0000035653,HDKJ-20260409-044,Approved,2026-04-09 18:44:00,2026-04-09,0000035652,590-000074,Full-cycle Agricultural Operation Detection System,,500.0000,2026-04-09 18:42:46,2026-04-10 23:59:59,500.0000,,,,Fully Issued,Completed
0000035748,HDKJ-20260410-001,Approved,2026-04-10 10:37:22,2026-04-10,0000035749,590-000074,Full-cycle Agricultural Operation Detection System,,300.0000,2026-04-10 10:35:55,2026-04-11 23:59:59,300.0000,,,,Fully Issued,Completed
0000035968,KSHA-20260411-002,Approved,2026-04-11 14:58:06,2026-04-11,0000035969,U00-000080,Beidou Vehicle Telematics Terminal System,,520.0000,2026-04-02 00:00:00,2026-04-02 00:00:00,520.0000,mrp_planorder,JHJY-20260402-00045885,,Fully Issued,Completed
0000036004,KSHA-20260411-003,Approved,2026-04-11 15:57:52,2026-04-11,0000036005,P69-000060,Sample Business Label 713c8bb9,,400.0000,2026-04-30 00:00:00,2026-05-01 00:00:00,400.0000,mrp_planorder,JHJY-20260402-00046206,,Fully Issued,Completed
0000036008,HDKJ-20260411-004,Approved,2026-04-11 15:54:16,2026-04-11,0000036007,590-000064,Full-cycle Agricultural Operation Detection System,,26.0000,2026-04-11 15:51:21,2026-04-12 23:59:59,26.0000,,,,Fully Issued,Completed
0000036101,HDKJ-20260411-012,Approved,2026-04-11 21:51:20,2026-04-11,0000036100,590-000073,Full-cycle Agricultural Operation Detection System,,949.0000,2026-04-11 21:50:28,2026-04-12 23:59:59,949.0000,,,,Fully Issued,Completed
0000036294,HDKJ-20260413-003,Approved,2026-04-13 12:13:28,2026-04-13,0000036295,367-000131,Sample Business Label 766526c9,,100.0000,2026-04-13 12:12:59,2026-04-14 23:59:59,0.0000,,,,Partially Issued,Started
0000036689,HDKJ-20260414-001,Approved,2026-04-14 10:17:01,2026-04-14,0000036688,590-000073,Full-cycle Agricultural Operation Detection System,,1000.0000,2026-04-14 10:15:56,2026-04-15 23:59:59,1000.0000,,,,Fully Issued,Completed
0000037125,KSHA-20260415-002,Approved,2026-04-15 12:21:25,2026-04-15,0000037126,P69-000060,Sample Business Label 713c8bb9,,182.0000,2026-04-15 00:00:00,2026-04-16 00:00:00,182.0000,mrp_planorder,JHJY-20260415-00046601,,Fully Issued,Completed
0000037128,HDKJ-20260415-007,Approved,2026-04-15 11:59:48,2026-04-15,0000037127,590-000064,Full-cycle Agricultural Operation Detection System,,20.0000,2026-04-15 11:58:42,2026-04-16 23:59:59,20.0000,,,,Fully Issued,Completed
0000037408,HDKJ-20260416-001,Approved,2026-04-16 09:55:27,2026-04-16,0000037407,590-000073,Full-cycle Agricultural Operation Detection System,,700.0000,2026-04-16 09:54:24,2026-04-17 23:59:59,700.0000,,,,Fully Issued,Completed
0000037410,HDKJ-20260416-002,Approved,2026-04-16 09:56:39,2026-04-16,0000037409,590-000074,Full-cycle Agricultural Operation Detection System,,700.0000,2026-04-16 09:54:24,2026-04-17 23:59:59,700.0000,,,,Fully Issued,Completed
0000037414,HDKJ-20260416-003,Approved,2026-04-16 09:57:32,2026-04-16,0000037411,590-000075,Full-cycle Agricultural Operation Detection System,,1200.0000,2026-04-16 09:54:24,2026-04-17 23:59:59,1200.0000,,,,Fully Issued,Completed
0000037707,HDKJ-20260417-011,Approved,2026-04-17 14:11:35,2026-04-17,0000037706,590-000064,Full-cycle Agricultural Operation Detection System,,13.0000,2026-04-17 14:07:25,2026-04-18 23:59:59,13.0000,,,,Fully Issued,Completed
0000038167,HDKJ-20260417-020,Approved,2026-04-17 19:54:28,2026-04-17,0000038166,382-000005,Beidou Agricultural Navigation Controller,,400.0000,2026-04-17 19:53:56,2026-04-18 23:59:59,400.0000,,,,Fully Issued,Completed
0000038220,HDKJ-20260418-001,Approved,2026-04-18 12:59:49,2026-04-18,0000038214,590-000064,Full-cycle Agricultural Operation Detection System,,30.0000,2026-04-18 12:57:46,2026-04-19 23:59:59,30.0000,,,,Fully Issued,Completed
0000038460,HDKJ-20260420-010,Approved,2026-04-20 10:33:33,2026-04-20,0000038459,590-000073,Full-cycle Agricultural Operation Detection System,,10.0000,2026-04-20 10:32:35,2026-04-21 23:59:59,10.0000,,,,Fully Issued,Completed
0000038559,HDKJ-20260420-013,Approved,2026-04-20 14:38:03,2026-04-20,0000038558,590-000100,Agricultural Machinery Detection System,,299.0000,2026-04-20 14:36:59,2026-04-21 23:59:59,299.0000,,,,Fully Issued,Completed
0000038728,KSHA-20260421-001,Approved,2026-04-21 10:41:40,2026-04-21,0000038727,P61-000331,Sample Business Label 8a608f8b,,1.0000,2026-04-21 10:39:37,2026-04-22 23:59:59,1.0000,,,,Fully Issued,Completed
0000038908,HDKJ-20260422-001,Approved,2026-04-22 08:49:07,2026-04-22,0000038907,590-000073,Full-cycle Agricultural Operation Detection System,,110.0000,2026-04-22 08:29:03,2026-04-23 23:59:59,110.0000,,,,Fully Issued,Completed
0000038910,HDKJ-20260422-002,Approved,2026-04-22 08:52:13,2026-04-22,0000038909,590-000074,Full-cycle Agricultural Operation Detection System,,22.0000,2026-04-22 08:49:41,2026-04-23 23:59:59,22.0000,,,,Fully Issued,Completed
0000038912,HDKJ-20260422-003,Approved,2026-04-22 08:53:14,2026-04-22,0000038911,590-000075,Full-cycle Agricultural Operation Detection System,,20.0000,2026-04-22 08:52:16,2026-04-23 23:59:59,20.0000,,,,Fully Issued,Completed
0000038947,HDKJ-20260422-005,Approved,2026-04-22 12:34:08,2026-04-22,0000038946,590-000073,Full-cycle Agricultural Operation Detection System,,3.0000,2026-04-22 12:32:59,2026-04-23 23:59:59,3.0000,,,,Fully Issued,Completed
0000038977,HDKJ-20260422-007,Approved,2026-04-22 15:47:45,2026-04-22,0000038976,590-000073,Full-cycle Agricultural Operation Detection System,,200.0000,2026-04-22 15:46:46,2026-04-23 23:59:59,200.0000,,,,Fully Issued,Completed
0000038979,HDKJ-20260422-008,Approved,2026-04-22 15:48:37,2026-04-22,0000038978,590-000075,Full-cycle Agricultural Operation Detection System,,8.0000,2026-04-22 15:47:47,2026-04-23 23:59:59,8.0000,,,,Fully Issued,Completed
0000039018,HDKJ-20260422-009,Approved,2026-04-22 18:12:10,2026-04-22,0000039017,590-000075,Full-cycle Agricultural Operation Detection System,,500.0000,2026-04-22 18:10:51,2026-04-23 23:59:59,500.0000,,,,Fully Issued,Completed
0000039022,HDKJ-20260422-010,Approved,2026-04-22 18:26:04,2026-04-22,0000039021,590-000073,Full-cycle Agricultural Operation Detection System,,8.0000,2026-04-22 18:24:57,2026-04-23 23:59:59,8.0000,,,,Fully Issued,Completed
0000039100,HDKJ-20260423-002,Approved,2026-04-23 10:13:30,2026-04-23,0000039099,590-000074,Full-cycle Agricultural Operation Detection System,,30.0000,2026-04-23 10:10:06,2026-04-24 23:59:59,30.0000,,,,Fully Issued,Completed
0000039102,HDKJ-20260423-003,Approved,2026-04-23 10:16:17,2026-04-23,0000039101,590-000074,Full-cycle Agricultural Operation Detection System,,5.0000,2026-04-23 10:10:06,2026-04-24 23:59:59,5.0000,,,,Fully Issued,Completed
0000039104,HDKJ-20260423-004,Approved,2026-04-23 10:17:26,2026-04-23,0000039103,590-000075,Full-cycle Agricultural Operation Detection System,,5.0000,2026-04-23 10:10:06,2026-04-24 23:59:59,5.0000,,,,Fully Issued,Completed
0000039259,HDKJ-20260423-013,Approved,2026-04-23 16:23:23,2026-04-23,0000039258,590-000074,Full-cycle Agricultural Operation Detection System,,20.0000,2026-04-23 16:21:01,2026-04-24 23:59:59,20.0000,,,,Fully Issued,Completed
0000039545,HDKJ-20260424-001,Approved,2026-04-24 09:23:12,2026-04-24,0000039544,590-000064,Full-cycle Agricultural Operation Detection System,,40.0000,2026-04-24 08:58:49,2026-04-25 23:59:59,40.0000,,,,Fully Issued,Completed
0000039615,HDKJ-20260424-010,Approved,2026-04-24 16:22:26,2026-04-24,0000039614,590-000074,Full-cycle Agricultural Operation Detection System,,300.0000,2026-04-24 16:20:59,2026-04-25 23:59:59,300.0000,,,,Fully Issued,Completed
0000039617,HDKJ-20260424-011,Approved,2026-04-24 16:23:24,2026-04-24,0000039616,590-000075,Full-cycle Agricultural Operation Detection System,,300.0000,2026-04-24 16:20:59,2026-04-25 23:59:59,300.0000,,,,Fully Issued,Completed
0000039619,HDKJ-20260424-012,Approved,2026-04-24 16:24:16,2026-04-24,0000039618,590-000073,Full-cycle Agricultural Operation Detection System,,300.0000,2026-04-24 16:20:59,2026-04-25 23:59:59,300.0000,,,,Fully Issued,Completed
0000039817,KSHA-20260425-001,Approved,2026-04-25 18:16:31,2026-04-25,0000039816,P61-000351,Sample Business Label 8a608f8b,,180.0000,2026-04-25 18:14:46,2026-04-26 23:59:59,180.0000,,,,Fully Issued,Completed
0000039819,KSHA-20260425-002,Approved,2026-04-25 18:17:11,2026-04-25,0000039818,P61-000328,Sample Business Label 8a608f8b,,300.0000,2026-04-25 18:14:46,2026-04-26 23:59:59,300.0000,,,,Fully Issued,Completed
0000039874,HDKJ-20260426-002,Approved,2026-04-26 10:20:56,2026-04-26,0000039873,590-000073,Full-cycle Agricultural Operation Detection System,,300.0000,2026-04-26 10:19:54,2026-04-27 23:59:59,300.0000,,,,Fully Issued,Completed
0000039876,HDKJ-20260426-003,Approved,2026-04-26 10:21:49,2026-04-26,0000039875,590-000074,Full-cycle Agricultural Operation Detection System,,300.0000,2026-04-26 10:19:54,2026-04-27 23:59:59,300.0000,,,,Fully Issued,Completed
0000039878,HDKJ-20260426-004,Approved,2026-04-26 10:25:23,2026-04-26,0000039877,590-000075,Full-cycle Agricultural Operation Detection System,,300.0000,2026-04-26 10:22:15,2026-04-27 23:59:59,300.0000,,,,Fully Issued,Completed
0000040023,HDKJ-20260427-012,Approved,2026-04-27 16:36:08,2026-04-27,0000040022,590-000074,Full-cycle Agricultural Operation Detection System,,500.0000,2026-04-27 16:34:33,2026-04-28 23:59:59,500.0000,,,,Fully Issued,Completed
0000040025,HDKJ-20260427-013,Approved,2026-04-27 16:37:40,2026-04-27,0000040024,590-000075,Full-cycle Agricultural Operation Detection System,,200.0000,2026-04-27 16:34:33,2026-04-28 23:59:59,200.0000,,,,Fully Issued,Completed
0000040029,HDKJ-20260427-014,Approved,2026-04-27 16:38:34,2026-04-27,0000040028,590-000073,Full-cycle Agricultural Operation Detection System,,300.0000,2026-04-27 16:34:33,2026-04-28 23:59:59,300.0000,,,,Fully Issued,Completed
0000041133,KSHA-20260429-001,Approved,2026-04-29 15:29:11,2026-04-29,0000041132,P61-000351,Sample Business Label 8a608f8b,,200.0000,2026-04-29 15:28:25,2026-04-30 23:59:59,200.0000,,,,Fully Issued,Completed
0000041309,HDKJ-20260430-002,Approved,2026-04-30 11:38:20,2026-04-30,0000041310,734-000001,Sample Business Label 108580c2,,8.0000,2026-04-14 00:00:00,2026-04-15 00:00:00,8.0000,mrp_planorder,JHJY-20260408-00046440,,Fully Issued,Completed
0000041455,HDKJ-20260503-001,Approved,2026-05-03 08:44:16,2026-05-03,0000041454,590-000064,Full-cycle Agricultural Operation Detection System,,1.0000,2026-05-03 08:42:24,2026-05-04 23:59:59,1.0000,,,,Fully Issued,Completed
0000041566,HDKJ-20260505-001,Approved,2026-05-05 12:03:17,2026-05-05,0000041565,382-000005,Beidou Agricultural Navigation Controller,,300.0000,2026-05-05 12:02:09,2026-05-06 23:59:59,300.0000,,,,Fully Issued,Completed
0000041568,HDKJ-20260505-005,Approved,2026-05-05 12:06:45,2026-05-05,0000041567,526-000001,Beidou Agricultural Navigation Controller,,200.0000,2026-05-05 12:06:01,2026-05-06 23:59:59,200.0000,,,,Fully Issued,Completed
0000041656,HDKJ-20260506-002,Approved,2026-05-06 10:46:00,2026-05-06,0000041655,590-000073,Full-cycle Agricultural Operation Detection System,,500.0000,2026-05-06 10:44:59,2026-05-07 23:59:59,500.0000,,,,Fully Issued,Completed
0000041777,HDKJ-20260507-006,Approved,2026-05-07 12:01:54,2026-05-07,0000041776,526-000006,Beidou Agricultural Navigation Controller,,30.0000,2026-05-07 11:59:06,2026-05-08 23:59:59,30.0000,,,,Fully Issued,Completed
0000041866,KSHA-20260508-004,Approved,2026-05-08 10:00:43,2026-05-08,0000041865,P69-000060,Sample Business Label 713c8bb9,,400.0000,2026-05-08 10:00:05,2026-05-09 23:59:59,400.0000,,,,Fully Issued,Completed
0000042029,KSHA-20260509-003,Approved,2026-05-09 10:34:36,2026-05-09,0000042028,P61-000328,Sample Business Label 8a608f8b,,700.0000,2026-05-09 10:33:27,2026-05-10 23:59:59,700.0000,,,,Fully Issued,Completed
0000042255,HDKJ-20260511-002,Approved,2026-05-11 08:19:48,2026-05-11,0000042254,590-000064,Full-cycle Agricultural Operation Detection System,,2.0000,2026-05-11 08:18:10,2026-05-12 23:59:59,2.0000,,,,Fully Issued,Completed
0000042258,HDKJ-20260511-004,Approved,2026-05-11 08:34:37,2026-05-11,0000042257,590-000064,Full-cycle Agricultural Operation Detection System,,300.0000,2026-05-11 08:32:57,2026-05-12 23:59:59,300.0000,,,,Fully Issued,Completed
0000042315,HDKJ-20260511-008,Approved,2026-05-11 15:03:44,2026-05-11,0000042314,590-000100,Agricultural Machinery Detection System,,4.0000,2026-05-11 15:02:29,2026-05-12 23:59:59,4.0000,,,,Fully Issued,Completed
0000042439,KSHA-20260512-001,Approved,2026-05-12 16:22:44,2026-05-12,0000042438,U00-000155,Beidou Vehicle Telematics Terminal System,,200.0000,2026-05-12 16:20:56,2026-05-13 23:59:59,200.0000,,,,Fully Issued,Completed
0000042447,KSHA-20260512-009,Approved,2026-05-12 16:56:59,2026-05-12,0000042446,367-000130,Sample Business Label 766526c9,,5.0000,2026-05-12 16:56:10,2026-05-13 23:59:59,5.0000,,,,Fully Issued,Completed
0000042854,HDKJ-20260514-022,Approved,2026-05-14 17:19:13,2026-05-14,0000042855,382-000005,Beidou Agricultural Navigation Controller,,200.0000,2026-05-15 00:00:00,2026-05-16 00:00:00,200.0000,mrp_planorder,JHJY-20260318-00043181,,Fully Issued,Completed
0000043161,HDKJ-20260516-002,Approved,2026-05-16 10:35:11,2026-05-16,0000043160,590-000100,Agricultural Machinery Detection System,,99.0000,2026-05-16 10:33:47,2026-05-17 23:59:59,0.0000,,,,Fully Issued,Started
0000043229,HDKJ-20260518-001,Approved,2026-05-18 08:30:45,2026-05-18,0000043228,590-000064,Full-cycle Agricultural Operation Detection System,,20.0000,2026-05-18 08:28:32,2026-05-19 23:59:59,20.0000,,,,Fully Issued,Completed
0000043254,HDKJ-20260518-002,Approved,2026-05-18 13:36:23,2026-05-18,0000043253,590-000075,Full-cycle Agricultural Operation Detection System,,350.0000,2026-05-18 10:34:57,2026-05-19 23:59:59,0.0000,,,,Fully Issued,Started
0000043264,HDKJ-20260518-004,Approved,2026-05-18 12:11:10,2026-05-18,0000043263,590-000072,Full-cycle Agricultural Operation Detection System,,200.0000,2026-05-18 12:09:46,2026-05-19 23:59:59,200.0000,,,,Fully Issued,Completed
0000043281,HDKJ-20260518-006,Approved,2026-05-18 13:34:34,2026-05-18,0000043280,590-000072,Full-cycle Agricultural Operation Detection System,,6.0000,2026-05-18 13:32:36,2026-05-19 23:59:59,6.0000,,,,Fully Issued,Completed
0000043920,HDKJ-20260521-001,Approved,2026-05-21 08:18:03,2026-05-21,0000043919,590-000064,Full-cycle Agricultural Operation Detection System,,30.0000,2026-05-21 08:16:35,2026-05-22 23:59:59,30.0000,,,,Fully Issued,Completed
0000043933,HDKJ-20260521-007,Approved,2026-05-21 13:59:22,2026-05-21,0000043932,590-000072,Full-cycle Agricultural Operation Detection System,,100.0000,2026-05-21 13:57:52,2026-05-22 23:59:59,100.0000,,,,Fully Issued,Completed
0000043954,HDKJ-20260521-017,Approved,2026-05-21 17:24:35,2026-05-21,0000043953,590-000064,Full-cycle Agricultural Operation Detection System,,20.0000,2026-05-21 17:23:22,2026-05-22 23:59:59,20.0000,,,,Fully Issued,Completed
0000043962,KSHA-20260522-003,Approved,2026-05-22 10:35:30,2026-05-22,0000043961,U00-000080,Beidou Vehicle Telematics Terminal System,,1000.0000,2026-05-22 10:34:55,2026-05-23 23:59:59,1000.0000,,,,Fully Issued,Completed
0000044124,HDKJ-20260527-004,Approved,2026-05-27 10:13:34,2026-05-27,0000044123,590-000064,Full-cycle Agricultural Operation Detection System,,300.0000,2026-05-27 10:11:25,2026-05-28 23:59:59,300.0000,,,,Fully Issued,Completed
0000044251,KSHA-20260529-001,Approved,2026-05-29 16:46:05,2026-05-29,0000044250,P61-000328,Sample Business Label 8a608f8b,,400.0000,2026-05-29 16:44:52,2026-05-30 23:59:59,400.0000,,,,Fully Issued,Completed
0000044257,HDKJ-20260531-002,Approved,2026-05-31 14:46:07,2026-05-31,0000044256,590-000074,Full-cycle Agricultural Operation Detection System,,602.0000,2026-05-31 14:42:57,2026-06-01 23:59:59,0.0000,,,,Fully Issued,Completed
0000044259,KSHA-20260601-001,Approved,2026-06-01 10:19:47,2026-06-01,0000044258,P61-000328,Sample Business Label 8a608f8b,,100.0000,2026-06-01 10:18:57,2026-06-02 23:59:59,100.0000,,,,Fully Issued,Completed
0000044272,HDKJ-20260601-011,Approved,2026-06-01 15:45:10,2026-06-01,0000044271,367-000130,Sample Business Label 766526c9,,20.0000,2026-06-01 15:44:38,2026-06-02 23:59:59,20.0000,,,,Fully Issued,Completed
0000044314,KSHA-20260602-001,Approved,2026-06-02 15:26:10,2026-06-02,0000044313,P61-000351,Sample Business Label 8a608f8b,,120.0000,2026-06-02 15:25:22,2026-06-03 23:59:59,120.0000,,,,Fully Issued,Completed
0000044350,HDKJ-20260603-007,Approved,2026-06-03 18:12:27,2026-06-03,0000044349,590-000072,Full-cycle Agricultural Operation Detection System,,150.0000,2026-06-03 17:54:58,2026-06-04 23:59:59,150.0000,,,,Fully Issued,Completed
0000044352,HDKJ-20260603-008,Approved,2026-06-03 18:20:36,2026-06-03,0000044351,590-000064,Full-cycle Agricultural Operation Detection System,,5.0000,2026-06-03 18:17:46,2026-06-04 23:59:59,5.0000,,,,Fully Issued,Completed
0000044354,KSHA-20260604-001,Approved,2026-06-04 08:26:02,2026-06-04,0000044353,P69-000060,Sample Business Label 713c8bb9,,202.0000,2026-06-04 08:25:08,2026-06-05 23:59:59,202.0000,,,,Fully Issued,Completed
0000044356,HDKJ-20260604-001,Approved,2026-06-04 10:30:14,2026-06-04,0000044355,590-000064,Full-cycle Agricultural Operation Detection System,,40.0000,2026-06-04 10:28:38,2026-06-05 23:59:59,40.0000,,,,Fully Issued,Completed
0000044365,HDKJ-20260605-001,Approved,2026-06-05 08:10:37,2026-06-05,0000044364,590-000064,Full-cycle Agricultural Operation Detection System,,20.0000,2026-06-05 08:09:20,2026-06-06 23:59:59,20.0000,,,,Fully Issued,Completed
0000044367,HDKJ-20260605-004,Approved,2026-06-05 09:52:22,2026-06-05,0000044366,590-000064,Full-cycle Agricultural Operation Detection System,,10.0000,2026-06-05 09:49:26,2026-06-06 23:59:59,10.0000,,,,Fully Issued,Completed
0000044378,HDKJ-20260605-024,Approved,2026-06-05 14:59:44,2026-06-05,0000044377,382-000005,Beidou Agricultural Navigation Controller,,100.0000,2026-06-05 14:56:22,2026-06-06 23:59:59,0.0000,,,,Sample Business Label acdff3ad,Sample Business Label 859c6144
0000044382,HDKJ-20260606-001,Approved,2026-06-06 14:33:31,2026-06-06,0000044381,590-000064,Full-cycle Agricultural Operation Detection System,,100.0000,2026-06-06 14:32:02,2026-06-07 23:59:59,100.0000,,,,Fully Issued,Completed
0000044384,HDKJ-20260606-002,Approved,2026-06-06 16:06:52,2026-06-06,0000044383,590-000064,Full-cycle Agricultural Operation Detection System,,150.0000,2026-06-06 16:05:41,2026-06-07 23:59:59,150.0000,,,,Fully Issued,Completed
0000044387,HDKJ-20260608-010,Approved,2026-06-08 13:18:46,2026-06-08,0000044388,590-000064,Full-cycle Agricultural Operation Detection System,,100.0000,2026-06-08 13:16:58,2026-06-09 23:59:59,100.0000,,,,Fully Issued,Completed
0000044394,HDKJ-20260609-002,Approved,2026-06-09 10:20:01,2026-06-09,0000044393,367-000130,Sample Business Label 766526c9,,20.0000,2026-06-09 10:02:57,2026-06-10 23:59:59,20.0000,,,,Fully Issued,Completed
0000044446,KSHA-20260611-001,Approved,2026-06-11 16:03:07,2026-06-11,0000044445,U00-000080,Beidou Vehicle Telematics Terminal System,,1000.0000,2026-06-11 16:02:26,2026-06-12 23:59:59,1000.0000,,,,Fully Issued,Completed
0000044519,HDKJ-20260615-004,Approved,2026-06-15 15:07:42,2026-06-15,0000044518,590-000064,Full-cycle Agricultural Operation Detection System,,200.0000,2026-06-15 15:06:06,2026-06-16 23:59:59,200.0000,,,,Fully Issued,Completed
0000044565,HDKJ-20260617-001,Approved,2026-06-17 08:28:09,2026-06-17,0000044564,590-000064,Full-cycle Agricultural Operation Detection System,,40.0000,2026-06-17 08:26:18,2026-06-18 23:59:59,40.0000,,,,Fully Issued,Completed
0000044650,KSHA-20260624-002,Approved,2026-06-24 12:09:12,2026-06-24,0000044649,P69-000060,Sample Business Label 713c8bb9,TB200L-021-2512-4K,196.0000,2026-06-24 12:06:47,2026-06-25 23:59:59,196.0000,,,,Fully Issued,Completed
0000044652,HDKJ-20260624-016,Approved,2026-06-24 13:36:42,2026-06-24,0000044651,590-000075,Full-cycle Agricultural Operation Detection System,,200.0000,2026-06-24 13:35:33,2026-06-25 23:59:59,200.0000,,,,Fully Issued,Completed
0000044725,KSHA-20260627-001,Approved,2026-06-27 16:07:09,2026-06-27,0000044724,P61-000328,Sample Business Label 8a608f8b,,182.0000,2026-06-27 16:04:36,2026-06-28 23:59:59,182.0000,,,,Fully Issued,Completed
0000044742,HDKJ-20260706-001,Approved,2026-07-06 08:16:29,2026-07-06,0000044741,590-000072,Full-cycle Agricultural Operation Detection System,,55.0000,2026-07-06 08:14:48,2026-07-07 23:59:59,55.0000,,,,Fully Issued,Completed
0000044744,HDKJ-20260706-004,Approved,2026-07-06 09:45:21,2026-07-06,0000044743,590-000064,Full-cycle Agricultural Operation Detection System,,30.0000,2026-07-06 09:44:49,2026-07-07 23:59:59,30.0000,,,,Fully Issued,Completed
0000044748,HDKJ-20260706-005,Approved,2026-07-06 12:24:37,2026-07-06,0000044747,590-000064,Full-cycle Agricultural Operation Detection System,,15.0000,2026-07-06 12:23:14,2026-07-07 23:59:59,15.0000,,,,Fully Issued,Completed
0000044750,HDKJ-20260706-006,Approved,2026-07-06 14:49:19,2026-07-06,0000044749,590-000064,Full-cycle Agricultural Operation Detection System,,4.0000,2026-07-06 12:23:14,2026-07-07 23:59:59,4.0000,,,,Fully Issued,Completed
0000044767,HDKJ-20260708-007,Approved,2026-07-08 10:28:36,2026-07-08,0000044766,590-000072,Full-cycle Agricultural Operation Detection System,701-012-2604-20K,100.0000,2026-07-08 10:26:21,2026-07-09 23:59:59,100.0000,,,,Fully Issued,Completed
0000044769,HDKJ-20260708-017,Approved,2026-07-08 12:48:27,2026-07-08,0000044768,590-000064,Full-cycle Agricultural Operation Detection System,,30.0000,2026-07-08 12:40:39,2026-07-09 23:59:59,30.0000,,,,Fully Issued,Completed
0000044780,HDKJ-20260710-001,Approved,2026-07-21 14:20:43,2026-07-10,0000044779,590-000064,Full-cycle Agricultural Operation Detection System,,100.0000,2026-07-10 14:47:25,2026-07-11 23:59:59,0.0000,,,,Sample Business Label acdff3ad,Started
0000044782,HDKJ-20260713-001,Approved,2026-07-13 08:37:14,2026-07-13,0000044781,590-000064,Full-cycle Agricultural Operation Detection System,,10.0000,2026-07-13 08:13:39,2026-07-14 23:59:59,10.0000,,,,Fully Issued,Completed
0000044784,HDKJ-20260713-003,Approved,2026-07-13 12:03:00,2026-07-13,0000044783,590-000064,Full-cycle Agricultural Operation Detection System,,10.0000,2026-07-13 11:59:01,2026-07-14 23:59:59,10.0000,,,,Fully Issued,Completed
0000044788,HDKJ-20260714-002,Approved,2026-07-14 09:50:57,2026-07-14,0000044787,590-000064,Full-cycle Agricultural Operation Detection System,,12.0000,2026-07-14 09:49:20,2026-07-15 23:59:59,12.0000,,,,Fully Issued,Completed
0000044790,HDKJ-20260714-003,Approved,2026-07-14 09:53:33,2026-07-14,0000044789,590-000064,Full-cycle Agricultural Operation Detection System,,10.0000,2026-07-14 09:52:10,2026-07-15 23:59:59,10.0000,,,,Fully Issued,Completed
0000044797,HDKJ-20260714-004,Approved,2026-07-14 13:31:54,2026-07-14,0000044796,590-000064,Full-cycle Agricultural Operation Detection System,,3.0000,2026-07-14 13:27:37,2026-07-15 23:59:59,3.0000,,,,Fully Issued,Completed
0000044801,HDKJ-20260715-001,Approved,2026-07-15 10:29:23,2026-07-15,0000044800,590-000073,Full-cycle Agricultural Operation Detection System,701-012-2604-20K,200.0000,2026-07-15 10:16:28,2026-07-16 23:59:59,200.0000,,,,Fully Issued,Completed
0000044803,HDKJ-20260715-002,Approved,2026-07-15 10:45:02,2026-07-15,0000044802,590-000064,Full-cycle Agricultural Operation Detection System,,20.0000,2026-07-15 10:43:31,2026-07-16 23:59:59,20.0000,,,,Fully Issued,Completed
0000044808,HDKJ-20260715-005,Approved,2026-07-15 15:00:45,2026-07-15,0000044807,367-000130,Sample Business Label 766526c9,HD580-007-2603-0.8K,30.0000,2026-07-15 14:57:05,2026-07-16 23:59:59,12.0000,,,,Partially Issued,Sample Business Label f2447e2e
0000044810,KSHA-20260715-001,Approved,2026-07-17 10:41:22,2026-07-15,0000044809,367-000130,Sample Business Label 766526c9,HD580-007-2603-0.8K,5.0000,2026-07-15 15:00:51,2026-07-16 23:59:59,5.0000,,,,Fully Issued,Completed
0000044814,HDKJ-20260716-001,Approved,2026-07-16 09:59:09,2026-07-16,0000044813,590-000064,Full-cycle Agricultural Operation Detection System,,10.0000,2026-07-16 09:56:48,2026-07-17 23:59:59,10.0000,,,,Fully Issued,Completed
0000044816,HDKJ-20260716-002,Approved,2026-07-16 15:04:55,2026-07-16,0000044815,590-000064,Full-cycle Agricultural Operation Detection System,,10.0000,2026-07-16 15:02:24,2026-07-17 23:59:59,10.0000,,,,Fully Issued,Completed
0000044850,HDKJ-20260717-009,Approved,2026-07-17 11:01:48,2026-07-17,0000044849,590-000064,Full-cycle Agricultural Operation Detection System,,8.0000,2026-07-17 10:56:27,2026-07-18 23:59:59,8.0000,,,,Fully Issued,Completed
0000044856,KSHA-20260717-001,Approved,2026-07-17 14:37:10,2026-07-17,0000044855,U00-000080,Beidou Vehicle Telematics Terminal System,TA500-008-2602-3K,900.0000,2026-07-17 14:35:41,2026-07-18 23:59:59,850.0000,,,,Fully Issued,Sample Business Label f2447e2e
0000044858,KSHA-20260717-003,Approved,2026-07-17 14:38:23,2026-07-17,0000044857,U00-000170,Beidou Vehicle Telematics Terminal System,TA400-021-2509-30K,300.0000,2026-07-17 14:35:41,2026-07-18 23:59:59,0.0000,,,,Partially Issued,Started
0000044880,HDKJ-20260720-024,Approved,2026-07-20 08:50:54,2026-07-20,0000044879,367-000097,Sample Business Label e8c4b42d,HD525-001-2503-0.2K,10.0000,2026-07-20 08:46:04,2026-07-21 23:59:59,5.0000,,,,Partially Issued,Sample Business Label f2447e2e
0000044884,HDKJ-20260720-036,Approved,2026-07-20 13:41:02,2026-07-20,0000044883,367-000130,Sample Business Label 766526c9,,2.0000,2026-07-20 13:38:54,2026-07-21 23:59:59,2.0000,,,,Fully Issued,Completed
0000044886,HDKJ-20260720-039,Approved,2026-07-20 14:59:05,2026-07-20,0000044885,590-000064,Full-cycle Agricultural Operation Detection System,,11.0000,2026-07-20 14:55:41,2026-07-21 23:59:59,11.0000,,,,Fully Issued,Completed
0000044939,HDKJ-20260724-002,Approved,2026-07-24 10:04:37,2026-07-24,0000044938,734-000003,Sample Business Label cf4897a8,VH300-001-2602-0.02K,6.0000,2026-07-24 10:03:31,2026-07-25 23:59:59,0.0000,,,,Partially Issued,Started
0000044941,HDKJ-20260724-005,Approved,2026-07-24 10:08:08,2026-07-24,0000044940,734-000001,Sample Business Label 108580c2,VH300-001-2602-0.02K,4.0000,2026-07-24 10:03:31,2026-07-25 23:59:59,0.0000,,,,Partially Issued,Started
0000045004,HDKJ-20260724-006,Approved,2026-07-24 14:32:05,2026-07-24,0000045003,590-000064,Full-cycle Agricultural Operation Detection System,,2.0000,2026-07-24 14:30:33,2026-07-25 23:59:59,2.0000,,,,Fully Issued,Completed
0000045006,HDKJ-20260724-007,Approved,2026-07-24 14:59:30,2026-07-24,0000045005,590-000064,Full-cycle Agricultural Operation Detection System,,100.0000,2026-07-24 14:58:08,2026-07-25 23:59:59,100.0000,,,,Fully Issued,Completed
0000045008,HDKJ-20260724-009,Approved,2026-07-24 15:01:24,2026-07-24,0000045007,590-000064,Full-cycle Agricultural Operation Detection System,,100.0000,2026-07-24 14:58:08,2026-07-25 23:59:59,100.0000,,,,Fully Issued,Completed
0000045053,HDKJ-20260727-004,Approved,2026-07-27 08:39:40,2026-07-27,0000045052,590-000064,Full-cycle Agricultural Operation Detection System,,10.0000,2026-07-27 08:27:25,2026-07-28 23:59:59,10.0000,,,,Fully Issued,Completed
0000045094,KSHA-20260728-002,Approved,2026-07-28 08:37:18,2026-07-28,0000045093,367-000130,Sample Business Label 766526c9,HD580-007-2603-0.8K,22.0000,2026-07-28 08:34:57,2026-07-29 23:59:59,0.0000,,,,Sample Business Label acdff3ad,Started
0000045101,HDKJ-20260728-011,Approved,2026-07-28 13:34:21,2026-07-28,0000045100,590-000072,Full-cycle Agricultural Operation Detection System,,20.0000,2026-07-28 13:32:37,2026-07-29 23:59:59,20.0000,,,,Fully Issued,Completed
0000045122,KSHA-20260730-002,Approved,2026-07-30 15:31:15,2026-07-30,0000045121,U00-000159,Beidou Vehicle Telematics Terminal System,TA400-021-2509-30K,600.0000,2026-07-30 13:23:12,2026-07-31 23:59:59,0.0000,,,,Fully Issued,Started
0000045182,HDKJ-20260804-003,Approved,2026-08-04 13:35:23,2026-08-04,0000045181,590-000064,Full-cycle Agricultural Operation Detection System,,20.0000,2026-08-04 13:33:31,2026-08-05 23:59:59,0.0000,,,,Sample Business Label acdff3ad,Started
0000000307,MO-20250401-000055,Approved,2025-04-01 15:11:39,2025-04-01,0000000306,U00-000080,Beidou Vehicle Telematics Terminal System,,400.0000,2025-04-01 15:10:41,2025-04-02 23:59:59,400.0000,,,,Fully Issued,Completed
0000000701,MO-20250401-000068,Approved,2025-04-01 18:48:50,2025-04-01,0000000700,590-000064,Full-cycle Agricultural Operation Detection System,,32.0000,2025-04-01 16:48:18,2025-04-02 23:59:59,32.0000,,,,Fully Issued,Completed
0000000703,MO-20250401-000077,Approved,2025-04-01 18:43:40,2025-04-01,0000000702,590-000064,Full-cycle Agricultural Operation Detection System,,32.0000,2025-04-01 18:34:52,2025-04-02 23:59:59,32.0000,,,,Fully Issued,Completed
0000000705,MO-20250401-000078,Approved,2025-04-01 19:00:36,2025-04-01,0000000704,590-000073,Full-cycle Agricultural Operation Detection System,,100.0000,2025-04-01 18:55:45,2025-04-02 23:59:59,100.0000,,,,Fully Issued,Completed
0000000707,MO-20250401-000083,Approved,2025-04-01 19:39:30,2025-04-01,0000000706,590-000075,Full-cycle Agricultural Operation Detection System,,1000.0000,2025-04-01 19:35:28,2025-04-02 23:59:59,1000.0000,,,,Fully Issued,Completed
0000000709,MO-20250401-000086,Approved,2025-04-01 19:58:27,2025-04-01,0000000708,590-000073,Full-cycle Agricultural Operation Detection System,,500.0000,2025-04-01 19:55:54,2025-04-02 23:59:59,500.0000,,,,Fully Issued,Completed
0000000711,MO-20250401-000087,Approved,2025-04-01 20:08:56,2025-04-01,0000000710,590-000075,Full-cycle Agricultural Operation Detection System,,90.0000,2025-04-01 20:05:49,2025-04-02 23:59:59,90.0000,,,,Fully Issued,Completed
0000000713,MO-20250401-000088,Approved,2025-04-01 20:18:03,2025-04-01,0000000712,590-000073,Full-cycle Agricultural Operation Detection System,,150.0000,2025-04-01 20:10:24,2025-04-02 23:59:59,150.0000,,,,Fully Issued,Completed
0000000715,MO-20250401-000089,Approved,2025-04-01 20:22:50,2025-04-01,0000000714,590-000064,Full-cycle Agricultural Operation Detection System,,25.0000,2025-04-01 20:18:50,2025-04-02 23:59:59,25.0000,,,,Fully Issued,Completed
0000000717,MO-20250401-000094,Approved,2025-04-01 21:02:19,2025-04-01,0000000716,590-000064,Full-cycle Agricultural Operation Detection System,,15.0000,2025-04-01 20:59:42,2025-04-02 23:59:59,15.0000,,,,Fully Issued,Completed
0000000719,MO-20250401-000096,Approved,2025-04-01 21:25:10,2025-04-01,0000000718,590-000075,Full-cycle Agricultural Operation Detection System,,100.0000,2025-04-01 21:23:18,2025-04-02 23:59:59,100.0000,,,,Fully Issued,Completed
0000000721,MO-20250402-000103,Approved,2025-04-02 08:11:46,2025-04-02,0000000720,590-000074,Full-cycle Agricultural Operation Detection System,,50.0000,2025-04-02 08:09:30,2025-04-03 23:59:59,50.0000,,,,Fully Issued,Completed
0000000723,MO-20250402-000104,Approved,2025-04-02 08:18:58,2025-04-02,0000000722,590-000064,Full-cycle Agricultural Operation Detection System,,30.0000,2025-04-02 08:13:39,2025-04-03 23:59:59,30.0000,,,,Fully Issued,Completed
0000000818,MO-20250402-000115,Approved,2025-04-02 11:24:49,2025-04-02,0000000817,U00-000159,Beidou Vehicle Telematics Terminal System,,1500.0000,2025-04-02 11:23:29,2025-04-03 23:59:59,1500.0000,,,,Fully Issued,Completed
0000000858,KSHA-20250402-003,Approved,2025-04-02 16:08:05,2025-04-02,0000000857,U00-000155,Beidou Vehicle Telematics Terminal System,,500.0000,2025-04-02 16:05:48,2025-04-03 23:59:59,500.0000,,,,Fully Issued,Completed
0000000860,KSHA-20250402-004,Approved,2025-04-02 16:09:52,2025-04-02,0000000859,U00-000160,Beidou Vehicle Telematics Terminal System,,900.0000,2025-04-02 16:08:32,2025-04-03 23:59:59,900.0000,,,,Fully Issued,Completed
0000000867,HDKJ-20250402-014,Approved,2025-04-02 21:31:41,2025-04-02,0000000866,590-000064,Full-cycle Agricultural Operation Detection System,,50.0000,2025-04-02 21:25:47,2025-04-03 23:59:59,50.0000,,,,Fully Issued,Completed
0000000993,KSHA-20250403-002,Approved,2025-04-03 08:37:42,2025-04-03,0000000992,U00-000151,Beidou Vehicle Telematics Terminal System,,400.0000,2025-04-03 08:36:46,2025-04-04 23:59:59,400.0000,,,,Fully Issued,Completed
0000000995,KSHA-20250403-006,Approved,2025-04-03 09:00:45,2025-04-03,0000000994,U00-000161,Beidou Vehicle Telematics Terminal System,,300.0000,2025-04-03 08:58:46,2025-04-04 23:59:59,300.0000,,,,Fully Issued,Completed
0000000997,KSHA-20250403-007,Approved,2025-04-03 09:03:19,2025-04-03,0000000996,U00-000160,Beidou Vehicle Telematics Terminal System,,2000.0000,2025-04-03 09:01:55,2025-04-04 23:59:59,2000.0000,,,,Fully Issued,Completed
0000000999,KSHA-20250403-011,Approved,2025-04-03 09:16:07,2025-04-03,0000000998,U00-000160,Beidou Vehicle Telematics Terminal System,,500.0000,2025-04-03 09:14:57,2025-04-04 23:59:59,500.0000,,,,Fully Issued,Completed
0000002475,KSHA-20250403-018,Approved,2025-04-03 10:21:19,2025-04-03,0000002474,U00-000160,Beidou Vehicle Telematics Terminal System,,310.0000,2025-04-03 10:20:11,2025-04-04 23:59:59,310.0000,,,,Fully Issued,Completed
0000002480,HDKJ-20250403-043,Approved,2025-04-03 16:47:46,2025-04-03,0000002479,590-000064,Full-cycle Agricultural Operation Detection System,,50.0000,2025-04-03 16:45:42,2025-04-04 23:59:59,50.0000,,,,Fully Issued,Completed
0000002482,HDKJ-20250403-045,Approved,2025-04-03 16:51:45,2025-04-03,0000002481,590-000074,Full-cycle Agricultural Operation Detection System,,252.0000,2025-04-03 16:50:36,2025-04-04 23:59:59,252.0000,,,,Fully Issued,Completed
0000002516,HDKJ-20250405-008,Approved,2025-04-05 15:25:21,2025-04-05,0000002515,590-000074,Full-cycle Agricultural Operation Detection System,,78.0000,2025-04-05 15:22:34,2025-04-06 23:59:59,78.0000,,,,Fully Issued,Completed
0000002518,HDKJ-20250405-009,Approved,2025-04-05 15:28:51,2025-04-05,0000002517,590-000074,Full-cycle Agricultural Operation Detection System,,10.0000,2025-04-05 15:27:35,2025-04-06 23:59:59,10.0000,,,,Fully Issued,Completed
0000002615,HDKJ-20250406-001,Approved,2025-04-06 12:21:55,2025-04-06,0000002614,590-000074,Full-cycle Agricultural Operation Detection System,,50.0000,2025-04-06 12:02:29,2025-04-07 23:59:59,50.0000,,,,Fully Issued,Completed
0000002617,HDKJ-20250406-003,Approved,2025-04-06 13:22:07,2025-04-06,0000002616,590-000073,Full-cycle Agricultural Operation Detection System,,40.0000,2025-04-06 13:06:25,2025-04-07 23:59:59,40.0000,,,,Fully Issued,Completed
0000002636,HDKJ-20250407-004,Approved,2025-04-07 09:35:48,2025-04-07,0000002635,590-000064,Full-cycle Agricultural Operation Detection System,,10.0000,2025-04-07 09:18:22,2025-04-08 23:59:59,10.0000,,,,Fully Issued,Completed
0000002638,HDKJ-20250407-005,Approved,2025-04-07 12:12:18,2025-04-07,0000002637,590-000074,Full-cycle Agricultural Operation Detection System,,20.0000,2025-04-07 12:09:10,2025-04-08 23:59:59,20.0000,,,,Fully Issued,Completed
0000002640,HDKJ-20250407-015,Approved,2025-04-07 13:25:17,2025-04-07,0000002639,590-000064,Full-cycle Agricultural Operation Detection System,,26.0000,2025-04-07 13:00:47,2025-04-08 23:59:59,26.0000,,,,Fully Issued,Completed
0000002644,HDKJ-20250407-020,Approved,2025-04-07 14:06:57,2025-04-07,0000002643,590-000073,Full-cycle Agricultural Operation Detection System,,33.0000,2025-04-07 13:53:21,2025-04-08 23:59:59,33.0000,,,,Fully Issued,Completed
0000002646,HDKJ-20250407-021,Approved,2025-04-07 14:07:37,2025-04-07,0000002645,590-000075,Full-cycle Agricultural Operation Detection System,,100.0000,2025-04-07 13:58:48,2025-04-08 23:59:59,100.0000,,,,Fully Issued,Completed
0000002653,HDKJ-20250407-026,Approved,2025-04-07 15:25:40,2025-04-07,0000002652,590-000074,Full-cycle Agricultural Operation Detection System,,100.0000,2025-04-07 15:21:55,2025-04-08 23:59:59,100.0000,,,,Fully Issued,Completed
0000002670,HDKJ-20250408-001,Approved,2025-04-08 08:10:23,2025-04-08,0000002669,590-000064,Full-cycle Agricultural Operation Detection System,,2.0000,2025-04-08 08:04:21,2025-04-09 23:59:59,2.0000,,,,Fully Issued,Completed
0000002672,HDKJ-20250408-004,Approved,2025-04-08 08:24:59,2025-04-08,0000002671,590-000075,Full-cycle Agricultural Operation Detection System,,52.0000,2025-04-08 08:17:25,2025-04-09 23:59:59,52.0000,,,,Fully Issued,Completed
0000002674,HDKJ-20250408-006,Approved,2025-04-08 08:55:24,2025-04-08,0000002673,590-000073,Full-cycle Agricultural Operation Detection System,,20.0000,2025-04-08 08:43:23,2025-04-09 23:59:59,20.0000,,,,Fully Issued,Completed
0000002676,HDKJ-20250408-008,Approved,2025-04-08 10:23:16,2025-04-08,0000002675,590-000064,Full-cycle Agricultural Operation Detection System,,50.0000,2025-04-08 10:21:51,2025-04-09 23:59:59,50.0000,,,,Fully Issued,Completed
0000002678,HDKJ-20250408-009,Approved,2025-04-08 12:20:26,2025-04-08,0000002677,590-000073,Full-cycle Agricultural Operation Detection System,,10.0000,2025-04-08 12:16:40,2025-04-09 23:59:59,10.0000,,,,Fully Issued,Completed
0000002680,HDKJ-20250408-011,Approved,2025-04-08 13:06:26,2025-04-08,0000002679,590-000074,Full-cycle Agricultural Operation Detection System,,50.0000,2025-04-08 13:02:44,2025-04-09 23:59:59,50.0000,,,,Fully Issued,Completed
0000002682,HDKJ-20250408-012,Approved,2025-04-08 13:24:25,2025-04-08,0000002681,590-000074,Full-cycle Agricultural Operation Detection System,,50.0000,2025-04-08 13:18:38,2025-04-09 23:59:59,50.0000,,,,Fully Issued,Completed
0000002684,HDKJ-20250408-013,Approved,2025-04-08 13:39:10,2025-04-08,0000002683,590-000074,Full-cycle Agricultural Operation Detection System,,10.0000,2025-04-08 13:34:09,2025-04-09 23:59:59,10.0000,,,,Fully Issued,Completed
0000002688,HDKJ-20250408-026,Approved,2025-04-08 18:01:31,2025-04-08,0000002687,590-000064,Full-cycle Agricultural Operation Detection System,,20.0000,2025-04-08 16:59:08,2025-04-09 23:59:59,20.0000,,,,Fully Issued,Completed
0000002698,KSHA-20250408-003,Approved,2025-04-08 19:25:27,2025-04-08,0000002697,U00-000151,Beidou Vehicle Telematics Terminal System,,500.0000,2025-04-08 19:24:32,2025-04-09 23:59:59,500.0000,,,,Fully Issued,Completed
0000002701,HDKJ-20250409-002,Approved,2025-04-09 12:03:09,2025-04-09,0000002700,590-000074,Full-cycle Agricultural Operation Detection System,,20.0000,2025-04-09 11:50:39,2025-04-10 23:59:59,20.0000,,,,Fully Issued,Completed
0000002703,HDKJ-20250409-003,Approved,2025-04-09 12:13:33,2025-04-09,0000002702,590-000073,Full-cycle Agricultural Operation Detection System,,1.0000,2025-04-09 12:11:28,2025-04-10 23:59:59,1.0000,,,,Fully Issued,Completed
0000002705,HDKJ-20250409-005,Approved,2025-04-09 14:06:08,2025-04-09,0000002704,590-000074,Full-cycle Agricultural Operation Detection System,,200.0000,2025-04-09 14:02:00,2025-04-10 23:59:59,200.0000,,,,Fully Issued,Completed
0000002712,HDKJ-20250409-007,Approved,2025-04-09 15:33:41,2025-04-09,0000002711,590-000073,Full-cycle Agricultural Operation Detection System,,60.0000,2025-04-09 15:25:53,2025-04-10 23:59:59,60.0000,,,,Fully Issued,Completed
0000002714,HDKJ-20250409-008,Approved,2025-04-09 15:36:21,2025-04-09,0000002713,590-000073,Full-cycle Agricultural Operation Detection System,,55.0000,2025-04-09 15:30:07,2025-04-10 23:59:59,55.0000,,,,Fully Issued,Completed
0000002722,HDKJ-20250409-009,Approved,2025-04-09 16:48:55,2025-04-09,0000002721,590-000074,Full-cycle Agricultural Operation Detection System,,40.0000,2025-04-09 16:16:49,2025-04-10 23:59:59,40.0000,,,,Fully Issued,Completed
0000002728,HDKJ-20250409-012,Approved,2025-04-13 12:52:24,2025-04-09,0000002727,590-000074,Full-cycle Agricultural Operation Detection System,,500.0000,2025-04-09 18:19:34,2025-04-10 23:59:59,500.0000,,,,Fully Issued,Completed
0000002730,HDKJ-20250409-013,Approved,2025-04-09 18:23:50,2025-04-09,0000002729,590-000075,Full-cycle Agricultural Operation Detection System,,500.0000,2025-04-09 18:21:57,2025-04-10 23:59:59,500.0000,,,,Fully Issued,Completed
0000003224,HDKJ-20250410-003,Approved,2025-04-10 08:26:45,2025-04-10,0000003223,590-000074,Full-cycle Agricultural Operation Detection System,,30.0000,2025-04-10 08:24:29,2025-04-11 23:59:59,30.0000,,,,Fully Issued,Completed
0000003226,HDKJ-20250410-004,Approved,2025-04-10 08:29:29,2025-04-10,0000003225,590-000075,Full-cycle Agricultural Operation Detection System,,30.0000,2025-04-10 08:26:48,2025-04-11 23:59:59,30.0000,,,,Fully Issued,Completed
0000003234,HDKJ-20250410-033,Approved,2025-04-10 13:52:50,2025-04-10,0000003233,590-000075,Full-cycle Agricultural Operation Detection System,,20.0000,2025-04-10 13:25:08,2025-04-11 23:59:59,20.0000,,,,Fully Issued,Completed
0000003254,HDKJ-20250410-042,Approved,2025-04-10 15:56:21,2025-04-10,0000003252,590-000074,Full-cycle Agricultural Operation Detection System,,20.0000,2025-04-10 15:52:26,2025-04-11 23:59:59,20.0000,,,,Fully Issued,Completed
0000003257,HDKJ-20250410-044,Approved,2025-04-10 16:54:00,2025-04-10,0000003256,590-000074,Full-cycle Agricultural Operation Detection System,,60.0000,2025-04-10 16:50:38,2025-04-11 23:59:59,60.0000,,,,Fully Issued,Completed
0000003259,HDKJ-20250410-045,Approved,2025-04-11 08:56:35,2025-04-10,0000003258,590-000064,Full-cycle Agricultural Operation Detection System,,10.0000,2025-04-10 16:54:03,2025-04-11 23:59:59,10.0000,,,,Fully Issued,Completed
0000003367,HDKJ-20250411-017,Approved,2025-04-11 17:51:30,2025-04-11,0000003366,590-000064,Full-cycle Agricultural Operation Detection System,,3.0000,2025-04-11 17:20:55,2025-04-12 23:59:59,3.0000,,,,Fully Issued,Completed
0000003369,KSHA-20250411-004,Approved,2025-04-11 17:39:20,2025-04-11,0000003368,U00-000151,Beidou Vehicle Telematics Terminal System,,210.0000,2025-04-11 17:38:00,2025-04-12 23:59:59,210.0000,,,,Fully Issued,Completed
0000003371,KSHA-20250411-006,Approved,2025-04-11 18:01:27,2025-04-11,0000003370,U00-000159,Beidou Vehicle Telematics Terminal System,,1297.0000,2025-04-11 17:57:41,2025-04-12 23:59:59,1297.0000,,,,Fully Issued,Completed
0000003441,HDKJ-20250412-051,Approved,2025-04-12 16:09:07,2025-04-12,0000003439,590-000064,Full-cycle Agricultural Operation Detection System,,10.0000,2025-04-12 16:03:25,2025-04-13 23:59:59,10.0000,,,,Fully Issued,Completed
0000003460,HDKJ-20250413-005,Approved,2025-04-13 14:17:46,2025-04-13,0000003459,590-000073,Full-cycle Agricultural Operation Detection System,,20.0000,2025-04-13 14:16:10,2025-04-14 23:59:59,20.0000,,,,Fully Issued,Completed
0000003633,HDKJ-20250414-002,Approved,2025-04-14 11:33:19,2025-04-14,0000003632,590-000064,Full-cycle Agricultural Operation Detection System,,1.0000,2025-04-14 11:04:35,2025-04-15 23:59:59,1.0000,,,,Fully Issued,Completed
0000003646,HDKJ-20250414-005,Approved,2025-04-21 18:45:30,2025-04-14,0000003645,590-000064,Full-cycle Agricultural Operation Detection System,,20.0000,2025-04-14 11:16:15,2025-04-15 23:59:59,20.0000,,,,Fully Issued,Completed
0000003656,HDKJ-20250414-009,Approved,2025-04-14 14:28:24,2025-04-14,0000003655,590-000073,Full-cycle Agricultural Operation Detection System,,1.0000,2025-04-14 14:25:52,2025-04-15 23:59:59,1.0000,,,,Fully Issued,Completed
0000003676,HDKJ-20250415-002,Approved,2025-04-15 10:14:17,2025-04-15,0000003675,590-000064,Full-cycle Agricultural Operation Detection System,,20.0000,2025-04-15 08:10:24,2025-04-16 23:59:59,20.0000,,,,Fully Issued,Completed
0000003722,HDKJ-20250415-018,Approved,2025-04-15 18:01:22,2025-04-15,0000003721,590-000073,Full-cycle Agricultural Operation Detection System,,300.0000,2025-04-15 17:59:53,2025-04-16 23:59:59,300.0000,,,,Fully Issued,Completed
0000003724,KSHA-20250415-004,Approved,2025-04-15 18:08:11,2025-04-15,0000003723,U00-000151,Beidou Vehicle Telematics Terminal System,,600.0000,2025-04-15 18:07:24,2025-04-16 23:59:59,600.0000,,,,Fully Issued,Completed
0000003729,HDKJ-20250415-025,Approved,2025-04-15 20:53:49,2025-04-15,0000003728,590-000073,Full-cycle Agricultural Operation Detection System,,10.0000,2025-04-15 20:52:09,2025-04-16 23:59:59,10.0000,,,,Fully Issued,Completed
0000003749,HDKJ-20250416-015,Approved,2025-04-16 15:34:45,2025-04-16,0000003748,590-000073,Full-cycle Agricultural Operation Detection System,,700.0000,2025-04-16 15:31:47,2025-04-17 23:59:59,700.0000,,,,Fully Issued,Completed
0000003879,HDKJ-20250417-001,Approved,2025-04-17 09:03:13,2025-04-17,0000003878,590-000073,Full-cycle Agricultural Operation Detection System,,10.0000,2025-04-17 08:51:47,2025-04-18 23:59:59,10.0000,,,,Fully Issued,Completed
0000003881,HDKJ-20250417-004,Approved,2025-04-17 10:31:09,2025-04-17,0000003880,590-000073,Full-cycle Agricultural Operation Detection System,,200.0000,2025-04-17 10:29:34,2025-04-18 23:59:59,200.0000,,,,Fully Issued,Completed
0000003883,HDKJ-20250417-005,Approved,2025-04-17 12:17:27,2025-04-17,0000003882,590-000064,Full-cycle Agricultural Operation Detection System,,71.0000,2025-04-17 12:11:55,2025-04-18 23:59:59,71.0000,,,,Fully Issued,Completed
0000003891,HDKJ-20250417-006,Approved,2025-04-17 15:29:46,2025-04-17,0000003890,590-000073,Full-cycle Agricultural Operation Detection System,,10.0000,2025-04-17 15:27:53,2025-04-18 23:59:59,10.0000,,,,Fully Issued,Completed
0000003894,KSHA-20250417-004,Approved,2025-04-17 17:56:48,2025-04-17,0000003893,U00-000080,Beidou Vehicle Telematics Terminal System,,100.0000,2025-04-17 17:55:57,2025-04-18 23:59:59,100.0000,,,,Fully Issued,Completed
0000003896,KSHA-20250417-006,Approved,2025-04-17 17:59:39,2025-04-17,0000003895,U00-000159,Beidou Vehicle Telematics Terminal System,,800.0000,2025-04-17 17:58:35,2025-04-18 23:59:59,800.0000,,,,Fully Issued,Completed
0000003900,KSHA-20250417-008,Approved,2025-04-17 18:02:37,2025-04-17,0000003899,U00-000151,Beidou Vehicle Telematics Terminal System,,100.0000,2025-04-17 18:01:34,2025-04-18 23:59:59,100.0000,,,,Fully Issued,Completed
0000003902,KSHA-20250417-010,Approved,2025-04-17 18:04:46,2025-04-17,0000003901,U00-000170,Beidou Vehicle Telematics Terminal System,,500.0000,2025-04-17 18:03:37,2025-04-18 23:59:59,500.0000,,,,Fully Issued,Completed
0000003930,KSHA-20250418-001,Approved,2025-04-18 14:48:01,2025-04-18,0000003929,P69-000060,Sample Business Label 713c8bb9,,190.0000,2025-04-18 14:47:11,2025-04-19 23:59:59,190.0000,,,,Fully Issued,Completed
0000004018,HDKJ-20250420-001,Approved,2025-04-21 15:24:59,2025-04-20,0000004017,590-000064,Full-cycle Agricultural Operation Detection System,,300.0000,2025-04-20 08:13:06,2025-04-21 23:59:59,300.0000,,,,Fully Issued,Completed
0000004033,HDKJ-20250421-001,Approved,2025-04-21 08:44:06,2025-04-21,0000004032,590-000074,Full-cycle Agricultural Operation Detection System,,70.0000,2025-04-21 08:40:04,2025-04-22 23:59:59,70.0000,,,,Fully Issued,Completed
0000004038,HDKJ-20250421-007,Approved,2025-04-21 13:16:32,2025-04-21,0000004037,590-000064,Full-cycle Agricultural Operation Detection System,,20.0000,2025-04-21 13:14:32,2025-04-22 23:59:59,20.0000,,,,Fully Issued,Completed
0000004040,HDKJ-20250421-008,Approved,2025-04-21 13:18:16,2025-04-21,0000004039,590-000064,Full-cycle Agricultural Operation Detection System,,1.0000,2025-04-21 13:16:35,2025-04-22 23:59:59,1.0000,,,,Fully Issued,Completed
0000004042,HDKJ-20250421-009,Approved,2025-04-21 13:19:44,2025-04-21,0000004041,590-000074,Full-cycle Agricultural Operation Detection System,,16.0000,2025-04-21 13:18:36,2025-04-22 23:59:59,16.0000,,,,Fully Issued,Completed
0000004044,HDKJ-20250421-012,Approved,2025-04-21 13:55:37,2025-04-21,0000004043,590-000074,Full-cycle Agricultural Operation Detection System,,30.0000,2025-04-21 13:54:08,2025-04-22 23:59:59,30.0000,,,,Fully Issued,Completed
0000004087,HDKJ-20250421-013,Approved,2025-04-21 15:30:36,2025-04-21,0000004086,590-000074,Full-cycle Agricultural Operation Detection System,,50.0000,2025-04-21 15:26:46,2025-04-22 23:59:59,50.0000,,,,Fully Issued,Completed
0000004089,HDKJ-20250421-015,Approved,2025-04-21 18:04:13,2025-04-21,0000004088,590-000074,Full-cycle Agricultural Operation Detection System,,50.0000,2025-04-21 18:01:20,2025-04-22 23:59:59,50.0000,,,,Fully Issued,Completed
0000004091,HDKJ-20250421-017,Approved,2025-04-21 18:14:16,2025-04-21,0000004090,590-000073,Full-cycle Agricultural Operation Detection System,,12.0000,2025-04-21 18:12:07,2025-04-22 23:59:59,12.0000,,,,Fully Issued,Completed
0000004093,HDKJ-20250421-018,Approved,2025-04-21 19:16:05,2025-04-21,0000004092,590-000074,Full-cycle Agricultural Operation Detection System,,36.0000,2025-04-21 18:14:21,2025-04-22 23:59:59,36.0000,,,,Fully Issued,Completed
0000004097,KSHA-20250421-002,Approved,2025-04-21 18:41:35,2025-04-21,0000004096,U00-000151,Beidou Vehicle Telematics Terminal System,,500.0000,2025-04-21 18:40:56,2025-04-22 23:59:59,500.0000,,,,Fully Issued,Completed
0000004101,KSHA-20250421-007,Approved,2025-04-21 18:57:19,2025-04-21,0000004100,U00-000170,Beidou Vehicle Telematics Terminal System,,1000.0000,2025-04-21 18:56:35,2025-04-22 23:59:59,1000.0000,,,,Fully Issued,Completed
0000004117,HDKJ-20250422-007,Approved,2025-04-22 12:35:37,2025-04-22,0000004116,590-000064,Full-cycle Agricultural Operation Detection System,,230.0000,2025-04-22 12:25:29,2025-04-23 23:59:59,230.0000,,,,Fully Issued,Completed
0000004119,HDKJ-20250422-008,Approved,2025-04-22 12:38:06,2025-04-22,0000004118,590-000064,Full-cycle Agricultural Operation Detection System,,1.0000,2025-04-22 12:35:49,2025-04-23 23:59:59,1.0000,,,,Fully Issued,Completed
0000004121,HDKJ-20250422-009,Approved,2025-04-22 13:00:12,2025-04-22,0000004120,590-000064,Full-cycle Agricultural Operation Detection System,,5.0000,2025-04-22 12:57:38,2025-04-23 23:59:59,5.0000,,,,Fully Issued,Completed
0000004127,HDKJ-20250422-010,Approved,2025-04-22 14:24:24,2025-04-22,0000004126,590-000074,Full-cycle Agricultural Operation Detection System,,4.0000,2025-04-22 14:20:11,2025-04-23 23:59:59,4.0000,,,,Fully Issued,Completed
0000004129,HDKJ-20250422-011,Approved,2025-04-22 14:27:04,2025-04-22,0000004128,590-000075,Full-cycle Agricultural Operation Detection System,,1.0000,2025-04-22 14:24:28,2025-04-23 23:59:59,1.0000,,,,Fully Issued,Completed
0000004183,HDKJ-20250423-002,Approved,2025-04-23 09:09:42,2025-04-23,0000004182,590-000072,Full-cycle Agricultural Operation Detection System,,100.0000,2025-04-23 08:07:22,2025-04-24 23:59:59,100.0000,,,,Fully Issued,Completed
0000004185,HDKJ-20250423-003,Approved,2025-04-23 09:10:45,2025-04-23,0000004184,590-000073,Full-cycle Agricultural Operation Detection System,,300.0000,2025-04-23 08:12:42,2025-04-24 23:59:59,300.0000,,,,Fully Issued,Completed
0000004187,HDKJ-20250423-004,Approved,2025-04-23 19:49:56,2025-04-23,0000004186,590-000074,Full-cycle Agricultural Operation Detection System,,400.0000,2025-04-23 08:18:07,2025-04-24 23:59:59,400.0000,,,,Fully Issued,Completed
0000004189,HDKJ-20250423-005,Approved,2025-04-23 19:51:49,2025-04-23,0000004188,590-000075,Full-cycle Agricultural Operation Detection System,,500.0000,2025-04-23 08:19:57,2025-04-24 23:59:59,500.0000,,,,Fully Issued,Completed
0000004201,HDKJ-20250423-015,Approved,2025-04-23 11:59:01,2025-04-23,0000004200,590-000074,Full-cycle Agricultural Operation Detection System,,48.0000,2025-04-23 11:56:15,2025-04-24 23:59:59,48.0000,,,,Fully Issued,Completed
0000004293,HDKJ-20250424-004,Approved,2025-04-24 15:44:26,2025-04-24,0000004292,590-000073,Full-cycle Agricultural Operation Detection System,,4.0000,2025-04-24 15:35:42,2025-04-25 23:59:59,4.0000,,,,Fully Issued,Completed
0000004302,KSHA-20250424-005,Approved,2025-04-24 18:55:54,2025-04-24,0000004301,U00-000160,Beidou Vehicle Telematics Terminal System,,362.0000,2025-04-24 18:54:46,2025-04-25 23:59:59,362.0000,,,,Fully Issued,Completed
0000004304,KSHA-20250424-006,Approved,2025-04-24 20:17:18,2025-04-24,0000004303,U00-000159,Beidou Vehicle Telematics Terminal System,,85.0000,2025-04-24 18:55:55,2025-04-25 23:59:59,85.0000,,,,Fully Issued,Completed
0000004307,HDKJ-20250425-001,Approved,2025-04-25 08:38:35,2025-04-25,0000004306,590-000074,Full-cycle Agricultural Operation Detection System,,60.0000,2025-04-25 08:35:13,2025-04-26 23:59:59,60.0000,,,,Fully Issued,Completed
0000004368,HDKJ-20250425-004,Approved,2025-04-25 16:25:52,2025-04-25,0000004367,590-000074,Full-cycle Agricultural Operation Detection System,,13.0000,2025-04-25 15:16:19,2025-04-26 23:59:59,13.0000,,,,Fully Issued,Completed
0000004490,KSHA-20250425-001,Approved,2025-04-25 15:55:08,2025-04-25,0000004489,U00-000151,Beidou Vehicle Telematics Terminal System,,800.0000,2025-04-25 15:53:58,2025-04-26 23:59:59,800.0000,,,,Fully Issued,Completed
0000004492,KSHA-20250425-003,Approved,2025-04-25 15:57:18,2025-04-25,0000004491,U00-000080,Beidou Vehicle Telematics Terminal System,,500.0000,2025-04-25 15:56:10,2025-04-26 23:59:59,500.0000,,,,Fully Issued,Completed
0000004494,HDKJ-20250425-007,Approved,2025-04-25 20:20:01,2025-04-25,0000004493,590-000074,Full-cycle Agricultural Operation Detection System,,10.0000,2025-04-25 20:17:46,2025-04-26 23:59:59,10.0000,,,,Fully Issued,Completed
0000004500,HDKJ-20250426-001,Approved,2025-04-26 09:25:57,2025-04-26,0000004499,590-000074,Full-cycle Agricultural Operation Detection System,,5.0000,2025-04-26 09:23:58,2025-04-27 23:59:59,5.0000,,,,Fully Issued,Completed
0000004502,HDKJ-20250426-002,Approved,2025-04-26 09:56:05,2025-04-26,0000004501,590-000064,Full-cycle Agricultural Operation Detection System,,2.0000,2025-04-26 09:54:44,2025-04-27 23:59:59,2.0000,,,,Fully Issued,Completed
0000004511,HDKJ-20250426-005,Approved,2025-04-26 15:42:48,2025-04-26,0000004510,590-000074,Full-cycle Agricultural Operation Detection System,,52.0000,2025-04-26 15:38:19,2025-04-27 23:59:59,52.0000,,,,Fully Issued,Completed
0000004672,KSHA-20250427-007,Approved,2025-04-27 18:04:07,2025-04-27,0000004671,U00-000159,Beidou Vehicle Telematics Terminal System,,600.0000,2025-04-27 18:03:08,2025-04-28 23:59:59,600.0000,,,,Fully Issued,Completed
0000004674,KSHA-20250427-009,Approved,2025-04-27 18:07:03,2025-04-27,0000004673,U00-000160,Beidou Vehicle Telematics Terminal System,,1000.0000,2025-04-27 18:05:40,2025-04-28 23:59:59,1000.0000,,,,Fully Issued,Completed
0000004678,KSHA-20250427-013,Approved,2025-04-27 18:16:12,2025-04-27,0000004679,U00-000151,Beidou Vehicle Telematics Terminal System,,1000.0000,2025-04-27 18:14:04,2025-04-28 23:59:59,1000.0000,,,,Fully Issued,Completed
0000004708,HDKJ-20250428-017,Approved,2025-04-28 15:30:49,2025-04-28,0000004707,590-000074,Full-cycle Agricultural Operation Detection System,,60.0000,2025-04-28 15:24:53,2025-04-29 23:59:59,60.0000,,,,Fully Issued,Completed
0000004719,HDKJ-20250428-018,Approved,2025-04-28 15:43:00,2025-04-28,0000004718,590-000074,Full-cycle Agricultural Operation Detection System,,3.0000,2025-04-28 15:41:47,2025-04-29 23:59:59,3.0000,,,,Fully Issued,Completed
0000004721,HDKJ-20250428-019,Approved,2025-04-28 15:49:17,2025-04-28,0000004720,590-000074,Full-cycle Agricultural Operation Detection System,,4.0000,2025-04-28 15:47:54,2025-04-29 23:59:59,4.0000,,,,Fully Issued,Completed
0000004746,HDKJ-20250428-022,Approved,2025-05-06 14:40:16,2025-04-28,0000004745,590-000064,Full-cycle Agricultural Operation Detection System,,200.0000,2025-04-28 18:16:44,2025-04-29 23:59:59,200.0000,,,,Fully Issued,Completed
0000004748,HDKJ-20250428-023,Approved,2025-04-28 18:25:41,2025-04-28,0000004747,590-000074,Full-cycle Agricultural Operation Detection System,,100.0000,2025-04-28 18:21:29,2025-04-29 23:59:59,100.0000,,,,Fully Issued,Completed
0000004811,HDKJ-20250429-003,Approved,2025-04-29 16:12:29,2025-04-29,0000004810,590-000064,Full-cycle Agricultural Operation Detection System,,200.0000,2025-04-29 16:10:41,2025-04-30 23:59:59,200.0000,,,,Fully Issued,Completed
0000004817,HDKJ-20250429-004,Approved,2025-04-29 18:07:37,2025-04-29,0000004816,590-000074,Full-cycle Agricultural Operation Detection System,,4.0000,2025-04-29 18:03:59,2025-04-30 23:59:59,4.0000,,,,Fully Issued,Completed
0000004826,KSHA-20250430-001,Approved,2025-04-30 12:08:31,2025-04-30,0000004825,P69-000060,Sample Business Label 713c8bb9,,158.0000,2025-04-30 12:06:37,2025-05-01 23:59:59,158.0000,,,,Fully Issued,Completed
0000004840,HDKJ-20250430-012,Approved,2025-04-30 16:30:53,2025-04-30,0000004839,590-000064,Full-cycle Agricultural Operation Detection System,,40.0000,2025-04-30 16:29:14,2025-05-01 23:59:59,40.0000,,,,Fully Issued,Completed
0000004970,HDKJ-20250504-003,Approved,2025-05-04 08:23:41,2025-05-04,0000004969,590-000074,Full-cycle Agricultural Operation Detection System,,18.0000,2025-05-04 08:22:12,2025-05-05 23:59:59,18.0000,,,,Fully Issued,Completed
0000004977,HDKJ-20250506-005,Approved,2025-05-12 19:44:37,2025-05-06,0000005614,590-000064,Full-cycle Agricultural Operation Detection System,,200.0000,2025-05-12 19:08:51,2025-05-13 23:59:59,200.0000,,,,Fully Issued,Completed
0000004979,HDKJ-20250506-006,Approved,2025-05-06 14:43:57,2025-05-06,0000004978,590-000064,Full-cycle Agricultural Operation Detection System,,100.0000,2025-05-06 14:42:39,2025-05-07 23:59:59,100.0000,,,,Fully Issued,Completed
0000004989,HDKJ-20250506-010,Approved,2025-05-06 17:47:01,2025-05-06,0000004988,590-000064,Full-cycle Agricultural Operation Detection System,,10.0000,2025-05-06 17:43:04,2025-05-07 23:59:59,10.0000,,,,Fully Issued,Completed
0000005038,HDKJ-20250507-033,Approved,2025-05-07 14:21:11,2025-05-07,0000005037,590-000064,Full-cycle Agricultural Operation Detection System,,4.0000,2025-05-07 14:11:02,2025-05-08 23:59:59,4.0000,,,,Fully Issued,Completed
0000005057,HDKJ-20250508-001,Approved,2025-05-08 08:44:50,2025-05-08,0000005056,590-000064,Full-cycle Agricultural Operation Detection System,,2.0000,2025-05-08 08:39:44,2025-05-09 23:59:59,2.0000,,,,Fully Issued,Completed
0000005283,KSHA-20250508-001,Approved,2025-05-08 18:16:24,2025-05-08,0000005282,P69-000060,Sample Business Label 713c8bb9,,189.0000,2025-05-08 18:13:38,2025-05-09 23:59:59,189.0000,,,,Fully Issued,Completed
0000005571,HDKJ-20250510-013,Approved,2025-05-11 09:14:51,2025-05-10,0000005570,590-000064,Full-cycle Agricultural Operation Detection System,,140.0000,2025-05-10 16:28:39,2025-05-11 23:59:59,140.0000,,,,Fully Issued,Completed
0000005575,KSHA-20250510-019,Approved,2025-05-10 19:30:20,2025-05-10,0000005574,U00-000155,Beidou Vehicle Telematics Terminal System,,400.0000,2025-05-10 19:29:42,2025-05-11 23:59:59,400.0000,,,,Fully Issued,Completed
0000005577,KSHA-20250510-023,Approved,2025-05-10 19:33:37,2025-05-10,0000005576,U00-000170,Beidou Vehicle Telematics Terminal System,,300.0000,2025-05-10 19:32:59,2025-05-11 23:59:59,300.0000,,,,Fully Issued,Completed
0000005585,HDKJ-20250512-002,Approved,2025-05-12 09:19:18,2025-05-12,0000005584,590-000064,Full-cycle Agricultural Operation Detection System,,2.0000,2025-05-12 09:16:36,2025-05-13 23:59:59,2.0000,,,,Fully Issued,Completed
0000005590,KSHA-20250512-002,Approved,2025-05-12 12:21:21,2025-05-12,0000005589,U00-000151,Beidou Vehicle Telematics Terminal System,,418.0000,2025-05-12 12:20:17,2025-05-13 23:59:59,418.0000,,,,Fully Issued,Completed
0000005660,HDKJ-20250514-005,Approved,2025-05-14 16:17:40,2025-05-14,0000005659,590-000100,Agricultural Machinery Detection System,,100.0000,2025-05-14 16:13:18,2025-05-15 23:59:59,100.0000,,,,Fully Issued,Completed
0000005715,HDKJ-20250515-027,Approved,2025-05-15 17:58:01,2025-05-15,0000005714,590-000064,Full-cycle Agricultural Operation Detection System,,40.0000,2025-05-15 17:56:16,2025-05-16 23:59:59,40.0000,,,,Fully Issued,Completed
0000005738,KSHA-20250516-004,Approved,2025-05-16 12:08:40,2025-05-16,0000005737,U00-000170,Beidou Vehicle Telematics Terminal System,,165.0000,2025-05-16 12:07:30,2025-05-17 23:59:59,165.0000,,,,Fully Issued,Completed
0000005740,KSHA-20250516-005,Approved,2025-05-16 12:09:55,2025-05-16,0000005739,U00-000160,Beidou Vehicle Telematics Terminal System,,442.0000,2025-05-16 12:08:43,2025-05-17 23:59:59,442.0000,,,,Fully Issued,Completed
0000005744,HDKJ-20250516-007,Approved,2025-05-16 13:17:23,2025-05-16,0000005743,623-000034,408 Satellite Land Leveling System (Overseas),,15.0000,2025-05-16 13:16:16,2025-05-17 23:59:59,15.0000,,,,Fully Issued,Completed
0000005746,HDKJ-20250516-010,Approved,2025-05-16 14:09:56,2025-05-16,0000005745,590-000064,Full-cycle Agricultural Operation Detection System,,170.0000,2025-05-16 14:08:22,2025-05-17 23:59:59,170.0000,,,,Fully Issued,Completed
0000005887,KSHA-20250519-002,Approved,2025-05-19 12:06:27,2025-05-19,0000005886,U00-000080,Beidou Vehicle Telematics Terminal System,,1000.0000,2025-05-19 12:06:00,2025-05-20 23:59:59,1000.0000,,,,Fully Issued,Completed
0000005945,HDKJ-20250521-001,Approved,2025-05-21 11:07:36,2025-05-21,0000005979,590-000064,Full-cycle Agricultural Operation Detection System,,100.0000,2025-05-21 11:05:04,2025-05-22 23:59:59,100.0000,,,,Fully Issued,Completed
0000006044,HDKJ-20250522-018,Approved,2025-05-22 11:05:19,2025-05-22,0000006043,590-000100,Agricultural Machinery Detection System,,120.0000,2025-05-22 11:04:10,2025-05-23 23:59:59,120.0000,,,,Fully Issued,Completed
0000006047,HDKJ-20250522-030,Approved,2025-05-22 16:26:46,2025-05-22,0000006046,590-000100,Agricultural Machinery Detection System,,10.0000,2025-05-22 16:25:14,2025-05-23 23:59:59,10.0000,,,,Fully Issued,Completed
0000006134,HDKJ-20250524-002,Approved,2025-05-24 18:03:53,2025-05-24,0000006133,590-000064,Full-cycle Agricultural Operation Detection System,,40.0000,2025-05-24 18:01:47,2025-05-25 23:59:59,40.0000,,,,Fully Issued,Completed
0000006143,HDKJ-20250525-002,Approved,2025-05-25 16:20:46,2025-05-25,0000006142,590-000100,Agricultural Machinery Detection System,,5.0000,2025-05-25 12:54:38,2025-05-26 23:59:59,5.0000,,,,Fully Issued,Completed
0000006174,KSHA-20250526-001,Approved,2025-05-26 16:26:22,2025-05-26,0000006173,P69-000060,Sample Business Label 713c8bb9,,40.0000,2025-05-26 16:25:16,2025-05-27 23:59:59,40.0000,,,,Fully Issued,Completed
0000006206,HDKJ-20250528-001,Approved,2025-06-03 14:10:12,2025-05-28,0000006205,590-000064,Full-cycle Agricultural Operation Detection System,,100.0000,2025-05-28 09:44:10,2025-05-29 23:59:59,100.0000,,,,Fully Issued,Completed
0000006235,HDKJ-20250528-043,Approved,2025-05-28 16:09:30,2025-05-28,0000006234,590-000064,Full-cycle Agricultural Operation Detection System,,7.0000,2025-05-28 16:08:27,2025-05-29 23:59:59,7.0000,,,,Fully Issued,Completed
0000006271,HDKJ-20250529-011,Approved,2025-05-29 13:51:55,2025-05-29,0000006270,590-000100,Agricultural Machinery Detection System,,5.0000,2025-05-29 13:49:46,2025-05-30 23:59:59,5.0000,,,,Fully Issued,Completed
0000006314,HDKJ-20250530-002,Approved,2025-05-30 08:59:33,2025-05-30,0000006313,590-000064,Full-cycle Agricultural Operation Detection System,,136.0000,2025-05-30 08:58:02,2025-05-31 23:59:59,136.0000,,,,Fully Issued,Completed
0000006318,HDKJ-20250530-008,Approved,2025-05-30 10:17:11,2025-05-30,0000006317,590-000100,Agricultural Machinery Detection System,,10.0000,2025-05-30 10:15:00,2025-05-31 23:59:59,10.0000,,,,Fully Issued,Completed
0000006320,HDKJ-20250530-009,Approved,2025-05-30 10:50:07,2025-05-30,0000006319,590-000064,Full-cycle Agricultural Operation Detection System,,8.0000,2025-05-30 10:48:01,2025-05-31 23:59:59,8.0000,,,,Fully Issued,Completed
0000006334,HDKJ-20250530-015,Approved,2025-05-30 15:19:30,2025-05-30,0000006333,590-000100,Agricultural Machinery Detection System,,10.0000,2025-05-30 15:17:45,2025-05-31 23:59:59,10.0000,,,,Fully Issued,Completed
0000006385,HDKJ-20250603-001,Approved,2025-06-03 14:08:29,2025-06-03,0000006384,590-000064,Full-cycle Agricultural Operation Detection System,,100.0000,2025-06-03 10:47:00,2025-06-04 23:59:59,100.0000,,,,Fully Issued,Completed
0000006387,KSHA-20250603-002,Approved,2025-06-03 11:00:12,2025-06-03,0000006386,U00-000151,Beidou Vehicle Telematics Terminal System,,2000.0000,2025-06-03 10:59:33,2025-06-04 23:59:59,2000.0000,,,,Fully Issued,Completed
0000006389,HDKJ-20250603-002,Approved,2025-06-03 12:46:26,2025-06-03,0000006388,590-000100,Agricultural Machinery Detection System,,72.0000,2025-06-03 12:43:13,2025-06-04 23:59:59,72.0000,,,,Fully Issued,Completed
0000006764,HDKJ-20250612-006,Approved,2025-06-12 15:47:06,2025-06-12,0000006763,590-000064,Full-cycle Agricultural Operation Detection System,,13.0000,2025-06-12 15:43:33,2025-06-13 23:59:59,13.0000,,,,Fully Issued,Completed
0000006781,HDKJ-20250613-020,Approved,2025-06-13 16:02:36,2025-06-13,0000006780,590-000064,Full-cycle Agricultural Operation Detection System,,22.0000,2025-06-13 16:01:24,2025-06-14 23:59:59,22.0000,,,,Fully Issued,Completed
0000006861,HDKJ-20250616-004,Approved,2025-06-16 13:41:08,2025-06-16,0000006860,590-000074,Full-cycle Agricultural Operation Detection System,,50.0000,2025-06-16 13:39:37,2025-06-17 23:59:59,50.0000,,,,Fully Issued,Completed
0000006924,HDKJ-20250617-015,Approved,2025-06-17 14:20:40,2025-06-17,0000006923,590-000064,Full-cycle Agricultural Operation Detection System,,3.0000,2025-06-17 14:19:34,2025-06-18 23:59:59,3.0000,,,,Fully Issued,Completed
0000006933,HDKJ-20250618-002,Approved,2025-06-18 12:06:49,2025-06-18,0000006932,590-000064,Full-cycle Agricultural Operation Detection System,,5.0000,2025-06-18 12:02:31,2025-06-19 23:59:59,5.0000,,,,Fully Issued,Completed
0000007006,HDKJ-20250620-006,Approved,2025-06-20 12:00:10,2025-06-20,0000007007,590-000074,Full-cycle Agricultural Operation Detection System,,472.0000,2025-06-20 11:59:07,2025-06-21 23:59:59,472.0000,,,,Fully Issued,Completed
0000007013,HDKJ-20250620-007,Approved,2025-06-20 16:36:29,2025-06-20,0000007012,590-000075,Full-cycle Agricultural Operation Detection System,,10.0000,2025-06-20 16:34:54,2025-06-21 23:59:59,10.0000,,,,Fully Issued,Completed
0000007879,KSHA-20250627-003,Approved,2025-06-27 12:24:25,2025-06-27,0000007878,P69-000060,Sample Business Label 713c8bb9,,12.0000,2025-06-27 12:23:09,2025-06-28 23:59:59,12.0000,,,,Fully Issued,Completed
0000007919,HDKJ-20250630-015,Approved,2025-06-30 15:25:00,2025-06-30,0000007918,590-000064,Full-cycle Agricultural Operation Detection System,,76.0000,2025-06-30 15:23:15,2025-07-01 23:59:59,76.0000,,,,Fully Issued,Completed
0000008409,HDKJ-20250701-001,Approved,2025-07-01 09:42:23,2025-07-01,0000008408,590-000064,Full-cycle Agricultural Operation Detection System,,10.0000,2025-07-01 09:38:50,2025-07-02 23:59:59,10.0000,,,,Fully Issued,Completed
0000008456,KSHA-20250702-002,Approved,2025-07-02 18:00:12,2025-07-02,0000008455,U00-000080,Beidou Vehicle Telematics Terminal System,,300.0000,2025-07-02 17:58:58,2025-07-03 23:59:59,300.0000,,,,Fully Issued,Completed
0000008478,HDKJ-20250705-001,Approved,2025-07-05 08:47:17,2025-07-05,0000008477,590-000075,Full-cycle Agricultural Operation Detection System,,145.0000,2025-07-05 08:42:39,2025-07-06 23:59:59,145.0000,,,,Fully Issued,Completed
0000008528,HDKJ-20250709-001,Approved,2025-07-09 08:04:43,2025-07-09,0000008527,590-000064,Full-cycle Agricultural Operation Detection System,,20.0000,2025-07-09 08:01:08,2025-07-10 23:59:59,20.0000,,,,Fully Issued,Completed
0000008542,HDKJ-20250709-017,Approved,2025-07-09 18:59:01,2025-07-09,0000008541,590-000064,Full-cycle Agricultural Operation Detection System,,100.0000,2025-07-09 18:57:31,2025-07-10 23:59:59,100.0000,,,,Fully Issued,Completed
0000008546,HDKJ-20250710-002,Approved,2025-07-10 09:50:16,2025-07-10,0000008545,590-000064,Full-cycle Agricultural Operation Detection System,,20.0000,2025-07-10 08:10:42,2025-07-11 23:59:59,20.0000,,,,Fully Issued,Completed
0000009422,HDKJ-20250717-013,Approved,2025-07-17 16:21:39,2025-07-17,0000009421,590-000064,Full-cycle Agricultural Operation Detection System,,2.0000,2025-07-17 16:20:10,2025-07-18 23:59:59,2.0000,,,,Fully Issued,Completed
0000009431,HDKJ-20250718-002,Approved,2025-07-18 13:27:43,2025-07-18,0000009430,590-000064,Full-cycle Agricultural Operation Detection System,,40.0000,2025-07-18 13:21:25,2025-07-19 23:59:59,40.0000,,,,Fully Issued,Completed
0000009442,HDKJ-20250719-001,Approved,2025-07-19 08:32:34,2025-07-19,0000009441,590-000064,Full-cycle Agricultural Operation Detection System,,24.0000,2025-07-19 08:30:04,2025-07-20 23:59:59,24.0000,,,,Fully Issued,Completed
0000009510,KSHA-20250721-008,Approved,2025-07-21 16:36:59,2025-07-21,0000009509,U00-000160,Beidou Vehicle Telematics Terminal System,,995.0000,2025-07-21 16:35:37,2025-07-22 23:59:59,995.0000,,,,Fully Issued,Completed
0000009513,HDKJ-20250722-001,Approved,2025-07-22 09:13:39,2025-07-22,0000009512,590-000064,Full-cycle Agricultural Operation Detection System,,40.0000,2025-07-22 09:12:18,2025-07-23 23:59:59,40.0000,,,,Fully Issued,Completed
0000009515,HDKJ-20250722-002,Approved,2025-07-22 09:15:25,2025-07-22,0000009514,590-000064,Full-cycle Agricultural Operation Detection System,,12.0000,2025-07-22 09:13:49,2025-07-23 23:59:59,12.0000,,,,Fully Issued,Completed
0000009553,HDKJ-20250723-006,Approved,2025-07-23 12:23:41,2025-07-23,0000009552,590-000064,Full-cycle Agricultural Operation Detection System,,300.0000,2025-07-23 12:17:30,2025-07-24 23:59:59,300.0000,,,,Fully Issued,Completed
0000009635,HDKJ-20250724-013,Approved,2025-07-24 09:10:11,2025-07-24,0000009634,590-000072,Full-cycle Agricultural Operation Detection System,,5.0000,2025-07-24 09:07:29,2025-07-25 23:59:59,5.0000,,,,Fully Issued,Completed
0000009637,HDKJ-20250724-014,Approved,2025-07-24 09:11:59,2025-07-24,0000009636,590-000072,Full-cycle Agricultural Operation Detection System,,5.0000,2025-07-24 09:07:29,2025-07-25 23:59:59,5.0000,,,,Fully Issued,Completed
0000010011,HDKJ-20250730-003,Approved,2025-07-30 10:57:16,2025-07-30,0000010010,590-000072,Full-cycle Agricultural Operation Detection System,,10.0000,2025-07-30 10:40:23,2025-07-31 23:59:59,10.0000,,,,Fully Issued,Completed
0000010026,HDKJ-20250730-010,Approved,2025-07-30 17:52:52,2025-07-30,0000010025,367-000097,Sample Business Label e8c4b42d,,5.0000,2025-07-30 17:52:12,2025-07-31 23:59:59,5.0000,,,,Fully Issued,Completed
0000010148,HDKJ-20250731-006,Approved,2025-07-31 17:47:01,2025-07-31,0000010147,590-000064,Full-cycle Agricultural Operation Detection System,,300.0000,2025-07-31 17:44:47,2025-08-01 23:59:59,300.0000,,,,Fully Issued,Completed
0000010295,HDKJ-20250804-006,Approved,2025-08-04 17:54:48,2025-08-04,0000010294,590-000075,Full-cycle Agricultural Operation Detection System,,300.0000,2025-08-04 17:52:58,2025-08-05 23:59:59,300.0000,,,,Fully Issued,Completed
0000010297,HDKJ-20250804-007,Approved,2025-08-04 17:56:54,2025-08-04,0000010296,590-000064,Full-cycle Agricultural Operation Detection System,,300.0000,2025-08-04 17:54:50,2025-08-05 23:59:59,300.0000,,,,Fully Issued,Completed
0000010299,HDKJ-20250804-009,Approved,2025-08-04 18:00:23,2025-08-04,0000010298,590-000072,Full-cycle Agricultural Operation Detection System,,400.0000,2025-08-04 17:58:14,2025-08-05 23:59:59,400.0000,,,,Fully Issued,Completed
0000010844,HDKJ-20250808-006,Approved,2025-08-08 15:37:49,2025-08-08,0000010843,590-000064,Full-cycle Agricultural Operation Detection System,,300.0000,2025-08-08 15:34:49,2025-08-09 23:59:59,300.0000,,,,Fully Issued,Completed
