material_code,material_name,modelnum,huid_productline_name,baseunit_number,baseunit_name,group_name,group_type,materialattr,purchase_fixedleadtime,purchase_huid_batchqty,purchase_huid_minlotsize,product_fixedleadtime,material_standard_price,product_status
849-000818,Sample Business Label 707aa401,Sample Business Label 9808bb81,Sample Business Label 887d7f95,pcs,piece,Sample Business Label 4bf28cec,Sample Business Label 0f3d50d5,Purchased,17.00,,,1.00,,Listed
165-001337,Sample Business Label dc2a88c6,Sample Business Label 98c76931,Sample Business Label 1674b06f,pcs,piece,Sample Business Label 4bf28cec,Sample Business Label bde42e5a,Purchased,28.00,,,1.00,,Listed
359-000033,Sample Business Label cc84cdec,Sample Business Label 0a2806b1,Sample Business Label 96053b3e,pcs,piece,Sample Business Label 17302eae,Sample Business Label ddf8bc50,Purchased,1.00,,,1.00,839.999964,Listed
165-001879,Sample Business Label 9a347154,Sample Business Label b6364847,Sample Business Label 1674b06f,pcs,piece,Sample Business Label 4bf28cec,Sample Business Label bde42e5a,Purchased,21.00,,,1.00,,Listed
165-003030,Sample Business Label a724b145,Sample Business Label 2d1eb743,Sample Business Label 1674b06f,pcs,piece,Sample Business Label 4bf28cec,Sample Business Label bde42e5a,Purchased,28.00,,,1.00,48.249983,Listed
165-001855,Sample Business Label f0a2f909,Sample Business Label 5c2f2921,Sample Business Label 1674b06f,pcs,piece,Sample Business Label 4bf28cec,Sample Business Label bde42e5a,Purchased,21.00,,,1.00,2.469954,Listed
590-000074,Full-cycle Agricultural Operation Detection System,Sample Business Label 65d867bd,Sample Business Label 7bdc2d0a,pcs,piece,Sample Business Label e9fffb2c,Sample Business Label 64f0ddff,In-house,1.00,,,1.00,,Listed
363-000209,Sample Business Label c5812ca7,Sample Business Label e606f164,Sample Business Label 7bdc2d0a,pcs,piece,Sample Business Label 0e5444d0,Sample Business Label 797c70ef,Purchased,35.00,,,1.00,,Listed
276-000033,Sample Business Label 86878ae2,,Sample Business Label 1674b06f,pcs,piece,Sample Business Label f0207843,Sample Business Label 9d43fb1c,In-house,1.00,,,1.00,,Listed
593-000026,Sample Business Label 37c3a553,,Sample Business Label 7bdc2d0a,pcs,piece,Sample Business Label f0207843,Sample Business Label a68f67a0,In-house,1.00,,,1.00,,Listed
838-000461,Sample Business Label 779676e5,YG-DN-GNSS-3500-SMAJ-5550,Sample Business Label 5c716e22,pcs,piece,Sample Business Label 4bf28cec,Sample Business Label 6e9ebdaf,Purchased,35.00,,,1.00,,Listed
165-002532,Sample Business Label 59001f1e,Sample Business Label 13a4bba8,Sample Business Label 1674b06f,pcs,piece,Sample Business Label 4bf28cec,Sample Business Label bde42e5a,Purchased,14.00,,,1.00,2.749968,Listed
849-000638,Sample Business Label cb5c2bcb,Sample Business Label a50d3a26,Sample Business Label 887d7f95,pcs,piece,Sample Business Label 4bf28cec,Sample Business Label 0f3d50d5,Purchased,35.00,,,1.00,,Listed
525-000100,Sample Business Label 3a1c1c3e,,Sample Business Label 1674b06f,pcs,piece,Sample Business Label f0207843,Sample Business Label 8e427e07,In-house,1.00,,,1.00,,Listed
994-000527,Sample Business Label b9a1f954,,Sample Business Label 1674b06f,pcs,piece,Sample Business Label 4bf28cec,Sample Business Label d9643929,Purchased,28.00,,,1.00,,Listed
165-002707,Sample Business Label 7f764e16,,Autonomous Driving,pcs,piece,Sample Business Label 4bf28cec,Sample Business Label bde42e5a,Purchased,21.00,,,1.00,5.500049,Listed
994-000616,Sample Business Label d53df28d,,Autonomous Driving,pcs,piece,Sample Business Label 4bf28cec,Sample Business Label d9643929,Purchased,42.00,,,1.00,279.999988,Listed
994-000714,Sample Business Label e7fc97bd,,Sample Business Label 491c5f11,pcs,piece,Sample Business Label 4bf28cec,Sample Business Label d9643929,Purchased,35.00,,,1.00,188.000021,Listed
849-000357,Sample Business Label 269533c1,Sample Business Label 91a67adb,Sample Business Label 887d7f95,pcs,piece,Sample Business Label 4bf28cec,Sample Business Label 0f3d50d5,Purchased,13.00,,,1.00,,Listed
165-002269,Sample Business Label 8e1bf3c7,Sample Business Label 85c56384,Sample Business Label 1674b06f,pcs,piece,Sample Business Label 4bf28cec,Sample Business Label bde42e5a,Purchased,28.00,,,1.00,,Listed
849-000913,Sample Business Label 512e5696,Sample Business Label d4c8902e,Sample Business Label 887d7f95,pcs,piece,Sample Business Label 4bf28cec,Sample Business Label 0f3d50d5,Purchased,1.00,,,1.00,,Listed
165-001986,Sample Business Label 61c929c1,Sample Business Label 070ab4dd,Sample Business Label 1674b06f,pcs,piece,Sample Business Label 4bf28cec,Sample Business Label bde42e5a,Purchased,21.00,,,1.00,,Listed
525-000102,Sample Business Label 79038c53,,Sample Business Label 1674b06f,pcs,piece,Sample Business Label f0207843,Sample Business Label 8e427e07,In-house,1.00,,,1.00,,Listed
165-002313,Sample Business Label 60e7375e,Sample Business Label 90672a51,Sample Business Label 1674b06f,pcs,piece,Sample Business Label 4bf28cec,Sample Business Label bde42e5a,Purchased,28.00,,,1.00,,Listed
795-000874,Sample Business Label 76000a00,Sample Business Label 68629ed9,Sample Business Label 1674b06f,pcs,piece,Sample Business Label 4bf28cec,Sample Business Label 2d85aff0,Purchased,28.00,,,1.00,35.000055,Listed
972-000696,FLASH,X25Q01JVZEIQ,Sample Business Label 887d7f95,pcs,piece,Sample Business Label 17302eae,Sample Business Label 09caa247,Purchased,84.00,,,1.00,95.000004,Listed
165-001947,Sample Business Label ba64374e,Sample Business Label b482b76b,Sample Business Label 1674b06f,pcs,piece,Sample Business Label 4bf28cec,Sample Business Label bde42e5a,Purchased,28.00,,,1.00,,Listed
362-000170,Sample Business Label 636335d3,Sample Business Label 296dda99,Sample Business Label 1674b06f,pcs,piece,Sample Business Label 0e5444d0,Sample Business Label 4d38dc41,In-house,42.00,,,1.00,,Listed
165-002028,Sample Business Label 156f3c0d,Sample Business Label ac59d478,Sample Business Label 1674b06f,pcs,piece,Sample Business Label 4bf28cec,Sample Business Label bde42e5a,Purchased,21.00,,,1.00,,Listed
525-000016,Sample Business Label 0e79f99f,,Sample Business Label 1674b06f,pcs,piece,Sample Business Label f0207843,Sample Business Label 8e427e07,In-house,1.00,,,1.00,,Listed
165-001027,Sample Business Label b274d267,Sample Business Label f5cb4563,Sample Business Label 1674b06f,pcs,piece,Sample Business Label 4bf28cec,Sample Business Label bde42e5a,Purchased,21.00,,,1.00,,Listed
832-000011,Sample Business Label fff4d6f5,,Sample Business Label 7bdc2d0a,pcs,piece,Sample Business Label f0207843,Sample Business Label 43301d5a,In-house,1.00,,,1.00,,Listed
382-000006,Beidou Agricultural Navigation Controller,Sample Business Label c75635e3,Autonomous Driving,pcs,piece,Sample Business Label e9fffb2c,Sample Business Label 90786501,In-house,1.00,,,1.00,,Listed
165-002031,Sample Business Label fe7a0348,Sample Business Label b736cf95,Sample Business Label 1674b06f,pcs,piece,Sample Business Label 4bf28cec,Sample Business Label bde42e5a,Purchased,21.00,,,1.00,,Listed
528-000042,Sample Business Label 6e28f10d,,Autonomous Driving,pcs,piece,Sample Business Label f0207843,Sample Business Label b3ea42a5,In-house,,,,1.00,,Listed
165-002316,Sample Business Label 24ebee78,Sample Business Label e499ae02,Sample Business Label 1674b06f,pcs,piece,Sample Business Label 4bf28cec,Sample Business Label bde42e5a,Purchased,28.00,,,1.00,,Listed
849-000363,Sample Business Label c04c0318,Sample Business Label 6509aeac,Sample Business Label 887d7f95,pcs,piece,Sample Business Label 4bf28cec,Sample Business Label 0f3d50d5,Purchased,13.00,,,1.00,,Listed
849-000287,Sample Business Label 518d7a42,Sample Business Label 4a213eed,Sample Business Label 887d7f95,pcs,piece,Sample Business Label 4bf28cec,Sample Business Label 0f3d50d5,Purchased,18.00,,,1.00,,Listed
849-000090,Sample Business Label 994cafef,Sample Business Label e584b5d9,Sample Business Label 887d7f95,pcs,piece,Sample Business Label 4bf28cec,Sample Business Label 0f3d50d5,Purchased,1.00,,,1.00,,Listed
849-000759,Sample Business Label 73ca6754,Sample Business Label bef3a41c,Sample Business Label 887d7f95,pcs,piece,Sample Business Label 4bf28cec,Sample Business Label 0f3d50d5,Purchased,17.00,,,1.00,,Listed
972-000738,DDR3L,NT41K128M16JT-207 IT:K,Sample Business Label 887d7f95,pcs,piece,Sample Business Label 17302eae,Sample Business Label 09caa247,Purchased,112.00,,,1.00,33.599985,Listed
849-000626,Sample Business Label 1c4d2e30,Sample Business Label 3b6265bf,Sample Business Label 887d7f95,pcs,piece,Sample Business Label 4bf28cec,Sample Business Label 0f3d50d5,Purchased,17.00,,,1.00,,Listed
849-000753,Sample Business Label 002704d6,Sample Business Label 3b6265bf,Sample Business Label 887d7f95,pcs,piece,Sample Business Label 4bf28cec,Sample Business Label 0f3d50d5,Purchased,17.00,,,1.00,,Listed
165-000257,Sample Business Label 8e22ee06,Sample Business Label 03793d39,Autonomous Driving,pcs,piece,Sample Business Label 4bf28cec,Sample Business Label bde42e5a,Purchased,28.00,,,1.00,10.799975,Listed
165-002072,Sample Business Label f09c7195,Sample Business Label 1498829b,Sample Business Label 1674b06f,pcs,piece,Sample Business Label 4bf28cec,Sample Business Label bde42e5a,Purchased,28.00,,,1.00,,Listed
165-000715,Sample Business Label 1561264f,Sample Business Label 0d1a88d5,Autonomous Driving,pcs,piece,Sample Business Label 4bf28cec,Sample Business Label bde42e5a,Purchased,35.00,,,1.00,,Listed
849-000962,Sample Business Label 9bc05ec6,Sample Business Label 0cab4538,Sample Business Label 1674b06f,pcs,piece,Sample Business Label 4bf28cec,Sample Business Label 0f3d50d5,Purchased,1.00,,,1.00,0.200010,Listed
849-000953,Sample Business Label 5598554e,Sample Business Label 3b6265bf,Sample Business Label 887d7f95,pcs,piece,Sample Business Label 4bf28cec,Sample Business Label 0f3d50d5,Purchased,1.00,,,1.00,0.100118,Listed
849-000415,Sample Business Label bafaf8f4,Sample Business Label 675c19fb,Sample Business Label 887d7f95,pcs,piece,Sample Business Label 4bf28cec,Sample Business Label 0f3d50d5,Purchased,17.00,,,1.00,,Listed
849-000829,Sample Business Label ad43a5ba,Sample Business Label 5b6f1310,Sample Business Label 887d7f95,pcs,piece,Sample Business Label 4bf28cec,Sample Business Label 0f3d50d5,Purchased,28.00,,,1.00,,Listed
165-002330,Sample Business Label dcdbe587,Sample Business Label b1c74c92,Sample Business Label 1674b06f,pcs,piece,Sample Business Label 4bf28cec,Sample Business Label bde42e5a,Purchased,28.00,,,1.00,,Listed
165-002285,Sample Business Label eb38f73c,Sample Business Label 67d2c94a,Sample Business Label 1674b06f,pcs,piece,Sample Business Label 4bf28cec,Sample Business Label bde42e5a,Purchased,28.00,,,1.00,,Listed
165-001945,Sample Business Label 8746ce9a,Sample Business Label a9039f2c,Sample Business Label 1674b06f,pcs,piece,Sample Business Label 4bf28cec,Sample Business Label bde42e5a,Purchased,28.00,,,1.00,,Listed
P61-000328,Sample Business Label 8a608f8b,YC402-0-D-14-NHH,Sample Business Label 761a79a0,pcs,piece,Sample Business Label e9fffb2c,Sample Business Label 090fccb0,In-house,1.00,,,1.00,,Listed
165-002352,Sample Business Label 80f5a9ea,Sample Business Label c4f975e2,Sample Business Label 1674b06f,pcs,piece,Sample Business Label 4bf28cec,Sample Business Label bde42e5a,Purchased,28.00,,,1.00,,Listed
770-000133,Sample Business Label cbe6e5d9,Sample Business Label 1abec7a2,Sample Business Label 887d7f95,pcs,piece,Sample Business Label 4bf28cec,Sample Business Label 25c31db5,Purchased,35.00,,,1.00,,Listed
849-000751,Sample Business Label bdd65aec,Sample Business Label 3b6265bf,Sample Business Label 887d7f95,pcs,piece,Sample Business Label 4bf28cec,Sample Business Label 0f3d50d5,Purchased,24.00,,,1.00,,Listed
525-000178,Sample Business Label f9ddd0a3,,Sample Business Label 1674b06f,pcs,piece,Sample Business Label f0207843,Sample Business Label 8e427e07,In-house,,,,1.00,,Listed
791-000001,Sample Business Label 1f8907c2,Sample Business Label 9e0236af,Autonomous Driving,pcs,piece,Sample Business Label f0207843,Sample Business Label eba66936,Purchased,42.00,,,1.00,500.000027,Listed
165-001335,Sample Business Label 194deea7,Sample Business Label aeda8609,Sample Business Label 1674b06f,pcs,piece,Sample Business Label 4bf28cec,Sample Business Label bde42e5a,Purchased,28.00,,,1.00,,Listed
838-000318,Sample Business Label fe7a4c49,Sample Business Label 539e8a44,Sample Business Label 1674b06f,pcs,piece,Sample Business Label 0e5444d0,Sample Business Label 6e9ebdaf,Purchased,35.00,,,1.00,,Listed
526-000005,Beidou Agricultural Navigation Controller,Sample Business Label 1f006502,Autonomous Driving,pcs,piece,Sample Business Label e9fffb2c,Sample Business Label 82be4dca,In-house,,,,1.00,,Listed
849-000749,Sample Business Label 416da35d,Sample Business Label 3b6265bf,Sample Business Label 887d7f95,pcs,piece,Sample Business Label 4bf28cec,Sample Business Label 0f3d50d5,Purchased,18.00,,,1.00,,Listed
849-001156,Sample Business Label 7efa96e5,Sample Business Label 4a213eed,Sample Business Label 1674b06f,pcs,piece,Sample Business Label 4bf28cec,Sample Business Label 0f3d50d5,Purchased,1.00,,,1.00,0.098649,Listed
165-001793,Sample Business Label dd37b07a,Sample Business Label 337f0990,Sample Business Label 1674b06f,pcs,piece,Sample Business Label 4bf28cec,Sample Business Label bde42e5a,Purchased,28.00,,,1.00,0.700035,Listed
525-000023,Sample Business Label 91c2ae15,,Sample Business Label 1674b06f,pcs,piece,Sample Business Label f0207843,Sample Business Label 8e427e07,In-house,1.00,,,1.00,,Listed
165-002593,Sample Business Label 04195315,Sample Business Label c16344a1,Sample Business Label 1674b06f,pcs,piece,Sample Business Label 4bf28cec,Sample Business Label bde42e5a,Purchased,21.00,,,1.00,0.237526,Listed
468-000371,Sample Business Label 1cfcd0d7,Sample Business Label 4dff9fa9,Sample Business Label 761a79a0,pcs,piece,Sample Business Label 0e5444d0,Sample Business Label a5e675d6,Purchased,10.00,,,1.00,,Listed
165-001803,Sample Business Label 5b068a6e,Sample Business Label 89455490,Sample Business Label 1674b06f,pcs,piece,Sample Business Label 4bf28cec,Sample Business Label bde42e5a,Purchased,28.00,,,1.00,3.360055,Listed
849-000871,Sample Business Label fa07c280,Sample Business Label f304ecb5,Sample Business Label 887d7f95,pcs,piece,Sample Business Label 4bf28cec,Sample Business Label 0f3d50d5,Purchased,13.00,,,1.00,,Listed
165-001818,Sample Business Label 52482214,Sample Business Label bd6f1c04,Sample Business Label 1674b06f,pcs,piece,Sample Business Label 4bf28cec,Sample Business Label bde42e5a,Purchased,21.00,,,1.00,1.150001,Listed
308-000036,Sample Business Label ffe0fc2c,,Sample Business Label 1674b06f,pcs,piece,Sample Business Label f0207843,Sample Business Label 813d8697,In-house,1.00,,,1.00,,Listed
525-000154,Sample Business Label 3c817cb2,Sample Business Label a99c5c97,Sample Business Label 1674b06f,pcs,piece,Sample Business Label f0207843,Sample Business Label 8e427e07,In-house,1.00,,,1.00,,Listed
165-002030,Sample Business Label 48da3554,Sample Business Label 57178fe5,Sample Business Label 1674b06f,pcs,piece,Sample Business Label 4bf28cec,Sample Business Label bde42e5a,Purchased,28.00,,,1.00,,Listed
972-000493,Sample Business Label b8828692,VM982,Sample Business Label 887d7f95,pcs,piece,Sample Business Label 17302eae,Sample Business Label 09caa247,Purchased,56.00,,,1.00,249.999957,Listed
784-000184,Sample Business Label 12f66efe,,Sample Business Label 1674b06f,pcs,piece,Sample Business Label f0207843,Sample Business Label 7fb842b2,In-house,1.00,,,1.00,,Listed
165-002182,Sample Business Label f46f94e3,Sample Business Label 0ed6dce6,Sample Business Label 1674b06f,pcs,piece,Sample Business Label 4bf28cec,Sample Business Label bde42e5a,Purchased,28.00,,,1.00,,Listed
972-000747,eMMC,CWEFMD008GN8RC,Sample Business Label 887d7f95,pcs,piece,Sample Business Label 17302eae,Sample Business Label 09caa247,Purchased,72.00,,,1.00,44.499965,Listed
165-001827,Sample Business Label cfd1701a,Sample Business Label 39119bc5,Sample Business Label 1674b06f,pcs,piece,Sample Business Label 4bf28cec,Sample Business Label bde42e5a,Purchased,28.00,,,1.00,0.949991,Listed
525-000092,Sample Business Label c968affd,,Sample Business Label 1674b06f,pcs,piece,Sample Business Label f0207843,Sample Business Label 8e427e07,In-house,1.00,,,1.00,,Listed
972-000622,DDR3L,NT5CC256M16ER-EKI,Sample Business Label 887d7f95,pcs,piece,Sample Business Label 17302eae,Sample Business Label 09caa247,Purchased,84.00,,,1.00,64.839965,Listed
795-000760,Sample Business Label 3420e49a,Sample Business Label 6e08cb21,Sample Business Label 1674b06f,pcs,piece,Sample Business Label 4bf28cec,Sample Business Label 2d85aff0,Purchased,35.00,,,1.00,17.099951,Listed
838-000094,Sample Business Label 6267128c,Sample Business Label ea6bffdc,Autonomous Driving,pcs,piece,Sample Business Label 0e5444d0,Sample Business Label 6e9ebdaf,In-house,21.00,,,1.00,,Listed
165-002286,Sample Business Label d9bc1a64,Sample Business Label a64ca6a5,Sample Business Label 1674b06f,pcs,piece,Sample Business Label 4bf28cec,Sample Business Label bde42e5a,Purchased,21.00,,,1.00,,Listed
276-000105,Sample Business Label 7ce7f014,Sample Business Label f5ab6877,Sample Business Label 1674b06f,pcs,piece,Sample Business Label f0207843,Sample Business Label 9d43fb1c,In-house,,,,1.00,,Listed
525-000020,Sample Business Label 31d5d627,,Sample Business Label 1674b06f,pcs,piece,Sample Business Label f0207843,Sample Business Label 8e427e07,In-house,1.00,,,1.00,,Listed
308-000028,Sample Business Label 30e0814e,,Sample Business Label 1674b06f,pcs,piece,Sample Business Label f0207843,Sample Business Label 813d8697,In-house,1.00,,,1.00,,Listed
795-000871,Sample Business Label 0b5320a7,Sample Business Label 6df6fdb8,Sample Business Label 1674b06f,pcs,piece,Sample Business Label 4bf28cec,Sample Business Label 2d85aff0,In-house,21.00,,,1.00,,Listed
165-001787,Sample Business Label 3c4f77ea,Sample Business Label d3e5ff6a,Sample Business Label 1674b06f,pcs,piece,Sample Business Label 4bf28cec,Sample Business Label bde42e5a,Purchased,21.00,,,1.00,4.499999,Listed
308-000019,Sample Business Label a7579ada,,Sample Business Label 1674b06f,pcs,piece,Sample Business Label f0207843,Sample Business Label 813d8697,In-house,35.00,,,1.00,,Listed
525-000191,Sample Business Label 1eaa7193,,Sample Business Label 1674b06f,pcs,piece,Sample Business Label f0207843,Sample Business Label 8e427e07,In-house,1.00,,,1.00,,Listed
362-000183,Sample Business Label 71c1a352,Sample Business Label f78c6ea0,Sample Business Label 1674b06f,pcs,piece,Sample Business Label 0e5444d0,Sample Business Label 4d38dc41,Purchased,42.00,,,1.00,,Listed
308-000025,Sample Business Label 1a96e4db,,Sample Business Label 1674b06f,pcs,piece,Sample Business Label f0207843,Sample Business Label 813d8697,In-house,1.00,,,1.00,,Listed
454-000187,Sample Business Label 2b176d5b,TS106,Sample Business Label 887d7f95,pcs,piece,Sample Business Label 17302eae,Sample Business Label 5680b573,Purchased,70.00,,,1.00,0.244984,Listed
308-000006,Sample Business Label 49d5b23a,Sample Business Label 40382e5e,Sample Business Label 1674b06f,pcs,piece,Sample Business Label f0207843,Sample Business Label 813d8697,In-house,1.00,,,1.00,,Listed
363-000206,Sample Business Label 6e557c3e,Sample Business Label bf7929ee,Sample Business Label 7bdc2d0a,pcs,piece,Sample Business Label 0e5444d0,Sample Business Label 797c70ef,Purchased,35.00,,,1.00,,Listed
849-000824,Sample Business Label 8b9f9fee,Sample Business Label 35ae2f17,Sample Business Label 887d7f95,pcs,piece,Sample Business Label 4bf28cec,Sample Business Label 0f3d50d5,Purchased,13.00,,,1.00,,Listed
849-000744,Sample Business Label 3a350d07,Sample Business Label 3b6265bf,Sample Business Label 887d7f95,pcs,piece,Sample Business Label 4bf28cec,Sample Business Label 0f3d50d5,Purchased,24.00,,,1.00,,Listed
358-000081,Sample Business Label a1d3a332,CSS138,Sample Business Label 887d7f95,pcs,piece,Sample Business Label 17302eae,Sample Business Label 5bce86f3,Purchased,28.00,,,1.00,0.088027,Listed
165-002348,Sample Business Label 3a8329a4,Sample Business Label 878ae8eb,Sample Business Label 1674b06f,pcs,piece,Sample Business Label 4bf28cec,Sample Business Label bde42e5a,Purchased,21.00,,,1.00,,Listed
972-000669,Sample Business Label b8828692,VMD982,Sample Business Label 887d7f95,pcs,piece,Sample Business Label 17302eae,Sample Business Label 09caa247,Purchased,42.00,,,1.00,249.999957,Listed
795-000716,Sample Business Label 0cb34750,Sample Business Label 707d7188,Sample Business Label 1674b06f,pcs,piece,Sample Business Label 4bf28cec,Sample Business Label 2d85aff0,Purchased,10.00,,,1.00,,Listed
795-000755,Sample Business Label 45ac2c7f,Sample Business Label 477e6063,Sample Business Label 1674b06f,pcs,piece,Sample Business Label 4bf28cec,Sample Business Label 2d85aff0,Purchased,35.00,,,1.00,57.000025,Listed
525-000094,Sample Business Label 56427870,,Sample Business Label 1674b06f,pcs,piece,Sample Business Label f0207843,Sample Business Label 8e427e07,In-house,1.00,,,1.00,,Listed
849-000422,Sample Business Label 58c8d584,Sample Business Label bee779e2,Sample Business Label 887d7f95,pcs,piece,Sample Business Label 4bf28cec,Sample Business Label 0f3d50d5,Purchased,13.00,,,1.00,,Listed
832-000009,Sample Business Label d5ef3845,Sample Business Label 90a02a16,Sample Business Label 7bdc2d0a,pcs,piece,Sample Business Label f0207843,Sample Business Label 43301d5a,In-house,1.00,,,1.00,,Listed
849-000421,Sample Business Label 5b43f7e9,Sample Business Label dabfc068,Sample Business Label 887d7f95,pcs,piece,Sample Business Label 4bf28cec,Sample Business Label 0f3d50d5,Purchased,13.00,,,1.00,,Listed
165-003102,Sample Business Label 7d7fe8ad,Sample Business Label 0f25bb56,Sample Business Label 1674b06f,pcs,piece,Sample Business Label 4bf28cec,Sample Business Label bde42e5a,Purchased,28.00,,,1.00,3.930027,Listed
795-000757,Sample Business Label 6ca1b30b,Sample Business Label dc63a689,Sample Business Label 1674b06f,pcs,piece,Sample Business Label 4bf28cec,Sample Business Label 2d85aff0,Purchased,35.00,,,1.00,91.999967,Listed
525-000155,Sample Business Label 897f21bb,Sample Business Label f8f11796,Sample Business Label 1674b06f,pcs,piece,Sample Business Label f0207843,Sample Business Label 8e427e07,In-house,1.00,,,1.00,,Listed
549-000693,Sample Business Label 417763ab,,Sample Business Label 1674b06f,pcs,piece,Sample Business Label 0e5444d0,Sample Business Label 5b88d24a,Purchased,48.00,,,1.00,,Listed
849-000774,Sample Business Label 9e274d78,Sample Business Label 4a213eed,Sample Business Label 887d7f95,pcs,piece,Sample Business Label 4bf28cec,Sample Business Label 0f3d50d5,Purchased,17.00,,,1.00,,Listed
363-000510,Sample Business Label 4650b85d,Sample Business Label 9321d9ef,Sample Business Label 735ac064,pcs,piece,Sample Business Label 0e5444d0,Sample Business Label 797c70ef,Purchased,35.00,,,1.00,,Listed
165-002528,Sample Business Label 78398dc4,Sample Business Label 97c160ed,Autonomous Driving,pcs,piece,Sample Business Label 4bf28cec,Sample Business Label bde42e5a,Purchased,1.00,,,1.00,0.649976,Listed
165-002384,Sample Business Label 82b7cd09,Sample Business Label fc9af1de,Sample Business Label 1674b06f,pcs,piece,Sample Business Label 4bf28cec,Sample Business Label bde42e5a,Purchased,28.00,,,1.00,,Listed
849-000427,Sample Business Label 4ce0ee83,Sample Business Label 8f1c3a88,Sample Business Label 887d7f95,pcs,piece,Sample Business Label 4bf28cec,Sample Business Label 0f3d50d5,Purchased,13.00,,,1.00,,Listed
165-003237,Sample Business Label 08a8a0ef,Sample Business Label 42beb98c,Sample Business Label 1674b06f,pcs,piece,Sample Business Label 4bf28cec,Sample Business Label bde42e5a,Purchased,35.00,,,1.00,36.480016,Listed
795-000728,Sample Business Label ceff8842,Sample Business Label e3ab3ace,Autonomous Driving,pcs,piece,Sample Business Label 4bf28cec,Sample Business Label 2d85aff0,Purchased,30.00,,,1.00,2.662958,Listed
838-000356,Sample Business Label bc25c9db,Sample Business Label 214f6b88,Sample Business Label 7bdc2d0a,pcs,piece,Sample Business Label 0e5444d0,Sample Business Label 6e9ebdaf,Purchased,35.00,,,1.00,,Listed
165-002309,Sample Business Label 21bed429,Sample Business Label 50010763,Sample Business Label 1674b06f,pcs,piece,Sample Business Label 4bf28cec,Sample Business Label bde42e5a,Purchased,35.00,,,1.00,,Listed
795-000668,Sample Business Label 8bdff54e,Sample Business Label 2d19d00e,Sample Business Label 1674b06f,pcs,piece,Sample Business Label 4bf28cec,Sample Business Label 2d85aff0,Purchased,35.00,,,1.00,,Listed
849-000528,Sample Business Label 0ecc2760,Sample Business Label 1bc27bc6,Sample Business Label 887d7f95,pcs,piece,Sample Business Label 4bf28cec,Sample Business Label 0f3d50d5,Purchased,13.00,,,1.00,,Listed
165-001607,Sample Business Label 793fff1d,Sample Business Label f9aeb687,Sample Business Label 1674b06f,pcs,piece,Sample Business Label 4bf28cec,Sample Business Label bde42e5a,Purchased,21.00,,,1.00,4.600004,Listed
849-000831,Sample Business Label a3127426,Sample Business Label 99b54cc4,Sample Business Label 887d7f95,pcs,piece,Sample Business Label 4bf28cec,Sample Business Label 0f3d50d5,Purchased,13.00,,,1.00,,Listed
362-000185,Sample Business Label ceba3a1d,Sample Business Label 1af180f4,Sample Business Label 1674b06f,pcs,piece,Sample Business Label 0e5444d0,Sample Business Label 4d38dc41,Purchased,42.00,,,1.00,,Listed
849-000914,Sample Business Label d35204b6,Sample Business Label 7bffb108,Sample Business Label 887d7f95,pcs,piece,Sample Business Label 4bf28cec,Sample Business Label 0f3d50d5,Purchased,1.00,,,1.00,,Listed
606-000072,Sample Business Label 7569d7b5,Sample Business Label fbc198fa,Sample Business Label 761a79a0,pcs,piece,Sample Business Label 0e5444d0,Sample Business Label 84fc6382,Purchased,14.00,,,1.00,,Listed
849-000755,Sample Business Label 2fbd0039,Sample Business Label 9808bb81,Sample Business Label 887d7f95,pcs,piece,Sample Business Label 4bf28cec,Sample Business Label 0f3d50d5,Purchased,17.00,,,1.00,,Listed
883-000052,Sample Business Label 19047418,,Autonomous Driving,pcs,piece,Sample Business Label f0207843,Sample Business Label 42ea933a,In-house,1.00,,,1.00,,Listed
308-000015,Sample Business Label f15d95b6,,Sample Business Label 1674b06f,pcs,piece,Sample Business Label f0207843,Sample Business Label 813d8697,In-house,1.00,,,1.00,,Listed
849-000419,Sample Business Label 6b81e8e7,Sample Business Label 4a213eed,Sample Business Label 887d7f95,pcs,piece,Sample Business Label 4bf28cec,Sample Business Label 0f3d50d5,Purchased,13.00,,,1.00,,Listed
165-002004,Sample Business Label c9c8c397,Sample Business Label 1d05a26d,Sample Business Label 1674b06f,pcs,piece,Sample Business Label 4bf28cec,Sample Business Label bde42e5a,Purchased,28.00,,,1.00,,Listed
306-000001,Sample Business Label 440fbad5,,Autonomous Driving,pcs,piece,Sample Business Label f0207843,Sample Business Label afdb7944,In-house,1.00,,,1.00,,Listed
525-000040,Sample Business Label 54bc505f,,Sample Business Label 1674b06f,pcs,piece,Sample Business Label f0207843,Sample Business Label 8e427e07,In-house,1.00,,,1.00,,Listed
795-000659,Sample Business Label 18664adc,Sample Business Label 1f14efa5,Sample Business Label 1674b06f,pcs,piece,Sample Business Label 4bf28cec,Sample Business Label 2d85aff0,Purchased,42.00,,,1.00,,Listed
883-000078,Sample Business Label aef50034,Sample Business Label 50067f50,Autonomous Driving,pcs,piece,Sample Business Label f0207843,Sample Business Label 42ea933a,In-house,1.00,,,1.00,,Listed
165-002367,Sample Business Label bd9dba42,Sample Business Label efb3f234,Sample Business Label 1674b06f,pcs,piece,Sample Business Label 4bf28cec,Sample Business Label bde42e5a,Purchased,28.00,,,1.00,,Listed
849-000003,Sample Business Label c6ee8f24,Sample Business Label 8fe93664,Sample Business Label 887d7f95,pcs,piece,Sample Business Label 4bf28cec,Sample Business Label 0f3d50d5,Purchased,13.00,,,1.00,,Listed
525-000047,Sample Business Label 1398d354,,Sample Business Label 1674b06f,pcs,piece,Sample Business Label f0207843,Sample Business Label 8e427e07,In-house,1.00,,,1.00,,Listed
849-000750,Sample Business Label 9367852f,Sample Business Label 3b6265bf,Sample Business Label 887d7f95,pcs,piece,Sample Business Label 4bf28cec,Sample Business Label 0f3d50d5,Purchased,13.00,,,1.00,,Listed
165-002005,Sample Business Label 2615ad5f,Sample Business Label 207a8408,Sample Business Label 1674b06f,pcs,piece,Sample Business Label 4bf28cec,Sample Business Label bde42e5a,Purchased,28.00,,,1.00,,Listed
849-000233,Sample Business Label b0811e31,Sample Business Label 08f576e4,Sample Business Label 887d7f95,pcs,piece,Sample Business Label 4bf28cec,Sample Business Label 0f3d50d5,Purchased,17.00,,,1.00,,Listed
554-000036,Sample Business Label 498c1f00,TCT2650STER,Sample Business Label 887d7f95,pcs,piece,Sample Business Label 17302eae,Sample Business Label 042b653a,Purchased,84.00,,,1.00,1.862014,Listed
525-000103,Sample Business Label 359ee9ba,,Sample Business Label 1674b06f,pcs,piece,Sample Business Label f0207843,Sample Business Label 8e427e07,In-house,1.00,,,1.00,,Listed
308-000012,Sample Business Label 7d46f02e,,Sample Business Label 1674b06f,pcs,piece,Sample Business Label f0207843,Sample Business Label 813d8697,In-house,1.00,,,1.00,,Listed
795-000074,Sample Business Label a9629169,Sample Business Label 799147d9,Sample Business Label 7bdc2d0a,pcs,piece,Sample Business Label 4bf28cec,Sample Business Label 2d85aff0,Purchased,17.00,,,1.00,,Listed
849-000516,Sample Business Label c1a0b5f1,Sample Business Label 91a67adb,Sample Business Label 887d7f95,pcs,piece,Sample Business Label 4bf28cec,Sample Business Label 0f3d50d5,Purchased,13.00,,,1.00,,Listed
966-000003,Sample Business Label 289cea12,Sample Business Label 1d987008,Sample Business Label 1674b06f,pcs,piece,Sample Business Label f0207843,Sample Business Label 9d02197b,Outsourced,42.00,,,1.00,,Listed
165-002843,Sample Business Label d9f0f1f3,Sample Business Label d9e33a9b,Sample Business Label 1674b06f,pcs,piece,Sample Business Label 4bf28cec,Sample Business Label bde42e5a,Purchased,28.00,,,1.00,0.589973,Listed
165-002289,Sample Business Label 6df2212b,Sample Business Label 6960f7b2,Sample Business Label 1674b06f,pcs,piece,Sample Business Label 4bf28cec,Sample Business Label bde42e5a,Purchased,28.00,,,1.00,,Listed
165-002181,Sample Business Label ba41ef24,Sample Business Label 0ed6dce6,Sample Business Label 1674b06f,pcs,piece,Sample Business Label 4bf28cec,Sample Business Label bde42e5a,Purchased,28.00,,,1.00,,Listed
525-000204,Sample Business Label 044cb61d,,Sample Business Label 1674b06f,pcs,piece,Sample Business Label f0207843,Sample Business Label 8e427e07,In-house,,,,1.00,,Listed
165-001820,Sample Business Label 5476f8fa,Sample Business Label 4e8b0347,Sample Business Label 1674b06f,pcs,piece,Sample Business Label 4bf28cec,Sample Business Label bde42e5a,Purchased,35.00,,,1.00,19.470013,Listed
954-000065,Sample Business Label 679e556d,,Sample Business Label 1674b06f,pcs,piece,Sample Business Label f0207843,Sample Business Label b72c4744,In-house,1.00,,,1.00,,Listed
849-000458,Sample Business Label 6621c6e4,Sample Business Label de4b5734,Sample Business Label 887d7f95,pcs,piece,Sample Business Label 4bf28cec,Sample Business Label 0f3d50d5,Purchased,15.00,,,1.00,,Listed
165-001344,Sample Business Label ff77210b,Sample Business Label 1e66fb5c,Sample Business Label 1674b06f,pcs,piece,Sample Business Label 4bf28cec,Sample Business Label bde42e5a,Purchased,35.00,,,1.00,,Listed
966-000001,Sample Business Label 9b0ba5cf,Sample Business Label f8f11796,Sample Business Label 1674b06f,pcs,piece,Sample Business Label f0207843,Sample Business Label 9d02197b,Outsourced,42.00,,,1.00,,Listed
308-000003,Sample Business Label 6a450102,,Sample Business Label 1674b06f,pcs,piece,Sample Business Label f0207843,Sample Business Label 813d8697,In-house,1.00,,,1.00,,Listed
165-001840,Sample Business Label f9aadd5c,Sample Business Label e784f765,Sample Business Label 1674b06f,pcs,piece,Sample Business Label 4bf28cec,Sample Business Label bde42e5a,Purchased,28.00,,,1.00,3.859967,Listed
623-000034,408 Satellite Land Leveling System (Overseas),,Autonomous Driving,pcs,piece,Sample Business Label e9fffb2c,Sample Business Label 34efed02,In-house,1.00,,,1.00,,Listed
165-001910,Sample Business Label 9ec4c638,Sample Business Label 02b4a2f4,Sample Business Label 1674b06f,pcs,piece,Sample Business Label 4bf28cec,Sample Business Label bde42e5a,Purchased,35.00,,,1.00,,Listed
849-000819,Sample Business Label 30d51ae3,Sample Business Label 1e997796,Sample Business Label 887d7f95,pcs,piece,Sample Business Label 4bf28cec,Sample Business Label 0f3d50d5,Purchased,10.00,,,1.00,,Listed
165-001792,Sample Business Label 674105a6,Sample Business Label 0e383177,Sample Business Label 1674b06f,pcs,piece,Sample Business Label 4bf28cec,Sample Business Label bde42e5a,Purchased,24.00,,,1.00,2.800027,Listed
606-000009,Sample Business Label 137ef0c5,Sample Business Label cd2ec956,Sample Business Label 7bdc2d0a,pcs,piece,Sample Business Label 0e5444d0,Sample Business Label 84fc6382,Purchased,14.00,,,1.00,,Listed
165-001819,Sample Business Label 93a1292e,Sample Business Label e77c31b7,Sample Business Label 1674b06f,pcs,piece,Sample Business Label 4bf28cec,Sample Business Label bde42e5a,Purchased,35.00,,,1.00,29.849967,Listed
165-002290,Sample Business Label 94da038a,Sample Business Label 6960f7b2,Sample Business Label 1674b06f,pcs,piece,Sample Business Label 4bf28cec,Sample Business Label bde42e5a,Purchased,28.00,,,1.00,,Listed
165-002272,Sample Business Label 4b849161,Sample Business Label f1aeefcb,Sample Business Label 1674b06f,pcs,piece,Sample Business Label 4bf28cec,Sample Business Label bde42e5a,Purchased,35.00,,,1.00,,Listed
849-000944,Sample Business Label 98dc4c47,Sample Business Label 99420349,Sample Business Label 887d7f95,pcs,piece,Sample Business Label 4bf28cec,Sample Business Label 0f3d50d5,Purchased,21.00,,,1.00,,Listed
165-001822,Sample Business Label 437f0713,Sample Business Label 60888ef8,Sample Business Label 1674b06f,pcs,piece,Sample Business Label 4bf28cec,Sample Business Label bde42e5a,In-house,28.00,,,1.00,,Listed
849-000616,Sample Business Label c40df8b9,Sample Business Label 4a213eed,Sample Business Label 887d7f95,pcs,piece,Sample Business Label 4bf28cec,Sample Business Label 0f3d50d5,Purchased,17.00,,,1.00,,Listed
165-003607,Sample Business Label c4602ff9,Sample Business Label a575a7fc,Sample Business Label 1674b06f,pcs,piece,Sample Business Label 4bf28cec,Sample Business Label bde42e5a,Purchased,35.00,,,1.00,,Listed
849-000745,Sample Business Label 9b4f2b30,Sample Business Label 6d960232,Sample Business Label 887d7f95,pcs,piece,Sample Business Label 4bf28cec,Sample Business Label 0f3d50d5,Purchased,24.00,,,1.00,,Listed
972-000745,LPDDR4,K4F8E3S4HD-GHCL,Sample Business Label 887d7f95,pcs,piece,Sample Business Label 17302eae,Sample Business Label 09caa247,Purchased,112.00,,,1.00,150.000042,Listed
795-000804,Sample Business Label c1a38ca4,,Sample Business Label 1674b06f,pcs,piece,Sample Business Label 4bf28cec,Sample Business Label 2d85aff0,In-house,42.00,,,1.00,,Listed
308-000027,Sample Business Label e873f0bc,,Sample Business Label 1674b06f,pcs,piece,Sample Business Label f0207843,Sample Business Label 813d8697,In-house,1.00,,,1.00,,Listed
994-000543,Sample Business Label c94d1a6f,,Sample Business Label 1674b06f,pcs,piece,Sample Business Label 4bf28cec,Sample Business Label d9643929,Purchased,28.00,,,1.00,,Listed
795-000806,Sample Business Label 38d3804b,,Sample Business Label 1674b06f,pcs,piece,Sample Business Label 4bf28cec,Sample Business Label 2d85aff0,In-house,42.00,,,1.00,,Listed
849-000067,Sample Business Label 69f1a037,Sample Business Label 26b15758,Sample Business Label 887d7f95,pcs,piece,Sample Business Label 4bf28cec,Sample Business Label 0f3d50d5,Purchased,14.00,,,1.00,,Listed
849-000926,Sample Business Label 40a109f0,Sample Business Label d772ad3b,Sample Business Label 887d7f95,pcs,piece,Sample Business Label 4bf28cec,Sample Business Label 0f3d50d5,Purchased,1.00,,,1.00,,Listed
165-001799,Sample Business Label 56d4c7d7,Sample Business Label 4cb290b7,Sample Business Label 1674b06f,pcs,piece,Sample Business Label 4bf28cec,Sample Business Label bde42e5a,Purchased,35.00,,,1.00,37.799969,Listed
849-000620,Sample Business Label ceb8f642,Sample Business Label 4a213eed,Sample Business Label 887d7f95,pcs,piece,Sample Business Label 4bf28cec,Sample Business Label 0f3d50d5,Purchased,17.00,,,1.00,,Listed
165-001786,Sample Business Label 5c12cb6d,Sample Business Label 87a131c0,Sample Business Label 1674b06f,pcs,piece,Sample Business Label 4bf28cec,Sample Business Label bde42e5a,Purchased,28.00,,,1.00,1.850036,Listed
165-002074,Sample Business Label 5cf7401b,Sample Business Label a170e22c,Sample Business Label 1674b06f,pcs,piece,Sample Business Label 4bf28cec,Sample Business Label bde42e5a,Purchased,21.00,,,1.00,,Listed
165-000256,Sample Business Label d09b1820,Sample Business Label 057d2820,Autonomous Driving,pcs,piece,Sample Business Label 4bf28cec,Sample Business Label bde42e5a,Purchased,28.00,,,1.00,10.499960,Listed
849-000653,Sample Business Label 8b7f2db4,Sample Business Label 3b6265bf,Sample Business Label 887d7f95,pcs,piece,Sample Business Label 4bf28cec,Sample Business Label 0f3d50d5,Purchased,17.00,,,1.00,,Listed
165-001821,Sample Business Label 725d826b,Sample Business Label 60888ef8,Sample Business Label 1674b06f,pcs,piece,Sample Business Label 4bf28cec,Sample Business Label bde42e5a,In-house,28.00,,,1.00,,Listed
849-000886,Sample Business Label 61396ba9,Sample Business Label 3b6265bf,Sample Business Label 887d7f95,pcs,piece,Sample Business Label 4bf28cec,Sample Business Label 0f3d50d5,Purchased,14.00,,,1.00,,Listed
165-001983,Sample Business Label 939b77cf,Sample Business Label d05924dc,Sample Business Label 1674b06f,pcs,piece,Sample Business Label 4bf28cec,Sample Business Label bde42e5a,Purchased,28.00,,,1.00,,Listed
165-001376,Sample Business Label b7d1f2c7,Sample Business Label b5586be1,Sample Business Label 1674b06f,pcs,piece,Sample Business Label 4bf28cec,Sample Business Label bde42e5a,Purchased,17.00,,,1.00,,Listed
832-000004,Sample Business Label caaca20d,Sample Business Label 3508e9b7,Sample Business Label 7bdc2d0a,pcs,piece,Sample Business Label f0207843,Sample Business Label 43301d5a,In-house,1.00,,,1.00,,Listed
795-000810,Sample Business Label cac7b4d0,Sample Business Label 2060e7d7,Sample Business Label 1674b06f,pcs,piece,Sample Business Label 4bf28cec,Sample Business Label 2d85aff0,Purchased,10.00,,,1.00,2.631431,Listed
795-000302,Sample Business Label 053827ce,Sample Business Label c73b4b3b,Autonomous Driving,pcs,piece,Sample Business Label 4bf28cec,Sample Business Label 2d85aff0,Purchased,14.00,,,1.00,,Listed
795-000875,Sample Business Label 256054bc,Sample Business Label 065617e7,Sample Business Label 1674b06f,pcs,piece,Sample Business Label 4bf28cec,Sample Business Label 2d85aff0,Purchased,28.00,,,1.00,23.999957,Listed
525-000140,Sample Business Label 231e356d,Sample Business Label dadc205c,Sample Business Label 1674b06f,pcs,piece,Sample Business Label f0207843,Sample Business Label 8e427e07,In-house,1.00,,,1.00,,Listed
770-000152,Sample Business Label b5c47a22,Sample Business Label 54934ec4,Sample Business Label 887d7f95,pcs,piece,Sample Business Label 4bf28cec,Sample Business Label 25c31db5,Purchased,35.00,,,1.00,,Listed
165-003215,Sample Business Label ba1a649c,Sample Business Label 6f33b869,Sample Business Label 1674b06f,pcs,piece,Sample Business Label 4bf28cec,Sample Business Label bde42e5a,Purchased,28.00,,,1.00,7.400031,Listed
525-000024,Sample Business Label 424690df,,Sample Business Label 1674b06f,pcs,piece,Sample Business Label f0207843,Sample Business Label 8e427e07,In-house,1.00,,,1.00,,Listed
165-001580,Sample Business Label a06ba3b0,Sample Business Label 3088a16c,Sample Business Label 887d7f95,pcs,piece,Sample Business Label 4bf28cec,Sample Business Label bde42e5a,Purchased,8.00,,,1.00,0.151872,Listed
165-003221,Sample Business Label f424b614,Sample Business Label d5fc1afa,Sample Business Label 1674b06f,pcs,piece,Sample Business Label 4bf28cec,Sample Business Label bde42e5a,Purchased,21.00,,,1.00,2.500012,Listed
590-000064,Full-cycle Agricultural Operation Detection System,Sample Business Label 5e6d188f,Sample Business Label 7bdc2d0a,pcs,piece,Sample Business Label e9fffb2c,Sample Business Label 64f0ddff,In-house,1.00,,,1.00,,Listed
849-000507,Sample Business Label 5212ebd8,Sample Business Label 4a213eed,Sample Business Label 887d7f95,pcs,piece,Sample Business Label 4bf28cec,Sample Business Label 0f3d50d5,Purchased,13.00,,,1.00,,Listed
165-002288,Sample Business Label f8ce1ace,Sample Business Label 78923e2c,Sample Business Label 1674b06f,pcs,piece,Sample Business Label 4bf28cec,Sample Business Label bde42e5a,Purchased,28.00,,,1.00,,Listed
165-001813,Sample Business Label b0800e3f,Sample Business Label be2fbf0f,Sample Business Label 1674b06f,pcs,piece,Sample Business Label 4bf28cec,Sample Business Label bde42e5a,Purchased,35.00,,,1.00,18.050055,Listed
308-000013,Sample Business Label 773f0859,,Sample Business Label 1674b06f,pcs,piece,Sample Business Label f0207843,Sample Business Label 813d8697,In-house,1.00,,,1.00,,Listed
356-000402,Sample Business Label e4f94b2b,Sample Business Label d748f388,Sample Business Label 887d7f95,pcs,piece,Sample Business Label 4bf28cec,Sample Business Label db158135,Purchased,35.00,,,1.00,,Listed
838-000158,Sample Business Label a25b1a44,Sample Business Label 0b41228e,Sample Business Label 1674b06f,pcs,piece,Sample Business Label 0e5444d0,Sample Business Label 6e9ebdaf,Purchased,35.00,,,1.00,,Listed
165-001444,Sample Business Label 0aa129f3,Sample Business Label 77ce89ed,Sample Business Label 1674b06f,pcs,piece,Sample Business Label 4bf28cec,Sample Business Label bde42e5a,Purchased,35.00,,,1.00,,Listed
165-002043,Sample Business Label eed501b8,Sample Business Label 6972e22f,Sample Business Label 1674b06f,pcs,piece,Sample Business Label 4bf28cec,Sample Business Label bde42e5a,Purchased,14.00,,,1.00,,Listed
525-000093,Sample Business Label 05c3f18a,,Sample Business Label 1674b06f,pcs,piece,Sample Business Label f0207843,Sample Business Label 8e427e07,In-house,1.00,,,1.00,,Listed
525-000053,Sample Business Label 27ecc221,,Sample Business Label 1674b06f,pcs,piece,Sample Business Label f0207843,Sample Business Label 8e427e07,In-house,1.00,,,1.00,,Listed
849-000694,Sample Business Label fe2cd1ac,Sample Business Label 3b6265bf,Sample Business Label 887d7f95,pcs,piece,Sample Business Label 4bf28cec,Sample Business Label 0f3d50d5,Purchased,17.00,,,1.00,,Listed
U00-000160,Beidou Vehicle Telematics Terminal System,UA411,Sample Business Label 5c716e22,pcs,piece,Sample Business Label e9fffb2c,Sample Business Label ca82e60e,In-house,1.00,,,1.00,,Listed
165-002350,Sample Business Label 8c1043be,Sample Business Label 91094fad,Sample Business Label 1674b06f,pcs,piece,Sample Business Label 4bf28cec,Sample Business Label bde42e5a,Purchased,28.00,,,1.00,,Listed
165-001837,Sample Business Label c7fd7f1a,Sample Business Label 27b3d196,Sample Business Label 1674b06f,pcs,piece,Sample Business Label 4bf28cec,Sample Business Label bde42e5a,Purchased,35.00,,,1.00,40.849952,Listed
525-000159,Sample Business Label 994f0bdc,Sample Business Label 994f0bdc,Sample Business Label 1674b06f,pcs,piece,Sample Business Label f0207843,Sample Business Label 8e427e07,In-house,1.00,,,1.00,,Listed
367-000061,Sample Business Label cb6463ca,Sample Business Label 45be0282,Sample Business Label 1674b06f,pcs,piece,Sample Business Label e9fffb2c,Sample Business Label f51590d4,In-house,1.00,,,1.00,,Listed
165-001788,Sample Business Label 48c61773,Sample Business Label aff4e3e0,Sample Business Label 1674b06f,pcs,piece,Sample Business Label 4bf28cec,Sample Business Label bde42e5a,Purchased,28.00,,,1.00,3.040039,Listed
165-002315,Sample Business Label 13fb0fc6,Sample Business Label 58e4cd3a,Sample Business Label 1674b06f,pcs,piece,Sample Business Label 4bf28cec,Sample Business Label bde42e5a,Purchased,28.00,,,1.00,,Listed
525-000160,Sample Business Label 3dc755cb,Sample Business Label 1fc2a73b,Sample Business Label 1674b06f,pcs,piece,Sample Business Label f0207843,Sample Business Label 8e427e07,In-house,21.00,,,1.00,,Listed
784-000132,Sample Business Label 81e1c66e,,Sample Business Label 1674b06f,pcs,piece,Sample Business Label f0207843,Sample Business Label 7fb842b2,In-house,1.00,,,1.00,,Listed
165-001842,Sample Business Label 55627bb8,Sample Business Label 8a41fbe4,Sample Business Label 1674b06f,pcs,piece,Sample Business Label 4bf28cec,Sample Business Label bde42e5a,Purchased,35.00,,,1.00,15.099964,Listed
165-001824,Sample Business Label edde12ee,Sample Business Label 872786a9,Sample Business Label 1674b06f,pcs,piece,Sample Business Label 4bf28cec,Sample Business Label bde42e5a,Purchased,21.00,,,1.00,4.649950,Listed
972-000264,IMU,IIM-42652,Sample Business Label 887d7f95,pcs,piece,Sample Business Label 17302eae,Sample Business Label 09caa247,Purchased,210.00,,,1.00,9.700033,Listed
363-000205,Sample Business Label ad22fcee,Sample Business Label f46bbacd,Sample Business Label 7bdc2d0a,pcs,piece,Sample Business Label 0e5444d0,Sample Business Label 797c70ef,Purchased,35.00,,,1.00,21.000033,Listed
165-003206,Sample Business Label f1e880b0,Sample Business Label e61ab2cf,Sample Business Label 1674b06f,pcs,piece,Sample Business Label 4bf28cec,Sample Business Label bde42e5a,Purchased,35.00,,,1.00,27.800034,Listed
165-000526,Sample Business Label b449914f,Sample Business Label be0af169,Sample Business Label 1674b06f,pcs,piece,Sample Business Label 4bf28cec,Sample Business Label bde42e5a,Purchased,28.00,,,1.00,3.399944,Listed
849-000211,Sample Business Label 8ad8c9a6,Sample Business Label 6398a456,Autonomous Driving,pcs,piece,Sample Business Label 4bf28cec,Sample Business Label 0f3d50d5,Purchased,28.00,,,1.00,,Listed
966-000004,Sample Business Label 6bcad00d,Sample Business Label 1d987008,Sample Business Label 1674b06f,pcs,piece,Sample Business Label f0207843,Sample Business Label 9d02197b,Outsourced,42.00,,,1.00,,Listed
849-000627,Sample Business Label 98235455,Sample Business Label 3b6265bf,Sample Business Label 887d7f95,pcs,piece,Sample Business Label 4bf28cec,Sample Business Label 0f3d50d5,Purchased,17.00,,,1.00,,Listed
849-000773,Sample Business Label 5a74b3cf,Sample Business Label 4a213eed,Sample Business Label 887d7f95,pcs,piece,Sample Business Label 4bf28cec,Sample Business Label 0f3d50d5,Purchased,17.00,,,1.00,,Listed
849-000041,Sample Business Label 7b360681,Sample Business Label 71cabe6d,Sample Business Label 887d7f95,pcs,piece,Sample Business Label 4bf28cec,Sample Business Label 0f3d50d5,Purchased,28.00,,,1.00,,Listed
525-000095,Sample Business Label 448f86d8,,Sample Business Label 1674b06f,pcs,piece,Sample Business Label f0207843,Sample Business Label 8e427e07,In-house,1.00,,,1.00,,Listed
549-000046,Sample Business Label 045ce3f0,Sample Business Label 0ef77072,Autonomous Driving,pcs,piece,Sample Business Label 0e5444d0,Sample Business Label 5b88d24a,Purchased,1.00,,,1.00,,Listed
849-000347,Sample Business Label 4db797db,Sample Business Label 35ae2f17,Sample Business Label 887d7f95,pcs,piece,Sample Business Label 4bf28cec,Sample Business Label 0f3d50d5,Purchased,17.00,,,1.00,,Listed
165-002294,Sample Business Label 0d91d5a5,Sample Business Label 58b539c3,Sample Business Label 1674b06f,pcs,piece,Sample Business Label 4bf28cec,Sample Business Label bde42e5a,Purchased,35.00,,,1.00,,Listed
849-000714,Sample Business Label 586f1d99,Sample Business Label d8aa221e,Sample Business Label 887d7f95,pcs,piece,Sample Business Label 4bf28cec,Sample Business Label 0f3d50d5,Purchased,10.00,,,1.00,,Listed
165-001556,Sample Business Label 946b91c6,Sample Business Label be5fd9a1,Sample Business Label 1674b06f,pcs,piece,Sample Business Label 4bf28cec,Sample Business Label bde42e5a,Purchased,21.00,,,1.00,1.399957,Listed
165-001807,Sample Business Label ed434ade,Sample Business Label 891c6ca1,Sample Business Label 1674b06f,pcs,piece,Sample Business Label 4bf28cec,Sample Business Label bde42e5a,Purchased,35.00,,,1.00,9.820039,Listed
849-000282,Sample Business Label b55c6a2e,Sample Business Label 4a213eed,Sample Business Label 887d7f95,pcs,piece,Sample Business Label 4bf28cec,Sample Business Label 0f3d50d5,Purchased,17.00,,,1.00,,Listed
165-001829,Sample Business Label 329a455a,Sample Business Label 03eda93e,Sample Business Label 1674b06f,pcs,piece,Sample Business Label 4bf28cec,Sample Business Label bde42e5a,Purchased,21.00,,,1.00,2.900032,Listed
849-000754,Sample Business Label ae7db939,Sample Business Label 9808bb81,Sample Business Label 887d7f95,pcs,piece,Sample Business Label 4bf28cec,Sample Business Label 0f3d50d5,Purchased,17.00,,,1.00,,Listed
U00-000080,Beidou Vehicle Telematics Terminal System,UA500,Sample Business Label 5c716e22,pcs,piece,Sample Business Label e9fffb2c,Sample Business Label ca82e60e,In-house,1.00,,,1.00,,Listed
165-002047,Sample Business Label 3343db9f,Sample Business Label 5a144d7c,Sample Business Label 1674b06f,pcs,piece,Sample Business Label 4bf28cec,Sample Business Label bde42e5a,Purchased,35.00,,,1.00,,Listed
606-000245,Sample Business Label 90576b3c,,Sample Business Label 1674b06f,pcs,piece,Sample Business Label 0e5444d0,Sample Business Label 84fc6382,Purchased,21.00,,,1.00,,Listed
528-000031,Sample Business Label 9d04eaad,,Autonomous Driving,pcs,piece,Sample Business Label f0207843,Sample Business Label b3ea42a5,In-house,1.00,,,1.00,,Listed
165-001299,Sample Business Label 415c07bc,,Autonomous Driving,pcs,piece,Sample Business Label 4bf28cec,Sample Business Label bde42e5a,Purchased,28.00,,,1.00,,Listed
849-000712,Sample Business Label 5e904f8a,Sample Business Label 1c8e2ba0,Sample Business Label 887d7f95,pcs,piece,Sample Business Label 4bf28cec,Sample Business Label 0f3d50d5,Purchased,1.00,,,1.00,0.198654,Listed
308-000014,Sample Business Label dc54030d,,Sample Business Label 1674b06f,pcs,piece,Sample Business Label f0207843,Sample Business Label 813d8697,In-house,1.00,,,1.00,,Listed
525-000180,Sample Business Label 373fd51b,,Sample Business Label 1674b06f,pcs,piece,Sample Business Label f0207843,Sample Business Label 8e427e07,In-house,,,,1.00,,Listed
165-001878,Sample Business Label f04a4304,Sample Business Label 0f3ebe05,Sample Business Label 1674b06f,pcs,piece,Sample Business Label 4bf28cec,Sample Business Label bde42e5a,Purchased,28.00,,,1.00,,Listed
165-002048,Sample Business Label 61544c38,Sample Business Label d2ffb5ce,Sample Business Label 1674b06f,pcs,piece,Sample Business Label 4bf28cec,Sample Business Label bde42e5a,Purchased,35.00,,,1.00,,Listed
165-002594,Sample Business Label 8fc38247,Sample Business Label 434c0a9c,Sample Business Label 1674b06f,pcs,piece,Sample Business Label 4bf28cec,Sample Business Label bde42e5a,Purchased,21.00,,,1.00,0.237526,Listed
165-001806,Sample Business Label 56685559,Sample Business Label 891c6ca1,Sample Business Label 1674b06f,pcs,piece,Sample Business Label 4bf28cec,Sample Business Label bde42e5a,Purchased,35.00,,,1.00,9.820039,Listed
849-000210,Sample Business Label 706e8f3d,S22,Sample Business Label 887d7f95,pcs,piece,Sample Business Label 4bf28cec,Sample Business Label 0f3d50d5,Purchased,28.00,,,1.00,,Listed
363-000207,Sample Business Label c5ffd815,Sample Business Label 659e2742,Sample Business Label 7bdc2d0a,pcs,piece,Sample Business Label 0e5444d0,Sample Business Label 797c70ef,Purchased,35.00,,,1.00,12.470002,Listed
590-000073,Full-cycle Agricultural Operation Detection System,Sample Business Label 2f6407e1,Sample Business Label 7bdc2d0a,pcs,piece,Sample Business Label e9fffb2c,Sample Business Label 64f0ddff,In-house,1.00,,,1.00,,Listed
795-000865,Sample Business Label b87f5582,Sample Business Label 566e5b27,Autonomous Driving,pcs,piece,Sample Business Label 4bf28cec,Sample Business Label 2d85aff0,Purchased,10.00,,,1.00,1.239949,Listed
U00-000151,Beidou Vehicle Telematics Terminal System,UA411,Sample Business Label 5c716e22,pcs,piece,Sample Business Label e9fffb2c,Sample Business Label ca82e60e,In-house,1.00,,,1.00,,Listed
849-000202,Sample Business Label 0a3f5173,Sample Business Label 91a67adb,Sample Business Label 887d7f95,pcs,piece,Sample Business Label 4bf28cec,Sample Business Label 0f3d50d5,Purchased,15.00,,,1.00,,Listed
165-001779,Sample Business Label d40331b4,Sample Business Label a054751f,Sample Business Label 1674b06f,pcs,piece,Sample Business Label 4bf28cec,Sample Business Label bde42e5a,Purchased,35.00,,,1.00,12.919968,Listed
165-002368,Sample Business Label 7e0e702d,Sample Business Label d8bc44aa,Sample Business Label 1674b06f,pcs,piece,Sample Business Label 4bf28cec,Sample Business Label bde42e5a,Purchased,28.00,,,1.00,,Listed
165-002519,Sample Business Label 207ed0ac,Sample Business Label 7ef5b123,Sample Business Label 1674b06f,pcs,piece,Sample Business Label 4bf28cec,Sample Business Label bde42e5a,Purchased,21.00,,,1.00,3.999974,Listed
165-002271,Sample Business Label 402e634d,Sample Business Label f1aeefcb,Sample Business Label 1674b06f,pcs,piece,Sample Business Label 4bf28cec,Sample Business Label bde42e5a,Purchased,35.00,,,1.00,,Listed
784-000185,Sample Business Label 567d4b74,,Sample Business Label 1674b06f,pcs,piece,Sample Business Label f0207843,Sample Business Label 7fb842b2,In-house,1.00,,,1.00,,Listed
165-002156,Sample Business Label 83b22080,Sample Business Label 2f300837,Sample Business Label 1674b06f,pcs,piece,Sample Business Label 4bf28cec,Sample Business Label bde42e5a,Purchased,17.00,,,1.00,,Listed
505-000036,Sample Business Label c0cad42a,Sample Business Label 0fde4724,Autonomous Driving,pcs,piece,Sample Business Label 4bf28cec,Sample Business Label 77afae54,Purchased,42.00,,,1.00,159.999977,Listed
165-002388,Sample Business Label d555a1e2,,Sample Business Label 1674b06f,pcs,piece,Sample Business Label 4bf28cec,Sample Business Label bde42e5a,Purchased,28.00,,,1.00,,Listed
795-000399,Sample Business Label 54d59702,Sample Business Label 1c29ea79,Sample Business Label 1674b06f,pcs,piece,Sample Business Label 4bf28cec,Sample Business Label 2d85aff0,Purchased,17.00,,,1.00,,Listed
165-003103,Sample Business Label 14421971,Sample Business Label 720981c5,Sample Business Label 1674b06f,pcs,piece,Sample Business Label 4bf28cec,Sample Business Label bde42e5a,Purchased,28.00,,,1.00,7.400031,Listed
849-000251,Sample Business Label 219b89b1,Sample Business Label 46272d20,Sample Business Label 887d7f95,pcs,piece,Sample Business Label 4bf28cec,Sample Business Label 0f3d50d5,Purchased,13.00,,,1.00,,Listed
165-001838,Sample Business Label 3ac2e16f,Sample Business Label d10b1369,Sample Business Label 1674b06f,pcs,piece,Sample Business Label 4bf28cec,Sample Business Label bde42e5a,Purchased,28.00,,,1.00,12.699957,Listed
165-002336,Sample Business Label c623c05b,L*W*H：70.5*68.4*57,Sample Business Label 1674b06f,pcs,piece,Sample Business Label 4bf28cec,Sample Business Label bde42e5a,Purchased,28.00,,,1.00,,Listed
849-000832,Sample Business Label 5329e425,Sample Business Label 1c3eaf31,Sample Business Label 887d7f95,pcs,piece,Sample Business Label 4bf28cec,Sample Business Label 0f3d50d5,Purchased,13.00,,,1.00,,Listed
849-000348,Sample Business Label da133feb,Sample Business Label 35ae2f17,Sample Business Label 887d7f95,pcs,piece,Sample Business Label 4bf28cec,Sample Business Label 0f3d50d5,Purchased,13.00,,,1.00,,Listed
525-000138,Sample Business Label 634c06d3,,Sample Business Label 1674b06f,pcs,piece,Sample Business Label f0207843,Sample Business Label 8e427e07,In-house,1.00,,,1.00,,Listed
525-000030,Sample Business Label d315d70a,,Sample Business Label 1674b06f,pcs,piece,Sample Business Label f0207843,Sample Business Label 8e427e07,In-house,1.00,,,1.00,,Listed
165-001839,Sample Business Label 1fe512f7,Sample Business Label e784f765,Sample Business Label 1674b06f,pcs,piece,Sample Business Label 4bf28cec,Sample Business Label bde42e5a,Purchased,28.00,,,1.00,3.859967,Listed
838-000304,Sample Business Label ea87baca,Sample Business Label a5ffe9c5,Sample Business Label 1674b06f,pcs,piece,Sample Business Label 0e5444d0,Sample Business Label 6e9ebdaf,Purchased,35.00,,,1.00,,Listed
795-000883,Sample Business Label c4357bd1,Sample Business Label c7e692bf,Sample Business Label 1674b06f,pcs,piece,Sample Business Label 4bf28cec,Sample Business Label 2d85aff0,Purchased,1.00,,,1.00,0.240125,Listed
165-001528,Sample Business Label a14a1a4d,Sample Business Label 161891af,Sample Business Label 1674b06f,pcs,piece,Sample Business Label 4bf28cec,Sample Business Label bde42e5a,Purchased,42.00,,,1.00,,Listed
165-001823,Sample Business Label 86273db2,Sample Business Label 962998ab,Sample Business Label 1674b06f,pcs,piece,Sample Business Label 4bf28cec,Sample Business Label bde42e5a,Purchased,28.00,,,1.00,5.200034,Listed
165-002296,Sample Business Label 0a4632a2,Sample Business Label 277be63d,Sample Business Label 1674b06f,pcs,piece,Sample Business Label 4bf28cec,Sample Business Label bde42e5a,Purchased,35.00,,,1.00,,Listed
165-002763,Sample Business Label 8531e938,Sample Business Label 6c5484e7,Sample Business Label 1674b06f,pcs,piece,Sample Business Label 4bf28cec,Sample Business Label bde42e5a,Purchased,21.00,,,1.00,4.099979,Listed
849-001049,Sample Business Label 82a181c4,Sample Business Label cfb03c59,Sample Business Label 1674b06f,pcs,piece,Sample Business Label 4bf28cec,Sample Business Label 0f3d50d5,Purchased,1.00,,,1.00,0.129950,Listed
165-001811,Sample Business Label f6e9fbed,Sample Business Label 6910e13a,Sample Business Label 1674b06f,pcs,piece,Sample Business Label 4bf28cec,Sample Business Label bde42e5a,Purchased,28.00,,,1.00,3.790020,Listed
165-001801,Sample Business Label 2fb2cf91,Sample Business Label 9742f58f,Sample Business Label 1674b06f,pcs,piece,Sample Business Label 4bf28cec,Sample Business Label bde42e5a,Purchased,35.00,,,1.00,37.999979,Listed
182-000030,Sample Business Label a5093b0e,Sample Business Label 0e2d1da7,Autonomous Driving,pcs,piece,Sample Business Label 4bf28cec,Sample Business Label cbbb88c6,Purchased,1.00,,,1.00,14.500047,Listed
849-000786,Sample Business Label 8213a89c,Sample Business Label bef3a41c,Sample Business Label 887d7f95,pcs,piece,Sample Business Label 4bf28cec,Sample Business Label 0f3d50d5,Purchased,17.00,,,1.00,,Listed
849-000747,Sample Business Label 0e217be2,Sample Business Label 35ae2f17,Sample Business Label 887d7f95,pcs,piece,Sample Business Label 4bf28cec,Sample Business Label 0f3d50d5,Purchased,17.00,,,1.00,,Listed
883-000008,Sample Business Label a028dd1a,,Autonomous Driving,pcs,piece,Sample Business Label f0207843,Sample Business Label 42ea933a,In-house,1.00,,,1.00,,Listed
849-000977,Sample Business Label 50c3b3ea,Sample Business Label c8c60e13,Sample Business Label 1674b06f,pcs,piece,Sample Business Label 4bf28cec,Sample Business Label 0f3d50d5,Purchased,1.00,,,1.00,0.060003,Listed
705-000039,Sample Business Label f740b91d,Sample Business Label 1f6741f3,Sample Business Label 7bdc2d0a,pcs,piece,Sample Business Label fdf24da5,Sample Business Label 6a2cc7af,In-house,21.00,,,1.00,,Listed
795-000349,Sample Business Label 6c5be681,Sample Business Label c1f00ee5,Autonomous Driving,pcs,piece,Sample Business Label 4bf28cec,Sample Business Label 2d85aff0,Purchased,15.00,,,1.00,,Listed
308-000030,Sample Business Label 1e2c7f08,,Sample Business Label 1674b06f,pcs,piece,Sample Business Label f0207843,Sample Business Label 813d8697,In-house,1.00,,,1.00,,Listed
849-000334,Sample Business Label 681ddc83,Sample Business Label 91a67adb,Sample Business Label 887d7f95,pcs,piece,Sample Business Label 4bf28cec,Sample Business Label 0f3d50d5,Purchased,17.00,,,1.00,,Listed
165-002314,Sample Business Label e93692da,Sample Business Label 58e4cd3a,Sample Business Label 1674b06f,pcs,piece,Sample Business Label 4bf28cec,Sample Business Label bde42e5a,Purchased,28.00,,,1.00,,Listed
849-000748,Sample Business Label 3c218dac,Sample Business Label 3b6265bf,Sample Business Label 887d7f95,pcs,piece,Sample Business Label 4bf28cec,Sample Business Label 0f3d50d5,Purchased,17.00,,,1.00,,Listed
165-002293,Sample Business Label 8c891011,Sample Business Label a86301f2,Sample Business Label 1674b06f,pcs,piece,Sample Business Label 4bf28cec,Sample Business Label bde42e5a,Purchased,28.00,,,1.00,,Listed
549-000689,Sample Business Label 896862e2,Sample Business Label f3997eee,Sample Business Label 1674b06f,pcs,piece,Sample Business Label 0e5444d0,Sample Business Label 5b88d24a,In-house,63.00,,,1.00,,Listed
795-001163,Sample Business Label e821ef8a,Sample Business Label 9808bb81,Sample Business Label 1674b06f,pcs,piece,Sample Business Label 4bf28cec,Sample Business Label 2d85aff0,Purchased,1.00,,,1.00,0.325779,Listed
165-001343,Sample Business Label 27ef4ca2,Sample Business Label d7748b51,Sample Business Label 1674b06f,pcs,piece,Sample Business Label 4bf28cec,Sample Business Label bde42e5a,Purchased,35.00,,,1.00,,Listed
849-000808,Sample Business Label dbf2c91b,Sample Business Label a1ce4d9a,Sample Business Label 887d7f95,pcs,piece,Sample Business Label 4bf28cec,Sample Business Label 0f3d50d5,Purchased,17.00,,,1.00,,Listed
525-000004,Sample Business Label a93c3830,,Sample Business Label 1674b06f,pcs,piece,Sample Business Label f0207843,Sample Business Label 8e427e07,In-house,1.00,,,1.00,,Listed
353-000192,Sample Business Label 77dedd0f,,Sample Business Label 96053b3e,pcs,piece,Sample Business Label f0207843,Sample Business Label e1a5ffe2,In-house,,,,1.00,,Listed
165-001338,Sample Business Label aac5d64b,Sample Business Label c2176285,Sample Business Label 1674b06f,pcs,piece,Sample Business Label 4bf28cec,Sample Business Label bde42e5a,Purchased,28.00,,,1.00,,Listed
165-001764,Sample Business Label 8190c08e,Sample Business Label 566e1803,Sample Business Label 1674b06f,pcs,piece,Sample Business Label 4bf28cec,Sample Business Label bde42e5a,Purchased,35.00,,,1.00,34.080009,Listed
182-000028,Sample Business Label f9835879,,Autonomous Driving,pcs,piece,Sample Business Label 4bf28cec,Sample Business Label cbbb88c6,Purchased,1.00,,,1.00,1.705622,Listed
795-000758,Sample Business Label b2d1fa57,Sample Business Label 6657c775,Sample Business Label 1674b06f,pcs,piece,Sample Business Label 4bf28cec,Sample Business Label 2d85aff0,Purchased,35.00,,,1.00,78.850044,Listed
362-000184,Sample Business Label d851bdc8,Sample Business Label 9d5406b1,Sample Business Label 1674b06f,pcs,piece,Sample Business Label 0e5444d0,Sample Business Label 4d38dc41,Purchased,42.00,,,1.00,,Listed
832-000016,Sample Business Label dc58ea99,,Sample Business Label 7bdc2d0a,pcs,piece,Sample Business Label f0207843,Sample Business Label 43301d5a,In-house,,,,1.00,,Listed
165-002310,Sample Business Label 0fe602b4,Sample Business Label 88d51d90,Sample Business Label 1674b06f,pcs,piece,Sample Business Label 4bf28cec,Sample Business Label bde42e5a,Purchased,35.00,,,1.00,,Listed
165-002287,Sample Business Label 37e0a07a,Sample Business Label 158042e3,Sample Business Label 1674b06f,pcs,piece,Sample Business Label 4bf28cec,Sample Business Label bde42e5a,Purchased,28.00,,,1.00,,Listed
549-000690,Sample Business Label 63507331,Sample Business Label 8ebcc0cc,Sample Business Label 1674b06f,pcs,piece,Sample Business Label 0e5444d0,Sample Business Label 5b88d24a,In-house,45.00,,,1.00,,Listed
525-000033,Sample Business Label a8a1a915,,Sample Business Label 1674b06f,pcs,piece,Sample Business Label f0207843,Sample Business Label 8e427e07,In-house,1.00,,,1.00,,Listed
849-000777,Sample Business Label dd352f86,Sample Business Label 0dc6f2e6,Sample Business Label 887d7f95,pcs,piece,Sample Business Label 4bf28cec,Sample Business Label 0f3d50d5,Purchased,13.00,,,1.00,,Listed
525-000192,Sample Business Label db89e4aa,,Sample Business Label 1674b06f,pcs,piece,Sample Business Label f0207843,Sample Business Label 8e427e07,In-house,1.00,,,1.00,,Listed
165-001402,Sample Business Label 844ba91f,Sample Business Label 2615719d,Sample Business Label 1674b06f,pcs,piece,Sample Business Label 4bf28cec,Sample Business Label bde42e5a,Purchased,14.00,,,1.00,,Listed
832-000010,Sample Business Label 5a449cd9,,Sample Business Label 7bdc2d0a,pcs,piece,Sample Business Label f0207843,Sample Business Label 43301d5a,In-house,1.00,,,1.00,,Listed
165-002792,Sample Business Label 857b04ca,Sample Business Label 92311112,Sample Business Label 1674b06f,pcs,piece,Sample Business Label 4bf28cec,Sample Business Label bde42e5a,Purchased,21.00,,,1.00,2.900032,Listed
165-001831,Sample Business Label 3e7c19f1,Sample Business Label 77d49eb8,Sample Business Label 1674b06f,pcs,piece,Sample Business Label 4bf28cec,Sample Business Label bde42e5a,Purchased,21.00,,,1.00,1.250006,Listed
525-000018,Sample Business Label 633e3472,,Sample Business Label 1674b06f,pcs,piece,Sample Business Label f0207843,Sample Business Label 8e427e07,In-house,1.00,,,1.00,,Listed
165-001847,Sample Business Label 426d5a6c,Sample Business Label 9bdd9fb5,Sample Business Label 1674b06f,pcs,piece,Sample Business Label 4bf28cec,Sample Business Label bde42e5a,Purchased,28.00,,,1.00,16.000009,Listed
165-003609,Sample Business Label cda610c0,Sample Business Label dd8521b9,Sample Business Label 1674b06f,pcs,piece,Sample Business Label 4bf28cec,Sample Business Label bde42e5a,Purchased,35.00,,,1.00,,Listed
165-001951,Sample Business Label d40397be,Sample Business Label 17362d24,Sample Business Label 1674b06f,pcs,piece,Sample Business Label 4bf28cec,Sample Business Label bde42e5a,Purchased,28.00,,,1.00,,Listed
525-000028,Sample Business Label 081b7839,,Sample Business Label 1674b06f,pcs,piece,Sample Business Label f0207843,Sample Business Label 8e427e07,In-house,1.00,,,1.00,,Listed
994-000450,Sample Business Label f9ebf0f3,,Sample Business Label 1674b06f,pcs,piece,Sample Business Label 4bf28cec,Sample Business Label d9643929,Purchased,35.00,,,1.00,,Listed
276-000103,Sample Business Label 3d41c658,L*W*H：38.2*30.4*11.5mm,Sample Business Label 1674b06f,pcs,piece,Sample Business Label f0207843,Sample Business Label 9d43fb1c,In-house,1.00,,,1.00,,Listed
165-001845,Sample Business Label ab45e724,Sample Business Label 88ccf6d6,Sample Business Label 1674b06f,pcs,piece,Sample Business Label 4bf28cec,Sample Business Label bde42e5a,Purchased,35.00,,,1.00,33.250024,Listed
165-001865,Sample Business Label 04453b6e,Sample Business Label 35b74f2c,Sample Business Label 1674b06f,pcs,piece,Sample Business Label 4bf28cec,Sample Business Label bde42e5a,Purchased,28.00,,,1.00,2.500012,Listed
994-000409,Sample Business Label 28369de4,,Sample Business Label 1674b06f,pcs,piece,Sample Business Label 4bf28cec,Sample Business Label d9643929,Purchased,35.00,,,1.00,,Listed
525-000157,Sample Business Label f7fcfaa4,Sample Business Label f8f11796,Sample Business Label 1674b06f,pcs,piece,Sample Business Label f0207843,Sample Business Label 8e427e07,In-house,1.00,,,1.00,,Listed
165-003218,Sample Business Label 0d26a341,Sample Business Label 263ed306,Sample Business Label 1674b06f,pcs,piece,Sample Business Label 4bf28cec,Sample Business Label bde42e5a,Purchased,28.00,,,1.00,2.660020,Listed
525-000187,Sample Business Label 6fe6f9b8,,Sample Business Label 1674b06f,pcs,piece,Sample Business Label f0207843,Sample Business Label 8e427e07,In-house,1.00,,,1.00,,Listed
165-002328,Sample Business Label cbdc01a4,Sample Business Label 5600d893,Sample Business Label 1674b06f,pcs,piece,Sample Business Label 4bf28cec,Sample Business Label bde42e5a,Purchased,28.00,,,1.00,,Listed
526-000001,Beidou Agricultural Navigation Controller,Sample Business Label 3ccb6963,Autonomous Driving,tao,Sample Business Label 032231d8,Sample Business Label e9fffb2c,Sample Business Label 82be4dca,In-house,1.00,,,1.00,,Listed
849-000397,Sample Business Label 024fd630,Sample Business Label 4a213eed,Sample Business Label 887d7f95,pcs,piece,Sample Business Label 4bf28cec,Sample Business Label 0f3d50d5,Purchased,17.00,,,1.00,,Listed
795-000973,Sample Business Label 05faeb4a,Sample Business Label 3674a4b1,Sample Business Label 1674b06f,pcs,piece,Sample Business Label 4bf28cec,Sample Business Label 2d85aff0,Purchased,28.00,,,1.00,1.799977,Listed
165-003205,Sample Business Label dc6689b3,Sample Business Label e61ab2cf,Sample Business Label 1674b06f,pcs,piece,Sample Business Label 4bf28cec,Sample Business Label bde42e5a,Purchased,35.00,,,1.00,27.800034,Listed
165-003229,Sample Business Label 92d31ac9,Sample Business Label 2bba84e5,Sample Business Label 1674b06f,pcs,piece,Sample Business Label 4bf28cec,Sample Business Label bde42e5a,Purchased,28.00,,,1.00,91.009974,Listed
838-000222,Sample Business Label 33b821ee,Sample Business Label 7013f6e1,Autonomous Driving,pcs,piece,Sample Business Label 0e5444d0,Sample Business Label 6e9ebdaf,Purchased,28.00,,,1.00,,Listed
165-000298,Sample Business Label 48c032b9,Sample Business Label d483690d,Autonomous Driving,pcs,piece,Sample Business Label 4bf28cec,Sample Business Label bde42e5a,Purchased,10.00,,,1.00,59.999949,Listed
849-000746,Sample Business Label 9ce95e26,Sample Business Label 91a67adb,Sample Business Label 887d7f95,pcs,piece,Sample Business Label 4bf28cec,Sample Business Label 0f3d50d5,Purchased,17.00,,,1.00,,Listed
525-000046,Sample Business Label 2223fde5,,Sample Business Label 1674b06f,pcs,piece,Sample Business Label f0207843,Sample Business Label 8e427e07,In-house,1.00,,,1.00,,Listed
795-001141,Sample Business Label 7fb80c14,Sample Business Label c52df1f1,Sample Business Label 1674b06f,pcs,piece,Sample Business Label 4bf28cec,Sample Business Label 2d85aff0,Purchased,28.00,,,1.00,25.000007,Listed
588-000330,Sample Business Label 60bf3ff7,GPS_MODULE_VM982_P1_S01_PCBA,Autonomous Driving,pcs,piece,Sample Business Label f0207843,Sample Business Label 6ca8a46d,Outsourced,28.00,,,1.00,,Listed
165-002842,Sample Business Label cd992b95,Sample Business Label 5d01b5a4,Sample Business Label 1674b06f,pcs,piece,Sample Business Label 4bf28cec,Sample Business Label bde42e5a,Purchased,28.00,,,1.00,1.170002,Listed
308-000026,Sample Business Label 1d52d642,,Sample Business Label 1674b06f,pcs,piece,Sample Business Label f0207843,Sample Business Label 813d8697,In-house,1.00,,,1.00,,Listed
165-002312,Sample Business Label a02c3523,Sample Business Label 90672a51,Sample Business Label 1674b06f,pcs,piece,Sample Business Label 4bf28cec,Sample Business Label bde42e5a,Purchased,28.00,,,1.00,,Listed
165-001950,Sample Business Label cc6493f0,Sample Business Label 8da4704a,Sample Business Label 1674b06f,pcs,piece,Sample Business Label 4bf28cec,Sample Business Label bde42e5a,Purchased,28.00,,,1.00,,Listed
165-002738,Sample Business Label ddc87fda,Sample Business Label 3d99eb4d,Sample Business Label 1674b06f,pcs,piece,Sample Business Label 4bf28cec,Sample Business Label bde42e5a,Purchased,28.00,,,1.00,3.399944,Listed
849-000276,Sample Business Label 342ca108,Sample Business Label 91a67adb,Sample Business Label 887d7f95,pcs,piece,Sample Business Label 4bf28cec,Sample Business Label 0f3d50d5,Purchased,35.00,,,1.00,,Listed
549-000692,Sample Business Label c3a96202,,Sample Business Label 1674b06f,pcs,piece,Sample Business Label 0e5444d0,Sample Business Label 5b88d24a,Purchased,48.00,,,1.00,,Listed
606-000071,Sample Business Label 52bbed0e,Sample Business Label ddb82eb4,Sample Business Label 761a79a0,pcs,piece,Sample Business Label 0e5444d0,Sample Business Label 84fc6382,Purchased,14.00,,,1.00,,Listed
795-000663,Sample Business Label fc2fbbfe,Sample Business Label 00fe63ee,Sample Business Label 1674b06f,pcs,piece,Sample Business Label 4bf28cec,Sample Business Label 2d85aff0,Purchased,10.00,,,1.00,,Listed
994-000418,Sample Business Label b3a27768,,Sample Business Label 1674b06f,pcs,piece,Sample Business Label 4bf28cec,Sample Business Label d9643929,Purchased,35.00,,,1.00,,Listed
525-000134,Sample Business Label 6bb5ab12,,Sample Business Label 1674b06f,pcs,piece,Sample Business Label f0207843,Sample Business Label 8e427e07,In-house,1.00,,,1.00,,Listed
165-002650,Sample Business Label 47dbeb6c,Sample Business Label c619993b,Sample Business Label 1674b06f,pcs,piece,Sample Business Label 4bf28cec,Sample Business Label bde42e5a,Purchased,21.00,,,1.00,3.399944,Listed
308-000016,Sample Business Label 3e20259e,,Sample Business Label 1674b06f,pcs,piece,Sample Business Label f0207843,Sample Business Label 813d8697,In-house,35.00,,,1.00,,Listed
849-000075,Sample Business Label 643f7a44,Sample Business Label b9822b45,Sample Business Label 887d7f95,pcs,piece,Sample Business Label 4bf28cec,Sample Business Label 0f3d50d5,Purchased,17.00,,,1.00,,Listed
165-003217,Sample Business Label b9525f9a,Sample Business Label 263ed306,Sample Business Label 1674b06f,pcs,piece,Sample Business Label 4bf28cec,Sample Business Label bde42e5a,Purchased,28.00,,,1.00,2.660020,Listed
182-000055,Sample Business Label d8ee1724,Sample Business Label 0e2d1da7,Autonomous Driving,zhang,Sample Business Label 9273cc90,Sample Business Label 4bf28cec,Sample Business Label cbbb88c6,Purchased,1.00,,,1.00,14.500047,Listed
849-000830,Sample Business Label 1c503dbd,Sample Business Label cfb03c59,Sample Business Label 887d7f95,pcs,piece,Sample Business Label 4bf28cec,Sample Business Label 0f3d50d5,Purchased,13.00,,,1.00,,Listed
795-000626,Sample Business Label bee54b2a,Sample Business Label 31ee4a90,Sample Business Label 1674b06f,pcs,piece,Sample Business Label 4bf28cec,Sample Business Label 2d85aff0,Purchased,28.00,,,1.00,,Listed
525-000135,Sample Business Label 2bd248f3,,Sample Business Label 1674b06f,pcs,piece,Sample Business Label f0207843,Sample Business Label 8e427e07,In-house,1.00,,,1.00,,Listed
849-000332,Sample Business Label 7cbcb98e,Sample Business Label 67dac10c,Sample Business Label 887d7f95,pcs,piece,Sample Business Label 4bf28cec,Sample Business Label 0f3d50d5,Purchased,17.00,,,1.00,,Listed
849-000037,Sample Business Label 65b45af3,TMTSO2520CTJ,Sample Business Label 887d7f95,pcs,piece,Sample Business Label 4bf28cec,Sample Business Label 0f3d50d5,Purchased,28.00,,,1.00,,Listed
165-002759,Sample Business Label 1a253a01,Sample Business Label 96146e75,Sample Business Label 1674b06f,pcs,piece,Sample Business Label 4bf28cec,Sample Business Label bde42e5a,Purchased,28.00,,,1.00,3.300052,Listed
525-000193,Sample Business Label a579becd,,Sample Business Label 1674b06f,pcs,piece,Sample Business Label f0207843,Sample Business Label 8e427e07,In-house,1.00,,,1.00,,Listed
165-001834,Sample Business Label a73c7d8d,Sample Business Label 379db946,Sample Business Label 1674b06f,pcs,piece,Sample Business Label 4bf28cec,Sample Business Label bde42e5a,Purchased,21.00,,,1.00,2.500012,Listed
308-000018,Sample Business Label df97b6a4,,Sample Business Label 1674b06f,pcs,piece,Sample Business Label f0207843,Sample Business Label 813d8697,In-house,35.00,,,1.00,,Listed
838-000196,Sample Business Label 4219df0a,Sample Business Label 10118eec,Autonomous Driving,pcs,piece,Sample Business Label 0e5444d0,Sample Business Label 6e9ebdaf,Purchased,28.00,,,1.00,,Listed
994-000419,Sample Business Label a26d9d6b,,Sample Business Label 1674b06f,pcs,piece,Sample Business Label 4bf28cec,Sample Business Label d9643929,Purchased,35.00,,,1.00,,Listed
165-001445,Sample Business Label 83ac5c6b,Sample Business Label 0034ff59,Sample Business Label 1674b06f,pcs,piece,Sample Business Label 4bf28cec,Sample Business Label bde42e5a,Purchased,17.00,,,1.00,,Listed
165-000120,Sample Business Label e5c6b6f7,Sample Business Label e16388a2,Autonomous Driving,pcs,piece,Sample Business Label 4bf28cec,Sample Business Label bde42e5a,Purchased,30.00,,,1.00,34.000005,Listed
165-003355,Sample Business Label 7daaee5e,Sample Business Label 0cefc1fb,Sample Business Label 1674b06f,pcs,piece,Sample Business Label 4bf28cec,Sample Business Label bde42e5a,Purchased,28.00,,,1.00,39.140036,Listed
308-000024,Sample Business Label 3c3e3363,,Sample Business Label 1674b06f,pcs,piece,Sample Business Label f0207843,Sample Business Label 813d8697,In-house,1.00,,,1.00,,Listed
795-001142,Sample Business Label 6e0dd015,Sample Business Label c52df1f1,Sample Business Label 1674b06f,pcs,piece,Sample Business Label 4bf28cec,Sample Business Label 2d85aff0,Purchased,28.00,,,1.00,132.000046,Listed
362-000171,Sample Business Label a1733406,Sample Business Label 0f0e1895,Sample Business Label 1674b06f,pcs,piece,Sample Business Label 0e5444d0,Sample Business Label 4d38dc41,In-house,42.00,,,1.00,,Listed
165-002706,Sample Business Label f7493c0c,,Autonomous Driving,pcs,piece,Sample Business Label 4bf28cec,Sample Business Label bde42e5a,Purchased,28.00,,,1.00,3.730017,Listed
276-000104,Sample Business Label 84dd3492,L*W*H：56.8*31.8*11.5mm,Sample Business Label 1674b06f,pcs,piece,Sample Business Label f0207843,Sample Business Label 9d43fb1c,In-house,1.00,,,1.00,,Listed
795-000803,Sample Business Label 41bd104e,,Sample Business Label 1674b06f,pcs,piece,Sample Business Label 4bf28cec,Sample Business Label 2d85aff0,In-house,42.00,,,1.00,,Listed
849-000392,Sample Business Label f12d339a,Sample Business Label d66ac080,Sample Business Label 887d7f95,pcs,piece,Sample Business Label 4bf28cec,Sample Business Label 0f3d50d5,Purchased,15.00,,,1.00,,Listed
849-000283,Sample Business Label 52ef9c53,Sample Business Label 4a213eed,Sample Business Label 887d7f95,pcs,piece,Sample Business Label 4bf28cec,Sample Business Label 0f3d50d5,Purchased,17.00,,,1.00,,Listed
849-000296,Sample Business Label 74120c67,Sample Business Label a4b922b6,Sample Business Label 887d7f95,pcs,piece,Sample Business Label 4bf28cec,Sample Business Label 0f3d50d5,Purchased,17.00,,,1.00,,Listed
525-000048,Sample Business Label 85352283,,Sample Business Label 1674b06f,pcs,piece,Sample Business Label f0207843,Sample Business Label 8e427e07,In-house,1.00,,,1.00,,Listed
165-000580,Sample Business Label 4d5ee00b,Sample Business Label 1fd22de1,Sample Business Label 761a79a0,pcs,piece,Sample Business Label 4bf28cec,Sample Business Label bde42e5a,Purchased,23.00,,,1.00,,Listed
849-000496,Sample Business Label 0f9d83de,Sample Business Label b3b24741,Sample Business Label 887d7f95,pcs,piece,Sample Business Label 4bf28cec,Sample Business Label 0f3d50d5,Purchased,17.00,,,1.00,,Listed
849-000304,Sample Business Label 3d09c8ba,Sample Business Label 91a67adb,Sample Business Label 887d7f95,pcs,piece,Sample Business Label 4bf28cec,Sample Business Label 0f3d50d5,Purchased,15.00,,,1.00,,Listed
363-000282,Sample Business Label cf62ad39,Sample Business Label 17ce485b,Sample Business Label 761a79a0,pcs,piece,Sample Business Label 0e5444d0,Sample Business Label 797c70ef,Purchased,35.00,,,1.00,,Listed
165-001809,Sample Business Label 4c0bfd66,Sample Business Label 891c6ca1,Sample Business Label 1674b06f,pcs,piece,Sample Business Label 4bf28cec,Sample Business Label bde42e5a,Purchased,35.00,,,1.00,10.279949,Listed
165-000345,Sample Business Label f3f4d6f6,Sample Business Label 2af77d09,Sample Business Label 761a79a0,pcs,piece,Sample Business Label 4bf28cec,Sample Business Label bde42e5a,Purchased,21.00,,,1.00,0.709075,Listed
U00-000170,Beidou Vehicle Telematics Terminal System,UA411,Sample Business Label 5c716e22,pcs,piece,Sample Business Label e9fffb2c,Sample Business Label ca82e60e,In-house,1.00,,,1.00,,Listed
165-001785,Sample Business Label f7e2436f,Sample Business Label 257a24e9,Sample Business Label 1674b06f,pcs,piece,Sample Business Label 4bf28cec,Sample Business Label bde42e5a,Purchased,28.00,,,1.00,4.580003,Listed
165-002347,Sample Business Label 2f0ec989,Sample Business Label d41f61f9,Sample Business Label 1674b06f,pcs,piece,Sample Business Label 4bf28cec,Sample Business Label bde42e5a,Purchased,28.00,,,1.00,,Listed
165-001881,Sample Business Label 6370241f,Sample Business Label d14ec5c4,Sample Business Label 1674b06f,pcs,piece,Sample Business Label 4bf28cec,Sample Business Label bde42e5a,Purchased,28.00,,,1.00,,Listed
403-000032,Sample Business Label b7c85c6e,YNSC2150202-21700-2S1P,Sample Business Label 887d7f95,pcs,piece,Sample Business Label 17302eae,Sample Business Label 78e42e38,Purchased,33.00,,,1.00,60.199959,Listed
525-000006,Sample Business Label 0aa198d4,,Sample Business Label 1674b06f,pcs,piece,Sample Business Label f0207843,Sample Business Label 8e427e07,In-house,1.00,,,1.00,,Listed
165-002334,Sample Business Label fb14ba31,Sample Business Label 768b298e,Sample Business Label 1674b06f,pcs,piece,Sample Business Label 4bf28cec,Sample Business Label bde42e5a,Purchased,21.00,,,1.00,,Listed
849-001043,Sample Business Label b5f78f81,Sample Business Label 71ddfd56,Sample Business Label 1674b06f,pcs,piece,Sample Business Label 4bf28cec,Sample Business Label 0f3d50d5,Purchased,1.00,,,1.00,0.072998,Listed
525-000043,Sample Business Label 7312bb5e,,Sample Business Label 1674b06f,pcs,piece,Sample Business Label f0207843,Sample Business Label 8e427e07,In-house,1.00,,,1.00,,Listed
849-000987,Sample Business Label 94f651ca,Sample Business Label 3b6265bf,Sample Business Label 887d7f95,pcs,piece,Sample Business Label 4bf28cec,Sample Business Label 0f3d50d5,Purchased,1.00,,,1.00,0.089948,Listed
795-000962,Sample Business Label 053827ce,Sample Business Label 83c09c77,Autonomous Driving,pcs,piece,Sample Business Label 4bf28cec,Sample Business Label 2d85aff0,Purchased,1.00,,,1.00,1.930040,Listed
101-000004,X25Q128JVEIQ,X25Q128JVEIQ,Sample Business Label 887d7f95,pcs,piece,Sample Business Label 17302eae,Sample Business Label 93cbaf79,Purchased,84.00,,,1.00,5.500049,Listed
838-000213,Sample Business Label 9161621f,,Autonomous Driving,pcs,piece,Sample Business Label 0e5444d0,Sample Business Label 6e9ebdaf,Purchased,28.00,,,1.00,,Listed
795-000756,Sample Business Label 9df8d4af,Sample Business Label dc63a689,Sample Business Label 1674b06f,pcs,piece,Sample Business Label 4bf28cec,Sample Business Label 2d85aff0,Purchased,35.00,,,1.00,91.999967,Listed
165-002567,Sample Business Label 7b39142e,Sample Business Label dbacd064,Sample Business Label 1674b06f,pcs,piece,Sample Business Label 4bf28cec,Sample Business Label bde42e5a,Purchased,21.00,,,1.00,5.000024,Listed
994-000645,Sample Business Label 04d0ccdb,,Sample Business Label 761a79a0,pcs,piece,Sample Business Label 4bf28cec,Sample Business Label d9643929,Purchased,35.00,,,1.00,,Listed
795-000133,Sample Business Label 567d223e,Sample Business Label ce6b5785,Autonomous Driving,pcs,piece,Sample Business Label 4bf28cec,Sample Business Label 2d85aff0,Purchased,10.00,,,1.00,,Listed
549-000318,Sample Business Label d53aa017,Sample Business Label 197539cd,Sample Business Label 1674b06f,pcs,piece,Sample Business Label 0e5444d0,Sample Business Label 5b88d24a,Purchased,42.00,,,1.00,,Listed
849-000491,Sample Business Label 8c0425de,Sample Business Label 4a213eed,Sample Business Label 887d7f95,pcs,piece,Sample Business Label 4bf28cec,Sample Business Label 0f3d50d5,Purchased,17.00,,,1.00,,Listed
525-000101,Sample Business Label 0b8bb995,,Sample Business Label 1674b06f,pcs,piece,Sample Business Label f0207843,Sample Business Label 8e427e07,In-house,1.00,,,1.00,,Listed
165-002049,Sample Business Label a5c42a5c,Sample Business Label dac3d3db,Sample Business Label 1674b06f,pcs,piece,Sample Business Label 4bf28cec,Sample Business Label bde42e5a,Purchased,21.00,,,1.00,,Listed
795-000759,Sample Business Label d6f4574f,Sample Business Label 5a69bc07,Sample Business Label 1674b06f,pcs,piece,Sample Business Label 4bf28cec,Sample Business Label 2d85aff0,Purchased,35.00,,,1.00,9.500023,Listed
165-002329,Sample Business Label b96efb03,Sample Business Label 96894800,Sample Business Label 1674b06f,pcs,piece,Sample Business Label 4bf28cec,Sample Business Label bde42e5a,Purchased,28.00,,,1.00,,Listed
165-001341,Sample Business Label 74e7ee66,Sample Business Label 8e0c44d1,Sample Business Label 1674b06f,pcs,piece,Sample Business Label 4bf28cec,Sample Business Label bde42e5a,Purchased,21.00,,,1.00,,Listed
589-000011,Sample Business Label e1e24ab3,Sample Business Label 013e7ae0,Sample Business Label 1674b06f,pcs,piece,Sample Business Label 17302eae,Sample Business Label e2d69e90,Purchased,42.00,,,1.00,,Listed
363-000325,Sample Business Label 252f180f,,Autonomous Driving,pcs,piece,Sample Business Label 0e5444d0,Sample Business Label 797c70ef,Purchased,35.00,,,1.00,,Listed
P61-000351,Sample Business Label 8a608f8b,YC400-605,Sample Business Label 761a79a0,pcs,piece,Sample Business Label e9fffb2c,Sample Business Label 090fccb0,In-house,1.00,,,1.00,,Listed
165-002273,Sample Business Label 26e5ecac,Sample Business Label 85c56384,Sample Business Label 1674b06f,pcs,piece,Sample Business Label 4bf28cec,Sample Business Label bde42e5a,Purchased,28.00,,,1.00,,Listed
972-000704,Sample Business Label c26bc1e3,TTPMIC25APQR,Sample Business Label 887d7f95,pcs,piece,Sample Business Label 17302eae,Sample Business Label 09caa247,Purchased,98.00,,,1.00,12.300050,Listed
165-002270,Sample Business Label f5373835,Sample Business Label f1aeefcb,Sample Business Label 1674b06f,pcs,piece,Sample Business Label 4bf28cec,Sample Business Label bde42e5a,Purchased,35.00,,,1.00,,Listed
795-000870,Sample Business Label 16713fa2,Sample Business Label 6df6fdb8,Sample Business Label 1674b06f,pcs,piece,Sample Business Label 4bf28cec,Sample Business Label 2d85aff0,In-house,21.00,,,1.00,,Listed
972-000577,IMU,IIM-42653,Sample Business Label 887d7f95,pcs,piece,Sample Business Label 17302eae,Sample Business Label 09caa247,Purchased,210.00,,,1.00,15.499984,Listed
165-003207,Sample Business Label e6cc1730,Sample Business Label 5cceb101,Sample Business Label 1674b06f,pcs,piece,Sample Business Label 4bf28cec,Sample Business Label bde42e5a,Purchased,28.00,,,1.00,13.330045,Listed
165-002311,Sample Business Label 1cbdba59,Sample Business Label ddc24786,Sample Business Label 1674b06f,pcs,piece,Sample Business Label 4bf28cec,Sample Business Label bde42e5a,Purchased,28.00,,,1.00,,Listed
849-000284,Sample Business Label 4da0caad,Sample Business Label 4a213eed,Sample Business Label 887d7f95,pcs,piece,Sample Business Label 4bf28cec,Sample Business Label 0f3d50d5,Purchased,17.00,,,1.00,,Listed
734-000001,Sample Business Label 108580c2,Sample Business Label 9923431e,Sample Business Label 96053b3e,pcs,piece,Sample Business Label e9fffb2c,Sample Business Label 23d8677b,In-house,,,,1.00,,Listed
165-001790,Sample Business Label a73a6394,Sample Business Label 3d438035,Sample Business Label 1674b06f,pcs,piece,Sample Business Label 4bf28cec,Sample Business Label bde42e5a,Purchased,35.00,,,1.00,16.149960,Listed
525-000223,Sample Business Label 86c979af,,Sample Business Label 1674b06f,pcs,piece,Sample Business Label f0207843,Sample Business Label 8e427e07,In-house,,,,1.00,,Listed
525-000197,Sample Business Label d98d4c00,,Sample Business Label 1674b06f,pcs,piece,Sample Business Label f0207843,Sample Business Label 8e427e07,In-house,1.00,,,1.00,,Listed
606-000069,Sample Business Label 725ca2a1,Sample Business Label 40a0e81d,Sample Business Label 761a79a0,pcs,piece,Sample Business Label 0e5444d0,Sample Business Label 84fc6382,Purchased,14.00,,,1.00,,Listed
P61-000331,Sample Business Label 8a608f8b,YC402-0-D-14-YN,Sample Business Label 761a79a0,pcs,piece,Sample Business Label e9fffb2c,Sample Business Label 090fccb0,In-house,1.00,,,1.00,,Listed
165-002155,Sample Business Label e3b4d0cb,Sample Business Label 59b22eeb,Sample Business Label 1674b06f,pcs,piece,Sample Business Label 4bf28cec,Sample Business Label bde42e5a,Purchased,35.00,,,1.00,,Listed
994-000735,Sample Business Label 264b9fc0,,Sample Business Label 1674b06f,pcs,piece,Sample Business Label 4bf28cec,Sample Business Label d9643929,Purchased,35.00,,,1.00,,Listed
838-000374,Sample Business Label 9a2890cd,Sample Business Label c95826db,Sample Business Label 1674b06f,pcs,piece,Sample Business Label 0e5444d0,Sample Business Label 6e9ebdaf,Purchased,1.00,,,1.00,78.999995,Listed
549-000160,Sample Business Label 00eeb646,Sample Business Label 5bec832c,Sample Business Label 1674b06f,pcs,piece,Sample Business Label 0e5444d0,Sample Business Label 5b88d24a,Purchased,42.00,,,1.00,,Listed
165-000242,Sample Business Label 7cc8267f,Sample Business Label e71d99f3,Sample Business Label 7bdc2d0a,pcs,piece,Sample Business Label 4bf28cec,Sample Business Label bde42e5a,Purchased,21.00,,,1.00,5.999961,Listed
849-000322,Sample Business Label 9b2a8758,Sample Business Label e29a36f8,Sample Business Label 887d7f95,pcs,piece,Sample Business Label 4bf28cec,Sample Business Label 0f3d50d5,Purchased,13.00,,,1.00,,Listed
838-000294,Sample Business Label 5e5cd7f4,Sample Business Label e9472f68,Autonomous Driving,pcs,piece,Sample Business Label 0e5444d0,Sample Business Label 6e9ebdaf,Purchased,35.00,,,1.00,,Listed
966-000002,Sample Business Label 08d0cea5,Sample Business Label f8f11796,Sample Business Label 1674b06f,pcs,piece,Sample Business Label f0207843,Sample Business Label 9d02197b,Outsourced,42.00,,,1.00,,Listed
526-000006,Beidou Agricultural Navigation Controller,Sample Business Label f6dd7b3f,Autonomous Driving,pcs,piece,Sample Business Label e9fffb2c,Sample Business Label 82be4dca,In-house,,,,1.00,,Listed
795-000303,Sample Business Label 38e5e276,Sample Business Label c6b6b9fc,Sample Business Label 887d7f95,pcs,piece,Sample Business Label 4bf28cec,Sample Business Label 2d85aff0,Purchased,15.00,,,1.00,,Listed
165-002318,Sample Business Label b5f2699b,Sample Business Label 34f33deb,Sample Business Label 1674b06f,pcs,piece,Sample Business Label 4bf28cec,Sample Business Label bde42e5a,Purchased,28.00,,,1.00,,Listed
367-000130,Sample Business Label 766526c9,Sample Business Label 153ab8f9,Sample Business Label 1674b06f,pcs,piece,Sample Business Label e9fffb2c,Sample Business Label f51590d4,In-house,,,,1.00,,Listed
165-001654,Sample Business Label 2cbcfddf,Sample Business Label 743592c5,Sample Business Label 1674b06f,pcs,piece,Sample Business Label 4bf28cec,Sample Business Label bde42e5a,Purchased,10.00,,,1.00,1.999987,Listed
795-000754,Sample Business Label 2fcf6742,Sample Business Label 477e6063,Sample Business Label 1674b06f,pcs,piece,Sample Business Label 4bf28cec,Sample Business Label 2d85aff0,Purchased,35.00,,,1.00,57.000025,Listed
308-000023,Sample Business Label ca00a238,,Sample Business Label 1674b06f,pcs,piece,Sample Business Label f0207843,Sample Business Label 813d8697,In-house,1.00,,,1.00,,Listed
165-001876,Sample Business Label 15a307c9,Sample Business Label c8921587,Sample Business Label 1674b06f,pcs,piece,Sample Business Label 4bf28cec,Sample Business Label bde42e5a,Purchased,28.00,,,1.00,,Listed
549-000688,Sample Business Label 357dea43,Sample Business Label 23bb74de,Sample Business Label 1674b06f,pcs,piece,Sample Business Label 0e5444d0,Sample Business Label 5b88d24a,In-house,42.00,,,1.00,,Listed
849-000922,Sample Business Label bc9e11c9,Sample Business Label 6780782d,Sample Business Label 887d7f95,pcs,piece,Sample Business Label 4bf28cec,Sample Business Label 0f3d50d5,Purchased,13.00,,,1.00,,Listed
849-000789,Sample Business Label a81a3c2a,Sample Business Label 9808bb81,Sample Business Label 887d7f95,pcs,piece,Sample Business Label 4bf28cec,Sample Business Label 0f3d50d5,Purchased,17.00,,,1.00,,Listed
165-003223,Sample Business Label 835bfc23,Sample Business Label b2f21ec1,Sample Business Label 1674b06f,pcs,piece,Sample Business Label 4bf28cec,Sample Business Label bde42e5a,Purchased,28.00,,,1.00,16.540036,Listed
165-001885,Sample Business Label dfd9c625,Sample Business Label ec18c3d6,Sample Business Label 1674b06f,pcs,piece,Sample Business Label 4bf28cec,Sample Business Label bde42e5a,Purchased,28.00,,,1.00,,Listed
849-000355,Sample Business Label 192cdb3b,Sample Business Label fb53ed7b,Sample Business Label 887d7f95,pcs,piece,Sample Business Label 4bf28cec,Sample Business Label 0f3d50d5,Purchased,13.00,,,1.00,,Listed
849-000756,Sample Business Label 1016503b,Sample Business Label 9808bb81,Sample Business Label 887d7f95,pcs,piece,Sample Business Label 4bf28cec,Sample Business Label 0f3d50d5,Purchased,17.00,,,1.00,,Listed
356-000528,Sample Business Label 9e2442c2,Sample Business Label 20436d70,Sample Business Label 887d7f95,pcs,piece,Sample Business Label 4bf28cec,Sample Business Label db158135,Purchased,35.00,,,1.00,5.009968,Listed
165-002627,Sample Business Label ba8a3eb8,Sample Business Label 38c2e461,Sample Business Label 1674b06f,pcs,piece,Sample Business Label 4bf28cec,Sample Business Label bde42e5a,Purchased,21.00,,,1.00,7.480035,Listed
165-001931,Sample Business Label 1ed107a8,Sample Business Label dafe9762,Sample Business Label 1674b06f,pcs,piece,Sample Business Label 4bf28cec,Sample Business Label bde42e5a,Purchased,14.00,,,1.00,,Listed
849-000633,Sample Business Label 5da28e07,Sample Business Label dabfc068,Sample Business Label 887d7f95,pcs,piece,Sample Business Label 4bf28cec,Sample Business Label 0f3d50d5,Purchased,17.00,,,1.00,,Listed
525-000078,Sample Business Label 82df354a,,Sample Business Label 1674b06f,pcs,piece,Sample Business Label f0207843,Sample Business Label 8e427e07,In-house,1.00,,,1.00,,Listed
367-000131,Sample Business Label 766526c9,Sample Business Label 60dcd063,Sample Business Label 1674b06f,pcs,piece,Sample Business Label e9fffb2c,Sample Business Label f51590d4,In-house,,,,1.00,,Listed
849-000775,Sample Business Label 2598a625,Sample Business Label 35ae2f17,Sample Business Label 887d7f95,pcs,piece,Sample Business Label 4bf28cec,Sample Business Label 0f3d50d5,Purchased,17.00,,,1.00,,Listed
165-002297,Sample Business Label 6ef656a3,Sample Business Label 5990c21f,Sample Business Label 1674b06f,pcs,piece,Sample Business Label 4bf28cec,Sample Business Label bde42e5a,Purchased,35.00,,,1.00,,Listed
525-000021,Sample Business Label d1dcd37a,,Sample Business Label 1674b06f,pcs,piece,Sample Business Label f0207843,Sample Business Label 8e427e07,In-house,1.00,,,1.00,,Listed
795-000110,Sample Business Label 5138a9c5,Sample Business Label a8a6bf7e,Sample Business Label 761a79a0,pcs,piece,Sample Business Label 4bf28cec,Sample Business Label 2d85aff0,Purchased,17.00,,,1.00,,Listed
733-000100,Sample Business Label 1ef5a5d1,DSEB0730-4R7M,Sample Business Label 887d7f95,pcs,piece,Sample Business Label 17302eae,Sample Business Label f3f2ee9b,Purchased,35.00,,,1.00,2.449953,Listed
795-000873,Sample Business Label 22d6b668,Sample Business Label 5baeedec,Sample Business Label 1674b06f,pcs,piece,Sample Business Label 4bf28cec,Sample Business Label 2d85aff0,Purchased,35.00,,,1.00,69.999997,Listed
849-000351,Sample Business Label 9b2a8758,Sample Business Label 109e348a,Sample Business Label 887d7f95,pcs,piece,Sample Business Label 4bf28cec,Sample Business Label 0f3d50d5,Purchased,17.00,,,1.00,,Listed
525-000142,Sample Business Label 77f8f19a,,Sample Business Label 1674b06f,pcs,piece,Sample Business Label f0207843,Sample Business Label 8e427e07,In-house,1.00,,,1.00,,Listed
454-000258,Sample Business Label 0c135faf,KEB05VCDF,Sample Business Label 887d7f95,pcs,piece,Sample Business Label 17302eae,Sample Business Label 5680b573,Purchased,56.00,,,1.00,0.060003,Listed
165-001810,Sample Business Label 59acbeb3,Sample Business Label c0ce1784,Sample Business Label 1674b06f,pcs,piece,Sample Business Label 4bf28cec,Sample Business Label bde42e5a,Purchased,28.00,,,1.00,8.370023,Listed
525-000177,Sample Business Label c7ee8fef,Sample Business Label 3e5633d1,Sample Business Label 1674b06f,pcs,piece,Sample Business Label f0207843,Sample Business Label 8e427e07,Purchased,1.00,,,1.00,,Listed
165-001796,Sample Business Label d8c3f928,Sample Business Label da4907c4,Sample Business Label 1674b06f,pcs,piece,Sample Business Label 4bf28cec,Sample Business Label bde42e5a,Purchased,28.00,,,1.00,5.710003,Listed
705-000035,Sample Business Label a3328d0d,Sample Business Label 6fcd8043,Sample Business Label 7bdc2d0a,pcs,piece,Sample Business Label fdf24da5,Sample Business Label 6a2cc7af,In-house,17.00,,,1.00,,Listed
838-000163,Sample Business Label 5016f3b5,,Autonomous Driving,pcs,piece,Sample Business Label 0e5444d0,Sample Business Label 6e9ebdaf,Purchased,35.00,,,1.00,18.700596,Listed
U00-000159,Beidou Vehicle Telematics Terminal System,UA411,Sample Business Label 5c716e22,pcs,piece,Sample Business Label e9fffb2c,Sample Business Label ca82e60e,In-house,1.00,,,1.00,,Listed
165-002291,Sample Business Label 12667091,Sample Business Label c5198ed3,Sample Business Label 1674b06f,pcs,piece,Sample Business Label 4bf28cec,Sample Business Label bde42e5a,Purchased,28.00,,,1.00,,Listed
795-000130,Sample Business Label 879e7356,Sample Business Label 75ec7b89,Autonomous Driving,pcs,piece,Sample Business Label 4bf28cec,Sample Business Label 2d85aff0,Purchased,10.00,,,1.00,,Listed
165-003052,Sample Business Label 81f1e877,,Sample Business Label 1674b06f,pcs,piece,Sample Business Label 4bf28cec,Sample Business Label bde42e5a,Purchased,1.00,,,1.00,0.297529,Listed
165-002015,Sample Business Label c5bb5c80,Sample Business Label d722bf8e,Sample Business Label 1674b06f,pcs,piece,Sample Business Label 4bf28cec,Sample Business Label bde42e5a,Purchased,35.00,,,1.00,,Listed
525-000091,Sample Business Label 4028a37c,,Sample Business Label 1674b06f,pcs,piece,Sample Business Label f0207843,Sample Business Label 8e427e07,In-house,1.00,,,1.00,,Listed
165-001336,Sample Business Label 81d5e011,Sample Business Label 441c94ba,Sample Business Label 1674b06f,pcs,piece,Sample Business Label 4bf28cec,Sample Business Label bde42e5a,Purchased,28.00,,,1.00,,Listed
165-003225,Sample Business Label 69b4019e,Sample Business Label 470e6fc5,Sample Business Label 1674b06f,pcs,piece,Sample Business Label 4bf28cec,Sample Business Label bde42e5a,Purchased,28.00,,,1.00,7.100016,Listed
549-001813,Sample Business Label eff98616,Sample Business Label 11097330,Autonomous Driving,pcs,piece,Sample Business Label 0e5444d0,Sample Business Label 5b88d24a,Purchased,28.00,,,1.00,41.999953,Listed
165-001808,Sample Business Label 99446df8,Sample Business Label 891c6ca1,Sample Business Label 1674b06f,pcs,piece,Sample Business Label 4bf28cec,Sample Business Label bde42e5a,Purchased,35.00,,,1.00,10.279949,Listed
165-001874,Sample Business Label d60704f7,Sample Business Label d10b834a,Sample Business Label 1674b06f,pcs,piece,Sample Business Label 4bf28cec,Sample Business Label bde42e5a,Purchased,28.00,,,1.00,4.700009,Listed
838-000159,Sample Business Label e36470e1,HG-HOYH7156,Autonomous Driving,pcs,piece,Sample Business Label 0e5444d0,Sample Business Label 6e9ebdaf,Purchased,28.00,,,1.00,74.499996,Listed
849-000302,Sample Business Label 54b6a99a,Sample Business Label 0086a2ce,Sample Business Label 887d7f95,pcs,piece,Sample Business Label 4bf28cec,Sample Business Label 0f3d50d5,Purchased,17.00,,,1.00,,Listed
838-000128,Sample Business Label b693d72a,Sample Business Label c25747a9,Autonomous Driving,pcs,piece,Sample Business Label 0e5444d0,Sample Business Label 6e9ebdaf,Purchased,24.00,,,1.00,48.999964,Listed
308-000035,Sample Business Label 22ed9e34,,Sample Business Label 1674b06f,pcs,piece,Sample Business Label f0207843,Sample Business Label 813d8697,In-house,1.00,,,1.00,,Listed
U00-000155,Beidou Vehicle Telematics Terminal System,UA411,Sample Business Label 5c716e22,pcs,piece,Sample Business Label e9fffb2c,Sample Business Label ca82e60e,In-house,1.00,,,1.00,,Listed
994-000528,Sample Business Label 347c7f55,,Sample Business Label 1674b06f,pcs,piece,Sample Business Label 4bf28cec,Sample Business Label d9643929,Purchased,28.00,,,1.00,,Listed
849-000805,Sample Business Label e146f6b9,Sample Business Label 35ae2f17,Sample Business Label 887d7f95,pcs,piece,Sample Business Label 4bf28cec,Sample Business Label 0f3d50d5,Purchased,17.00,,,1.00,,Listed
165-001841,Sample Business Label 3af75c1d,Sample Business Label a320455d,Sample Business Label 1674b06f,pcs,piece,Sample Business Label 4bf28cec,Sample Business Label bde42e5a,Purchased,35.00,,,1.00,17.430024,Listed
838-000217,Sample Business Label 9b2c16ec,AFC-GPS/BD-35-35-4-5000,Sample Business Label 761a79a0,pcs,piece,Sample Business Label 0e5444d0,Sample Business Label 6e9ebdaf,Purchased,35.00,,,1.00,,Listed
165-002351,Sample Business Label 94b52700,Sample Business Label dad84113,Sample Business Label 1674b06f,pcs,piece,Sample Business Label 4bf28cec,Sample Business Label bde42e5a,Purchased,28.00,,,1.00,,Listed
165-001791,Sample Business Label cb6e4b73,Sample Business Label 9cb51436,Sample Business Label 1674b06f,pcs,piece,Sample Business Label 4bf28cec,Sample Business Label bde42e5a,Purchased,28.00,,,1.00,8.999998,Listed
789-000020,Sample Business Label 5417a8c8,Sample Business Label f468b9e0,Sample Business Label 1674b06f,pcs,piece,Sample Business Label fdf24da5,Sample Business Label 6055f9b4,In-house,1.00,,,1.00,,Listed
165-001843,Sample Business Label 46ee2d99,Sample Business Label 8bc398bc,Sample Business Label 1674b06f,pcs,piece,Sample Business Label 4bf28cec,Sample Business Label bde42e5a,Purchased,35.00,,,1.00,8.099953,Listed
165-002029,Sample Business Label fa636246,Sample Business Label 16475934,Sample Business Label 1674b06f,pcs,piece,Sample Business Label 4bf28cec,Sample Business Label bde42e5a,Purchased,21.00,,,1.00,,Listed
838-000296,Sample Business Label 6f67e210,Sample Business Label d2d3403a,Sample Business Label 735ac064,pcs,piece,Sample Business Label 0e5444d0,Sample Business Label 6e9ebdaf,Purchased,24.00,,,1.00,,Listed
525-000025,Sample Business Label 6bccfa22,,Sample Business Label 1674b06f,pcs,piece,Sample Business Label f0207843,Sample Business Label 8e427e07,In-house,1.00,,,1.00,,Listed
525-000058,Sample Business Label e9d32a94,,Sample Business Label 1674b06f,pcs,piece,Sample Business Label f0207843,Sample Business Label 8e427e07,In-house,1.00,,,1.00,,Listed
849-000437,Sample Business Label 668a1cf8,Sample Business Label 6f3545e7,Sample Business Label 887d7f95,pcs,piece,Sample Business Label 4bf28cec,Sample Business Label 0f3d50d5,Purchased,17.00,,,1.00,,Listed
770-000132,Sample Business Label bc752ffd,Sample Business Label 57f71c8b,Sample Business Label 887d7f95,pcs,piece,Sample Business Label 4bf28cec,Sample Business Label 25c31db5,Purchased,35.00,,,1.00,,Listed
849-000921,Sample Business Label 84bcd1cc,Sample Business Label b05f0e9b,Sample Business Label 887d7f95,pcs,piece,Sample Business Label 4bf28cec,Sample Business Label 0f3d50d5,Purchased,13.00,,,1.00,,Listed
525-000002,Sample Business Label 397d9491,,Sample Business Label 1674b06f,pcs,piece,Sample Business Label f0207843,Sample Business Label 8e427e07,In-house,1.00,,,1.00,,Listed
849-000717,Sample Business Label 8b69d1b1,Sample Business Label 252234f2,Sample Business Label 887d7f95,pcs,piece,Sample Business Label 4bf28cec,Sample Business Label 0f3d50d5,Purchased,5.00,,,1.00,,Listed
165-001529,Sample Business Label d6859ab3,Sample Business Label a4b922b6,Sample Business Label 1674b06f,pcs,piece,Sample Business Label 4bf28cec,Sample Business Label bde42e5a,Purchased,17.00,,,1.00,,Listed
165-002283,Sample Business Label 3520d4ee,Sample Business Label b3d9a790,Sample Business Label 1674b06f,pcs,piece,Sample Business Label 4bf28cec,Sample Business Label bde42e5a,Purchased,28.00,,,1.00,,Listed
795-000872,Sample Business Label 4a998caf,Sample Business Label 9d3babbd,Sample Business Label 1674b06f,pcs,piece,Sample Business Label 4bf28cec,Sample Business Label 2d85aff0,Purchased,21.00,,,1.00,5.899956,Listed
165-001946,Sample Business Label d16ca47d,Sample Business Label d2040d2c,Sample Business Label 1674b06f,pcs,piece,Sample Business Label 4bf28cec,Sample Business Label bde42e5a,Purchased,28.00,,,1.00,,Listed
165-001800,Sample Business Label 3e61ecff,Sample Business Label eea4a012,Sample Business Label 1674b06f,pcs,piece,Sample Business Label 4bf28cec,Sample Business Label bde42e5a,Purchased,35.00,,,1.00,37.999979,Listed
525-000156,Sample Business Label 3814c0f4,Sample Business Label f8f11796,Sample Business Label 1674b06f,pcs,piece,Sample Business Label f0207843,Sample Business Label 8e427e07,In-house,1.00,,,1.00,,Listed
165-002284,Sample Business Label 8bbb4733,Sample Business Label 67d2c94a,Sample Business Label 1674b06f,pcs,piece,Sample Business Label 4bf28cec,Sample Business Label bde42e5a,Purchased,28.00,,,1.00,,Listed
165-002704,Sample Business Label b1edf729,Sample Business Label 0ae061e9,Autonomous Driving,pcs,piece,Sample Business Label 4bf28cec,Sample Business Label bde42e5a,Purchased,28.00,,,1.00,73.109983,Listed
849-000752,Sample Business Label a4f73052,Sample Business Label 3b6265bf,Sample Business Label 887d7f95,pcs,piece,Sample Business Label 4bf28cec,Sample Business Label 0f3d50d5,Purchased,24.00,,,1.00,,Listed
165-002333,Sample Business Label 0271c86e,Sample Business Label a13d21e6,Sample Business Label 1674b06f,pcs,piece,Sample Business Label 4bf28cec,Sample Business Label bde42e5a,Purchased,21.00,,,1.00,,Listed
165-001798,Sample Business Label 44bb2c81,Sample Business Label 4cb290b7,Sample Business Label 1674b06f,pcs,piece,Sample Business Label 4bf28cec,Sample Business Label bde42e5a,Purchased,35.00,,,1.00,37.799969,Listed
165-001348,Sample Business Label f4c27adb,Sample Business Label f6897792,Sample Business Label 887d7f95,pcs,piece,Sample Business Label 4bf28cec,Sample Business Label bde42e5a,Purchased,8.00,,,1.00,,Listed
849-000203,Sample Business Label a2d52938,Sample Business Label 91a67adb,Sample Business Label 887d7f95,pcs,piece,Sample Business Label 4bf28cec,Sample Business Label 0f3d50d5,Purchased,15.00,,,1.00,,Listed
308-000005,Sample Business Label 579d56f9,,Sample Business Label 1674b06f,pcs,piece,Sample Business Label f0207843,Sample Business Label 813d8697,In-house,1.00,,,1.00,,Listed
525-000029,Sample Business Label bff991fa,,Sample Business Label 1674b06f,pcs,piece,Sample Business Label f0207843,Sample Business Label 8e427e07,In-house,1.00,,,1.00,,Listed
165-002658,Sample Business Label fac308b8,Sample Business Label 3341e8cd,Autonomous Driving,pcs,piece,Sample Business Label 4bf28cec,Sample Business Label bde42e5a,Purchased,21.00,,,1.00,7.500036,Listed
849-000482,Sample Business Label 9202bbac,Sample Business Label 4a213eed,Sample Business Label 887d7f95,pcs,piece,Sample Business Label 4bf28cec,Sample Business Label 0f3d50d5,Purchased,17.00,,,1.00,,Listed
849-000622,Sample Business Label e8ea8d5d,Sample Business Label 35ae2f17,Sample Business Label 887d7f95,pcs,piece,Sample Business Label 4bf28cec,Sample Business Label 0f3d50d5,Purchased,17.00,,,1.00,,Listed
795-001164,Sample Business Label bacb08f1,Sample Business Label 2bba84e5,Sample Business Label 1674b06f,pcs,piece,Sample Business Label 4bf28cec,Sample Business Label 2d85aff0,Purchased,28.00,,,1.00,91.009974,Listed
468-000349,Sample Business Label 5062b2f4,,Sample Business Label 1674b06f,pcs,piece,Sample Business Label 0e5444d0,Sample Business Label a5e675d6,Purchased,13.00,,,1.00,,Listed
525-000011,Sample Business Label 588283dd,,Sample Business Label 1674b06f,pcs,piece,Sample Business Label f0207843,Sample Business Label 8e427e07,In-house,1.00,,,1.00,,Listed
165-001984,Sample Business Label 3e3c718b,Sample Business Label b845a6b9,Sample Business Label 1674b06f,pcs,piece,Sample Business Label 4bf28cec,Sample Business Label bde42e5a,Purchased,14.00,,,1.00,,Listed
784-000131,Sample Business Label 72c6c2c5,,Sample Business Label 1674b06f,pcs,piece,Sample Business Label f0207843,Sample Business Label 7fb842b2,In-house,1.00,,,1.00,,Listed
849-000924,Sample Business Label 4bb01285,Sample Business Label 4a213eed,Sample Business Label 887d7f95,pcs,piece,Sample Business Label 4bf28cec,Sample Business Label 0f3d50d5,Purchased,13.00,,,1.00,,Listed
972-000089,Sample Business Label 67d840dc,JS42S16160J-6BLI,Sample Business Label 887d7f95,pcs,piece,Sample Business Label 17302eae,Sample Business Label 09caa247,Purchased,112.00,,,1.00,,Listed
165-003608,Sample Business Label 99a2bdb7,Sample Business Label fc1a1b1b,Sample Business Label 1674b06f,pcs,piece,Sample Business Label 4bf28cec,Sample Business Label bde42e5a,Purchased,35.00,,,1.00,,Listed
165-001949,Sample Business Label a100dcc2,Sample Business Label 607c1040,Sample Business Label 1674b06f,pcs,piece,Sample Business Label 4bf28cec,Sample Business Label bde42e5a,Purchased,21.00,,,1.00,,Listed
165-002117,Sample Business Label 1ffd3660,,Sample Business Label 761a79a0,pcs,piece,Sample Business Label 4bf28cec,Sample Business Label bde42e5a,Purchased,21.00,,,1.00,,Listed
849-000923,Sample Business Label 5760d1b7,Sample Business Label de8f0d6c,Sample Business Label 887d7f95,pcs,piece,Sample Business Label 4bf28cec,Sample Business Label 0f3d50d5,Purchased,13.00,,,1.00,,Listed
363-000315,Sample Business Label 0870a79d,,Autonomous Driving,pcs,piece,Sample Business Label 0e5444d0,Sample Business Label 797c70ef,Purchased,35.00,,,1.00,,Listed
784-000151,Sample Business Label 2e986bcf,,Sample Business Label 1674b06f,pcs,piece,Sample Business Label f0207843,Sample Business Label 7fb842b2,In-house,1.00,,,1.00,,Listed
276-000001,Sample Business Label a19e9a51,Sample Business Label d94fd1fd,Sample Business Label 1674b06f,pcs,piece,Sample Business Label f0207843,Sample Business Label 9d43fb1c,In-house,1.00,,,1.00,,Listed
849-000713,Sample Business Label c0a04356,Sample Business Label c4dfc7f0,Sample Business Label 887d7f95,pcs,piece,Sample Business Label 4bf28cec,Sample Business Label 0f3d50d5,Purchased,35.00,,,1.00,,Listed
849-000289,Sample Business Label 9ee5874e,Sample Business Label 4a213eed,Sample Business Label 887d7f95,pcs,piece,Sample Business Label 4bf28cec,Sample Business Label 0f3d50d5,Purchased,35.00,,,1.00,,Listed
165-003219,Sample Business Label b18a1ab9,Sample Business Label 3d80c7aa,Sample Business Label 1674b06f,pcs,piece,Sample Business Label 4bf28cec,Sample Business Label bde42e5a,Purchased,21.00,,,1.00,3.180046,Listed
994-000550,Sample Business Label 3ac7cb3f,,Autonomous Driving,pcs,piece,Sample Business Label 4bf28cec,Sample Business Label d9643929,Purchased,35.00,,,1.00,,Listed
525-000182,Sample Business Label d78a0687,,Sample Business Label 1674b06f,pcs,piece,Sample Business Label f0207843,Sample Business Label 8e427e07,In-house,1.00,,,1.00,,Listed
795-000667,Sample Business Label 4f1f0179,Sample Business Label 6946a123,Sample Business Label 1674b06f,pcs,piece,Sample Business Label 4bf28cec,Sample Business Label 2d85aff0,Purchased,35.00,,,1.00,,Listed
454-000111,Sample Business Label 26f453b2,SM8T36CA-AL,Sample Business Label 887d7f95,pcs,piece,Sample Business Label 17302eae,Sample Business Label 5680b573,Purchased,56.00,,,1.00,2.219998,Listed
165-001802,Sample Business Label 06cca4a2,Sample Business Label 89455490,Sample Business Label 1674b06f,pcs,piece,Sample Business Label 4bf28cec,Sample Business Label bde42e5a,Purchased,28.00,,,1.00,3.360055,Listed
165-001880,Sample Business Label 5ae4b4df,Sample Business Label 9bbe4acd,Sample Business Label 1674b06f,pcs,piece,Sample Business Label 4bf28cec,Sample Business Label bde42e5a,Purchased,21.00,,,1.00,,Listed
784-000183,Sample Business Label aa77c227,,Sample Business Label 1674b06f,pcs,piece,Sample Business Label f0207843,Sample Business Label 7fb842b2,In-house,1.00,,,1.00,,Listed
165-002292,Sample Business Label 9184f985,Sample Business Label a86301f2,Sample Business Label 1674b06f,pcs,piece,Sample Business Label 4bf28cec,Sample Business Label bde42e5a,Purchased,28.00,,,1.00,,Listed
795-000805,Sample Business Label f556fb54,,Sample Business Label 1674b06f,pcs,piece,Sample Business Label 4bf28cec,Sample Business Label 2d85aff0,In-house,42.00,,,1.00,,Listed
525-000008,Sample Business Label 5311f8a4,,Sample Business Label 1674b06f,pcs,piece,Sample Business Label f0207843,Sample Business Label 8e427e07,In-house,1.00,,,1.00,,Listed
165-001833,Sample Business Label 6de03707,Sample Business Label 1f5a7fea,Sample Business Label 1674b06f,pcs,piece,Sample Business Label 4bf28cec,Sample Business Label bde42e5a,Purchased,28.00,,,1.00,1.979986,Listed
849-000689,Sample Business Label 92f08d74,Sample Business Label 16756278,Sample Business Label 887d7f95,pcs,piece,Sample Business Label 4bf28cec,Sample Business Label 0f3d50d5,Purchased,10.00,,,1.00,,Listed
165-002298,Sample Business Label 51bf2053,Sample Business Label 5990c21f,Sample Business Label 1674b06f,pcs,piece,Sample Business Label 4bf28cec,Sample Business Label bde42e5a,Purchased,35.00,,,1.00,,Listed
849-000955,Sample Business Label 73d748d4,Sample Business Label 3b6265bf,Sample Business Label 887d7f95,pcs,piece,Sample Business Label 4bf28cec,Sample Business Label 0f3d50d5,Purchased,1.00,,,1.00,0.125430,Listed
165-002473,Sample Business Label c8c75fd1,Sample Business Label 58879e87,Sample Business Label 1674b06f,pcs,piece,Sample Business Label 4bf28cec,Sample Business Label bde42e5a,Purchased,28.00,,,1.00,2.653240,Listed
468-000530,Sample Business Label 4132b202,Sample Business Label 82e4497d,Autonomous Driving,pcs,piece,Sample Business Label 0e5444d0,Sample Business Label a5e675d6,Purchased,7.00,,,1.00,2.400007,Listed
849-001039,Sample Business Label a80c493d,Sample Business Label bcaa7ea5,Sample Business Label 1674b06f,pcs,piece,Sample Business Label 4bf28cec,Sample Business Label 0f3d50d5,Purchased,21.00,,,1.00,0.140007,Listed
849-000847,Sample Business Label 5340bc10,Sample Business Label a7934af1,Sample Business Label 887d7f95,pcs,piece,Sample Business Label 4bf28cec,Sample Business Label 0f3d50d5,Purchased,17.00,,,1.00,,Listed
367-000097,Sample Business Label e8c4b42d,Sample Business Label 6d95e31f,Sample Business Label 1674b06f,pcs,piece,Sample Business Label e9fffb2c,Sample Business Label f51590d4,In-house,1.00,,,1.00,,Listed
528-000036,Sample Business Label 3df74aa6,,Autonomous Driving,pcs,piece,Sample Business Label f0207843,Sample Business Label b3ea42a5,In-house,1.00,,,1.00,,Listed
165-003224,Sample Business Label 983fa2b6,Sample Business Label e128ccfc,Sample Business Label 1674b06f,pcs,piece,Sample Business Label 4bf28cec,Sample Business Label bde42e5a,Purchased,28.00,,,1.00,7.049957,Listed
590-000075,Full-cycle Agricultural Operation Detection System,Sample Business Label e893e532,Sample Business Label 7bdc2d0a,pcs,piece,Sample Business Label e9fffb2c,Sample Business Label 64f0ddff,In-house,1.00,,,1.00,,Listed
849-000288,Sample Business Label e66d5d65,Sample Business Label 4a213eed,Sample Business Label 887d7f95,pcs,piece,Sample Business Label 4bf28cec,Sample Business Label 0f3d50d5,Purchased,15.00,,,1.00,,Listed
165-002976,Sample Business Label 57558a04,Sample Business Label 31f28c54,Autonomous Driving,pcs,piece,Sample Business Label 4bf28cec,Sample Business Label bde42e5a,Purchased,28.00,,,1.00,28.659964,Listed
165-001797,Sample Business Label adb74df4,Sample Business Label 3774ed6a,Sample Business Label 1674b06f,pcs,piece,Sample Business Label 4bf28cec,Sample Business Label bde42e5a,Purchased,28.00,,,1.00,5.870011,Listed
525-000012,Sample Business Label b9667b9f,,Sample Business Label 1674b06f,pcs,piece,Sample Business Label f0207843,Sample Business Label 8e427e07,In-house,1.00,,,1.00,,Listed
U00-000161,Beidou Vehicle Telematics Terminal System,UA411,Sample Business Label 5c716e22,pcs,piece,Sample Business Label e9fffb2c,Sample Business Label ca82e60e,In-house,1.00,,,1.00,,Listed
165-000351,Sample Business Label 27966cfb,Sample Business Label bcbff9e7,Autonomous Driving,pcs,piece,Sample Business Label 4bf28cec,Sample Business Label bde42e5a,Purchased,35.00,,,1.00,44.000053,Listed
525-000027,Sample Business Label 288f46df,,Sample Business Label 1674b06f,pcs,piece,Sample Business Label f0207843,Sample Business Label 8e427e07,In-house,1.00,,,1.00,,Listed
308-000017,Sample Business Label 93e239c6,,Sample Business Label 1674b06f,pcs,piece,Sample Business Label f0207843,Sample Business Label 813d8697,In-house,35.00,,,1.00,,Listed
363-000314,Sample Business Label 017e998e,Sample Business Label 9f01ada2,Autonomous Driving,pcs,piece,Sample Business Label 0e5444d0,Sample Business Label 797c70ef,Purchased,35.00,,,1.00,,Listed
165-002629,Sample Business Label fe9e64e5,Sample Business Label fb6caf8b,Sample Business Label 1674b06f,pcs,piece,Sample Business Label 4bf28cec,Sample Business Label bde42e5a,Purchased,21.00,,,1.00,1.299952,Listed
165-002414,Sample Business Label 770851b4,Sample Business Label 30b805e9,Sample Business Label 1674b06f,pcs,piece,Sample Business Label 4bf28cec,Sample Business Label bde42e5a,Purchased,21.00,,,1.00,1.999987,Listed
849-000426,Sample Business Label c2183791,Sample Business Label 91a67adb,Sample Business Label 887d7f95,pcs,piece,Sample Business Label 4bf28cec,Sample Business Label 0f3d50d5,Purchased,13.00,,,1.00,,Listed
705-000043,Sample Business Label 833b97d3,Sample Business Label 65199ddd,Sample Business Label 7bdc2d0a,pcs,piece,Sample Business Label fdf24da5,Sample Business Label 6a2cc7af,In-house,17.00,,,1.00,,Listed
849-000494,Sample Business Label 8c8da2f5,Sample Business Label cfb03c59,Sample Business Label 887d7f95,pcs,piece,Sample Business Label 4bf28cec,Sample Business Label 0f3d50d5,Purchased,17.00,,,1.00,,Listed
165-002317,Sample Business Label 897d7aec,Sample Business Label e499ae02,Sample Business Label 1674b06f,pcs,piece,Sample Business Label 4bf28cec,Sample Business Label bde42e5a,Purchased,28.00,,,1.00,,Listed
165-002349,Sample Business Label a5f475dc,Sample Business Label ce5f4fcb,Sample Business Label 1674b06f,pcs,piece,Sample Business Label 4bf28cec,Sample Business Label bde42e5a,Purchased,21.00,,,1.00,,Listed
165-001875,Sample Business Label a5f30f26,Sample Business Label d10b834a,Sample Business Label 1674b06f,pcs,piece,Sample Business Label 4bf28cec,Sample Business Label bde42e5a,Purchased,28.00,,,1.00,,Listed
549-002409,Sample Business Label e345b93e,,Sample Business Label 1674b06f,pcs,piece,Sample Business Label 0e5444d0,Sample Business Label 5b88d24a,Purchased,50.00,,,1.00,615.000014,Listed
549-000202,Sample Business Label 8c461061,Sample Business Label fd806d66,Sample Business Label 1674b06f,pcs,piece,Sample Business Label 0e5444d0,Sample Business Label 5b88d24a,Purchased,18.00,,,1.00,,Listed
165-001846,Sample Business Label 80b16ba1,Sample Business Label ed2401b8,Sample Business Label 1674b06f,pcs,piece,Sample Business Label 4bf28cec,Sample Business Label bde42e5a,Purchased,28.00,,,1.00,2.079991,Listed
849-000417,Sample Business Label 44884201,Sample Business Label 6440aa1e,Sample Business Label 887d7f95,pcs,piece,Sample Business Label 4bf28cec,Sample Business Label 0f3d50d5,Purchased,13.00,,,1.00,,Listed
994-000526,Sample Business Label fe6fddae,,Sample Business Label 1674b06f,pcs,piece,Sample Business Label 4bf28cec,Sample Business Label d9643929,Purchased,35.00,,,1.00,,Listed
528-000043,Sample Business Label 02ae5ac2,,Autonomous Driving,pcs,piece,Sample Business Label f0207843,Sample Business Label b3ea42a5,In-house,,,,1.00,,Listed
590-000072,Full-cycle Agricultural Operation Detection System,Sample Business Label 253b9a6f,Sample Business Label 7bdc2d0a,pcs,piece,Sample Business Label e9fffb2c,Sample Business Label 64f0ddff,In-house,1.00,,,1.00,,Listed
308-000010,Sample Business Label 47776fcf,,Sample Business Label 1674b06f,pcs,piece,Sample Business Label f0207843,Sample Business Label 813d8697,In-house,1.00,,,1.00,,Listed
525-000190,Sample Business Label b1be20ec,,Sample Business Label 1674b06f,pcs,piece,Sample Business Label f0207843,Sample Business Label 8e427e07,In-house,1.00,,,1.00,,Listed
849-000975,Sample Business Label bce08385,Sample Business Label 3b6265bf,Sample Business Label 1674b06f,pcs,piece,Sample Business Label 4bf28cec,Sample Business Label 0f3d50d5,Purchased,1.00,,,1.00,0.091191,Listed
P69-000060,Sample Business Label 713c8bb9,Sample Business Label 2045d95e,Sample Business Label 735ac064,pcs,piece,Sample Business Label e9fffb2c,Sample Business Label 285aa6c5,In-house,1.00,,,1.00,,Listed
165-002073,Sample Business Label aa2eb360,Sample Business Label 1c19ea41,Sample Business Label 1674b06f,pcs,piece,Sample Business Label 4bf28cec,Sample Business Label bde42e5a,Purchased,21.00,,,1.00,,Listed
165-002369,Sample Business Label 11a23545,Sample Business Label 54974ee6,Sample Business Label 1674b06f,pcs,piece,Sample Business Label 4bf28cec,Sample Business Label bde42e5a,Purchased,21.00,,,1.00,,Listed
849-000877,Sample Business Label cb4d1af0,Sample Business Label c65a927e,Sample Business Label 887d7f95,pcs,piece,Sample Business Label 4bf28cec,Sample Business Label 0f3d50d5,Purchased,13.00,,,1.00,,Listed
165-002624,Sample Business Label 08348e6b,28*19*6mm,Sample Business Label 1674b06f,pcs,piece,Sample Business Label 4bf28cec,Sample Business Label bde42e5a,Purchased,21.00,,,1.00,5.999961,Listed
849-000349,Sample Business Label a6cfd68e,Sample Business Label ede1dff6,Sample Business Label 887d7f95,pcs,piece,Sample Business Label 4bf28cec,Sample Business Label 0f3d50d5,Purchased,13.00,,,1.00,,Listed
363-000204,Sample Business Label d7960851,Sample Business Label bf7929ee,Sample Business Label 7bdc2d0a,pcs,piece,Sample Business Label 0e5444d0,Sample Business Label 797c70ef,Purchased,35.00,,,1.00,,Listed
593-000030,Sample Business Label 55a01901,Sample Business Label 1888ee03,Sample Business Label 7bdc2d0a,pcs,piece,Sample Business Label f0207843,Sample Business Label a68f67a0,In-house,1.00,,,1.00,,Listed
165-002251,Sample Business Label c78bb706,Sample Business Label 94ecf1bb,Sample Business Label 1674b06f,pcs,piece,Sample Business Label 4bf28cec,Sample Business Label bde42e5a,Purchased,21.00,,,1.00,,Listed
832-000008,Sample Business Label d5ef3845,Sample Business Label 90a02a16,Sample Business Label 7bdc2d0a,pcs,piece,Sample Business Label f0207843,Sample Business Label 43301d5a,In-house,1.00,,,1.00,,Listed
795-000458,Sample Business Label c8939243,Sample Business Label 59df5255,Autonomous Driving,pcs,piece,Sample Business Label 4bf28cec,Sample Business Label 2d85aff0,Purchased,14.00,,,1.00,,Listed
994-000713,Sample Business Label 39160788,,Sample Business Label 491c5f11,pcs,piece,Sample Business Label 4bf28cec,Sample Business Label d9643929,Purchased,35.00,,,1.00,159.999977,Listed
165-002118,Sample Business Label 5edded43,Sample Business Label 32c09969,Sample Business Label 1674b06f,pcs,piece,Sample Business Label 4bf28cec,Sample Business Label bde42e5a,Purchased,14.00,,,1.00,,Listed
308-000029,Sample Business Label e66287d8,,Sample Business Label 1674b06f,pcs,piece,Sample Business Label f0207843,Sample Business Label 813d8697,In-house,1.00,,,1.00,,Listed
590-000100,Agricultural Machinery Detection System,Sample Business Label 3097d7e6,Sample Business Label 7bdc2d0a,pcs,piece,Sample Business Label e9fffb2c,Sample Business Label 64f0ddff,In-house,1.00,,,1.00,,Listed
165-001835,Sample Business Label 9132d0af,Sample Business Label afef5d03,Sample Business Label 1674b06f,pcs,piece,Sample Business Label 4bf28cec,Sample Business Label bde42e5a,Purchased,21.00,,,1.00,2.250056,Listed
525-000158,Sample Business Label a992126e,Sample Business Label a992126e,Sample Business Label 1674b06f,pcs,piece,Sample Business Label f0207843,Sample Business Label 8e427e07,In-house,1.00,,,1.00,,Listed
382-000005,Beidou Agricultural Navigation Controller,Sample Business Label 85ff7063,Autonomous Driving,pcs,piece,Sample Business Label e9fffb2c,Sample Business Label 90786501,In-house,1.00,,,1.00,,Listed
165-001832,Sample Business Label fb5a0f33,Sample Business Label aea676de,Sample Business Label 1674b06f,pcs,piece,Sample Business Label 4bf28cec,Sample Business Label bde42e5a,Purchased,28.00,,,1.00,1.979986,Listed
849-001021,Sample Business Label 9c4fb4e8,Sample Business Label 93a57f45,Autonomous Driving,pcs,piece,Sample Business Label 4bf28cec,Sample Business Label 0f3d50d5,Purchased,14.00,,,1.00,0.238995,Listed
308-000034,Sample Business Label 107586c2,,Sample Business Label 1674b06f,pcs,piece,Sample Business Label f0207843,Sample Business Label 813d8697,In-house,1.00,,,1.00,,Listed
994-000410,Sample Business Label 227f558d,,Sample Business Label 1674b06f,pcs,piece,Sample Business Label 4bf28cec,Sample Business Label d9643929,Purchased,35.00,,,1.00,,Listed
795-000457,Sample Business Label b1ba75a6,Sample Business Label ddcec9a1,Autonomous Driving,pcs,piece,Sample Business Label 4bf28cec,Sample Business Label 2d85aff0,Purchased,14.00,,,1.00,,Listed
165-002383,Sample Business Label d9d7fa39,Sample Business Label 5e960790,Sample Business Label 1674b06f,pcs,piece,Sample Business Label 4bf28cec,Sample Business Label bde42e5a,Purchased,17.00,,,1.00,,Listed
165-002335,Sample Business Label 6233edcd,Sample Business Label 005fd9dd,Sample Business Label 1674b06f,pcs,piece,Sample Business Label 4bf28cec,Sample Business Label bde42e5a,Purchased,21.00,,,1.00,,Listed
182-000029,Sample Business Label 4f240aa0,,Sample Business Label 7bdc2d0a,pcs,piece,Sample Business Label 4bf28cec,Sample Business Label cbbb88c6,Purchased,15.00,,,1.00,2.199997,Listed
165-001987,Sample Business Label 4353c8df,Sample Business Label 070ab4dd,Sample Business Label 1674b06f,pcs,piece,Sample Business Label 4bf28cec,Sample Business Label bde42e5a,Purchased,21.00,,,1.00,,Listed
849-000770,Sample Business Label 2dc6cac6,Sample Business Label 3b6265bf,Sample Business Label 887d7f95,pcs,piece,Sample Business Label 4bf28cec,Sample Business Label 0f3d50d5,Purchased,17.00,,,1.00,,Listed
972-000512,Sample Business Label 452bfff1,RCA9531-BL3A,Sample Business Label 887d7f95,pcs,piece,Sample Business Label 17302eae,Sample Business Label 09caa247,Purchased,31.00,,,1.00,,Sample Business Label 14d9bbad
260-000101,Sample Business Label 8d0f568d,,Sample Business Label 761a79a0,pcs,piece,Sample Business Label f0207843,Sample Business Label ffacf96f,In-house,1.00,,,1.00,,Sample Business Label 14d9bbad
165-001549,Sample Business Label 2d6910c2,Sample Business Label 2d6910c2,Sample Business Label 5c716e22,pcs,piece,Sample Business Label 4bf28cec,Sample Business Label bde42e5a,Purchased,28.00,,,1.00,,Sample Business Label 14d9bbad
849-001203,Sample Business Label 41fab0d7,Sample Business Label a95993fd,Sample Business Label 96053b3e,pcs,piece,Sample Business Label 4bf28cec,Sample Business Label 0f3d50d5,Purchased,1.00,,,1.00,35.000055,Sample Business Label 14d9bbad
725-000416,Sample Business Label 05087a91,"4.7nf,25V,0201,10%,X7R",Sample Business Label 887d7f95,pcs,piece,Sample Business Label 17302eae,Sample Business Label 07789cfe,Purchased,98.00,,,1.00,0.002373,Sample Business Label 14d9bbad
165-002069,Sample Business Label 92db5d41,Sample Business Label d0bf7be4,Sample Business Label 1674b06f,pcs,piece,Sample Business Label 4bf28cec,Sample Business Label bde42e5a,Purchased,14.00,,,1.00,,Sample Business Label 14d9bbad
356-000280,Sample Business Label 4160e27d,B2004WRB-2X8P,Sample Business Label 887d7f95,pcs,piece,Sample Business Label 4bf28cec,Sample Business Label db158135,Purchased,1.00,,,1.00,0.250182,Sample Business Label 14d9bbad
705-000054,Sample Business Label f06adfde,,Sample Business Label 7bdc2d0a,pcs,piece,Sample Business Label fdf24da5,Sample Business Label 6a2cc7af,In-house,10.00,,,1.00,,Sample Business Label 14d9bbad
972-000422,Sample Business Label b2013021,SS0104YQ,Sample Business Label 887d7f95,pcs,piece,Sample Business Label 17302eae,Sample Business Label 09caa247,Purchased,42.00,,,1.00,0.900045,Sample Business Label 14d9bbad
454-000317,Sample Business Label 13a7d943,5.0SMDJ90CA,Sample Business Label 887d7f95,pcs,piece,Sample Business Label 17302eae,Sample Business Label 5680b573,Purchased,42.00,,,1.00,0.969992,Sample Business Label 14d9bbad
795-000693,Sample Business Label 6e9dc189,Sample Business Label 57582bf8,Sample Business Label 1674b06f,pcs,piece,Sample Business Label 4bf28cec,Sample Business Label 2d85aff0,Purchased,21.00,,,1.00,,Sample Business Label 14d9bbad
725-000029,Sample Business Label 05087a91,"1nF,50V,0402,10%",Sample Business Label 887d7f95,pcs,piece,Sample Business Label 17302eae,Sample Business Label 07789cfe,Purchased,126.00,,,1.00,0.003051,Sample Business Label 14d9bbad
972-000799,Sample Business Label 321b048b,FSP32-WROVER-IE-N4R8,Sample Business Label 887d7f95,pcs,piece,Sample Business Label 17302eae,Sample Business Label 09caa247,Purchased,28.00,,,1.00,17.099951,Sample Business Label 14d9bbad
733-000129,Sample Business Label 43b7aeb5,OR5040-4R7N,Sample Business Label 887d7f95,pcs,piece,Sample Business Label 17302eae,Sample Business Label f3f2ee9b,Purchased,28.00,,,1.00,0.136956,Sample Business Label 14d9bbad
733-000034,Sample Business Label 43b7aeb5,TWPA4020S1R0NT,Sample Business Label 887d7f95,pcs,piece,Sample Business Label 17302eae,Sample Business Label f3f2ee9b,Purchased,42.00,,,1.00,0.200010,Sample Business Label 14d9bbad
795-000747,Sample Business Label 12cfc1b5,Sample Business Label 8346b4eb,Sample Business Label 1674b06f,pcs,piece,Sample Business Label 4bf28cec,Sample Business Label 2d85aff0,Purchased,14.00,,,1.00,0.409964,Sample Business Label 14d9bbad
539-000486,Sample Business Label 362ab609,"53.6k,0402,0.1%",Sample Business Label 887d7f95,pcs,piece,Sample Business Label 17302eae,Sample Business Label 5fe53d48,Purchased,133.00,,,1.00,0.056952,Sample Business Label 14d9bbad
588-000352,Sample Business Label c3c13c22,Sample Business Label c3c13c22,Sample Business Label 1674b06f,pcs,piece,Sample Business Label f0207843,Sample Business Label 6ca8a46d,Outsourced,33.00,,,1.00,,Sample Business Label 14d9bbad
849-000217,Sample Business Label 4e71a81d,Sample Business Label 18b32394,Sample Business Label 887d7f95,pcs,piece,Sample Business Label 4bf28cec,Sample Business Label 0f3d50d5,Purchased,17.00,,,1.00,,Sample Business Label 14d9bbad
165-000736,Sample Business Label a615ab6f,Sample Business Label dacbb222,Autonomous Driving,pcs,piece,Sample Business Label 4bf28cec,Sample Business Label bde42e5a,Purchased,28.00,,,1.00,,Sample Business Label 14d9bbad
733-000123,Sample Business Label 1ef5a5d1,THP0603-2R2M,Sample Business Label 887d7f95,pcs,piece,Sample Business Label 17302eae,Sample Business Label f3f2ee9b,Purchased,30.00,,,1.00,0.240012,Sample Business Label 14d9bbad
795-001135,Sample Business Label 23553bc4,Sample Business Label d87c631d,Sample Business Label 1674b06f,pcs,piece,Sample Business Label 4bf28cec,Sample Business Label 2d85aff0,Purchased,14.00,,,1.00,0.049946,Sample Business Label 14d9bbad
588-000588,UB200L_Camera_EX12_P0_S4_PCBA,UB200L_Camera_EX12_P0_S4_PCBA,Sample Business Label 735ac064,pcs,piece,Sample Business Label f0207843,Sample Business Label 6ca8a46d,Outsourced,10.00,,,1.00,,Sample Business Label 14d9bbad
165-003410,Sample Business Label 58b9864b,QA66+30GF,Sample Business Label 96053b3e,pcs,piece,Sample Business Label 4bf28cec,Sample Business Label bde42e5a,Purchased,1.00,,,1.00,129.999946,Sample Business Label 14d9bbad
849-001181,Sample Business Label dcc759cf,Sample Business Label 286e501a,Sample Business Label 96053b3e,pcs,piece,Sample Business Label 4bf28cec,Sample Business Label 0f3d50d5,Purchased,1.00,,,1.00,159.999977,Sample Business Label 14d9bbad
972-000275,Sample Business Label b9f02c82,TGM2033-3.3XN5G/TR,Sample Business Label 887d7f95,pcs,piece,Sample Business Label 17302eae,Sample Business Label 09caa247,Purchased,64.00,,,1.00,0.289958,Sample Business Label 14d9bbad
165-001424,Sample Business Label 618236e6,Sample Business Label 00aa4f44,Sample Business Label 1674b06f,pcs,piece,Sample Business Label 4bf28cec,Sample Business Label bde42e5a,Purchased,35.00,,,1.00,,Sample Business Label 14d9bbad
165-002798,Sample Business Label 86ec28b8,L*W*H：154.6*106.7*24mm,Sample Business Label 1674b06f,pcs,piece,Sample Business Label 4bf28cec,Sample Business Label bde42e5a,Purchased,28.00,,,1.00,27.208027,Sample Business Label 14d9bbad
165-001226,Sample Business Label 2a81fe88,Sample Business Label 1996acae,Sample Business Label 1674b06f,pcs,piece,Sample Business Label 4bf28cec,Sample Business Label bde42e5a,Purchased,14.00,,,1.00,,Sample Business Label 14d9bbad
725-000040,Sample Business Label 05087a91,"10UF,25V,0805,10%",Sample Business Label 887d7f95,pcs,piece,Sample Business Label 17302eae,Sample Business Label 07789cfe,Purchased,70.00,,,1.00,0.031527,Sample Business Label 14d9bbad
165-001418,Sample Business Label 16337472,Sample Business Label 3fe64bfa,Sample Business Label 1674b06f,pcs,piece,Sample Business Label 4bf28cec,Sample Business Label bde42e5a,Purchased,35.00,,,1.00,,Sample Business Label 14d9bbad
733-000151,Sample Business Label 1ef5a5d1,THP0603-4R7M,Sample Business Label 887d7f95,pcs,piece,Sample Business Label 17302eae,Sample Business Label f3f2ee9b,Purchased,28.00,,,1.00,0.251990,Sample Business Label 14d9bbad
849-000841,Sample Business Label c4161c5d,Sample Business Label f2df6034,Sample Business Label 887d7f95,pcs,piece,Sample Business Label 4bf28cec,Sample Business Label 0f3d50d5,Purchased,17.00,,,1.00,,Sample Business Label 14d9bbad
838-000226,Sample Business Label fcd36f38,O12-8339-R0A,Autonomous Driving,pcs,piece,Sample Business Label 0e5444d0,Sample Business Label 6e9ebdaf,Purchased,35.00,,,1.00,,Sample Business Label 14d9bbad
539-000101,Sample Business Label b85ec631,"22R,0603,1%",Sample Business Label 887d7f95,pcs,piece,Sample Business Label 17302eae,Sample Business Label 5fe53d48,Purchased,84.00,,,1.00,0.002825,Sample Business Label 14d9bbad
539-000483,Sample Business Label 333baf41,TSM0B103F3903RZ,Sample Business Label 887d7f95,pcs,piece,Sample Business Label 17302eae,Sample Business Label 5fe53d48,Purchased,56.00,,,1.00,,Sample Business Label 14d9bbad
795-000749,Sample Business Label d8c377bd,Sample Business Label c8d05e52,Sample Business Label 1674b06f,pcs,piece,Sample Business Label 4bf28cec,Sample Business Label 2d85aff0,Purchased,14.00,,,1.00,0.080004,Sample Business Label 14d9bbad
356-000355,Sample Business Label 18a3fe58,ZK-MMCX-JE-7536,Sample Business Label 887d7f95,pcs,piece,Sample Business Label 4bf28cec,Sample Business Label db158135,Purchased,35.00,,,1.00,1.279951,Sample Business Label 14d9bbad
606-000340,Sample Business Label c6aa6ae0,,Sample Business Label 1674b06f,pcs,piece,Sample Business Label 0e5444d0,Sample Business Label 84fc6382,Purchased,14.00,,,1.00,243.799986,Sample Business Label 14d9bbad
849-000498,Sample Business Label 9e093cdd,Sample Business Label 794c736a,Sample Business Label 887d7f95,pcs,piece,Sample Business Label 4bf28cec,Sample Business Label 0f3d50d5,Purchased,25.00,,,1.00,,Sample Business Label 14d9bbad
363-000542,Sample Business Label 160e3b8a,,Sample Business Label 96053b3e,pcs,piece,Sample Business Label 0e5444d0,Sample Business Label 797c70ef,Purchased,28.00,,,1.00,13.599550,Sample Business Label 14d9bbad
165-002903,Sample Business Label 1d08d0ab,Sample Business Label f071ef86,Sample Business Label 7bdc2d0a,pcs,piece,Sample Business Label 4bf28cec,Sample Business Label bde42e5a,Purchased,28.00,,,1.00,17.679980,Sample Business Label 14d9bbad
972-000837,Sample Business Label eec526c8,OSI6602VB-DLAR,Sample Business Label 887d7f95,pcs,piece,Sample Business Label 17302eae,Sample Business Label 09caa247,Purchased,84.00,,,1.00,2.900032,Sample Business Label 14d9bbad
356-000396,Sample Business Label 59797990,ZZK1220-212SG0A08701,Sample Business Label 887d7f95,pcs,piece,Sample Business Label 4bf28cec,Sample Business Label db158135,Purchased,25.00,,,1.00,0.289958,Sample Business Label 14d9bbad
972-000835,Sample Business Label 7d7ac043,CMP581,Sample Business Label 887d7f95,pcs,piece,Sample Business Label 17302eae,Sample Business Label 09caa247,Purchased,84.00,,,1.00,,Sample Business Label 14d9bbad
165-001899,Sample Business Label 22e0fce5,Sample Business Label 170cfef6,Sample Business Label 1674b06f,pcs,piece,Sample Business Label 4bf28cec,Sample Business Label bde42e5a,Purchased,28.00,,,1.00,,Sample Business Label 14d9bbad
165-003411,Sample Business Label 502d747e,EPDM,Sample Business Label 96053b3e,pcs,piece,Sample Business Label 4bf28cec,Sample Business Label bde42e5a,Purchased,35.00,,,1.00,10.000048,Sample Business Label 14d9bbad
549-002595,Sample Business Label d4db07b5,,Sample Business Label 96053b3e,pcs,piece,Sample Business Label 0e5444d0,Sample Business Label 5b88d24a,Purchased,1.00,,,1.00,,Sample Business Label 14d9bbad
972-000210,Sample Business Label 152af9aa,O32G032C8L7,Sample Business Label 887d7f95,pcs,piece,Sample Business Label 17302eae,Sample Business Label 09caa247,Purchased,42.00,,,1.00,,Sample Business Label 14d9bbad
725-000221,Sample Business Label 05087a91,"12pF,50V,0402,5%",Sample Business Label 887d7f95,pcs,piece,Sample Business Label 17302eae,Sample Business Label 07789cfe,Purchased,98.00,,,1.00,0.002373,Sample Business Label 14d9bbad
733-000223,Sample Business Label c16ef3b5,MQW15CA39NJ00D,Sample Business Label 887d7f95,pcs,piece,Sample Business Label 17302eae,Sample Business Label f3f2ee9b,Purchased,98.00,,,1.00,1.000050,Sample Business Label 14d9bbad
588-000607,UA400_DYW_P5_PCBA,UA400_DYW_P5_PCBA,Sample Business Label 5c716e22,pcs,piece,Sample Business Label f0207843,Sample Business Label 6ca8a46d,Outsourced,18.00,,,1.00,,Sample Business Label 14d9bbad
356-000287,Sample Business Label c1f29344,Sample Business Label cc64641d,Sample Business Label 887d7f95,pcs,piece,Sample Business Label 4bf28cec,Sample Business Label db158135,Purchased,31.00,,,1.00,42.799993,Sample Business Label 14d9bbad
165-001789,Sample Business Label cee7612e,Sample Business Label 29124a11,Sample Business Label 1674b06f,pcs,piece,Sample Business Label 4bf28cec,Sample Business Label bde42e5a,Purchased,35.00,,,1.00,19.060049,Sample Business Label 14d9bbad
795-000930,Sample Business Label 65b5bf39,Sample Business Label 8da9dfaa,Sample Business Label 1674b06f,pcs,piece,Sample Business Label 4bf28cec,Sample Business Label 2d85aff0,Purchased,14.00,,,1.00,0.200010,Sample Business Label 14d9bbad
321-000446,YC400_MAIN_P7_PCB,YC400_MAIN_P7_PCB,Sample Business Label 761a79a0,pcs,piece,Sample Business Label 17302eae,Sample Business Label cbf023bc,Purchased,45.00,,,1.00,8.810045,Sample Business Label 14d9bbad
733-000121,Sample Business Label 26a99aed,TCM4532EL-110,Sample Business Label 887d7f95,pcs,piece,Sample Business Label 17302eae,Sample Business Label f3f2ee9b,Purchased,28.00,,,1.00,0.560028,Sample Business Label 14d9bbad
849-001179,Sample Business Label e2da1e66,Sample Business Label 65fd784a,Sample Business Label 96053b3e,pcs,piece,Sample Business Label 4bf28cec,Sample Business Label 0f3d50d5,Purchased,1.00,,,1.00,179.999960,Sample Business Label 14d9bbad
165-002371,Sample Business Label 9b71daa8,Sample Business Label 1457d67f,Autonomous Driving,pcs,piece,Sample Business Label 4bf28cec,Sample Business Label bde42e5a,Purchased,28.00,,,1.00,,Sample Business Label 14d9bbad
165-001857,Sample Business Label 88f0e407,Sample Business Label 3236a7f2,Sample Business Label 1674b06f,pcs,piece,Sample Business Label 4bf28cec,Sample Business Label bde42e5a,Purchased,28.00,,,1.00,12.430000,Sample Business Label 14d9bbad
725-000452,Sample Business Label a5602a27,"100uF,±20%,6.3V,3528，-55~105℃",Sample Business Label 887d7f95,pcs,piece,Sample Business Label 17302eae,Sample Business Label 07789cfe,Purchased,140.00,,,1.00,,Sample Business Label 14d9bbad
321-000337,Sample Business Label fdc00a34,YS101_ALG52810_P0_PCB,Sample Business Label 7bdc2d0a,pcs,piece,Sample Business Label 17302eae,Sample Business Label cbf023bc,Purchased,35.00,,,1.00,1.230005,Sample Business Label 14d9bbad
849-001250,Sample Business Label bdb87619,Sample Business Label a0659780,Sample Business Label 96053b3e,pcs,piece,Sample Business Label 4bf28cec,Sample Business Label 0f3d50d5,Purchased,1.00,,,1.00,39.999966,Sample Business Label 14d9bbad
539-000499,Sample Business Label b85ec631,"5.1K,2512,1%",Sample Business Label 887d7f95,pcs,piece,Sample Business Label 17302eae,Sample Business Label 5fe53d48,Purchased,35.00,,,1.00,0.068026,Sample Business Label 14d9bbad
838-000212,Sample Business Label f84f5cd2,ZK-801-C-W-01,Sample Business Label 7bdc2d0a,pcs,piece,Sample Business Label 0e5444d0,Sample Business Label 6e9ebdaf,Purchased,35.00,,,1.00,,Sample Business Label 14d9bbad
539-000371,Sample Business Label b85ec631,"3.3R,1206,1%",Sample Business Label 887d7f95,pcs,piece,Sample Business Label 17302eae,Sample Business Label 5fe53d48,Purchased,112.00,,,1.00,0.036951,Sample Business Label 14d9bbad
321-000475,Sample Business Label 321ab65e,Sample Business Label 321ab65e,Sample Business Label 1674b06f,pcs,piece,Sample Business Label 17302eae,Sample Business Label cbf023bc,Purchased,35.00,,,1.00,83.700004,Sample Business Label 14d9bbad
588-000496,UA500_A_P4_PCBA,UA500_A_P4_PCBA,Sample Business Label 5c716e22,pcs,piece,Sample Business Label f0207843,Sample Business Label 6ca8a46d,Outsourced,33.00,,,1.00,,Sample Business Label 14d9bbad
321-000581,Sample Business Label d7ee0e85,Sample Business Label d7ee0e85,Sample Business Label 1674b06f,pcs,piece,Sample Business Label 17302eae,Sample Business Label cbf023bc,Purchased,90.00,,,1.00,25.729987,Sample Business Label 14d9bbad
165-000837,Sample Business Label c42741f4,Sample Business Label 105fc867,Autonomous Driving,pcs,piece,Sample Business Label 4bf28cec,Sample Business Label bde42e5a,Purchased,21.00,,,1.00,,Sample Business Label 14d9bbad
972-000495,Sample Business Label 379f5500,STL8305NBI-CG,Sample Business Label 887d7f95,pcs,piece,Sample Business Label 17302eae,Sample Business Label 09caa247,Purchased,10.00,,,1.00,7.819713,Sample Business Label 14d9bbad
725-000151,Sample Business Label 05087a91,"220nF,25V,0402,10%",Sample Business Label 887d7f95,pcs,piece,Sample Business Label 17302eae,Sample Business Label 07789cfe,Purchased,98.00,,,1.00,0.016837,Sample Business Label 14d9bbad
972-000079,Sample Business Label 5c617ad2,TGM6603-5.0YN6G/TR,Sample Business Label 887d7f95,pcs,piece,Sample Business Label 17302eae,Sample Business Label 09caa247,Purchased,64.00,,,1.00,,Sample Business Label 14d9bbad
972-000618,SAR sensor,TX9371ICSTRT,Sample Business Label 887d7f95,pcs,piece,Sample Business Label 17302eae,Sample Business Label 09caa247,Purchased,112.00,,,1.00,4.299989,Sample Business Label 14d9bbad
358-000062,Sample Business Label 6e2963c0,QHPT60603NY,Sample Business Label 887d7f95,pcs,piece,Sample Business Label 17302eae,Sample Business Label 5bce86f3,Purchased,133.00,,,1.00,0.960048,Sample Business Label 14d9bbad
795-000783,Sample Business Label 921918b0,Sample Business Label 5c8938ad,Sample Business Label 1674b06f,pcs,piece,Sample Business Label 4bf28cec,Sample Business Label 2d85aff0,Purchased,33.00,,,1.00,0.112774,Sample Business Label 14d9bbad
795-001249,Sample Business Label a70cc615,Sample Business Label 5cfdcc7b,Sample Business Label 96053b3e,pcs,piece,Sample Business Label 4bf28cec,Sample Business Label 2d85aff0,Purchased,1.00,,,1.00,,Sample Business Label 14d9bbad
165-000756,Sample Business Label 974e7d8f,Sample Business Label 7cf59a67,Sample Business Label 5c716e22,pcs,piece,Sample Business Label 4bf28cec,Sample Business Label bde42e5a,Purchased,28.00,,,1.00,,Sample Business Label 14d9bbad
165-003006,Sample Business Label 23520ded,L*W*H：38.2*30.4*11.5mm,Sample Business Label 1674b06f,pcs,piece,Sample Business Label 4bf28cec,Sample Business Label bde42e5a,Purchased,28.00,,,1.00,1.579966,Sample Business Label 14d9bbad
725-000324,Sample Business Label 05087a91,"68nF,50V,0603,10%,X7R",Sample Business Label 887d7f95,pcs,piece,Sample Business Label 17302eae,Sample Business Label 07789cfe,Purchased,84.00,,,1.00,0.007458,Sample Business Label 14d9bbad
539-000007,Sample Business Label b85ec631,"5.6K,0402,1%",Sample Business Label 887d7f95,pcs,piece,Sample Business Label 17302eae,Sample Business Label 5fe53d48,Purchased,84.00,,,1.00,0.001921,Sample Business Label 14d9bbad
795-000950,Sample Business Label 5ea27abb,Sample Business Label ee7af4f0,Sample Business Label 1674b06f,pcs,piece,Sample Business Label 4bf28cec,Sample Business Label 2d85aff0,Purchased,14.00,,,1.00,0.249956,Sample Business Label 14d9bbad
165-002954,Sample Business Label 350801ff,Sample Business Label 1d6720ba,Sample Business Label 1674b06f,pcs,piece,Sample Business Label 4bf28cec,Sample Business Label bde42e5a,Purchased,28.00,,,1.00,8.819989,Sample Business Label 14d9bbad
308-000032,Sample Business Label d21e352b,,Sample Business Label 1674b06f,pcs,piece,Sample Business Label f0207843,Sample Business Label 813d8697,In-house,1.00,,,1.00,,Sample Business Label 14d9bbad
356-000563,Sample Business Label 20cec865,QF202A62B-07V020-1TR,Autonomous Driving,pcs,piece,Sample Business Label 4bf28cec,Sample Business Label db158135,Purchased,25.00,,,1.00,0.860043,Sample Business Label 14d9bbad
358-000174,NMOS,DJAC70SN15,Sample Business Label 887d7f95,pcs,piece,Sample Business Label 17302eae,Sample Business Label 5bce86f3,Purchased,56.00,,,1.00,1.970042,Sample Business Label 14d9bbad
165-002306,Sample Business Label 7e36ec1c,Sample Business Label db5a687d,Sample Business Label 1674b06f,pcs,piece,Sample Business Label 4bf28cec,Sample Business Label bde42e5a,Purchased,28.00,,,1.00,,Sample Business Label 14d9bbad
588-000459,Sample Business Label 63b3b635,YN402_ROCKER_LEFT_CON_P1,Sample Business Label 1674b06f,pcs,piece,Sample Business Label f0207843,Sample Business Label 6ca8a46d,Outsourced,33.00,,,1.00,,Sample Business Label 14d9bbad
725-000458,Sample Business Label 05087a91,"180PF,50V,0402,5%,NP0",Sample Business Label 887d7f95,pcs,piece,Sample Business Label 17302eae,Sample Business Label 07789cfe,Purchased,98.00,,,1.00,0.007006,Sample Business Label 14d9bbad
838-000173,Sample Business Label 55c28a15,Sample Business Label 6a5f4a01,Sample Business Label 1674b06f,pcs,piece,Sample Business Label 0e5444d0,Sample Business Label 6e9ebdaf,Purchased,35.00,,,1.00,1.101976,Sample Business Label 14d9bbad
454-000230,Sample Business Label 13a7d943,TMAJ33CA,Sample Business Label 887d7f95,pcs,piece,Sample Business Label 17302eae,Sample Business Label 5680b573,Purchased,56.00,,,1.00,0.083055,Sample Business Label 14d9bbad
994-000631,Sample Business Label a185cfbd,,Sample Business Label 761a79a0,pcs,piece,Sample Business Label 4bf28cec,Sample Business Label d9643929,Purchased,35.00,,,1.00,,Sample Business Label 14d9bbad
972-000825,EMMC,SS70B64G4Y06G,Sample Business Label 887d7f95,pcs,piece,Sample Business Label 17302eae,Sample Business Label 09caa247,Purchased,72.00,,,1.00,38.300446,Sample Business Label 14d9bbad
358-000094,Sample Business Label c50e11a1,KMTG100N06D,Sample Business Label 887d7f95,pcs,piece,Sample Business Label 17302eae,Sample Business Label 5bce86f3,Purchased,84.00,,,1.00,0.949991,Sample Business Label 14d9bbad
165-001461,Sample Business Label 70cf841e,Sample Business Label f75800ec,Autonomous Driving,pcs,piece,Sample Business Label 4bf28cec,Sample Business Label bde42e5a,Purchased,28.00,,,1.00,,Sample Business Label 14d9bbad
849-001214,Sample Business Label 38c5428d,7061-T6,Sample Business Label 96053b3e,pcs,piece,Sample Business Label 4bf28cec,Sample Business Label 0f3d50d5,Purchased,1.00,,,1.00,369.999968,Sample Business Label 14d9bbad
554-000078,Sample Business Label 024e1000,TGM6612AYTQX13G/TR,Sample Business Label 887d7f95,pcs,piece,Sample Business Label 17302eae,Sample Business Label 042b653a,Purchased,98.00,,,1.00,2.780026,Sample Business Label 14d9bbad
539-000374,Sample Business Label b85ec631,"10R,2512,1%,1W",Sample Business Label 887d7f95,pcs,piece,Sample Business Label 17302eae,Sample Business Label 5fe53d48,Purchased,98.00,,,1.00,0.169952,Sample Business Label 14d9bbad
165-001992,Sample Business Label c72e11e8,Sample Business Label 27cbc309,Sample Business Label 1674b06f,pcs,piece,Sample Business Label 4bf28cec,Sample Business Label bde42e5a,Purchased,28.00,,,1.00,,Sample Business Label 14d9bbad
838-000335,Sample Business Label c161aa8e,Sample Business Label c210b5c2,Sample Business Label 1674b06f,pcs,piece,Sample Business Label 0e5444d0,Sample Business Label 6e9ebdaf,Purchased,35.00,,,1.00,,Sample Business Label 14d9bbad
795-000688,Sample Business Label 706264b7,Sample Business Label bfaf3581,Sample Business Label 1674b06f,pcs,piece,Sample Business Label 4bf28cec,Sample Business Label 2d85aff0,Purchased,14.00,,,1.00,,Sample Business Label 14d9bbad
539-000631,Sample Business Label b85ec631,"10R,0201,1%,50mW",Sample Business Label 887d7f95,pcs,piece,Sample Business Label 17302eae,Sample Business Label 5fe53d48,Purchased,84.00,,,1.00,0.004746,Sample Business Label 14d9bbad
849-000691,Sample Business Label 357d6706,Sample Business Label 3cda50e4,Sample Business Label 887d7f95,pcs,piece,Sample Business Label 4bf28cec,Sample Business Label 0f3d50d5,Purchased,10.00,,,1.00,,Sample Business Label 14d9bbad
165-001897,Sample Business Label 661497ff,Sample Business Label b409182a,Sample Business Label 1674b06f,pcs,piece,Sample Business Label 4bf28cec,Sample Business Label bde42e5a,Purchased,35.00,,,1.00,,Sample Business Label 14d9bbad
165-002164,Sample Business Label 76aba087,Sample Business Label 3c22c2c6,Sample Business Label 1674b06f,pcs,piece,Sample Business Label 4bf28cec,Sample Business Label bde42e5a,Purchased,14.00,,,1.00,,Sample Business Label 14d9bbad
527-000012,Sample Business Label 066ae8fd,E3SB27E00000SE,Sample Business Label 887d7f95,pcs,piece,Sample Business Label 17302eae,Sample Business Label f5e6f23a,Purchased,70.00,,,1.00,,Sample Business Label 14d9bbad
454-000199,Sample Business Label 13a7d943,KEU05UCR,Sample Business Label 887d7f95,pcs,piece,Sample Business Label 17302eae,Sample Business Label 5680b573,Purchased,56.00,,,1.00,0.113000,Sample Business Label 14d9bbad
994-000507,Sample Business Label b3db36d8,,Sample Business Label 735ac064,pcs,piece,Sample Business Label 4bf28cec,Sample Business Label d9643929,Purchased,35.00,,,1.00,,Sample Business Label 14d9bbad
972-000621,Sample Business Label 7f806630,IUSB238_002DD,Sample Business Label 887d7f95,pcs,piece,Sample Business Label 17302eae,Sample Business Label 09caa247,Purchased,42.00,,,1.00,1.199947,Sample Business Label 14d9bbad
165-001159,Sample Business Label 4a00fa6a,Sample Business Label ca241f51,Sample Business Label 7bdc2d0a,pcs,piece,Sample Business Label 4bf28cec,Sample Business Label bde42e5a,Purchased,21.00,,,1.00,,Sample Business Label 14d9bbad
539-000199,Sample Business Label b85ec631,"16K,0402,1%",Sample Business Label 887d7f95,pcs,piece,Sample Business Label 17302eae,Sample Business Label 5fe53d48,Purchased,56.00,,,1.00,0.001243,Sample Business Label 14d9bbad
165-001964,Sample Business Label 1e862e85,Sample Business Label 65c507b3,Sample Business Label 1674b06f,pcs,piece,Sample Business Label 4bf28cec,Sample Business Label bde42e5a,Purchased,28.00,,,1.00,,Sample Business Label 14d9bbad
849-001333,Sample Business Label 6b038f73,Sample Business Label a8232816,Sample Business Label 96053b3e,pcs,piece,Sample Business Label 4bf28cec,Sample Business Label 0f3d50d5,Purchased,1.00,,,1.00,0.111418,Sample Business Label 14d9bbad
733-000096,Sample Business Label de3ed42c,VPZ1608E121-3R0TF,Sample Business Label 887d7f95,pcs,piece,Sample Business Label 17302eae,Sample Business Label f3f2ee9b,Purchased,28.00,,,1.00,0.027007,Sample Business Label 14d9bbad
795-000662,Sample Business Label 4642aa39,Sample Business Label e5e4aa89,Sample Business Label 1674b06f,pcs,piece,Sample Business Label 4bf28cec,Sample Business Label 2d85aff0,Purchased,1.00,,,1.00,,Sample Business Label 14d9bbad
690-000045,Sample Business Label 87df3301,29-217/R6C-AL1M2VY/6T,Sample Business Label 887d7f95,pcs,piece,Sample Business Label 17302eae,Sample Business Label f3ac5013,Purchased,35.00,,,1.00,0.049946,Sample Business Label 14d9bbad
606-000989,Sample Business Label 7c356745,,Autonomous Driving,pcs,piece,Sample Business Label 0e5444d0,Sample Business Label 84fc6382,Purchased,14.00,,,1.00,10.559963,Sample Business Label 14d9bbad
358-000146,Sample Business Label c7de58d3,KMTG050P03A,Sample Business Label 887d7f95,pcs,piece,Sample Business Label 17302eae,Sample Business Label 5bce86f3,Purchased,84.00,,,1.00,1.020051,Sample Business Label 14d9bbad
588-000665,Sample Business Label 18eda25c,Sample Business Label 18eda25c,Sample Business Label 1674b06f,pcs,piece,Sample Business Label f0207843,Sample Business Label 6ca8a46d,Outsourced,1.00,,,1.00,,Sample Business Label 14d9bbad
165-001680,Sample Business Label f27a745e,Sample Business Label e42948a6,Sample Business Label 887d7f95,pcs,piece,Sample Business Label 4bf28cec,Sample Business Label bde42e5a,Purchased,14.00,,,1.00,0.200010,Sample Business Label 14d9bbad
165-002108,Sample Business Label 7b408559,Sample Business Label a9a9690f,Sample Business Label 1674b06f,pcs,piece,Sample Business Label 4bf28cec,Sample Business Label bde42e5a,Purchased,14.00,,,1.00,,Sample Business Label 14d9bbad
733-000248,Sample Business Label 26a99aed,TFT9070F-301,Sample Business Label 887d7f95,pcs,piece,Sample Business Label 17302eae,Sample Business Label f3f2ee9b,Purchased,30.00,,,1.00,1.020051,Sample Business Label 14d9bbad
165-002527,Sample Business Label 2cd07cd0,Sample Business Label 6c97c292,Autonomous Driving,pcs,piece,Sample Business Label 4bf28cec,Sample Business Label bde42e5a,Purchased,21.00,,,1.00,0.713143,Sample Business Label 14d9bbad
733-000180,Sample Business Label 26a99aed,TDMM0806H-2-900T,Sample Business Label 887d7f95,pcs,piece,Sample Business Label 17302eae,Sample Business Label f3f2ee9b,Purchased,28.00,,,1.00,0.056048,Sample Business Label 14d9bbad
358-000147,Sample Business Label a1d3a332,KMSL0310AU-13,Sample Business Label 887d7f95,pcs,piece,Sample Business Label 17302eae,Sample Business Label 5bce86f3,Purchased,98.00,,,1.00,0.364990,Sample Business Label 14d9bbad
356-000275,Sample Business Label f04a7bcc,QHD20061-203RSNA01,Sample Business Label 887d7f95,pcs,piece,Sample Business Label 4bf28cec,Sample Business Label db158135,Purchased,25.00,,,1.00,0.115034,Sample Business Label 14d9bbad
363-000548,Sample Business Label 6a3f9a20,Sample Business Label 0afad612,Sample Business Label 96053b3e,pcs,piece,Sample Business Label 0e5444d0,Sample Business Label 797c70ef,Purchased,35.00,,,1.00,5.387840,Sample Business Label 14d9bbad
733-000227,Sample Business Label 1ef5a5d1,DSAB0730-330M,Sample Business Label 887d7f95,pcs,piece,Sample Business Label 17302eae,Sample Business Label f3f2ee9b,Purchased,42.00,,,1.00,0.580029,Sample Business Label 14d9bbad
849-001284,Sample Business Label 06764631,Sample Business Label 51886459,Sample Business Label 96053b3e,pcs,piece,Sample Business Label 4bf28cec,Sample Business Label 0f3d50d5,Purchased,1.00,,,1.00,2.367350,Sample Business Label 14d9bbad
356-000587,Sample Business Label 53e18d1a,2x2pin,Sample Business Label 1674b06f,pcs,piece,Sample Business Label 4bf28cec,Sample Business Label db158135,Purchased,25.00,,,1.00,0.240012,Sample Business Label 14d9bbad
539-000073,Sample Business Label b85ec631,"7.68K,0402,1%",Sample Business Label 887d7f95,pcs,piece,Sample Business Label 17302eae,Sample Business Label 5fe53d48,Purchased,84.00,,,1.00,0.001469,Sample Business Label 14d9bbad
165-002355,Sample Business Label 917e624b,Sample Business Label 98e5c1a8,Sample Business Label 1674b06f,pcs,piece,Sample Business Label 4bf28cec,Sample Business Label bde42e5a,Purchased,21.00,,,1.00,,Sample Business Label 14d9bbad
972-000728,Sample Business Label 83a28fd8,TGM40661YG/TR,Sample Business Label 887d7f95,pcs,piece,Sample Business Label 17302eae,Sample Business Label 09caa247,Purchased,42.00,,,1.00,0.580029,Sample Business Label 14d9bbad
606-000990,Sample Business Label 72731245,,Autonomous Driving,pcs,piece,Sample Business Label 0e5444d0,Sample Business Label 84fc6382,Purchased,14.00,,,1.00,39.999966,Sample Business Label 14d9bbad
468-000559,Sample Business Label 035e282b,Sample Business Label f1bf209c,Autonomous Driving,pcs,piece,Sample Business Label 0e5444d0,Sample Business Label a5e675d6,Purchased,21.00,,,1.00,0.920046,Sample Business Label 14d9bbad
795-001133,Sample Business Label 60eb2ae4,Sample Business Label 1d4638c3,Sample Business Label 1674b06f,pcs,piece,Sample Business Label 4bf28cec,Sample Business Label 2d85aff0,Purchased,14.00,,,1.00,0.160008,Sample Business Label 14d9bbad
165-000859,Sample Business Label ef4986a4,Sample Business Label ba87da41,Sample Business Label 1674b06f,pcs,piece,Sample Business Label 4bf28cec,Sample Business Label bde42e5a,Purchased,28.00,,,1.00,,Sample Business Label 14d9bbad
795-001043,Sample Business Label 49f34c6e,Sample Business Label 7475c18d,Sample Business Label 1674b06f,pcs,piece,Sample Business Label 4bf28cec,Sample Business Label 2d85aff0,Purchased,28.00,,,1.00,19.999983,Sample Business Label 14d9bbad
849-001248,Sample Business Label 11beb7c4,70*45*10.8,Sample Business Label 96053b3e,pcs,piece,Sample Business Label 4bf28cec,Sample Business Label 0f3d50d5,Purchased,42.00,,,1.00,55.000038,Sample Business Label 14d9bbad
994-000241,Sample Business Label 046fa94b,Sample Business Label a420226f,Autonomous Driving,pcs,piece,Sample Business Label 4bf28cec,Sample Business Label d9643929,Purchased,35.00,,,1.00,14.999959,Sample Business Label 14d9bbad
849-001353,Sample Business Label 22a60857,Sample Business Label 263ebe76,Sample Business Label 96053b3e,pcs,piece,Sample Business Label 4bf28cec,Sample Business Label 0f3d50d5,Purchased,1.00,,,1.00,,Sample Business Label 14d9bbad
795-001183,Sample Business Label f7fe7a61,Sample Business Label 1e92cc18,Sample Business Label 96053b3e,pcs,piece,Sample Business Label 4bf28cec,Sample Business Label 2d85aff0,Purchased,28.00,,,1.00,7.876778,Sample Business Label 14d9bbad
165-001539,Sample Business Label 76484c43,Sample Business Label 00aa4f44,Sample Business Label 1674b06f,pcs,piece,Sample Business Label 4bf28cec,Sample Business Label bde42e5a,Purchased,35.00,,,1.00,,Sample Business Label 14d9bbad
165-001422,Sample Business Label 52d6514e,Sample Business Label 5e2d2343,Sample Business Label 1674b06f,pcs,piece,Sample Business Label 4bf28cec,Sample Business Label bde42e5a,Purchased,35.00,,,1.00,,Sample Business Label 14d9bbad
972-000514,Sample Business Label c44f5078,TGM2523AXN6G/TR,Sample Business Label 887d7f95,pcs,piece,Sample Business Label 17302eae,Sample Business Label 09caa247,Purchased,64.00,,,1.00,0.736986,Sample Business Label 14d9bbad
849-000192,Sample Business Label 2afe155a,Sample Business Label c91e86f4,Sample Business Label 887d7f95,pcs,piece,Sample Business Label 4bf28cec,Sample Business Label 0f3d50d5,Purchased,15.00,,,1.00,,Sample Business Label 14d9bbad
468-000565,Sample Business Label 50c2097d,Sample Business Label 13bf9168,Autonomous Driving,pcs,piece,Sample Business Label 0e5444d0,Sample Business Label a5e675d6,Purchased,21.00,,,1.00,0.720036,Sample Business Label 14d9bbad
972-000632,CPU,X3ME00IBGTMB-H,Sample Business Label 887d7f95,pcs,piece,Sample Business Label 17302eae,Sample Business Label 09caa247,Purchased,64.00,,,1.00,94.199964,Sample Business Label 14d9bbad
539-000036,Sample Business Label b85ec631,"5.9K,0402,1%",Sample Business Label 887d7f95,pcs,piece,Sample Business Label 17302eae,Sample Business Label 5fe53d48,Purchased,84.00,,,1.00,0.001469,Sample Business Label 14d9bbad
725-000072,Sample Business Label 05087a91,"4.7uF,50V,1206,10%",Sample Business Label 887d7f95,pcs,piece,Sample Business Label 17302eae,Sample Business Label 07789cfe,Purchased,70.00,,,1.00,0.200010,Sample Business Label 14d9bbad
454-000202,Sample Business Label 2b176d5b,TM340AF,Sample Business Label 887d7f95,pcs,piece,Sample Business Label 17302eae,Sample Business Label 5680b573,Purchased,105.00,,,1.00,0.110853,Sample Business Label 14d9bbad
539-000342,Sample Business Label b85ec631,"30R,1206,1%",Sample Business Label 887d7f95,pcs,piece,Sample Business Label 17302eae,Sample Business Label 5fe53d48,Purchased,84.00,,,1.00,0.010961,Sample Business Label 14d9bbad
353-000163,Sample Business Label 2eb248eb,,Sample Business Label 96053b3e,pcs,piece,Sample Business Label f0207843,Sample Business Label e1a5ffe2,In-house,,,,1.00,,Sample Business Label 14d9bbad
606-001026,Sample Business Label 0478bd01,,Autonomous Driving,pcs,piece,Sample Business Label 0e5444d0,Sample Business Label 84fc6382,Purchased,14.00,,,1.00,38.500004,Sample Business Label 14d9bbad
588-000732,YC632_P2_PCBA,YC632_P2_PCBA,Sample Business Label 1674b06f,pcs,piece,Sample Business Label f0207843,Sample Business Label 6ca8a46d,Outsourced,1.00,,,1.00,,Sample Business Label 14d9bbad
358-000150,NMOS,OCEP050N12GU,Sample Business Label 887d7f95,pcs,piece,Sample Business Label 17302eae,Sample Business Label 5bce86f3,Purchased,0.00,,,1.00,,Sample Business Label 14d9bbad
849-000902,Sample Business Label 19059f4b,Sample Business Label ad124f6e,Sample Business Label 887d7f95,pcs,piece,Sample Business Label 4bf28cec,Sample Business Label 0f3d50d5,Purchased,35.00,,,1.00,,Sample Business Label 14d9bbad
795-000802,Sample Business Label 780959ce,Sample Business Label c01a3520,Sample Business Label 1674b06f,pcs,piece,Sample Business Label 4bf28cec,Sample Business Label 2d85aff0,Purchased,33.00,,,1.00,0.514037,Sample Business Label 14d9bbad
165-001322,Sample Business Label cb6b468a,Sample Business Label 07497822,Sample Business Label 1674b06f,pcs,piece,Sample Business Label 4bf28cec,Sample Business Label bde42e5a,Purchased,42.00,,,1.00,,Sample Business Label 14d9bbad
972-000001,SPI NOR FLASH,X25Q128JVSIQTR,Sample Business Label 887d7f95,pcs,piece,Sample Business Label 17302eae,Sample Business Label 09caa247,Purchased,84.00,,,1.00,,Sample Business Label 14d9bbad
539-000016,Sample Business Label b85ec631,"75K,0402,1%",Sample Business Label 887d7f95,pcs,piece,Sample Business Label 17302eae,Sample Business Label 5fe53d48,Purchased,84.00,,,1.00,0.001469,Sample Business Label 14d9bbad
165-001963,Sample Business Label 8097e869,Sample Business Label 479a97fb,Sample Business Label 1674b06f,pcs,piece,Sample Business Label 4bf28cec,Sample Business Label bde42e5a,Purchased,35.00,,,1.00,,Sample Business Label 14d9bbad
972-000519,Sample Business Label 57be4f5e,BT32F403AVGT7,Sample Business Label 887d7f95,pcs,piece,Sample Business Label 17302eae,Sample Business Label 09caa247,Purchased,56.00,,,1.00,5.500049,Sample Business Label 14d9bbad
165-002644,Sample Business Label a5ff14e7,Sample Business Label dedfb7ed,Autonomous Driving,pcs,piece,Sample Business Label 4bf28cec,Sample Business Label bde42e5a,Purchased,35.00,,,1.00,20.290054,Sample Business Label 14d9bbad
539-000540,Sample Business Label b85ec631,38.3K，0402，1%,Sample Business Label 887d7f95,pcs,piece,Sample Business Label 17302eae,Sample Business Label 5fe53d48,Purchased,84.00,,,1.00,0.001469,Sample Business Label 14d9bbad
308-000037,Sample Business Label e6da225c,,Sample Business Label 1674b06f,pcs,piece,Sample Business Label f0207843,Sample Business Label 813d8697,In-house,1.00,,,1.00,,Sample Business Label 14d9bbad
838-000322,Sample Business Label 569e8626,Sample Business Label b24b562d,Sample Business Label 1674b06f,pcs,piece,Sample Business Label 0e5444d0,Sample Business Label 6e9ebdaf,Purchased,35.00,,,1.00,,Sample Business Label 14d9bbad
588-000545,Sample Business Label 7d51be7b,YS403_X3M_P2_S01_PCBA,Sample Business Label 1674b06f,pcs,piece,Sample Business Label f0207843,Sample Business Label 6ca8a46d,Outsourced,10.00,,,1.00,,Sample Business Label 14d9bbad
165-001861,Sample Business Label f94a0253,Sample Business Label eb7364c1,Sample Business Label 1674b06f,pcs,piece,Sample Business Label 4bf28cec,Sample Business Label bde42e5a,Purchased,35.00,,,1.00,47.500002,Sample Business Label 14d9bbad
165-002626,Sample Business Label 8997e019,Sample Business Label 70ff5b74,Sample Business Label 761a79a0,pcs,piece,Sample Business Label 4bf28cec,Sample Business Label bde42e5a,Purchased,21.00,,,1.00,0.800040,Sample Business Label 14d9bbad
321-000374,Sample Business Label ac08daa8,YN402_ROCKER_LEFT_CON_P1_PCB,Sample Business Label 1674b06f,pcs,piece,Sample Business Label 17302eae,Sample Business Label cbf023bc,Purchased,30.00,,,1.00,0.609974,Sample Business Label 14d9bbad
733-000024,Sample Business Label de3ed42c,CLM18SG121TN1D,Sample Business Label 887d7f95,pcs,piece,Sample Business Label 17302eae,Sample Business Label f3f2ee9b,Purchased,112.00,,,1.00,0.116955,Sample Business Label 14d9bbad
539-000090,Sample Business Label b85ec631,"12.1K,0402,1%",Sample Business Label 887d7f95,pcs,piece,Sample Business Label 17302eae,Sample Business Label 5fe53d48,Purchased,84.00,,,1.00,0.001469,Sample Business Label 14d9bbad
733-000206,Sample Business Label de3ed42c,IZ1005K102TFB01,Sample Business Label 887d7f95,pcs,piece,Sample Business Label 17302eae,Sample Business Label f3f2ee9b,Purchased,105.00,,,1.00,0.021018,Sample Business Label 14d9bbad
795-001223,Sample Business Label 839db8e0,Sample Business Label 34e63c0e,Sample Business Label 1674b06f,pcs,piece,Sample Business Label 4bf28cec,Sample Business Label 2d85aff0,Purchased,42.00,,,1.00,,Sample Business Label 14d9bbad
165-001416,Sample Business Label caddeab6,Sample Business Label ce028c22,Sample Business Label 1674b06f,pcs,piece,Sample Business Label 4bf28cec,Sample Business Label bde42e5a,Purchased,35.00,,,1.00,,Sample Business Label 14d9bbad
527-000037,Sample Business Label 066ae8fd,RTS3032768J13T,Sample Business Label 887d7f95,pcs,piece,Sample Business Label 17302eae,Sample Business Label f5e6f23a,Purchased,28.00,,,1.00,0.509969,Sample Business Label 14d9bbad
972-000558,Sample Business Label 209a5670,TC668SEMNA-F61-UGNDA,Sample Business Label 887d7f95,pcs,piece,Sample Business Label 17302eae,Sample Business Label 09caa247,Purchased,64.00,,,1.00,1006.540042,Sample Business Label 14d9bbad
588-000584,Sample Business Label af6d52f8,Sample Business Label af6d52f8,Sample Business Label 1674b06f,pcs,piece,Sample Business Label f0207843,Sample Business Label 6ca8a46d,Outsourced,13.00,,,1.00,,Sample Business Label 14d9bbad
321-000433,Sample Business Label 682edf15,YS403_YX_FPC_LEFT_P1_PCB,Sample Business Label 1674b06f,pcs,piece,Sample Business Label 17302eae,Sample Business Label cbf023bc,Purchased,35.00,,,1.00,,Sample Business Label 14d9bbad
994-000487,Sample Business Label b04b3c09,,Sample Business Label 1674b06f,pcs,piece,Sample Business Label 4bf28cec,Sample Business Label d9643929,Purchased,35.00,,,1.00,,Sample Business Label 14d9bbad
356-000429,Sample Business Label 76ce8bde,ZZKA2501WR-4P,Sample Business Label 887d7f95,pcs,piece,Sample Business Label 4bf28cec,Sample Business Label db158135,Purchased,25.00,,,1.00,0.080004,Sample Business Label 14d9bbad
539-000122,Sample Business Label b85ec631,"41.2K,0603,1%",Sample Business Label 887d7f95,pcs,piece,Sample Business Label 17302eae,Sample Business Label 5fe53d48,Purchased,84.00,,,1.00,0.002825,Sample Business Label 14d9bbad
972-000631,LPDDR4,K4FBE3D4HB-KHCL,Sample Business Label 887d7f95,pcs,piece,Sample Business Label 17302eae,Sample Business Label 09caa247,Purchased,112.00,,,1.00,461.654946,Sample Business Label 14d9bbad
539-000388,Sample Business Label 333baf41,OCP18XH103F03RB,Sample Business Label 887d7f95,pcs,piece,Sample Business Label 17302eae,Sample Business Label 5fe53d48,Purchased,112.00,,,1.00,0.116955,Sample Business Label 14d9bbad
795-000617,Sample Business Label f61bdd32,Sample Business Label 174b4e3c,Sample Business Label 1674b06f,pcs,piece,Sample Business Label 4bf28cec,Sample Business Label 2d85aff0,Purchased,14.00,,,1.00,,Sample Business Label 14d9bbad
972-000458,Sample Business Label 184e1d64,SS331XF,Sample Business Label 887d7f95,pcs,piece,Sample Business Label 17302eae,Sample Business Label 09caa247,Purchased,42.00,,,1.00,0.224983,Sample Business Label 14d9bbad
356-000294,Sample Business Label b56b1df1,3243-207MG0ABNUR8,Sample Business Label 887d7f95,pcs,piece,Sample Business Label 4bf28cec,Sample Business Label db158135,Purchased,28.00,,,1.00,0.540027,Sample Business Label 14d9bbad
539-000383,Sample Business Label b85ec631,"8.25K,0402,1%",Sample Business Label 887d7f95,pcs,piece,Sample Business Label 17302eae,Sample Business Label 5fe53d48,Purchased,84.00,,,1.00,0.001469,Sample Business Label 14d9bbad
994-000455,Sample Business Label 183277ad,,Sample Business Label 1674b06f,pcs,piece,Sample Business Label 4bf28cec,Sample Business Label d9643929,Purchased,35.00,,,1.00,,Sample Business Label 14d9bbad
972-000737,EMMC,SS70B32G4S15G,Sample Business Label 887d7f95,pcs,piece,Sample Business Label 17302eae,Sample Business Label 09caa247,Purchased,72.00,,,1.00,179.999960,Sample Business Label 14d9bbad
539-000345,Sample Business Label b85ec631,"220K,0402,1%",Sample Business Label 887d7f95,pcs,piece,Sample Business Label 17302eae,Sample Business Label 5fe53d48,Purchased,84.00,,,1.00,0.002825,Sample Business Label 14d9bbad
849-000636,Sample Business Label c7b8a6a2,Sample Business Label 35ae2f17,Sample Business Label 887d7f95,pcs,piece,Sample Business Label 4bf28cec,Sample Business Label 0f3d50d5,Purchased,17.00,,,1.00,,Sample Business Label 14d9bbad
972-000624,MCU,GS32R294HAK0MJDR,Sample Business Label 887d7f95,pcs,piece,Sample Business Label 17302eae,Sample Business Label 09caa247,Purchased,168.00,,,1.00,116.499949,Sample Business Label 14d9bbad
165-001486,Sample Business Label 9cd5dca0,Sample Business Label 02ded0e4,Autonomous Driving,pcs,piece,Sample Business Label 4bf28cec,Sample Business Label bde42e5a,Purchased,35.00,,,1.00,,Sample Business Label 14d9bbad
895-000033,Sample Business Label 6b215fcc,Sample Business Label 405b11f4,Sample Business Label 887d7f95,pcs,piece,Sample Business Label 4bf28cec,Sample Business Label d7716c4a,Purchased,18.00,,,1.00,0.329960,Sample Business Label 14d9bbad
468-000655,Sample Business Label f6283f0a,Sample Business Label cc2b596b,Sample Business Label 1674b06f,pcs,piece,Sample Business Label 0e5444d0,Sample Business Label a5e675d6,Purchased,1.00,,,1.00,7.999948,Sample Business Label 14d9bbad
690-000027,Sample Business Label 2f7f1f3d,TP0605URPGC,Sample Business Label 887d7f95,pcs,piece,Sample Business Label 17302eae,Sample Business Label f3ac5013,Purchased,30.00,,,1.00,0.180009,Sample Business Label 14d9bbad
733-000166,Sample Business Label 1ef5a5d1,IPIM322512-S22M,Sample Business Label 887d7f95,pcs,piece,Sample Business Label 17302eae,Sample Business Label f3f2ee9b,Purchased,28.00,,,1.00,0.309959,Sample Business Label 14d9bbad
364-000019,Sample Business Label 0ef46b3b,TMD0603B004TF,Sample Business Label 887d7f95,pcs,piece,Sample Business Label 17302eae,Sample Business Label d8af7f3d,Purchased,133.00,,,1.00,,Sample Business Label 14d9bbad
539-000254,Sample Business Label b85ec631,"2.2M,0402,1%",Sample Business Label 887d7f95,pcs,piece,Sample Business Label 17302eae,Sample Business Label 5fe53d48,Purchased,98.00,,,1.00,0.001469,Sample Business Label 14d9bbad
895-000090,Sample Business Label 17db6d2d,K2-2266-180-00-250,Sample Business Label 887d7f95,pcs,piece,Sample Business Label 4bf28cec,Sample Business Label d7716c4a,Purchased,28.00,,,1.00,0.095033,Sample Business Label 14d9bbad
849-001195,Sample Business Label a1d28d9d,Sample Business Label a95993fd,Sample Business Label 96053b3e,pcs,piece,Sample Business Label 4bf28cec,Sample Business Label 0f3d50d5,Purchased,1.00,,,1.00,68.000010,Sample Business Label 14d9bbad
539-000141,Sample Business Label b85ec631,"17.4K,0402,1%",Sample Business Label 887d7f95,pcs,piece,Sample Business Label 17302eae,Sample Business Label 5fe53d48,Purchased,84.00,,,1.00,0.001469,Sample Business Label 14d9bbad
539-000152,Sample Business Label b85ec631,"10M,0402,1%",Sample Business Label 887d7f95,pcs,piece,Sample Business Label 17302eae,Sample Business Label 5fe53d48,Purchased,84.00,,,1.00,0.001921,Sample Business Label 14d9bbad
454-000157,Sample Business Label e55eeeed,NMSZ5270BT1G,Sample Business Label 887d7f95,pcs,piece,Sample Business Label 17302eae,Sample Business Label 5680b573,Purchased,1.00,,,1.00,,Sample Business Label 14d9bbad
356-000292,Sample Business Label 22c9f0ee,ZZKWF12547-102ZSNAR1,Sample Business Label 887d7f95,pcs,piece,Sample Business Label 4bf28cec,Sample Business Label db158135,Purchased,25.00,,,1.00,0.120006,Sample Business Label 14d9bbad
733-000244,Sample Business Label 26a99aed,BMCW3225B-2-101T,Sample Business Label 887d7f95,pcs,piece,Sample Business Label 17302eae,Sample Business Label f3f2ee9b,Purchased,105.00,,,1.00,,Sample Business Label 14d9bbad
165-001456,Sample Business Label dbac307a,Sample Business Label 19b27302,Sample Business Label 761a79a0,pcs,piece,Sample Business Label 4bf28cec,Sample Business Label bde42e5a,Purchased,28.00,,,1.00,,Sample Business Label 14d9bbad
972-000702,Sample Business Label caa3d4a6,NT6709QC-STD,Sample Business Label 887d7f95,pcs,piece,Sample Business Label 17302eae,Sample Business Label 09caa247,Purchased,90.00,,,1.00,9.800038,Sample Business Label 14d9bbad
165-002068,Sample Business Label c8781153,Sample Business Label ba3fc207,Sample Business Label 1674b06f,pcs,piece,Sample Business Label 4bf28cec,Sample Business Label bde42e5a,Purchased,14.00,,,1.00,,Sample Business Label 14d9bbad
588-000664,Sample Business Label 437acf88,Sample Business Label 437acf88,Sample Business Label 1674b06f,pcs,piece,Sample Business Label f0207843,Sample Business Label 6ca8a46d,Outsourced,1.00,,,1.00,,Sample Business Label 14d9bbad
165-000266,Sample Business Label 9d539d7f,Sample Business Label d3605913,Autonomous Driving,pcs,piece,Sample Business Label 4bf28cec,Sample Business Label bde42e5a,Purchased,21.00,,,1.00,0.056500,Sample Business Label 14d9bbad
725-000074,Sample Business Label 05087a91,"20pf,50V,0402,5%",Sample Business Label 887d7f95,pcs,piece,Sample Business Label 17302eae,Sample Business Label 07789cfe,Purchased,28.00,,,1.00,0.006102,Sample Business Label 14d9bbad
165-001817,Sample Business Label f5144a72,Sample Business Label 19ebfa3c,Sample Business Label 1674b06f,pcs,piece,Sample Business Label 4bf28cec,Sample Business Label bde42e5a,Purchased,28.00,,,1.00,9.240010,Sample Business Label 14d9bbad
588-000551,Sample Business Label 16f18287,Sample Business Label 16f18287,Sample Business Label 1674b06f,pcs,piece,Sample Business Label f0207843,Sample Business Label 6ca8a46d,Outsourced,13.00,,,1.00,,Sample Business Label 14d9bbad
549-000881,Sample Business Label 126c7334,Sample Business Label 5745b99e,Autonomous Driving,pcs,piece,Sample Business Label 0e5444d0,Sample Business Label 5b88d24a,Purchased,28.00,,,1.00,,Sample Business Label 14d9bbad
356-000283,Sample Business Label 2cae84b2,Sample Business Label 69af389c,Sample Business Label 887d7f95,pcs,piece,Sample Business Label 4bf28cec,Sample Business Label db158135,Purchased,35.00,,,1.00,8.799988,Sample Business Label 14d9bbad
539-000409,Sample Business Label b85ec631,"1K,0402,1%",Sample Business Label 887d7f95,pcs,piece,Sample Business Label 17302eae,Sample Business Label 5fe53d48,Purchased,56.00,,,1.00,0.001808,Sample Business Label 14d9bbad
165-001976,Sample Business Label d307da82,Sample Business Label 1abe8c84,Sample Business Label 1674b06f,pcs,piece,Sample Business Label 4bf28cec,Sample Business Label bde42e5a,Purchased,21.00,,,1.00,,Sample Business Label 14d9bbad
725-000366,Sample Business Label 05087a91,47nF 16V 1402 10% X7R,Sample Business Label 887d7f95,pcs,piece,Sample Business Label 17302eae,Sample Business Label 07789cfe,Purchased,77.00,,,1.00,0.003164,Sample Business Label 14d9bbad
454-000285,Sample Business Label e55eeeed,CZD52C20,Sample Business Label 887d7f95,pcs,piece,Sample Business Label 17302eae,Sample Business Label 5680b573,Purchased,56.00,,,1.00,0.072433,Sample Business Label 14d9bbad
539-000517,Sample Business Label b85ec631,"348k,0402,1%",Sample Business Label 887d7f95,pcs,piece,Sample Business Label 17302eae,Sample Business Label 5fe53d48,Purchased,98.00,,,1.00,0.001469,Sample Business Label 14d9bbad
795-001188,Sample Business Label 46cd8cfc,50*120,Sample Business Label 96053b3e,pcs,piece,Sample Business Label 4bf28cec,Sample Business Label 2d85aff0,Purchased,28.00,,,1.00,2.834040,Sample Business Label 14d9bbad
972-000473,Sample Business Label 339a7e9a,BW9666QNR,Sample Business Label 887d7f95,pcs,piece,Sample Business Label 17302eae,Sample Business Label 09caa247,Purchased,392.00,,,1.00,0.609974,Sample Business Label 14d9bbad
356-000375,Sample Business Label 3453c0fd,ZZK2243-220MG0ANBUR4,Sample Business Label 887d7f95,pcs,piece,Sample Business Label 4bf28cec,Sample Business Label db158135,Purchased,25.00,,,1.00,1.234977,Sample Business Label 14d9bbad
994-000280,Sample Business Label f7628ba1,Sample Business Label e15bb5d1,Sample Business Label 5c716e22,pcs,piece,Sample Business Label 4bf28cec,Sample Business Label d9643929,Purchased,35.00,,,1.00,,Sample Business Label 14d9bbad
165-000721,Sample Business Label 16a2a3a1,Sample Business Label 197cfe5e,Sample Business Label 887d7f95,pcs,piece,Sample Business Label 4bf28cec,Sample Business Label bde42e5a,Purchased,14.00,,,1.00,,Sample Business Label 14d9bbad
549-001147,Sample Business Label 9377fcfc,,Sample Business Label 1674b06f,pcs,piece,Sample Business Label 0e5444d0,Sample Business Label 5b88d24a,Purchased,48.00,,,1.00,,Sample Business Label 14d9bbad
356-000251,Sample Business Label 8ea89ecb,XB1502A-002R-TAND,Sample Business Label 887d7f95,pcs,piece,Sample Business Label 4bf28cec,Sample Business Label db158135,Purchased,25.00,,,1.00,0.140007,Sample Business Label 14d9bbad
165-001466,Sample Business Label f60c4c59,Sample Business Label 135fa714,Autonomous Driving,pcs,piece,Sample Business Label 4bf28cec,Sample Business Label bde42e5a,Purchased,21.00,,,1.00,,Sample Business Label 14d9bbad
994-000329,Sample Business Label ce1fb930,Sample Business Label 78e3c36d,Sample Business Label 761a79a0,pcs,piece,Sample Business Label 4bf28cec,Sample Business Label d9643929,Purchased,35.00,,,1.00,,Sample Business Label 14d9bbad
994-000068,Sample Business Label a8ae08f5,Sample Business Label 2fdb439d,Sample Business Label 7bdc2d0a,pcs,piece,Sample Business Label 4bf28cec,Sample Business Label d9643929,Purchased,35.00,,,1.00,5.500049,Sample Business Label 14d9bbad
165-001208,Sample Business Label 4c4b4497,Sample Business Label 1b78fc6a,Sample Business Label 7bdc2d0a,pcs,piece,Sample Business Label 4bf28cec,Sample Business Label bde42e5a,Purchased,28.00,,,1.00,,Sample Business Label 14d9bbad
849-001300,Sample Business Label 4b2cadee,Sample Business Label 7e383bac,Sample Business Label 96053b3e,pcs,piece,Sample Business Label 4bf28cec,Sample Business Label 0f3d50d5,Purchased,1.00,,,1.00,0.335610,Sample Business Label 14d9bbad
454-000304,Sample Business Label 9ace67c7,TRV05-4A,Sample Business Label 887d7f95,pcs,piece,Sample Business Label 17302eae,Sample Business Label 5680b573,Purchased,56.00,,,1.00,0.120006,Sample Business Label 14d9bbad
165-001436,Sample Business Label 2508e693,Sample Business Label 6c491320,Sample Business Label 1674b06f,pcs,piece,Sample Business Label 4bf28cec,Sample Business Label bde42e5a,Purchased,35.00,,,1.00,,Sample Business Label 14d9bbad
356-000401,Sample Business Label 1f002575,Sample Business Label 27b7b772,Sample Business Label 887d7f95,pcs,piece,Sample Business Label 4bf28cec,Sample Business Label db158135,Purchased,35.00,,,1.00,11.199995,Sample Business Label 14d9bbad
165-000770,Sample Business Label d82b3959,Sample Business Label 12f924b7,Autonomous Driving,pcs,piece,Sample Business Label 4bf28cec,Sample Business Label bde42e5a,Purchased,21.00,,,1.00,,Sample Business Label 14d9bbad
725-000079,Sample Business Label 05087a91,"470nF,50V,0402,10%",Sample Business Label 887d7f95,pcs,piece,Sample Business Label 17302eae,Sample Business Label 07789cfe,Purchased,98.00,,,1.00,0.120006,Sample Business Label 14d9bbad
972-000768,Sample Business Label 5c617ad2,UMI3112H,Sample Business Label 887d7f95,pcs,piece,Sample Business Label 17302eae,Sample Business Label 09caa247,Purchased,42.00,,,1.00,0.200010,Sample Business Label 14d9bbad
165-003486,Sample Business Label 024eb102,Sample Business Label 2ee1ded4,Sample Business Label 1674b06f,pcs,piece,Sample Business Label 4bf28cec,Sample Business Label bde42e5a,Purchased,28.00,,,1.00,,Sample Business Label 14d9bbad
165-000858,Sample Business Label b9788690,Sample Business Label ba87da41,Sample Business Label 1674b06f,pcs,piece,Sample Business Label 4bf28cec,Sample Business Label bde42e5a,Purchased,28.00,,,1.00,,Sample Business Label 14d9bbad
849-001431,Sample Business Label 4831a264,,Sample Business Label 96053b3e,pcs,piece,Sample Business Label 4bf28cec,Sample Business Label 08885629,Purchased,1.00,,,1.00,,Sample Business Label 14d9bbad
363-000538,Sample Business Label bc8cdac2,,Sample Business Label 96053b3e,pcs,piece,Sample Business Label 0e5444d0,Sample Business Label 797c70ef,Purchased,35.00,,,1.00,59.999949,Sample Business Label 14d9bbad
849-001287,Sample Business Label 63311745,Sample Business Label 5bf31d9b,Sample Business Label 96053b3e,pcs,piece,Sample Business Label 4bf28cec,Sample Business Label 0f3d50d5,Purchased,1.00,,,1.00,0.058082,Sample Business Label 14d9bbad
358-000063,Sample Business Label a1d3a332,BOTL66912,Sample Business Label 887d7f95,pcs,piece,Sample Business Label 17302eae,Sample Business Label 5bce86f3,Purchased,140.00,,,1.00,13.399992,Sample Business Label 14d9bbad
725-000060,Sample Business Label 05087a91,"3.3nF,50V,0402,10%",Sample Business Label 887d7f95,pcs,piece,Sample Business Label 17302eae,Sample Business Label 07789cfe,Purchased,126.00,,,1.00,0.004181,Sample Business Label 14d9bbad
849-001209,Sample Business Label 26b7b8df,Sample Business Label 03a32517,Sample Business Label 96053b3e,pcs,piece,Sample Business Label 4bf28cec,Sample Business Label 0f3d50d5,Purchased,1.00,,,1.00,77.999945,Sample Business Label 14d9bbad
321-000371,Sample Business Label 799ad36c,YC402_SK3568_P2_PCB,Sample Business Label 1674b06f,pcs,piece,Sample Business Label 17302eae,Sample Business Label cbf023bc,Purchased,35.00,,,1.00,37.999979,Sample Business Label 14d9bbad
838-000305,Sample Business Label 7e7086ad,YN402MAIN-SC668S-EM-V1.0,Sample Business Label 1674b06f,pcs,piece,Sample Business Label 0e5444d0,Sample Business Label 6e9ebdaf,Purchased,35.00,,,1.00,,Sample Business Label 14d9bbad
363-000572,Sample Business Label 38400eec,,Sample Business Label 96053b3e,pcs,piece,Sample Business Label 0e5444d0,Sample Business Label 797c70ef,Purchased,35.00,,,1.00,7.004079,Sample Business Label 14d9bbad
849-000335,Sample Business Label b27ac22c,Sample Business Label c9d2faf4,Sample Business Label 887d7f95,pcs,piece,Sample Business Label 4bf28cec,Sample Business Label 0f3d50d5,Purchased,17.00,,,1.00,,Sample Business Label 14d9bbad
165-003216,Sample Business Label b22a4ef9,Sample Business Label 60fc3c0c,Sample Business Label 1674b06f,pcs,piece,Sample Business Label 4bf28cec,Sample Business Label bde42e5a,Purchased,28.00,,,1.00,5.939958,Sample Business Label 14d9bbad
795-000437,Sample Business Label 8ab4158e,Sample Business Label 3dfe0c1d,Sample Business Label 1674b06f,pcs,piece,Sample Business Label 4bf28cec,Sample Business Label 2d85aff0,Purchased,17.00,,,1.00,,Sample Business Label 14d9bbad
725-000354,Sample Business Label 05087a91,"100PF,50V,0603,5%",Sample Business Label 887d7f95,pcs,piece,Sample Business Label 17302eae,Sample Business Label 07789cfe,Purchased,60.00,,,1.00,0.007006,Sample Business Label 14d9bbad
849-001349,Sample Business Label d8a6d72c,Sample Business Label a59fa663,Sample Business Label 1674b06f,pcs,piece,Sample Business Label 4bf28cec,Sample Business Label 0f3d50d5,Purchased,1.00,,,1.00,,Sample Business Label 14d9bbad
606-000380,Sample Business Label d6a94d4b,Sample Business Label 9b6f94db,Sample Business Label 735ac064,pcs,piece,Sample Business Label 0e5444d0,Sample Business Label 84fc6382,Purchased,14.00,,,1.00,2.749968,Sample Business Label 14d9bbad
321-000370,Sample Business Label 83d98a3d,YC102_Navigation_Handle_P1_PCB,Autonomous Driving,pcs,piece,Sample Business Label 17302eae,Sample Business Label cbf023bc,Purchased,35.00,,,1.00,2.509956,Sample Business Label 14d9bbad
795-000265,Sample Business Label 90e41a92,Sample Business Label 000b8e4d,Autonomous Driving,pcs,piece,Sample Business Label 4bf28cec,Sample Business Label 2d85aff0,Purchased,21.00,,,1.00,,Sample Business Label 14d9bbad
356-000503,Sample Business Label 4160e27d,ZZKA2006CWR-2x8P,Sample Business Label 887d7f95,pcs,piece,Sample Business Label 4bf28cec,Sample Business Label db158135,Purchased,25.00,,,1.00,0.329960,Sample Business Label 14d9bbad
733-000082,Sample Business Label be98a238,XPN252012ER47MT,Sample Business Label 887d7f95,pcs,piece,Sample Business Label 17302eae,Sample Business Label f3f2ee9b,Purchased,28.00,,,1.00,0.150968,Sample Business Label 14d9bbad
165-002076,Sample Business Label c76a7bac,Sample Business Label 089631d8,Sample Business Label 1674b06f,pcs,piece,Sample Business Label 4bf28cec,Sample Business Label bde42e5a,Purchased,28.00,,,1.00,,Sample Business Label 14d9bbad
994-000403,Sample Business Label 4cb72499,,Sample Business Label 1674b06f,pcs,piece,Sample Business Label 4bf28cec,Sample Business Label d9643929,Purchased,35.00,,,1.00,,Sample Business Label 14d9bbad
321-000578,YC403_SK3576_P1.1_PCB,YC403_SK3576_P1.1_PCB,Sample Business Label 1674b06f,pcs,piece,Sample Business Label 17302eae,Sample Business Label cbf023bc,Purchased,45.00,,,1.00,34.360023,Sample Business Label 14d9bbad
588-000500,Sample Business Label 4a6a94e4,Sample Business Label 4a6a94e4,Sample Business Label 1674b06f,pcs,piece,Sample Business Label f0207843,Sample Business Label 6ca8a46d,Outsourced,33.00,,,1.00,,Sample Business Label 14d9bbad
321-000487,YS508_FPC_40PIN_P0_PCB,YS508_FPC_40PIN_P0_PCB,Sample Business Label 1674b06f,pcs,piece,Sample Business Label 17302eae,Sample Business Label cbf023bc,Purchased,35.00,,,1.00,1.799977,Sample Business Label 14d9bbad
849-001188,Sample Business Label f04a69d2,Sample Business Label a95993fd,Sample Business Label 96053b3e,pcs,piece,Sample Business Label 4bf28cec,Sample Business Label 0f3d50d5,Purchased,1.00,,,1.00,201.420014,Sample Business Label 14d9bbad
165-002514,Sample Business Label fed0ec63,Sample Business Label 04d63e42,Sample Business Label 1674b06f,pcs,piece,Sample Business Label 4bf28cec,Sample Business Label bde42e5a,Purchased,14.00,,,1.00,0.944793,Sample Business Label 14d9bbad
588-000430,YC400_Terminal_P5_S01_PCBA,YC400_Terminal_P5_S01_PCBA,Sample Business Label 761a79a0,pcs,piece,Sample Business Label f0207843,Sample Business Label 6ca8a46d,Outsourced,33.00,,,1.00,,Sample Business Label 14d9bbad
321-000456,Sample Business Label 218b6162,Sample Business Label 218b6162,Sample Business Label 1674b06f,pcs,piece,Sample Business Label 17302eae,Sample Business Label cbf023bc,Purchased,45.00,,,1.00,11.199995,Sample Business Label 14d9bbad
972-000685,Sample Business Label f9230bdd,JNA104ASOIC8,Sample Business Label 887d7f95,pcs,piece,Sample Business Label 17302eae,Sample Business Label 09caa247,Purchased,42.00,,,1.00,2.800027,Sample Business Label 14d9bbad
733-000207,Sample Business Label be98a238,TPH4030HR47NT,Sample Business Label 887d7f95,pcs,piece,Sample Business Label 17302eae,Sample Business Label f3f2ee9b,Purchased,140.00,,,1.00,0.196959,Sample Business Label 14d9bbad
733-000078,Sample Business Label de3ed42c,VPZ1608U220-6R0TF,Sample Business Label 887d7f95,pcs,piece,Sample Business Label 17302eae,Sample Business Label f3f2ee9b,Purchased,98.00,,,1.00,0.027007,Sample Business Label 14d9bbad
539-000571,Sample Business Label b85ec631,100k，1206，1%,Sample Business Label 887d7f95,pcs,piece,Sample Business Label 17302eae,Sample Business Label 5fe53d48,Purchased,84.00,,,1.00,0.010961,Sample Business Label 14d9bbad
539-000341,Sample Business Label b85ec631,"10K,1206,1%",Sample Business Label 887d7f95,pcs,piece,Sample Business Label 17302eae,Sample Business Label 5fe53d48,Purchased,84.00,,,1.00,0.008362,Sample Business Label 14d9bbad
838-000336,Sample Business Label 3c61e7d4,Sample Business Label c3acfc76,Sample Business Label 1674b06f,pcs,piece,Sample Business Label 0e5444d0,Sample Business Label 6e9ebdaf,Purchased,35.00,,,1.00,,Sample Business Label 14d9bbad
306-000005,Sample Business Label acb49a18,,Autonomous Driving,pcs,piece,Sample Business Label f0207843,Sample Business Label afdb7944,In-house,1.00,,,1.00,,Sample Business Label 14d9bbad
321-000375,Sample Business Label 986219e9,YN402_BAT_CON_P1_PCB,Sample Business Label 1674b06f,pcs,piece,Sample Business Label 17302eae,Sample Business Label cbf023bc,Purchased,30.00,,,1.00,1.049996,Sample Business Label 14d9bbad
539-000175,Sample Business Label b85ec631,"0R,0402,1%",Sample Business Label 887d7f95,pcs,piece,Sample Business Label 17302eae,Sample Business Label 5fe53d48,Purchased,35.00,,,1.00,0.001243,Sample Business Label 14d9bbad
791-000016,Sample Business Label 65667b1b,Sample Business Label 5fc6aec6,Autonomous Driving,pcs,piece,Sample Business Label f0207843,Sample Business Label eba66936,In-house,,,,1.00,,Sample Business Label 14d9bbad
994-000538,Sample Business Label a2f95771,,Sample Business Label 1674b06f,pcs,piece,Sample Business Label 4bf28cec,Sample Business Label d9643929,Purchased,35.00,,,1.00,,Sample Business Label 14d9bbad
539-000082,Sample Business Label b85ec631,"243K,0402,1%",Sample Business Label 887d7f95,pcs,piece,Sample Business Label 17302eae,Sample Business Label 5fe53d48,Purchased,84.00,,,1.00,0.001921,Sample Business Label 14d9bbad
849-001196,Sample Business Label 16ad6a62,40Cr,Sample Business Label 96053b3e,pcs,piece,Sample Business Label 4bf28cec,Sample Business Label 0f3d50d5,Purchased,1.00,,,1.00,75.999958,Sample Business Label 14d9bbad
539-000633,Sample Business Label b85ec631,"68R,0402,±1%",Sample Business Label 887d7f95,pcs,piece,Sample Business Label 17302eae,Sample Business Label 5fe53d48,Purchased,84.00,,,1.00,0.003955,Sample Business Label 14d9bbad
795-000814,Sample Business Label 9b4dde79,Sample Business Label 4ef19710,Sample Business Label 1674b06f,pcs,piece,Sample Business Label 4bf28cec,Sample Business Label 2d85aff0,Purchased,13.00,,,1.00,0.040567,Sample Business Label 14d9bbad
165-003384,Sample Business Label b49c857c,Sample Business Label b8ba89cc,Sample Business Label 96053b3e,pcs,piece,Sample Business Label 4bf28cec,Sample Business Label bde42e5a,Purchased,1.00,,,1.00,39.999966,Sample Business Label 14d9bbad
725-000522,Sample Business Label e59cf86c,Sample Business Label b392eed5,Sample Business Label 887d7f95,pcs,piece,Sample Business Label 17302eae,Sample Business Label 07789cfe,Purchased,40.00,,,1.00,1.899982,Sample Business Label 14d9bbad
356-000191,Sample Business Label 6f9d6b2e,CT25-02V240-12A,Sample Business Label 887d7f95,pcs,piece,Sample Business Label 4bf28cec,Sample Business Label db158135,Purchased,25.00,,,1.00,0.785011,Sample Business Label 14d9bbad
165-003007,Sample Business Label c799b7d5,L*W*H：56.8*31.8*11.5mm,Sample Business Label 1674b06f,pcs,piece,Sample Business Label 4bf28cec,Sample Business Label bde42e5a,Purchased,28.00,,,1.00,1.504821,Sample Business Label 14d9bbad
690-000008,Sample Business Label 87b7b2fd,"Red,304-10SURDS530-A3-L_V3",Sample Business Label 887d7f95,pcs,piece,Sample Business Label 17302eae,Sample Business Label f3ac5013,Purchased,35.00,,,1.00,0.109949,Sample Business Label 14d9bbad
994-000467,Sample Business Label f9a41cd4,,Sample Business Label 1674b06f,pcs,piece,Sample Business Label 4bf28cec,Sample Business Label d9643929,Purchased,35.00,,,1.00,,Sample Business Label 14d9bbad
539-000171,Sample Business Label b85ec631,"30.9K,0402,1%",Sample Business Label 887d7f95,pcs,piece,Sample Business Label 17302eae,Sample Business Label 5fe53d48,Purchased,112.00,,,1.00,0.003051,Sample Business Label 14d9bbad
260-000038,Sample Business Label 8d0f568d,,Sample Business Label 761a79a0,pcs,piece,Sample Business Label f0207843,Sample Business Label ffacf96f,In-house,1.00,,,1.00,,Sample Business Label 14d9bbad
165-000229,Sample Business Label fd368e2e,Sample Business Label cfe4b769,Autonomous Driving,pcs,piece,Sample Business Label 4bf28cec,Sample Business Label bde42e5a,Purchased,21.00,,,1.00,0.043957,Sample Business Label 14d9bbad
725-000160,Sample Business Label 05087a91,"16pf,50v,0402,5%",Sample Business Label 887d7f95,pcs,piece,Sample Business Label 17302eae,Sample Business Label 07789cfe,Purchased,84.00,,,1.00,,Sample Business Label 14d9bbad
725-000167,Sample Business Label 05087a91,"100uF,10V,1210,20%",Sample Business Label 887d7f95,pcs,piece,Sample Business Label 17302eae,Sample Business Label 07789cfe,Purchased,70.00,,,1.00,0.566356,Sample Business Label 14d9bbad
895-000089,Sample Business Label 17db6d2d,K2-2266-160-00-250,Sample Business Label 887d7f95,pcs,piece,Sample Business Label 4bf28cec,Sample Business Label d7716c4a,Purchased,28.00,,,1.00,0.100005,Sample Business Label 14d9bbad
849-001262,Sample Business Label 25cace38,Sample Business Label edef5550,Sample Business Label 96053b3e,pcs,piece,Sample Business Label 4bf28cec,Sample Business Label 0f3d50d5,Purchased,1.00,,,1.00,0.905130,Sample Business Label 14d9bbad
994-000630,Sample Business Label 6fd5e2e4,,Sample Business Label 761a79a0,pcs,piece,Sample Business Label 4bf28cec,Sample Business Label d9643929,Purchased,35.00,,,1.00,,Sample Business Label 14d9bbad
539-000120,Sample Business Label b85ec631,"20K,0603,1%",Sample Business Label 887d7f95,pcs,piece,Sample Business Label 17302eae,Sample Business Label 5fe53d48,Purchased,84.00,,,1.00,0.003503,Sample Business Label 14d9bbad
539-000378,Sample Business Label b85ec631,"24R,0402,1%",Sample Business Label 887d7f95,pcs,piece,Sample Business Label 17302eae,Sample Business Label 5fe53d48,Purchased,112.00,,,1.00,0.002825,Sample Business Label 14d9bbad
849-001182,Sample Business Label 332c59b8,Sample Business Label a95993fd,Sample Business Label 96053b3e,pcs,piece,Sample Business Label 4bf28cec,Sample Business Label 0f3d50d5,Purchased,1.00,,,1.00,30.000031,Sample Business Label 14d9bbad
849-000023,Sample Business Label 6c4bdf35,Sample Business Label efb2e3f3,Sample Business Label 887d7f95,pcs,piece,Sample Business Label 4bf28cec,Sample Business Label 0f3d50d5,Purchased,15.00,,,1.00,,Sample Business Label 14d9bbad
356-000616,Sample Business Label 4cba58c4,Sample Business Label 75ea6864,Sample Business Label 1674b06f,pcs,piece,Sample Business Label 4bf28cec,Sample Business Label db158135,Purchased,35.00,,,1.00,,Sample Business Label 14d9bbad
725-000118,Sample Business Label 05087a91,"22uf,10V,0805,20%",Sample Business Label 887d7f95,pcs,piece,Sample Business Label 17302eae,Sample Business Label 07789cfe,Purchased,70.00,,,1.00,0.056952,Sample Business Label 14d9bbad
725-000352,Sample Business Label 05087a91,"1nF,100V,0805,10%",Sample Business Label 887d7f95,pcs,piece,Sample Business Label 17302eae,Sample Business Label 07789cfe,Purchased,98.00,,,1.00,0.018984,Sample Business Label 14d9bbad
539-000487,Sample Business Label 362ab609,"15K,0402,0.1%",Sample Business Label 887d7f95,pcs,piece,Sample Business Label 17302eae,Sample Business Label 5fe53d48,Purchased,133.00,,,1.00,0.067009,Sample Business Label 14d9bbad
588-000634,YS508_3T4R_80G_9232_P0_PCBA,YS508_3T4R_80G_9232_P0_PCBA,Sample Business Label 1674b06f,pcs,piece,Sample Business Label f0207843,Sample Business Label 6ca8a46d,Outsourced,13.00,,,1.00,,Sample Business Label 14d9bbad
867-000010,Sample Business Label 713c8bb9,UB201L,Sample Business Label 735ac064,pcs,piece,Sample Business Label f0207843,Sample Business Label 5400fdaa,In-house,1.00,,,1.00,,Sample Business Label 14d9bbad
795-001192,Sample Business Label a396d52f,45*35*5,Sample Business Label 96053b3e,pcs,piece,Sample Business Label 4bf28cec,Sample Business Label 2d85aff0,Purchased,1.00,,,1.00,4.247218,Sample Business Label 14d9bbad
539-000304,Sample Business Label b85ec631,"137K,0402,1%",Sample Business Label 887d7f95,pcs,piece,Sample Business Label 17302eae,Sample Business Label 5fe53d48,Purchased,84.00,,,1.00,0.003051,Sample Business Label 14d9bbad
308-000020,Sample Business Label ef8ff691,,Sample Business Label 1674b06f,pcs,piece,Sample Business Label f0207843,Sample Business Label 813d8697,In-house,1.00,,,1.00,,Sample Business Label 14d9bbad
849-001246,Sample Business Label 36eba2dd,Sample Business Label b4babe50,Sample Business Label 96053b3e,pcs,piece,Sample Business Label 4bf28cec,Sample Business Label 0f3d50d5,Purchased,1.00,,,1.00,270.000053,Sample Business Label 14d9bbad
795-000441,Sample Business Label 6d354098,L*W*H=12*12*1.2mm，6W,Sample Business Label 1674b06f,pcs,piece,Sample Business Label 4bf28cec,Sample Business Label 2d85aff0,Purchased,14.00,,,1.00,,Sample Business Label 14d9bbad
849-001192,Sample Business Label 68ef032f,Sample Business Label a95993fd,Sample Business Label 96053b3e,pcs,piece,Sample Business Label 4bf28cec,Sample Business Label 0f3d50d5,Purchased,1.00,,,1.00,28.000044,Sample Business Label 14d9bbad
795-001181,Sample Business Label cc7fb2d5,22*28,Sample Business Label 96053b3e,pcs,piece,Sample Business Label 4bf28cec,Sample Business Label 2d85aff0,Purchased,28.00,,,1.00,4.181000,Sample Business Label 14d9bbad
849-001278,Sample Business Label 60c00c73,M2*6 45#,Sample Business Label 96053b3e,pcs,piece,Sample Business Label 4bf28cec,Sample Business Label 0f3d50d5,Purchased,1.00,,,1.00,0.035030,Sample Business Label 14d9bbad
525-000200,Sample Business Label 740075a9,,Sample Business Label 1674b06f,pcs,piece,Sample Business Label f0207843,Sample Business Label 8e427e07,In-house,1.00,,,1.00,,Sample Business Label 14d9bbad
356-000613,Sample Business Label 54c09df4,Sample Business Label 1f776229,Sample Business Label 1674b06f,pcs,piece,Sample Business Label 4bf28cec,Sample Business Label db158135,Purchased,35.00,,,1.00,,Sample Business Label 14d9bbad
972-000625,NOR FLASH,NX25U25645GXDQ00,Sample Business Label 887d7f95,pcs,piece,Sample Business Label 17302eae,Sample Business Label 09caa247,Purchased,140.00,,,1.00,23.999957,Sample Business Label 14d9bbad
972-000215,Sample Business Label 66d870af,UJA1042T/3,Sample Business Label 887d7f95,pcs,piece,Sample Business Label 17302eae,Sample Business Label 09caa247,Purchased,1.00,,,1.00,12.088740,Sample Business Label 14d9bbad
539-000200,Sample Business Label b85ec631,"5.1R,1206,1%",Sample Business Label 887d7f95,pcs,piece,Sample Business Label 17302eae,Sample Business Label 5fe53d48,Purchased,84.00,,,1.00,0.025990,Sample Business Label 14d9bbad
356-000341,Sample Business Label ce49d741,RF-YN125-1,Sample Business Label 887d7f95,pcs,piece,Sample Business Label 4bf28cec,Sample Business Label db158135,Purchased,60.00,,,1.00,0.140007,Sample Business Label 14d9bbad
588-000296,Sample Business Label 928ffd77,Sample Business Label 928ffd77,Sample Business Label 1674b06f,pcs,piece,Sample Business Label f0207843,Sample Business Label 6ca8a46d,Outsourced,33.00,,,1.00,,Sample Business Label 14d9bbad
849-001391,Sample Business Label 05103d85,,Sample Business Label 96053b3e,pcs,piece,Sample Business Label 4bf28cec,Sample Business Label 0f3d50d5,Purchased,1.00,,,1.00,,Sample Business Label 14d9bbad
972-000716,DDR4,GDQ2BFAA-WQ,Sample Business Label 887d7f95,pcs,piece,Sample Business Label 17302eae,Sample Business Label 09caa247,Purchased,84.00,,,1.00,105.000052,Sample Business Label 14d9bbad
539-000249,Sample Business Label b85ec631,"82.5K,0402,1%",Sample Business Label 887d7f95,pcs,piece,Sample Business Label 17302eae,Sample Business Label 5fe53d48,Purchased,84.00,,,1.00,0.001469,Sample Business Label 14d9bbad
795-000636,Sample Business Label 9604cd9e,Sample Business Label ab3d8b93,Sample Business Label 1674b06f,pcs,piece,Sample Business Label 4bf28cec,Sample Business Label 2d85aff0,Purchased,14.00,,,1.00,,Sample Business Label 14d9bbad
972-000770,Sample Business Label c5beeb14,TCT2230DTVDR,Sample Business Label 887d7f95,pcs,piece,Sample Business Label 17302eae,Sample Business Label 09caa247,Purchased,56.00,,,1.00,0.309959,Sample Business Label 14d9bbad
165-002401,Sample Business Label 6f0e55da,Sample Business Label d44c7668,Sample Business Label 1674b06f,pcs,piece,Sample Business Label 4bf28cec,Sample Business Label bde42e5a,Purchased,35.00,,,1.00,14.999959,Sample Business Label 14d9bbad
795-000946,Sample Business Label 66a0724d,Sample Business Label a60f6aeb,Autonomous Driving,pcs,piece,Sample Business Label 4bf28cec,Sample Business Label 2d85aff0,Purchased,21.00,,,1.00,0.420021,Sample Business Label 14d9bbad
725-000242,Sample Business Label 05087a91,"100nf,10v,0201,10%,X7R",Sample Business Label 887d7f95,pcs,piece,Sample Business Label 17302eae,Sample Business Label 07789cfe,Purchased,112.00,,,1.00,0.016950,Sample Business Label 14d9bbad
539-000318,Sample Business Label b85ec631,"0R,1206,5%",Sample Business Label 887d7f95,pcs,piece,Sample Business Label 17302eae,Sample Business Label 5fe53d48,Purchased,35.00,,,1.00,0.005650,Sample Business Label 14d9bbad
454-000175,Sample Business Label 13a7d943,TMBJ36CA,Sample Business Label 887d7f95,pcs,piece,Sample Business Label 17302eae,Sample Business Label 5680b573,Purchased,56.00,,,1.00,0.149951,Sample Business Label 14d9bbad
539-000591,Sample Business Label b85ec631,1R，0402，1%,Sample Business Label 887d7f95,pcs,piece,Sample Business Label 17302eae,Sample Business Label 5fe53d48,Purchased,84.00,,,1.00,0.003842,Sample Business Label 14d9bbad
165-002058,Sample Business Label f64cb44a,Sample Business Label 8cfc9c5b,Sample Business Label 1674b06f,pcs,piece,Sample Business Label 4bf28cec,Sample Business Label bde42e5a,Purchased,28.00,,,1.00,,Sample Business Label 14d9bbad
539-000368,Sample Business Label b85ec631,"10R,2512,1%",Sample Business Label 887d7f95,pcs,piece,Sample Business Label 17302eae,Sample Business Label 5fe53d48,Purchased,98.00,,,1.00,0.169952,Sample Business Label 14d9bbad
849-000281,Sample Business Label 17ff2297,Sample Business Label 91a67adb,Sample Business Label 887d7f95,pcs,piece,Sample Business Label 4bf28cec,Sample Business Label 0f3d50d5,Purchased,14.00,,,1.00,,Sample Business Label 14d9bbad
972-000758,eMMC,KLMCG4JEUD-C04Q,Sample Business Label 887d7f95,pcs,piece,Sample Business Label 17302eae,Sample Business Label 09caa247,Purchased,112.00,,,1.00,95.000004,Sample Business Label 14d9bbad
101-000002,BW5005DNRZ,BW5005DNRZ,Sample Business Label 887d7f95,pcs,piece,Sample Business Label 17302eae,Sample Business Label 93cbaf79,Purchased,98.00,,,1.00,0.130063,Sample Business Label 14d9bbad
358-000097,Sample Business Label af8d9873,MMBT3906LT1G,Sample Business Label 887d7f95,pcs,piece,Sample Business Label 17302eae,Sample Business Label 5bce86f3,Purchased,84.00,,,1.00,0.020114,Sample Business Label 14d9bbad
539-000066,Sample Business Label b85ec631,"1.5K,0402,1%",Sample Business Label 887d7f95,pcs,piece,Sample Business Label 17302eae,Sample Business Label 5fe53d48,Purchased,84.00,,,1.00,0.001469,Sample Business Label 14d9bbad
165-000805,Sample Business Label 27190375,Sample Business Label ac828201,Sample Business Label 1674b06f,pcs,piece,Sample Business Label 4bf28cec,Sample Business Label bde42e5a,Purchased,21.00,,,1.00,,Sample Business Label 14d9bbad
588-000469,YC540S_SPRINKLER_P1_S01_PCBA,YC540S_SPRINKLER_P1_S01_PCBA,Sample Business Label 1674b06f,pcs,piece,Sample Business Label f0207843,Sample Business Label 6ca8a46d,Outsourced,33.00,,,1.00,,Sample Business Label 14d9bbad
849-000204,Sample Business Label ea240e6e,Sample Business Label 56c74366,Sample Business Label 887d7f95,pcs,piece,Sample Business Label 4bf28cec,Sample Business Label 0f3d50d5,Purchased,14.00,,,1.00,,Sample Business Label 14d9bbad
725-000141,Sample Business Label 05087a91,"10nF,25V,0402,10%",Sample Business Label 887d7f95,pcs,piece,Sample Business Label 17302eae,Sample Business Label 07789cfe,Purchased,126.00,,,1.00,0.003503,Sample Business Label 14d9bbad
321-000510,Sample Business Label 7b3a7bbf,Sample Business Label 7b3a7bbf,Sample Business Label 1674b06f,pcs,piece,Sample Business Label 17302eae,Sample Business Label cbf023bc,Purchased,35.00,,,1.00,0.549971,Sample Business Label 14d9bbad
588-000457,Sample Business Label c6d34f18,YN402_BAT_CON_P1,Sample Business Label 1674b06f,pcs,piece,Sample Business Label f0207843,Sample Business Label 6ca8a46d,Outsourced,33.00,,,1.00,,Sample Business Label 14d9bbad
795-000620,Sample Business Label ee7aa7de,Sample Business Label 9d339caa,Sample Business Label 1674b06f,pcs,piece,Sample Business Label 4bf28cec,Sample Business Label 2d85aff0,Purchased,21.00,,,1.00,,Sample Business Label 14d9bbad
165-003399,Sample Business Label 95064cdd,Sample Business Label 56be129d,Sample Business Label 96053b3e,pcs,piece,Sample Business Label 4bf28cec,Sample Business Label bde42e5a,Purchased,1.00,,,1.00,129.999946,Sample Business Label 14d9bbad
356-000615,Sample Business Label 84c97fdf,Sample Business Label 537aa9bb,Sample Business Label 1674b06f,pcs,piece,Sample Business Label 4bf28cec,Sample Business Label db158135,Purchased,35.00,,,1.00,,Sample Business Label 14d9bbad
539-000076,Sample Business Label b85ec631,"33K,0402,1%",Sample Business Label 887d7f95,pcs,piece,Sample Business Label 17302eae,Sample Business Label 5fe53d48,Purchased,84.00,,,1.00,0.001921,Sample Business Label 14d9bbad
972-000610,Sample Business Label 66d870af,UPT1042V-SO1R-S,Sample Business Label 887d7f95,pcs,piece,Sample Business Label 17302eae,Sample Business Label 09caa247,Purchased,112.00,,,1.00,0.760038,Sample Business Label 14d9bbad
165-003445,Sample Business Label 49ac062a,XCPF0250A-60,Sample Business Label 96053b3e,pcs,piece,Sample Business Label 4bf28cec,Sample Business Label bde42e5a,Purchased,1.00,,,1.00,13.050031,Sample Business Label 14d9bbad
725-000134,Sample Business Label 05087a91,"10nf,100V,1206,5%",Sample Business Label 887d7f95,pcs,piece,Sample Business Label 17302eae,Sample Business Label 07789cfe,Purchased,112.00,,,1.00,0.075032,Sample Business Label 14d9bbad
733-000132,Sample Business Label 26a99aed,BCMA4532HT-110Y,Sample Business Label 887d7f95,pcs,piece,Sample Business Label 17302eae,Sample Business Label f3f2ee9b,Purchased,98.00,,,1.00,,Sample Business Label 14d9bbad
358-000149,Sample Business Label 6e2963c0,MMBT5551LT1G,Sample Business Label 887d7f95,pcs,piece,Sample Business Label 17302eae,Sample Business Label 5bce86f3,Purchased,45.00,,,1.00,0.029945,Sample Business Label 14d9bbad
838-000285,Sample Business Label ca8d8434,Sample Business Label 974a6d0e,Sample Business Label 1674b06f,pcs,piece,Sample Business Label 0e5444d0,Sample Business Label 6e9ebdaf,Purchased,35.00,,,1.00,,Sample Business Label 14d9bbad
165-001762,Sample Business Label 22d93916,Sample Business Label 0890c769,Sample Business Label 1674b06f,pcs,piece,Sample Business Label 4bf28cec,Sample Business Label bde42e5a,Purchased,14.00,,,1.00,0.145996,Sample Business Label 14d9bbad
849-001241,Sample Business Label 2fedc5b2,Sample Business Label 52d6fe55,Sample Business Label 96053b3e,pcs,piece,Sample Business Label 4bf28cec,Sample Business Label 0f3d50d5,Purchased,35.00,,,1.00,123.000048,Sample Business Label 14d9bbad
353-000166,Sample Business Label 622a1232,,Sample Business Label 96053b3e,pcs,piece,Sample Business Label f0207843,Sample Business Label e1a5ffe2,In-house,,,,1.00,,Sample Business Label 14d9bbad
838-000251,Sample Business Label e13f879c,Sample Business Label 12fe191f,Sample Business Label 761a79a0,pcs,piece,Sample Business Label 0e5444d0,Sample Business Label 6e9ebdaf,Purchased,28.00,,,1.00,,Sample Business Label 14d9bbad
733-000152,Sample Business Label 34671b0e,ORVD252012-100M,Sample Business Label 887d7f95,pcs,piece,Sample Business Label 17302eae,Sample Business Label f3f2ee9b,Purchased,28.00,,,1.00,0.109949,Sample Business Label 14d9bbad
725-000418,Sample Business Label 05087a91,"47uF,6.3V,0805,20%,X5R",Sample Business Label 887d7f95,pcs,piece,Sample Business Label 17302eae,Sample Business Label 07789cfe,Purchased,56.00,,,1.00,0.083055,Sample Business Label 14d9bbad
849-001234,Sample Business Label 9973098a,Sample Business Label 48a4b152,Sample Business Label 96053b3e,pcs,piece,Sample Business Label 4bf28cec,Sample Business Label 0f3d50d5,Purchased,1.00,,,1.00,77.999945,Sample Business Label 14d9bbad
725-000388,Sample Business Label a7763a2a,"1.5-6GHz 30dB,100pF,50V,1A,0603,20%",Sample Business Label 887d7f95,pcs,piece,Sample Business Label 17302eae,Sample Business Label 07789cfe,Purchased,133.00,,,1.00,0.235040,Sample Business Label 14d9bbad
539-000600,Sample Business Label b85ec631,Sample Business Label 29c2f124,Sample Business Label 887d7f95,pcs,piece,Sample Business Label 17302eae,Sample Business Label 5fe53d48,Purchased,112.00,,,1.00,0.049833,Sample Business Label 14d9bbad
733-000122,Sample Business Label 1ef5a5d1,OR4030-3R3M,Sample Business Label 887d7f95,pcs,piece,Sample Business Label 17302eae,Sample Business Label f3f2ee9b,Purchased,30.00,,,1.00,0.108028,Sample Business Label 14d9bbad
356-000561,Sample Business Label 31af6b52,QF202A62B-04V040-1TR,Autonomous Driving,pcs,piece,Sample Business Label 4bf28cec,Sample Business Label db158135,Purchased,25.00,,,1.00,0.620031,Sample Business Label 14d9bbad
849-001291,Sample Business Label 7169a737,Sample Business Label e5f6f8a2,Sample Business Label 96053b3e,pcs,piece,Sample Business Label 4bf28cec,Sample Business Label 0f3d50d5,Purchased,1.00,,,1.00,0.043957,Sample Business Label 14d9bbad
165-003395,Sample Business Label 074ca0c8,Sample Business Label b8ba89cc,Sample Business Label 96053b3e,pcs,piece,Sample Business Label 4bf28cec,Sample Business Label bde42e5a,Purchased,1.00,,,1.00,44.999990,Sample Business Label 14d9bbad
165-001547,Sample Business Label 40165599,Sample Business Label bf653fac,Autonomous Driving,pcs,piece,Sample Business Label 4bf28cec,Sample Business Label bde42e5a,Purchased,28.00,,,1.00,,Sample Business Label 14d9bbad
606-000130,Sample Business Label 32a276f9,,Autonomous Driving,pcs,piece,Sample Business Label 0e5444d0,Sample Business Label 84fc6382,Purchased,14.00,,,1.00,,Sample Business Label 14d9bbad
838-000330,Sample Business Label 15c30353,Sample Business Label 42342ae9,Sample Business Label 7bdc2d0a,pcs,piece,Sample Business Label 0e5444d0,Sample Business Label 6e9ebdaf,Purchased,35.00,,,1.00,,Sample Business Label 14d9bbad
165-000279,Sample Business Label bf738462,Sample Business Label 03daf731,Sample Business Label 761a79a0,pcs,piece,Sample Business Label 4bf28cec,Sample Business Label bde42e5a,Purchased,21.00,,,1.00,,Sample Business Label 14d9bbad
165-002362,Sample Business Label c4abf9f0,Sample Business Label 92fc6645,Sample Business Label 1674b06f,pcs,piece,Sample Business Label 4bf28cec,Sample Business Label bde42e5a,Purchased,28.00,,,1.00,5.300039,Sample Business Label 14d9bbad
588-000765,Sample Business Label af55f8c4,YN403_FRONT_CONTAOL_BOARD_P0_PCBA,Sample Business Label 96053b3e,pcs,piece,Sample Business Label f0207843,Sample Business Label 6ca8a46d,Outsourced,1.00,,,1.00,,Sample Business Label 14d9bbad
539-000232,Sample Business Label b85ec631,"36K,1206,1%",Sample Business Label 887d7f95,pcs,piece,Sample Business Label 17302eae,Sample Business Label 5fe53d48,Purchased,35.00,,,1.00,0.007910,Sample Business Label 14d9bbad
165-002736,Sample Business Label 1ac1825b,Sample Business Label 93d71f35,Sample Business Label 1674b06f,pcs,piece,Sample Business Label 4bf28cec,Sample Business Label bde42e5a,Purchased,8.00,,,1.00,0.395500,Sample Business Label 14d9bbad
454-000217,Sample Business Label 2b176d5b,KSPJ560A,Sample Business Label 887d7f95,pcs,piece,Sample Business Label 17302eae,Sample Business Label 5680b573,Purchased,56.00,,,1.00,0.264985,Sample Business Label 14d9bbad
725-000143,Sample Business Label 05087a91,"22uF,25V,1210,10%",Sample Business Label 887d7f95,pcs,piece,Sample Business Label 17302eae,Sample Business Label 07789cfe,Purchased,84.00,,,1.00,0.778005,Sample Business Label 14d9bbad
972-000764,MPU,TTM32MP257AAL3,Sample Business Label 887d7f95,pcs,piece,Sample Business Label 17302eae,Sample Business Label 09caa247,Purchased,98.00,,,1.00,48.200037,Sample Business Label 14d9bbad
356-000390,Sample Business Label 8bb67568,TPCA2-16R316-1TR,Sample Business Label 887d7f95,pcs,piece,Sample Business Label 4bf28cec,Sample Business Label db158135,Purchased,25.00,,,1.00,0.549971,Sample Business Label 14d9bbad
733-000169,Sample Business Label de3ed42c,DBW322513U102T,Sample Business Label 887d7f95,pcs,piece,Sample Business Label 17302eae,Sample Business Label f3f2ee9b,Purchased,30.00,,,1.00,0.174020,Sample Business Label 14d9bbad
539-000046,Sample Business Label b85ec631,"91K,0402,1%",Sample Business Label 887d7f95,pcs,piece,Sample Business Label 17302eae,Sample Business Label 5fe53d48,Purchased,84.00,,,1.00,0.001921,Sample Business Label 14d9bbad
539-000006,Sample Business Label b85ec631,"4.7K,0402,1%",Sample Business Label 887d7f95,pcs,piece,Sample Business Label 17302eae,Sample Business Label 5fe53d48,Purchased,84.00,,,1.00,0.001921,Sample Business Label 14d9bbad
454-000259,Sample Business Label 58ef7a6d,1N4148WT,Sample Business Label 887d7f95,pcs,piece,Sample Business Label 17302eae,Sample Business Label 5680b573,Purchased,70.00,,,1.00,0.031527,Sample Business Label 14d9bbad
363-000559,Sample Business Label 9e65cbc0,,Sample Business Label 96053b3e,pcs,piece,Sample Business Label 0e5444d0,Sample Business Label 797c70ef,Purchased,35.00,,,1.00,131.667600,Sample Business Label 14d9bbad
356-000364,Sample Business Label 147ba55d,ZZK1220-2208SG0A17001,Sample Business Label 887d7f95,pcs,piece,Sample Business Label 4bf28cec,Sample Business Label db158135,Purchased,25.00,,,1.00,0.540027,Sample Business Label 14d9bbad
165-002756,Sample Business Label 37fc748b,Sample Business Label 9411cd8b,Sample Business Label 1674b06f,pcs,piece,Sample Business Label 4bf28cec,Sample Business Label bde42e5a,Purchased,14.00,,,1.00,3.619955,Sample Business Label 14d9bbad
539-000256,Sample Business Label b85ec631,"300K,0805,1%",Sample Business Label 887d7f95,pcs,piece,Sample Business Label 17302eae,Sample Business Label 5fe53d48,Purchased,98.00,,,1.00,0.006215,Sample Business Label 14d9bbad
321-000301,Sample Business Label c3f8c883,Sample Business Label f37df8eb,Sample Business Label 735ac064,pcs,piece,Sample Business Label 17302eae,Sample Business Label cbf023bc,Purchased,35.00,,,1.00,0.349057,Sample Business Label 14d9bbad
593-000023,Sample Business Label 480fc4fe,,Sample Business Label 7bdc2d0a,pcs,piece,Sample Business Label f0207843,Sample Business Label a68f67a0,In-house,1.00,,,1.00,,Sample Business Label 14d9bbad
849-001356,Sample Business Label 9ec74cef,M10*16,Sample Business Label 96053b3e,pcs,piece,Sample Business Label 4bf28cec,Sample Business Label 0f3d50d5,Purchased,1.00,,,1.00,1.158024,Sample Business Label 14d9bbad
165-002724,Sample Business Label fcbef1cc,Sample Business Label dc2329f6,Autonomous Driving,pcs,piece,Sample Business Label 4bf28cec,Sample Business Label bde42e5a,Purchased,14.00,,,1.00,0.149951,Sample Business Label 14d9bbad
165-003203,Sample Business Label a0f1eb09,Sample Business Label b3bda879,Sample Business Label 1674b06f,pcs,piece,Sample Business Label 4bf28cec,Sample Business Label bde42e5a,Purchased,28.00,,,1.00,8.810045,Sample Business Label 14d9bbad
795-000614,Sample Business Label ddff3049,Sample Business Label 92c8f13e,Sample Business Label 5c716e22,pcs,piece,Sample Business Label 4bf28cec,Sample Business Label 2d85aff0,Purchased,21.00,,,1.00,,Sample Business Label 14d9bbad
588-000450,Sample Business Label 35e995d9,Sample Business Label 35e995d9,Sample Business Label 1674b06f,pcs,piece,Sample Business Label f0207843,Sample Business Label 6ca8a46d,Outsourced,33.00,,,1.00,,Sample Business Label 14d9bbad
539-000155,Sample Business Label b85ec631,"8.2K,0402,1%",Sample Business Label 887d7f95,pcs,piece,Sample Business Label 17302eae,Sample Business Label 5fe53d48,Purchased,84.00,,,1.00,0.001921,Sample Business Label 14d9bbad
725-000286,Sample Business Label 05087a91,"100uF,6.3V,1206,20%,X5R",Sample Business Label 887d7f95,pcs,piece,Sample Business Label 17302eae,Sample Business Label 07789cfe,Purchased,70.00,,,1.00,0.329960,Sample Business Label 14d9bbad
539-000102,Sample Business Label b85ec631,"49.9R,0603,1%",Sample Business Label 887d7f95,pcs,piece,Sample Business Label 17302eae,Sample Business Label 5fe53d48,Purchased,84.00,,,1.00,0.002825,Sample Business Label 14d9bbad
539-000331,Sample Business Label b85ec631,"2.7M,0402,1%",Sample Business Label 887d7f95,pcs,piece,Sample Business Label 17302eae,Sample Business Label 5fe53d48,Purchased,98.00,,,1.00,0.002034,Sample Business Label 14d9bbad
849-001186,Sample Business Label 8c4013f3,Sample Business Label a95993fd,Sample Business Label 96053b3e,pcs,piece,Sample Business Label 4bf28cec,Sample Business Label 0f3d50d5,Purchased,1.00,,,1.00,649.999956,Sample Business Label 14d9bbad
165-001411,Sample Business Label 9e0070fa,Sample Business Label 156e6766,Sample Business Label 1674b06f,pcs,piece,Sample Business Label 4bf28cec,Sample Business Label bde42e5a,Purchased,35.00,,,1.00,,Sample Business Label 14d9bbad
972-000085,Sample Business Label 4e600f44,BL-M8723DS1,Sample Business Label 887d7f95,pcs,piece,Sample Business Label 17302eae,Sample Business Label 09caa247,Purchased,28.00,,,1.00,,Sample Business Label 14d9bbad
358-000012,Sample Business Label 7212157d,NMBT3906LT1G,Sample Business Label 887d7f95,pcs,piece,Sample Business Label 17302eae,Sample Business Label 5bce86f3,Purchased,140.00,,,1.00,0.068704,Sample Business Label 14d9bbad
725-000382,Sample Business Label 89ff0d72,FH5R5V474T,Sample Business Label 887d7f95,pcs,piece,Sample Business Label 17302eae,Sample Business Label 07789cfe,Purchased,28.00,,,1.00,1.663699,Sample Business Label 14d9bbad
725-000028,Sample Business Label 05087a91,"100pF,50V,0402,5%",Sample Business Label 887d7f95,pcs,piece,Sample Business Label 17302eae,Sample Business Label 07789cfe,Purchased,126.00,,,1.00,0.003390,Sample Business Label 14d9bbad
849-001263,Sample Business Label 1bc1335c,Sample Business Label 11ba854c,Sample Business Label 96053b3e,pcs,piece,Sample Business Label 4bf28cec,Sample Business Label 0f3d50d5,Purchased,1.00,,,1.00,0.295495,Sample Business Label 14d9bbad
972-000574,Sample Business Label 43ef32f9,ALG52810P0-1-TC,Sample Business Label 887d7f95,pcs,piece,Sample Business Label 17302eae,Sample Business Label 09caa247,Purchased,42.00,,,1.00,18.200006,Sample Business Label 14d9bbad
165-000763,Sample Business Label 2a23c613,Sample Business Label 8588bb2e,Autonomous Driving,pcs,piece,Sample Business Label 4bf28cec,Sample Business Label bde42e5a,Purchased,21.00,,,1.00,,Sample Business Label 14d9bbad
539-000311,Sample Business Label b85ec631,"2.2R,0402,1%,1/16W",Sample Business Label 887d7f95,pcs,piece,Sample Business Label 17302eae,Sample Business Label 5fe53d48,Purchased,112.00,,,1.00,0.004633,Sample Business Label 14d9bbad
733-000117,Sample Business Label 43b7aeb5,INR4020-1R0N,Sample Business Label 887d7f95,pcs,piece,Sample Business Label 17302eae,Sample Business Label f3f2ee9b,Purchased,28.00,,,1.00,0.108028,Sample Business Label 14d9bbad
972-000092,Sample Business Label b0584487,SS722XM,Sample Business Label 887d7f95,pcs,piece,Sample Business Label 17302eae,Sample Business Label 09caa247,Purchased,28.00,,,1.00,,Sample Business Label 14d9bbad
588-000826,YN608_ESC_P0_CAPS_PCBA,,Sample Business Label 96053b3e,pcs,piece,Sample Business Label f0207843,Sample Business Label 6ca8a46d,Outsourced,1.00,,,1.00,,Sample Business Label 14d9bbad
972-000815,Sample Business Label 99bd4951,TK6615CS5,Sample Business Label 887d7f95,pcs,piece,Sample Business Label 17302eae,Sample Business Label 09caa247,Purchased,42.00,,,1.00,0.104977,Sample Business Label 14d9bbad
539-000442,Sample Business Label b85ec631,"150R,0402,1%",Sample Business Label 887d7f95,pcs,piece,Sample Business Label 17302eae,Sample Business Label 5fe53d48,Purchased,56.00,,,1.00,0.001243,Sample Business Label 14d9bbad
539-000236,Sample Business Label b85ec631,"3.65K,0402,1%",Sample Business Label 887d7f95,pcs,piece,Sample Business Label 17302eae,Sample Business Label 5fe53d48,Purchased,98.00,,,1.00,0.001469,Sample Business Label 14d9bbad
725-000023,Sample Business Label 05087a91,"1nF,16V,0402,10%",Sample Business Label 887d7f95,pcs,piece,Sample Business Label 17302eae,Sample Business Label 07789cfe,Purchased,112.00,,,1.00,0.006554,Sample Business Label 14d9bbad
795-000877,Sample Business Label 3e20259e,,Sample Business Label 1674b06f,pcs,piece,Sample Business Label 4bf28cec,Sample Business Label 2d85aff0,Purchased,42.00,,,1.00,,Sample Business Label 14d9bbad
165-001269,Sample Business Label 9256e8e2,,Autonomous Driving,pcs,piece,Sample Business Label 4bf28cec,Sample Business Label bde42e5a,Purchased,28.00,,,1.00,,Sample Business Label 14d9bbad
356-000524,Sample Business Label 1ba64463,CB613-H40P-C0R,Sample Business Label 887d7f95,pcs,piece,Sample Business Label 4bf28cec,Sample Business Label db158135,Purchased,25.00,,,1.00,1.610024,Sample Business Label 14d9bbad
725-000372,Sample Business Label 05087a91,15pF 50V 1402 5%  C0G,Sample Business Label 887d7f95,pcs,piece,Sample Business Label 17302eae,Sample Business Label 07789cfe,Purchased,77.00,,,1.00,0.002147,Sample Business Label 14d9bbad
895-000087,Sample Business Label 289ee311,LN6060A1-20H80-0PTR,Sample Business Label 887d7f95,pcs,piece,Sample Business Label 4bf28cec,Sample Business Label d7716c4a,Purchased,28.00,,,1.00,0.160008,Sample Business Label 14d9bbad
725-000064,Sample Business Label 05087a91,"4.7uF,10V,0402,10%",Sample Business Label 887d7f95,pcs,piece,Sample Business Label 17302eae,Sample Business Label 07789cfe,Purchased,126.00,,,1.00,0.013221,Sample Business Label 14d9bbad
588-000271,Sample Business Label 3cbc3f33,YN408_SIM_P1_S01_PCBA,Autonomous Driving,pcs,piece,Sample Business Label f0207843,Sample Business Label 6ca8a46d,Outsourced,28.00,,,1.00,,Sample Business Label 14d9bbad
849-000731,Sample Business Label b501f227,Sample Business Label 8797aa63,Sample Business Label 887d7f95,pcs,piece,Sample Business Label 4bf28cec,Sample Business Label 0f3d50d5,Purchased,13.00,,,1.00,,Sample Business Label 14d9bbad
606-000853,Sample Business Label 7cca7cd3,,Autonomous Driving,pcs,piece,Sample Business Label 0e5444d0,Sample Business Label 84fc6382,Purchased,14.00,,,1.00,3.499949,Sample Business Label 14d9bbad
539-000577,Sample Business Label b85ec631,"22R,1206,1%",Sample Business Label 887d7f95,pcs,piece,Sample Business Label 17302eae,Sample Business Label 5fe53d48,Purchased,84.00,,,1.00,0.011526,Sample Business Label 14d9bbad
353-000179,Sample Business Label 8a9ccbc1,,Sample Business Label 96053b3e,pcs,piece,Sample Business Label f0207843,Sample Business Label e1a5ffe2,In-house,,,,1.00,,Sample Business Label 14d9bbad
165-001430,Sample Business Label d5ca9ab8,Sample Business Label 1e6b9bdc,Sample Business Label 1674b06f,pcs,piece,Sample Business Label 4bf28cec,Sample Business Label bde42e5a,Purchased,28.00,,,1.00,,Sample Business Label 14d9bbad
994-000545,Sample Business Label 4bfe85ff,,Sample Business Label 1674b06f,pcs,piece,Sample Business Label 4bf28cec,Sample Business Label d9643929,Purchased,35.00,,,1.00,,Sample Business Label 14d9bbad
356-000253,Sample Business Label 2690ef7a,Sample Business Label 0bbb2751,Sample Business Label 887d7f95,pcs,piece,Sample Business Label 4bf28cec,Sample Business Label db158135,Purchased,42.00,,,1.00,5.174948,Sample Business Label 14d9bbad
795-000863,Sample Business Label 9f1704fa,Sample Business Label 2cb19454,Autonomous Driving,pcs,piece,Sample Business Label 4bf28cec,Sample Business Label 2d85aff0,Purchased,21.00,,,1.00,,Sample Business Label 14d9bbad
849-001242,Sample Business Label 2d07b65d,Sample Business Label 52d6fe55,Sample Business Label 96053b3e,pcs,piece,Sample Business Label 4bf28cec,Sample Business Label 0f3d50d5,Purchased,35.00,,,1.00,39.000029,Sample Business Label 14d9bbad
849-001252,Sample Business Label 32aa29ae,Sample Business Label b6558fd3,Sample Business Label 96053b3e,pcs,piece,Sample Business Label 4bf28cec,Sample Business Label 0f3d50d5,Purchased,28.00,,,1.00,5.999961,Sample Business Label 14d9bbad
795-001201,Sample Business Label c4ceb3a8,,Sample Business Label 96053b3e,pcs,piece,Sample Business Label 4bf28cec,Sample Business Label 2d85aff0,Purchased,28.00,,,1.00,0.624212,Sample Business Label 14d9bbad
539-000269,Sample Business Label b85ec631,"29.4K,0402,1%",Sample Business Label 887d7f95,pcs,piece,Sample Business Label 17302eae,Sample Business Label 5fe53d48,Purchased,84.00,,,1.00,0.001921,Sample Business Label 14d9bbad
795-001178,Sample Business Label 1316842d,B119B-2,Sample Business Label 96053b3e,pcs,piece,Sample Business Label 4bf28cec,Sample Business Label 2d85aff0,Purchased,28.00,,,1.00,33.674000,Sample Business Label 14d9bbad
733-000130,Sample Business Label 1ef5a5d1,TWPA4020S2R2MT,Sample Business Label 887d7f95,pcs,piece,Sample Business Label 17302eae,Sample Business Label f3f2ee9b,Purchased,56.00,,,1.00,0.251651,Sample Business Label 14d9bbad
849-001173,Sample Business Label 7025d149,Sample Business Label cb65b71f,Sample Business Label 96053b3e,pcs,piece,Sample Business Label 4bf28cec,Sample Business Label 0f3d50d5,Purchased,1.00,,,1.00,21.560400,Sample Business Label 14d9bbad
501-000005,Sample Business Label 32dbbfcf,I1601CE,Sample Business Label 887d7f95,pcs,piece,Sample Business Label 17302eae,Sample Business Label 595d3369,Purchased,30.00,,,1.00,,Sample Business Label 14d9bbad
364-000053,Sample Business Label 5d4aa9a6,2010T5A250V,Sample Business Label 887d7f95,pcs,piece,Sample Business Label 17302eae,Sample Business Label d8af7f3d,Purchased,56.00,,,1.00,,Sample Business Label 14d9bbad
356-000463,Sample Business Label ae7479f9,HX12-4P,Sample Business Label 887d7f95,pcs,piece,Sample Business Label 4bf28cec,Sample Business Label db158135,Purchased,42.00,,,1.00,2.099992,Sample Business Label 14d9bbad
356-000612,Sample Business Label 89f95628,Sample Business Label ddb9f8c5,Sample Business Label 1674b06f,pcs,piece,Sample Business Label 4bf28cec,Sample Business Label db158135,Purchased,35.00,,,1.00,,Sample Business Label 14d9bbad
165-002509,Sample Business Label e591d98a,Sample Business Label 49411405,Sample Business Label 1674b06f,pcs,piece,Sample Business Label 4bf28cec,Sample Business Label bde42e5a,Purchased,21.00,,,1.00,2.600017,Sample Business Label 14d9bbad
356-000382,Sample Business Label 83bbce6c,SMN-Q07137-05T,Sample Business Label 887d7f95,pcs,piece,Sample Business Label 4bf28cec,Sample Business Label db158135,Purchased,25.00,,,1.00,0.680034,Sample Business Label 14d9bbad
165-002405,Sample Business Label e66286ee,Sample Business Label 229ac10c,Autonomous Driving,pcs,piece,Sample Business Label 4bf28cec,Sample Business Label bde42e5a,Purchased,14.00,,,1.00,0.340017,Sample Business Label 14d9bbad
321-000373,Sample Business Label 212cd9b1,YN402_ROCKER_Right_CON_P1_PCB,Sample Business Label 1674b06f,pcs,piece,Sample Business Label 17302eae,Sample Business Label cbf023bc,Purchased,30.00,,,1.00,0.680034,Sample Business Label 14d9bbad
165-003471,Sample Business Label d7fc8810,Sample Business Label 2bd63609,Sample Business Label 96053b3e,pcs,piece,Sample Business Label 4bf28cec,Sample Business Label bde42e5a,Purchased,1.00,,,1.00,1.850036,Sample Business Label 14d9bbad
725-000049,Sample Business Label 05087a91,"1UF,200V,2220,10%",Sample Business Label 887d7f95,pcs,piece,Sample Business Label 17302eae,Sample Business Label 07789cfe,Purchased,70.00,,,1.00,2.199997,Sample Business Label 14d9bbad
454-000323,Sample Business Label 2b176d5b,ESS320,Sample Business Label 887d7f95,pcs,piece,Sample Business Label 17302eae,Sample Business Label 5680b573,Purchased,56.00,,,1.00,0.181026,Sample Business Label 14d9bbad
972-000489,MCU,YN32F303CCT6A,Sample Business Label 887d7f95,pcs,piece,Sample Business Label 17302eae,Sample Business Label 09caa247,Purchased,84.00,,,1.00,3.939971,Sample Business Label 14d9bbad
468-000095,Sample Business Label d28b6016,Sample Business Label d28b6016,Sample Business Label 7bdc2d0a,pcs,piece,Sample Business Label 0e5444d0,Sample Business Label a5e675d6,Purchased,23.00,,,1.00,,Sample Business Label 14d9bbad
165-001560,Sample Business Label b99d0537,38mm*7mm*5.5mm,Autonomous Driving,pcs,piece,Sample Business Label 4bf28cec,Sample Business Label bde42e5a,Purchased,21.00,,,1.00,0.129046,Sample Business Label 14d9bbad
321-000507,Sample Business Label 47b12785,YN580_BACK_CONTROL_BOARD_P3_PCB,Sample Business Label 1674b06f,pcs,piece,Sample Business Label 17302eae,Sample Business Label cbf023bc,Purchased,35.00,,,1.00,24.499982,Sample Business Label 14d9bbad
972-000822,Sample Business Label 61d82687,TY6884PYC,Sample Business Label 887d7f95,pcs,piece,Sample Business Label 17302eae,Sample Business Label 09caa247,Purchased,56.00,,,1.00,2.340004,Sample Business Label 14d9bbad
539-000506,Sample Business Label 5816c98b,KNP 5WS 400Ω 5% T,Sample Business Label 887d7f95,pcs,piece,Sample Business Label 17302eae,Sample Business Label 5fe53d48,Purchased,28.00,,,1.00,0.300015,Sample Business Label 14d9bbad
972-000725,PMIC,SK806S-5,Sample Business Label 887d7f95,pcs,piece,Sample Business Label 17302eae,Sample Business Label 09caa247,Purchased,28.00,,,1.00,7.500036,Sample Business Label 14d9bbad
733-000098,Sample Business Label be98a238,YNR5040-4R7M,Sample Business Label 887d7f95,pcs,piece,Sample Business Label 17302eae,Sample Business Label f3f2ee9b,Purchased,24.00,,,1.00,0.153002,Sample Business Label 14d9bbad
454-000087,Sample Business Label ff265172,CV03C-H,Sample Business Label 887d7f95,pcs,piece,Sample Business Label 17302eae,Sample Business Label 5680b573,Purchased,140.00,,,1.00,0.207581,Sample Business Label 14d9bbad
165-001775,Sample Business Label 1b4ae8cd,Sample Business Label 56a3506e,Sample Business Label 1674b06f,pcs,piece,Sample Business Label 4bf28cec,Sample Business Label bde42e5a,Purchased,14.00,,,1.00,0.129950,Sample Business Label 14d9bbad
363-000549,Sample Business Label cd3b2223,Sample Business Label 0afad612,Sample Business Label 96053b3e,pcs,piece,Sample Business Label 0e5444d0,Sample Business Label 797c70ef,Purchased,35.00,,,1.00,5.603670,Sample Business Label 14d9bbad
539-000026,Sample Business Label b85ec631,"10R,0402,1%",Sample Business Label 887d7f95,pcs,piece,Sample Business Label 17302eae,Sample Business Label 5fe53d48,Purchased,84.00,,,1.00,0.003842,Sample Business Label 14d9bbad
321-000482,YS506_MT_BOARD_P2_PCB,YS506_MT_BOARD_P2_PCB,Sample Business Label 1674b06f,pcs,piece,Sample Business Label 17302eae,Sample Business Label cbf023bc,Purchased,45.00,,,1.00,3.249993,Sample Business Label 14d9bbad
725-000357,Sample Business Label 05087a91,18pF 50V 1402 5% NP0,Sample Business Label 887d7f95,pcs,piece,Sample Business Label 17302eae,Sample Business Label 07789cfe,Purchased,98.00,,,1.00,0.002486,Sample Business Label 14d9bbad
358-000159,NMOS,IGN055N12S,Sample Business Label 887d7f95,pcs,piece,Sample Business Label 17302eae,Sample Business Label 5bce86f3,Purchased,105.00,,,1.00,2.500012,Sample Business Label 14d9bbad
454-000281,Sample Business Label 2b176d5b,KSPX540A,Sample Business Label 887d7f95,pcs,piece,Sample Business Label 17302eae,Sample Business Label 5680b573,Purchased,56.00,,,1.00,0.208033,Sample Business Label 14d9bbad
539-000481,Sample Business Label b85ec631,"2.49K,0402,1%",Sample Business Label 887d7f95,pcs,piece,Sample Business Label 17302eae,Sample Business Label 5fe53d48,Purchased,84.00,,,1.00,0.001469,Sample Business Label 14d9bbad
165-001883,Sample Business Label 9c95ace2,Sample Business Label 7b7ffccb,Sample Business Label 1674b06f,pcs,piece,Sample Business Label 4bf28cec,Sample Business Label bde42e5a,Purchased,28.00,,,1.00,,Sample Business Label 14d9bbad
363-000586,Sample Business Label d0c50de4,,Sample Business Label 96053b3e,pcs,piece,Sample Business Label 17302eae,Sample Business Label 797c70ef,Purchased,35.00,,,1.00,,Sample Business Label 14d9bbad
972-000657,Sample Business Label a10bfd4c,M511C-2C,Sample Business Label 887d7f95,pcs,piece,Sample Business Label 17302eae,Sample Business Label 09caa247,Purchased,28.00,,,1.00,12.200045,Sample Business Label 14d9bbad
849-001193,Sample Business Label fa342a37,Sample Business Label a95993fd,Sample Business Label 96053b3e,pcs,piece,Sample Business Label 4bf28cec,Sample Business Label 0f3d50d5,Purchased,1.00,,,1.00,64.999973,Sample Business Label 14d9bbad
539-000372,Sample Business Label b85ec631,"71.5K,0402,1%",Sample Business Label 887d7f95,pcs,piece,Sample Business Label 17302eae,Sample Business Label 5fe53d48,Purchased,84.00,,,1.00,0.001469,Sample Business Label 14d9bbad
539-000480,Sample Business Label b85ec631,"2.7K,2512,1%,1W",Sample Business Label 887d7f95,pcs,piece,Sample Business Label 17302eae,Sample Business Label 5fe53d48,Purchased,42.00,,,1.00,0.068026,Sample Business Label 14d9bbad
356-000081,Sample Business Label 51383bfa,S4151-01,Sample Business Label 887d7f95,pcs,piece,Sample Business Label 4bf28cec,Sample Business Label db158135,Purchased,30.00,,,1.00,0.124978,Sample Business Label 14d9bbad
849-001285,Sample Business Label fc0547cf,R-M25-1.5P-48-12,Sample Business Label 96053b3e,pcs,piece,Sample Business Label 4bf28cec,Sample Business Label 0f3d50d5,Purchased,1.00,,,1.00,14.690000,Sample Business Label 14d9bbad
403-000052,Sample Business Label c11318e5,Sample Business Label 22205bb4,Sample Business Label 5c716e22,pcs,piece,Sample Business Label 17302eae,Sample Business Label 78e42e38,Purchased,33.00,,,1.00,,Sample Business Label 14d9bbad
165-001414,Sample Business Label b9c4553a,Sample Business Label 5225b892,Sample Business Label 1674b06f,pcs,piece,Sample Business Label 4bf28cec,Sample Business Label bde42e5a,Purchased,35.00,,,1.00,,Sample Business Label 14d9bbad
994-000629,Sample Business Label d577e07c,,Sample Business Label 761a79a0,pcs,piece,Sample Business Label 4bf28cec,Sample Business Label d9643929,Purchased,35.00,,,1.00,,Sample Business Label 14d9bbad
588-000694,YN503_Mainboard_P1_PCBA,YN503_Mainboard_P1_PCBA,Autonomous Driving,pcs,piece,Sample Business Label f0207843,Sample Business Label 6ca8a46d,Outsourced,14.00,,,1.00,,Sample Business Label 14d9bbad
795-000689,Sample Business Label 99ad452c,Sample Business Label d770b1da,Sample Business Label 1674b06f,pcs,piece,Sample Business Label 4bf28cec,Sample Business Label 2d85aff0,Purchased,14.00,,,1.00,,Sample Business Label 14d9bbad
795-000908,Sample Business Label 3cc8016f,Sample Business Label ad10223b,Sample Business Label 1674b06f,pcs,piece,Sample Business Label 4bf28cec,Sample Business Label 2d85aff0,Purchased,21.00,,,1.00,0.969992,Sample Business Label 14d9bbad
165-001412,Sample Business Label dd33d6ac,Sample Business Label 156e6766,Sample Business Label 1674b06f,pcs,piece,Sample Business Label 4bf28cec,Sample Business Label bde42e5a,Purchased,35.00,,,1.00,,Sample Business Label 14d9bbad
165-001794,Sample Business Label dd9c4598,Sample Business Label bdfc0b6f,Sample Business Label 1674b06f,pcs,piece,Sample Business Label 4bf28cec,Sample Business Label bde42e5a,Purchased,38.00,,,1.00,12.999972,Sample Business Label 14d9bbad
838-000282,Sample Business Label 3faea5e4,Sample Business Label 3faea5e4,Sample Business Label 1674b06f,pcs,piece,Sample Business Label 0e5444d0,Sample Business Label 6e9ebdaf,Purchased,35.00,,,1.00,,Sample Business Label 14d9bbad
725-000392,Sample Business Label a7763a2a,"0.8-2000MHz 40dB,1UF,100V,6A,1206,20%",Sample Business Label 887d7f95,pcs,piece,Sample Business Label 17302eae,Sample Business Label 07789cfe,Purchased,105.00,,,1.00,0.929990,Sample Business Label 14d9bbad
849-000757,Sample Business Label 2c682269,Sample Business Label d1aea115,Sample Business Label 887d7f95,pcs,piece,Sample Business Label 4bf28cec,Sample Business Label 0f3d50d5,Purchased,17.00,,,1.00,,Sample Business Label 14d9bbad
838-000397,Sample Business Label bc458679,ZK-YS508-DIV-V1.0,Sample Business Label 1674b06f,pcs,piece,Sample Business Label 0e5444d0,Sample Business Label 6e9ebdaf,Purchased,35.00,,,1.00,1.082992,Sample Business Label 14d9bbad
321-000453,Sample Business Label c9067226,YC580_FRONT_RACK_CONTAOL_BOARD_P2-1_BX88772CLI_PCB,Sample Business Label 1674b06f,pcs,piece,Sample Business Label 17302eae,Sample Business Label cbf023bc,Purchased,35.00,,,1.00,23.999957,Sample Business Label 14d9bbad
165-003748,Sample Business Label 890e717e,,Sample Business Label 96053b3e,pcs,piece,Sample Business Label 4bf28cec,Sample Business Label bde42e5a,Purchased,1.00,,,1.00,,Sample Business Label 14d9bbad
454-000046,Sample Business Label 9ace67c7,TRV05-4,Sample Business Label 887d7f95,pcs,piece,Sample Business Label 17302eae,Sample Business Label 5680b573,Purchased,30.00,,,1.00,0.209954,Sample Business Label 14d9bbad
972-000599,Sample Business Label fdbd9695,WAF201610FA-941-1,Sample Business Label 887d7f95,pcs,piece,Sample Business Label 17302eae,Sample Business Label 09caa247,Purchased,30.00,,,1.00,1.599967,Sample Business Label 14d9bbad
849-001226,Sample Business Label 655de399,,Sample Business Label 96053b3e,pcs,piece,Sample Business Label 4bf28cec,Sample Business Label 0f3d50d5,Purchased,1.00,,,1.00,150.000042,Sample Business Label 14d9bbad
165-003389,Sample Business Label 5a63c2b8,Sample Business Label 95992043,Sample Business Label 96053b3e,pcs,piece,Sample Business Label 4bf28cec,Sample Business Label bde42e5a,Purchased,1.00,,,1.00,14.999959,Sample Business Label 14d9bbad
539-000511,Sample Business Label b85ec631,"31.6K,0402,0.5%",Sample Business Label 887d7f95,pcs,piece,Sample Business Label 17302eae,Sample Business Label 5fe53d48,Purchased,42.00,,,1.00,0.001356,Sample Business Label 14d9bbad
725-000336,Sample Business Label 05087a91,"6.2pf,50v,0402,0.25PF",Sample Business Label 887d7f95,pcs,piece,Sample Business Label 17302eae,Sample Business Label 07789cfe,Purchased,98.00,,,1.00,0.002486,Sample Business Label 14d9bbad
165-001323,Sample Business Label f641b395,Sample Business Label d75c4f3d,Sample Business Label 1674b06f,pcs,piece,Sample Business Label 4bf28cec,Sample Business Label bde42e5a,Purchased,42.00,,,1.00,,Sample Business Label 14d9bbad
733-000218,Sample Business Label de3ed42c,HZ1608U601CTF,Sample Business Label 887d7f95,pcs,piece,Sample Business Label 17302eae,Sample Business Label f3f2ee9b,Purchased,105.00,,,1.00,0.220011,Sample Business Label 14d9bbad
539-000139,Sample Business Label b85ec631,"220R,0402,1%",Sample Business Label 887d7f95,pcs,piece,Sample Business Label 17302eae,Sample Business Label 5fe53d48,Purchased,98.00,,,1.00,0.001808,Sample Business Label 14d9bbad
356-000406,Sample Business Label a80a8c45,Sample Business Label 3f207c41,Sample Business Label 887d7f95,pcs,piece,Sample Business Label 4bf28cec,Sample Business Label db158135,Purchased,35.00,,,1.00,6.147200,Sample Business Label 14d9bbad
795-000629,Sample Business Label 1dc3e6ef,Sample Business Label c86d07ac,Sample Business Label 5c716e22,pcs,piece,Sample Business Label 4bf28cec,Sample Business Label 2d85aff0,Purchased,21.00,,,1.00,,Sample Business Label 14d9bbad
554-000087,Sample Business Label 0fc379d3,TCT2360FPB,Sample Business Label 887d7f95,pcs,piece,Sample Business Label 17302eae,Sample Business Label 042b653a,Purchased,56.00,,,1.00,1.599967,Sample Business Label 14d9bbad
725-000041,Sample Business Label 05087a91,"10uF,10V,0805,10%",Sample Business Label 887d7f95,pcs,piece,Sample Business Label 17302eae,Sample Business Label 07789cfe,Purchased,70.00,,,1.00,0.044974,Sample Business Label 14d9bbad
358-000133,Sample Business Label 3d6ff65c,LMTL4P06,Sample Business Label 887d7f95,pcs,piece,Sample Business Label 17302eae,Sample Business Label 5bce86f3,Purchased,28.00,,,1.00,0.249956,Sample Business Label 14d9bbad
539-000320,Sample Business Label b85ec631,"120R,0402,1%",Sample Business Label 887d7f95,pcs,piece,Sample Business Label 17302eae,Sample Business Label 5fe53d48,Purchased,84.00,,,1.00,0.002034,Sample Business Label 14d9bbad
165-003417,Sample Business Label 95eb2d23,Sample Business Label 95eb2d23,Sample Business Label 96053b3e,pcs,piece,Sample Business Label 4bf28cec,Sample Business Label bde42e5a,Purchased,1.00,,,1.00,0.531100,Sample Business Label 14d9bbad
593-000021,Sample Business Label 8d89cdbd,Sample Business Label fee53107,Sample Business Label 7bdc2d0a,pcs,piece,Sample Business Label f0207843,Sample Business Label a68f67a0,In-house,10.00,,,1.00,,Sample Business Label 14d9bbad
849-001233,Sample Business Label 2da06f7c,Sample Business Label 48a4b152,Sample Business Label 96053b3e,pcs,piece,Sample Business Label 4bf28cec,Sample Business Label 0f3d50d5,Purchased,1.00,,,1.00,89.000043,Sample Business Label 14d9bbad
733-000182,Sample Business Label de3ed42c,TMU0805-152M,Sample Business Label 887d7f95,pcs,piece,Sample Business Label 17302eae,Sample Business Label f3f2ee9b,Purchased,30.00,,,1.00,0.068026,Sample Business Label 14d9bbad
849-001324,Sample Business Label 8be34bad,Sample Business Label 3267c247,Sample Business Label 96053b3e,pcs,piece,Sample Business Label 4bf28cec,Sample Business Label 0f3d50d5,Purchased,1.00,,,1.00,0.781960,Sample Business Label 14d9bbad
321-000160,Sample Business Label 8d8b51a4,YS101_MAINBOARD_P3_PCB,Sample Business Label 7bdc2d0a,pcs,piece,Sample Business Label 17302eae,Sample Business Label cbf023bc,Purchased,35.00,,,1.00,1.130000,Sample Business Label 14d9bbad
468-000493,Sample Business Label 1f7b140f,,Autonomous Driving,pcs,piece,Sample Business Label 0e5444d0,Sample Business Label a5e675d6,Purchased,7.00,,,1.00,,Sample Business Label 14d9bbad
589-000020,Sample Business Label 99bd4951,KW5262NMSOTA#TR,Sample Business Label 1674b06f,pcs,piece,Sample Business Label 17302eae,Sample Business Label e2d69e90,Purchased,56.00,,,1.00,,Sample Business Label 14d9bbad
165-001527,Sample Business Label c70cb9f1,Sample Business Label 67ab72f6,Sample Business Label 887d7f95,pcs,piece,Sample Business Label 4bf28cec,Sample Business Label bde42e5a,Purchased,14.00,,,1.00,,Sample Business Label 14d9bbad
972-000418,Sample Business Label 09ded846,TGM6611CYTQV11G/TR,Sample Business Label 887d7f95,pcs,piece,Sample Business Label 17302eae,Sample Business Label 09caa247,Purchased,64.00,,,1.00,1.379956,Sample Business Label 14d9bbad
165-001956,Sample Business Label 5790d34d,Sample Business Label 82209e68,Sample Business Label 1674b06f,pcs,piece,Sample Business Label 4bf28cec,Sample Business Label bde42e5a,Purchased,35.00,,,1.00,,Sample Business Label 14d9bbad
539-000545,Sample Business Label b85ec631,"4.99R,0402,1%",Sample Business Label 887d7f95,pcs,piece,Sample Business Label 17302eae,Sample Business Label 5fe53d48,Purchased,98.00,,,1.00,0.003842,Sample Business Label 14d9bbad
549-000776,Sample Business Label 02dae0e9,,Sample Business Label 1674b06f,pcs,piece,Sample Business Label 0e5444d0,Sample Business Label 5b88d24a,Purchased,42.00,,,1.00,,Sample Business Label 14d9bbad
454-000082,Sample Business Label 6e2963c0,NMBT3904,Sample Business Label 887d7f95,pcs,piece,Sample Business Label 17302eae,Sample Business Label 5680b573,Purchased,30.00,,,1.00,0.060003,Sample Business Label 14d9bbad
725-000391,Sample Business Label 05087a91,1UF，100V，1206，10%,Sample Business Label 887d7f95,pcs,piece,Sample Business Label 17302eae,Sample Business Label 07789cfe,Purchased,126.00,,,1.00,,Sample Business Label 14d9bbad
356-000530,Sample Business Label 5c6264d2,Sample Business Label 74ff80b1,Sample Business Label 887d7f95,pcs,piece,Sample Business Label 4bf28cec,Sample Business Label db158135,Purchased,35.00,,,1.00,5.009968,Sample Business Label 14d9bbad
972-000400,Sample Business Label e0216d61,OSI8142S1,Sample Business Label 887d7f95,pcs,piece,Sample Business Label 17302eae,Sample Business Label 09caa247,Purchased,90.00,,,1.00,2.600017,Sample Business Label 14d9bbad
358-000171,Sample Business Label 6e2963c0,QHPT60415NY,Sample Business Label 887d7f95,pcs,piece,Sample Business Label 17302eae,Sample Business Label 5bce86f3,Purchased,133.00,,,1.00,1.450016,Sample Business Label 14d9bbad
795-000878,Sample Business Label 93e239c6,,Sample Business Label 1674b06f,pcs,piece,Sample Business Label 4bf28cec,Sample Business Label 2d85aff0,Purchased,42.00,,,1.00,,Sample Business Label 14d9bbad
972-000540,EMMC,BT70B32G4Y01F,Sample Business Label 887d7f95,pcs,piece,Sample Business Label 17302eae,Sample Business Label 09caa247,Purchased,72.00,,,1.00,17.229223,Sample Business Label 14d9bbad
770-000143,Sample Business Label a581a237,Sample Business Label 0467ff25,Sample Business Label 887d7f95,pcs,piece,Sample Business Label 4bf28cec,Sample Business Label 25c31db5,Purchased,25.00,,,1.00,,Sample Business Label 14d9bbad
356-000281,Sample Business Label c1a247e5,XB2013A-204S-BAND-GW,Sample Business Label 887d7f95,pcs,piece,Sample Business Label 4bf28cec,Sample Business Label db158135,Purchased,25.00,,,1.00,0.100005,Sample Business Label 14d9bbad
356-000513,Sample Business Label a87e12a5,ZZKWF12518-104ZG0AR1,Sample Business Label 887d7f95,pcs,piece,Sample Business Label 4bf28cec,Sample Business Label db158135,Purchased,25.00,,,1.00,0.209954,Sample Business Label 14d9bbad
972-000687,Sample Business Label 2474c82d,GM93C66A-SO-T-G,Sample Business Label 887d7f95,pcs,piece,Sample Business Label 17302eae,Sample Business Label 09caa247,Purchased,56.00,,,1.00,0.449966,Sample Business Label 14d9bbad
539-000114,Sample Business Label b85ec631,"2K,0603,1%",Sample Business Label 887d7f95,pcs,piece,Sample Business Label 17302eae,Sample Business Label 5fe53d48,Purchased,98.00,,,1.00,0.003503,Sample Business Label 14d9bbad
501-000004,Sample Business Label 595d3369,750312924,Sample Business Label 887d7f95,pcs,piece,Sample Business Label 17302eae,Sample Business Label 595d3369,Purchased,126.00,,,1.00,5.699946,Sample Business Label 14d9bbad
849-000828,Sample Business Label 45555e15,Sample Business Label 8f61b9fc,Sample Business Label 887d7f95,pcs,piece,Sample Business Label 4bf28cec,Sample Business Label 0f3d50d5,Purchased,21.00,,,1.00,,Sample Business Label 14d9bbad
454-000166,Sample Business Label 2b176d5b,KSPD50230B,Sample Business Label 887d7f95,pcs,piece,Sample Business Label 17302eae,Sample Business Label 5680b573,Purchased,56.00,,,1.00,0.041019,Sample Business Label 14d9bbad
539-000546,Sample Business Label b85ec631,"357K,0402,1%",Sample Business Label 887d7f95,pcs,piece,Sample Business Label 17302eae,Sample Business Label 5fe53d48,Purchased,112.00,,,1.00,0.002825,Sample Business Label 14d9bbad
733-000160,Sample Business Label de3ed42c,QZ2012U121-3R0TF,Sample Business Label 887d7f95,pcs,piece,Sample Business Label 17302eae,Sample Business Label f3f2ee9b,Purchased,42.00,,,1.00,0.082151,Sample Business Label 14d9bbad
165-003426,Sample Business Label 6fc11256,Sample Business Label 3ffd6f49,Sample Business Label 96053b3e,pcs,piece,Sample Business Label 4bf28cec,Sample Business Label bde42e5a,Purchased,14.00,,,1.00,0.120006,Sample Business Label 14d9bbad
165-003446,Sample Business Label 9072dfc0,F50-GPJ120,Sample Business Label 96053b3e,pcs,piece,Sample Business Label 4bf28cec,Sample Business Label bde42e5a,Purchased,28.00,,,1.00,35.910044,Sample Business Label 14d9bbad
795-001197,Sample Business Label fc23d21d,Sample Business Label 1c059a53,Sample Business Label 96053b3e,pcs,piece,Sample Business Label 4bf28cec,Sample Business Label 2d85aff0,Purchased,28.00,,,1.00,0.192100,Sample Business Label 14d9bbad
356-000502,Sample Business Label c2dd0286,BFA07-T06EC-A00,Sample Business Label 887d7f95,pcs,piece,Sample Business Label 4bf28cec,Sample Business Label db158135,Purchased,25.00,,,1.00,0.260013,Sample Business Label 14d9bbad
849-000697,Sample Business Label 654806c4,Sample Business Label dabfc068,Sample Business Label 887d7f95,pcs,piece,Sample Business Label 4bf28cec,Sample Business Label 0f3d50d5,Purchased,13.00,,,1.00,,Sample Business Label 14d9bbad
364-000007,Sample Business Label 40d660f1,0451015.MRL,Sample Business Label 887d7f95,pcs,piece,Sample Business Label 17302eae,Sample Business Label d8af7f3d,Purchased,133.00,,,1.00,,Sample Business Label 14d9bbad
165-001771,Sample Business Label 14913bcf,Sample Business Label 0a4b0861,Sample Business Label 1674b06f,pcs,piece,Sample Business Label 4bf28cec,Sample Business Label bde42e5a,Purchased,14.00,,,1.00,0.249956,Sample Business Label 14d9bbad
838-000375,Sample Business Label a89b36da,Sample Business Label 4829785c,Autonomous Driving,pcs,piece,Sample Business Label 0e5444d0,Sample Business Label 6e9ebdaf,Purchased,35.00,,,1.00,1.819978,Sample Business Label 14d9bbad
733-000097,Sample Business Label be98a238,YNR6045-8R2M,Sample Business Label 887d7f95,pcs,piece,Sample Business Label 17302eae,Sample Business Label f3f2ee9b,Purchased,24.00,,,1.00,0.167692,Sample Business Label 14d9bbad
734-000003,Sample Business Label cf4897a8,Sample Business Label 9923431e,Sample Business Label 96053b3e,pcs,piece,Sample Business Label e9fffb2c,Sample Business Label 23d8677b,In-house,1.00,,,1.00,,Sample Business Label 14d9bbad
356-000098,Sample Business Label 7e221a03,Sample Business Label 575c43be,Sample Business Label 887d7f95,pcs,piece,Sample Business Label 4bf28cec,Sample Business Label db158135,Purchased,25.00,,,1.00,1.154973,Sample Business Label 14d9bbad
468-000295,Sample Business Label 6c701097,Sample Business Label b45e37ef,Sample Business Label 761a79a0,pcs,piece,Sample Business Label 0e5444d0,Sample Business Label a5e675d6,Purchased,23.00,,,1.00,0.049946,Sample Business Label 14d9bbad
849-000194,Sample Business Label 6fcaebf1,Sample Business Label 0543089b,Sample Business Label 887d7f95,pcs,piece,Sample Business Label 4bf28cec,Sample Business Label 0f3d50d5,Purchased,17.00,,,1.00,,Sample Business Label 14d9bbad
972-000662,Sample Business Label fb9c1b1c,KW5393FSOTI#TR,Sample Business Label 887d7f95,pcs,piece,Sample Business Label 17302eae,Sample Business Label 09caa247,Purchased,112.00,,,1.00,0.320016,Sample Business Label 14d9bbad
165-000582,Sample Business Label c9ab1ec4,Sample Business Label 92cace36,Sample Business Label 761a79a0,pcs,piece,Sample Business Label 4bf28cec,Sample Business Label bde42e5a,Purchased,21.00,,,1.00,,Sample Business Label 14d9bbad
725-000428,Sample Business Label 05087a91,2.2nF，100v，0603，10%,Sample Business Label 887d7f95,pcs,piece,Sample Business Label 17302eae,Sample Business Label 07789cfe,Purchased,98.00,,,1.00,0.015029,Sample Business Label 14d9bbad
321-000288,Sample Business Label c47a84ce,GPS_MODULE_VM982_P1_PCB,Autonomous Driving,pcs,piece,Sample Business Label 17302eae,Sample Business Label cbf023bc,Purchased,35.00,,,1.00,2.401476,Sample Business Label 14d9bbad
725-000088,Sample Business Label 05087a91,"1UF,16V,0603,10%",Sample Business Label 887d7f95,pcs,piece,Sample Business Label 17302eae,Sample Business Label 07789cfe,Purchased,70.00,,,1.00,0.018984,Sample Business Label 14d9bbad
838-000413,Sample Business Label 05e3d7c4,ZK-YS508-WIFI-V1.0,Autonomous Driving,pcs,piece,Sample Business Label 0e5444d0,Sample Business Label 6e9ebdaf,Purchased,35.00,,,1.00,1.299952,Sample Business Label 14d9bbad
364-000039,Sample Business Label 0ef46b3b,CSMD0603-125-16V,Sample Business Label 887d7f95,pcs,piece,Sample Business Label 17302eae,Sample Business Label d8af7f3d,Purchased,28.00,,,1.00,,Sample Business Label 14d9bbad
838-000279,Sample Business Label c5a880c7,Sample Business Label c5a880c7,Sample Business Label 1674b06f,pcs,piece,Sample Business Label 0e5444d0,Sample Business Label 6e9ebdaf,Purchased,35.00,,,1.00,,Sample Business Label 14d9bbad
165-002905,Sample Business Label 6b55afaa,Sample Business Label c354c441,Sample Business Label 7bdc2d0a,pcs,piece,Sample Business Label 4bf28cec,Sample Business Label bde42e5a,Purchased,28.00,,,1.00,2.529957,Sample Business Label 14d9bbad
358-000121,NMOS,KMTQ100N04A,Sample Business Label 887d7f95,pcs,piece,Sample Business Label 17302eae,Sample Business Label 5bce86f3,Purchased,84.00,,,1.00,0.464995,Sample Business Label 14d9bbad
165-001462,Sample Business Label cedbdbc6,Sample Business Label f75800ec,Autonomous Driving,pcs,piece,Sample Business Label 4bf28cec,Sample Business Label bde42e5a,Purchased,28.00,,,1.00,,Sample Business Label 14d9bbad
972-000006,Sample Business Label 66d870af,UJA1051T/3/1J,Sample Business Label 887d7f95,pcs,piece,Sample Business Label 17302eae,Sample Business Label 09caa247,Purchased,7.00,,,1.00,,Sample Business Label 14d9bbad
539-000530,Sample Business Label b85ec631,15k，0805，1%,Sample Business Label 887d7f95,pcs,piece,Sample Business Label 17302eae,Sample Business Label 5fe53d48,Purchased,98.00,,,1.00,0.005311,Sample Business Label 14d9bbad
972-000721,Sample Business Label 83a072b2,TGM2232-3.3XN5G,Sample Business Label 887d7f95,pcs,piece,Sample Business Label 17302eae,Sample Business Label 09caa247,Purchased,64.00,,,1.00,0.449966,Sample Business Label 14d9bbad
543-000049,Sample Business Label 71d5e4f6,Sample Business Label dcf976b6,Sample Business Label 5c716e22,pcs,piece,Sample Business Label f0207843,Sample Business Label 7c0d5039,In-house,1.00,,,1.00,,Sample Business Label 14d9bbad
838-000404,Sample Business Label ec5e341f,Sample Business Label 72741373,Autonomous Driving,pcs,piece,Sample Business Label 0e5444d0,Sample Business Label 6e9ebdaf,Purchased,35.00,,,1.00,5.300039,Sample Business Label 14d9bbad
994-000398,Sample Business Label 13780399,,Sample Business Label 1674b06f,pcs,piece,Sample Business Label 4bf28cec,Sample Business Label d9643929,Purchased,35.00,,,1.00,,Sample Business Label 14d9bbad
795-001189,Sample Business Label 5ff0d2c7,M20,Sample Business Label 96053b3e,pcs,piece,Sample Business Label 4bf28cec,Sample Business Label 2d85aff0,Purchased,28.00,,,1.00,5.469200,Sample Business Label 14d9bbad
733-000088,Sample Business Label 43b7aeb5,TWPA6045S8R2MT,Sample Business Label 887d7f95,pcs,piece,Sample Business Label 17302eae,Sample Business Label f3f2ee9b,Purchased,42.00,,,1.00,0.167014,Sample Business Label 14d9bbad
363-000513,Sample Business Label fc7d2850,Sample Business Label 3be904df,Sample Business Label 735ac064,pcs,piece,Sample Business Label 0e5444d0,Sample Business Label 797c70ef,Purchased,35.00,,,1.00,,Sample Business Label 14d9bbad
588-000547,Sample Business Label 68b53dc3,YS403_YX_FPC_LEFT_P1_S01_PCBA,Sample Business Label 1674b06f,pcs,piece,Sample Business Label f0207843,Sample Business Label 6ca8a46d,Outsourced,10.00,,,1.00,,Sample Business Label 14d9bbad
588-000465,Sample Business Label 460f2b21,YC102_Navigation_Handle_P1_PCBA,Autonomous Driving,pcs,piece,Sample Business Label f0207843,Sample Business Label 6ca8a46d,Outsourced,8.00,,,1.00,,Sample Business Label 14d9bbad
165-001856,Sample Business Label 93824d47,Sample Business Label fc6f66f9,Sample Business Label 1674b06f,pcs,piece,Sample Business Label 4bf28cec,Sample Business Label bde42e5a,Purchased,21.00,,,1.00,2.300002,Sample Business Label 14d9bbad
165-001893,Sample Business Label 09b753f9,Sample Business Label 1b78fc6a,Sample Business Label 7bdc2d0a,pcs,piece,Sample Business Label 4bf28cec,Sample Business Label bde42e5a,Purchased,28.00,,,1.00,,Sample Business Label 14d9bbad
364-000049,Sample Business Label ea2b3ce9,1210L010/90,Sample Business Label 887d7f95,pcs,piece,Sample Business Label 17302eae,Sample Business Label d8af7f3d,Purchased,0.00,,,1.00,0.407026,Sample Business Label 14d9bbad
588-000757,YS508C_REMOTEID_P0_PCBA,YS508C_REMOTEID_P0_PCBA,Sample Business Label 1674b06f,pcs,piece,Sample Business Label f0207843,Sample Business Label 6ca8a46d,Outsourced,1.00,,,1.00,,Sample Business Label 14d9bbad
165-001773,Sample Business Label ca98e558,Sample Business Label 05271004,Sample Business Label 1674b06f,pcs,piece,Sample Business Label 4bf28cec,Sample Business Label bde42e5a,Purchased,14.00,,,1.00,0.024973,Sample Business Label 14d9bbad
539-000531,Sample Business Label b85ec631,150k，0805，1%,Sample Business Label 887d7f95,pcs,piece,Sample Business Label 17302eae,Sample Business Label 5fe53d48,Purchased,98.00,,,1.00,0.005311,Sample Business Label 14d9bbad
527-000025,Sample Business Label 066ae8fd,RRS3024000C10A,Sample Business Label 887d7f95,pcs,piece,Sample Business Label 17302eae,Sample Business Label f5e6f23a,Purchased,28.00,,,1.00,,Sample Business Label 14d9bbad
356-000586,Sample Business Label 3dfa80be,Sample Business Label e8549e29,Sample Business Label 1674b06f,pcs,piece,Sample Business Label 4bf28cec,Sample Business Label db158135,Purchased,25.00,,,1.00,0.460023,Sample Business Label 14d9bbad
838-000376,Sample Business Label f8d910ee,Sample Business Label 937765e1,Autonomous Driving,pcs,piece,Sample Business Label 0e5444d0,Sample Business Label 6e9ebdaf,Purchased,35.00,,,1.00,1.130000,Sample Business Label 14d9bbad
838-000281,Sample Business Label e24d480e,Sample Business Label fb0c484c,Sample Business Label 1674b06f,pcs,piece,Sample Business Label 0e5444d0,Sample Business Label 6e9ebdaf,Purchased,35.00,,,1.00,,Sample Business Label 14d9bbad
972-000638,SAW,UA1658A,Sample Business Label 887d7f95,pcs,piece,Sample Business Label 17302eae,Sample Business Label 09caa247,Purchased,42.00,,,1.00,1.999987,Sample Business Label 14d9bbad
972-000634,Sample Business Label a7b474ca,FC800KCNLC-J03-SNNSA,Sample Business Label 887d7f95,pcs,piece,Sample Business Label 17302eae,Sample Business Label 09caa247,Purchased,42.00,,,1.00,14.810006,Sample Business Label 14d9bbad
356-000522,Sample Business Label c2dd0286,GP0545G-06S-TAND,Sample Business Label 887d7f95,pcs,piece,Sample Business Label 4bf28cec,Sample Business Label db158135,Purchased,25.00,,,1.00,0.340017,Sample Business Label 14d9bbad
356-000558,Sample Business Label 2ada4d05,QM202B30A-05V45-140-1BA,Autonomous Driving,pcs,piece,Sample Business Label 4bf28cec,Sample Business Label db158135,Purchased,25.00,,,1.00,0.460023,Sample Business Label 14d9bbad
733-000135,Sample Business Label 1ef5a5d1,DSEB1510-330M,Sample Business Label 887d7f95,pcs,piece,Sample Business Label 17302eae,Sample Business Label f3f2ee9b,Purchased,31.00,,,1.00,7.029956,Sample Business Label 14d9bbad
165-001563,Sample Business Label 13239b76,26mm*8mm*2.5mm,Autonomous Driving,pcs,piece,Sample Business Label 4bf28cec,Sample Business Label bde42e5a,Purchased,21.00,,,1.00,0.096050,Sample Business Label 14d9bbad
725-000027,Sample Business Label 05087a91,"27pF,50V,0402,5%",Sample Business Label 887d7f95,pcs,piece,Sample Business Label 17302eae,Sample Business Label 07789cfe,Purchased,126.00,,,1.00,0.007458,Sample Business Label 14d9bbad
838-000286,Sample Business Label e3bc7fc7,Sample Business Label 9b46ab33,Sample Business Label 1674b06f,pcs,piece,Sample Business Label 0e5444d0,Sample Business Label 6e9ebdaf,Purchased,35.00,,,1.00,,Sample Business Label 14d9bbad
539-000031,Sample Business Label b85ec631,"2K,0402,1%",Sample Business Label 887d7f95,pcs,piece,Sample Business Label 17302eae,Sample Business Label 5fe53d48,Purchased,84.00,,,1.00,0.001921,Sample Business Label 14d9bbad
165-001939,Sample Business Label 6a4304dd,Sample Business Label 009bfdf8,Sample Business Label 1674b06f,pcs,piece,Sample Business Label 4bf28cec,Sample Business Label bde42e5a,Purchased,14.00,,,1.00,0.780039,Sample Business Label 14d9bbad
358-000131,Sample Business Label c7de58d3,LMT6L7P04,Sample Business Label 887d7f95,pcs,piece,Sample Business Label 17302eae,Sample Business Label 5bce86f3,Purchased,35.00,,,1.00,0.455051,Sample Business Label 14d9bbad
588-000810,YN608_SPRINKLER_P2_PCBA,,Sample Business Label 96053b3e,pcs,piece,Sample Business Label f0207843,Sample Business Label 6ca8a46d,Outsourced,1.00,,,1.00,,Sample Business Label 14d9bbad
539-000118,Sample Business Label b85ec631,"10K,0603,1%",Sample Business Label 887d7f95,pcs,piece,Sample Business Label 17302eae,Sample Business Label 5fe53d48,Purchased,84.00,,,1.00,0.003503,Sample Business Label 14d9bbad
165-003498,Sample Business Label 5a065b79,Sample Business Label 820f2443,Sample Business Label 1674b06f,pcs,piece,Sample Business Label 4bf28cec,Sample Business Label bde42e5a,Purchased,21.00,,,1.00,1.150001,Sample Business Label 14d9bbad
539-000194,Sample Business Label b85ec631,"10K,0402,1%",Sample Business Label 887d7f95,pcs,piece,Sample Business Label 17302eae,Sample Business Label 5fe53d48,Purchased,35.00,,,1.00,,Sample Business Label 14d9bbad
454-000223,Sample Business Label 2b176d5b,KSPI140A,Sample Business Label 887d7f95,pcs,piece,Sample Business Label 17302eae,Sample Business Label 5680b573,Purchased,56.00,,,1.00,0.052997,Sample Business Label 14d9bbad
972-000614,LPDDR4,K4FBE3D4HB-KFCL,Sample Business Label 887d7f95,pcs,piece,Sample Business Label 17302eae,Sample Business Label 09caa247,Purchased,0.00,,,1.00,,Sample Business Label 14d9bbad
454-000211,Sample Business Label 02b5149b,TD101AW,Sample Business Label 887d7f95,pcs,piece,Sample Business Label 17302eae,Sample Business Label 5680b573,Purchased,70.00,,,1.00,0.032996,Sample Business Label 14d9bbad
539-000620,Sample Business Label 10c6b09c,"18mR,2512,1%,3W",Sample Business Label 887d7f95,pcs,piece,Sample Business Label 17302eae,Sample Business Label 5fe53d48,Purchased,91.00,,,1.00,0.224983,Sample Business Label 14d9bbad
849-001298,Sample Business Label f5e7e785,Sample Business Label f8c01db0,Sample Business Label 96053b3e,pcs,piece,Sample Business Label 4bf28cec,Sample Business Label 0f3d50d5,Purchased,1.00,,,1.00,8.542800,Sample Business Label 14d9bbad
849-001216,Sample Business Label 015e85b4,Sample Business Label 03a32517,Sample Business Label 96053b3e,pcs,piece,Sample Business Label 4bf28cec,Sample Business Label 0f3d50d5,Purchased,1.00,,,1.00,16.000009,Sample Business Label 14d9bbad
539-000544,Sample Business Label b85ec631,"1K,0201,1%",Sample Business Label 887d7f95,pcs,piece,Sample Business Label 17302eae,Sample Business Label 5fe53d48,Purchased,98.00,,,1.00,0.002034,Sample Business Label 14d9bbad
795-000820,Sample Business Label 1f8819b7,Sample Business Label 0ade03df,Sample Business Label 1674b06f,pcs,piece,Sample Business Label 4bf28cec,Sample Business Label 2d85aff0,Purchased,21.00,,,1.00,0.600030,Sample Business Label 14d9bbad
165-001004,Sample Business Label cbac51f9,Sample Business Label 933739d2,Sample Business Label 1674b06f,pcs,piece,Sample Business Label 4bf28cec,Sample Business Label bde42e5a,Purchased,14.00,,,1.00,,Sample Business Label 14d9bbad
588-000660,Sample Business Label f9b1ca78,Sample Business Label 457fe70f,Sample Business Label 1674b06f,pcs,piece,Sample Business Label f0207843,Sample Business Label 6ca8a46d,Outsourced,1.00,,,1.00,,Sample Business Label 14d9bbad
838-000172,Sample Business Label e78f8d31,Sample Business Label f5027122,Sample Business Label 1674b06f,pcs,piece,Sample Business Label 0e5444d0,Sample Business Label 6e9ebdaf,Purchased,35.00,,,1.00,,Sample Business Label 14d9bbad
549-000696,Sample Business Label fea0ddf4,Sample Business Label fea0ddf4,Sample Business Label 1674b06f,pcs,piece,Sample Business Label 0e5444d0,Sample Business Label 5b88d24a,Purchased,38.00,,,1.00,278.000001,Sample Business Label 14d9bbad
725-000429,Sample Business Label 05087a91,390PF，50V，0402，5%，C0G,Sample Business Label 887d7f95,pcs,piece,Sample Business Label 17302eae,Sample Business Label 07789cfe,Purchased,77.00,,,1.00,0.009492,Sample Business Label 14d9bbad
972-000878,Sample Business Label 66d870af,UPT1042VQ-DF6R-S,Sample Business Label 887d7f95,pcs,piece,Sample Business Label 17302eae,Sample Business Label 09caa247,Purchased,168.00,,,1.00,,Sample Business Label 14d9bbad
165-002799,Sample Business Label 6b6edd29,Sample Business Label 8cfc9c5b,Sample Business Label 1674b06f,pcs,piece,Sample Business Label 4bf28cec,Sample Business Label bde42e5a,Purchased,28.00,,,1.00,12.000035,Sample Business Label 14d9bbad
165-001958,Sample Business Label 068dda11,Sample Business Label d06d4a87,Sample Business Label 1674b06f,pcs,piece,Sample Business Label 4bf28cec,Sample Business Label bde42e5a,Purchased,21.00,,,1.00,,Sample Business Label 14d9bbad
606-000011,Sample Business Label e4d53148,Sample Business Label 4590499b,Sample Business Label 887d7f95,pcs,piece,Sample Business Label 0e5444d0,Sample Business Label 84fc6382,Purchased,7.00,,,1.00,,Sample Business Label 14d9bbad
539-000379,Sample Business Label b85ec631,"10K,0201,1%",Sample Business Label 887d7f95,pcs,piece,Sample Business Label 17302eae,Sample Business Label 5fe53d48,Purchased,84.00,,,1.00,0.002034,Sample Business Label 14d9bbad
972-000017,Sample Business Label b2013021,TP3072EEN-L/TR,Sample Business Label 887d7f95,pcs,piece,Sample Business Label 17302eae,Sample Business Label 09caa247,Purchased,1.00,,,1.00,2.028237,Sample Business Label 14d9bbad
849-001149,Sample Business Label 6746dabe,Sample Business Label 3ca159f4,Sample Business Label 1674b06f,pcs,piece,Sample Business Label 4bf28cec,Sample Business Label 0f3d50d5,Purchased,28.00,,,1.00,0.120006,Sample Business Label 14d9bbad
165-000764,Sample Business Label f169b2fb,Sample Business Label 030a3b72,Autonomous Driving,pcs,piece,Sample Business Label 4bf28cec,Sample Business Label bde42e5a,Purchased,21.00,,,1.00,,Sample Business Label 14d9bbad
356-000599,Sample Business Label deafb603,YC2401A-S316-101TR-06,Autonomous Driving,pcs,piece,Sample Business Label 4bf28cec,Sample Business Label db158135,Purchased,25.00,,,1.00,1.679971,Sample Business Label 14d9bbad
725-000031,Sample Business Label 05087a91,"10nF,50V,0402,10%",Sample Business Label 887d7f95,pcs,piece,Sample Business Label 17302eae,Sample Business Label 07789cfe,Purchased,126.00,,,1.00,0.003051,Sample Business Label 14d9bbad
972-000197,Sample Business Label 609ed820,Sample Business Label c21f2a39,Sample Business Label 887d7f95,pcs,piece,Sample Business Label 17302eae,Sample Business Label 09caa247,Purchased,1.00,,,1.00,,Sample Business Label 14d9bbad
165-003407,Sample Business Label 78297162,Sample Business Label abcdcd44,Sample Business Label 96053b3e,pcs,piece,Sample Business Label 4bf28cec,Sample Business Label bde42e5a,Purchased,1.00,,,1.00,69.999997,Sample Business Label 14d9bbad
588-000643,Sample Business Label 10e7ea97,Sample Business Label 10e7ea97,Sample Business Label 7bdc2d0a,pcs,piece,Sample Business Label f0207843,Sample Business Label 6ca8a46d,Outsourced,10.00,,,1.00,,Sample Business Label 14d9bbad
849-001235,Sample Business Label 893eac9b,Sample Business Label 48a4b152,Sample Business Label 96053b3e,pcs,piece,Sample Business Label 4bf28cec,Sample Business Label 0f3d50d5,Purchased,1.00,,,1.00,59.000012,Sample Business Label 14d9bbad
994-000536,Sample Business Label 303ec7c3,,Sample Business Label 1674b06f,pcs,piece,Sample Business Label 4bf28cec,Sample Business Label d9643929,Purchased,35.00,,,1.00,,Sample Business Label 14d9bbad
849-001375,Sample Business Label 78d49512,,Sample Business Label 96053b3e,pcs,piece,Sample Business Label 4bf28cec,Sample Business Label 0f3d50d5,Purchased,1.00,,,1.00,1.853200,Sample Business Label 14d9bbad
165-003460,Sample Business Label 5707f732,Sample Business Label a4d00a9c,Sample Business Label 96053b3e,pcs,piece,Sample Business Label 4bf28cec,Sample Business Label bde42e5a,Purchased,1.00,,,1.00,31.209470,Sample Business Label 14d9bbad
454-000201,Sample Business Label 2b176d5b,MRB521S-30T1G,Sample Business Label 887d7f95,pcs,piece,Sample Business Label 17302eae,Sample Business Label 5680b573,Purchased,42.00,,,1.00,0.045200,Sample Business Label 14d9bbad
849-001341,Sample Business Label 4cbeb68d,Sample Business Label 26fa3fdd,Sample Business Label 96053b3e,pcs,piece,Sample Business Label 4bf28cec,Sample Business Label 0f3d50d5,Purchased,1.00,,,1.00,0.437536,Sample Business Label 14d9bbad
539-000387,Sample Business Label b85ec631,"300R,1206,1%",Sample Business Label 887d7f95,pcs,piece,Sample Business Label 17302eae,Sample Business Label 5fe53d48,Purchased,84.00,,,1.00,0.010961,Sample Business Label 14d9bbad
454-000232,Sample Business Label 2b176d5b,KSPJ540A,Sample Business Label 887d7f95,pcs,piece,Sample Business Label 17302eae,Sample Business Label 5680b573,Purchased,56.00,,,1.00,0.262047,Sample Business Label 14d9bbad
795-000635,Sample Business Label 0cda3477,Sample Business Label aa0e3269,Sample Business Label 1674b06f,pcs,piece,Sample Business Label 4bf28cec,Sample Business Label 2d85aff0,Purchased,14.00,,,1.00,,Sample Business Label 14d9bbad
725-000396,Sample Business Label f5f70971,"12pF,50V,0402,1%,C0G",Sample Business Label 887d7f95,pcs,piece,Sample Business Label 17302eae,Sample Business Label 07789cfe,Purchased,112.00,,,1.00,0.043053,Sample Business Label 14d9bbad
972-000389,Sample Business Label b2013021,VM3202Q,Sample Business Label 887d7f95,pcs,piece,Sample Business Label 17302eae,Sample Business Label 09caa247,Purchased,42.00,,,1.00,0.549971,Sample Business Label 14d9bbad
849-001327,Sample Business Label 24e56e3c,8*7*18,Sample Business Label 96053b3e,pcs,piece,Sample Business Label 4bf28cec,Sample Business Label 0f3d50d5,Purchased,1.00,,,1.00,0.142154,Sample Business Label 14d9bbad
588-000578,Sample Business Label 73cc5ede,Sample Business Label 73cc5ede,Sample Business Label 1674b06f,pcs,piece,Sample Business Label f0207843,Sample Business Label 6ca8a46d,Outsourced,13.00,,,1.00,,Sample Business Label 14d9bbad
356-000295,Sample Business Label 4bf75a32,QG20B1-6575-1P-01TR,Sample Business Label 887d7f95,pcs,piece,Sample Business Label 4bf28cec,Sample Business Label db158135,Purchased,25.00,,,1.00,0.229955,Sample Business Label 14d9bbad
539-000091,Sample Business Label b85ec631,"22.1K,0402,1%",Sample Business Label 887d7f95,pcs,piece,Sample Business Label 17302eae,Sample Business Label 5fe53d48,Purchased,84.00,,,1.00,0.001469,Sample Business Label 14d9bbad
972-000410,MCU,YN32F303RCT6A,Sample Business Label 887d7f95,pcs,piece,Sample Business Label 17302eae,Sample Business Label 09caa247,Purchased,84.00,,,1.00,3.950028,Sample Business Label 14d9bbad
363-000543,Sample Business Label 44ce710f,,Sample Business Label 96053b3e,pcs,piece,Sample Business Label 0e5444d0,Sample Business Label 797c70ef,Purchased,28.00,,,1.00,11.199882,Sample Business Label 14d9bbad
849-001304,Sample Business Label 17d556b0,Sample Business Label 10203fee,Sample Business Label 96053b3e,pcs,piece,Sample Business Label 4bf28cec,Sample Business Label 0f3d50d5,Purchased,1.00,,,1.00,0.325440,Sample Business Label 14d9bbad
849-000720,Sample Business Label d29adac6,Sample Business Label 29242a34,Sample Business Label 887d7f95,pcs,piece,Sample Business Label 4bf28cec,Sample Business Label 0f3d50d5,Purchased,17.00,,,1.00,,Sample Business Label 14d9bbad
165-002322,Sample Business Label 92f71ecd,Sample Business Label 9472deda,Sample Business Label 1674b06f,pcs,piece,Sample Business Label 4bf28cec,Sample Business Label bde42e5a,Purchased,42.00,,,1.00,,Sample Business Label 14d9bbad
353-000171,Sample Business Label 66fe5be4,,Sample Business Label 96053b3e,pcs,piece,Sample Business Label f0207843,Sample Business Label e1a5ffe2,In-house,,,,1.00,,Sample Business Label 14d9bbad
454-000161,Sample Business Label 9c92236a,ESD5Z12T,Sample Business Label 887d7f95,pcs,piece,Sample Business Label 17302eae,Sample Business Label 5680b573,Purchased,30.00,,,1.00,0.088479,Sample Business Label 14d9bbad
795-000776,Sample Business Label 981711e2,Sample Business Label 13d6fd6a,Sample Business Label 1674b06f,pcs,piece,Sample Business Label 4bf28cec,Sample Business Label 2d85aff0,Purchased,35.00,,,1.00,2.250056,Sample Business Label 14d9bbad
321-000257,Sample Business Label f26d99a2,Sample Business Label f26d99a2,Sample Business Label 1674b06f,pcs,piece,Sample Business Label 17302eae,Sample Business Label cbf023bc,Purchased,30.00,,,1.00,,Sample Business Label 14d9bbad
606-000692,Sample Business Label fee03edf,,Sample Business Label 1674b06f,pcs,piece,Sample Business Label 0e5444d0,Sample Business Label 84fc6382,Purchased,14.00,,,1.00,184.000047,Sample Business Label 14d9bbad
725-000108,Sample Business Label 05087a91,"470pF,50V,0402,10%",Sample Business Label 887d7f95,pcs,piece,Sample Business Label 17302eae,Sample Business Label 07789cfe,Purchased,126.00,,,1.00,0.007458,Sample Business Label 14d9bbad
539-000057,Sample Business Label b85ec631,"2K,1206,1%",Sample Business Label 887d7f95,pcs,piece,Sample Business Label 17302eae,Sample Business Label 5fe53d48,Purchased,84.00,,,1.00,0.009944,Sample Business Label 14d9bbad
539-000594,Sample Business Label b85ec631,3.3R，0805，5%，0.25W,Sample Business Label 887d7f95,pcs,piece,Sample Business Label 17302eae,Sample Business Label 5fe53d48,Purchased,112.00,,,1.00,0.043957,Sample Business Label 14d9bbad
725-000091,Sample Business Label 05087a91,"1nF,2KV,1206,10%",Sample Business Label 887d7f95,pcs,piece,Sample Business Label 17302eae,Sample Business Label 07789cfe,Purchased,126.00,,,1.00,0.280014,Sample Business Label 14d9bbad
849-001270,Sample Business Label 596fc84f,Sample Business Label ac4dfcbc,Sample Business Label 96053b3e,pcs,piece,Sample Business Label 4bf28cec,Sample Business Label 0f3d50d5,Purchased,1.00,,,1.00,1.689350,Sample Business Label 14d9bbad
588-000266,Sample Business Label c12b6689,801_8CONNECTOR_P3_S01_PCBA,Sample Business Label 7bdc2d0a,pcs,piece,Sample Business Label f0207843,Sample Business Label 6ca8a46d,Outsourced,17.00,,,1.00,,Sample Business Label 14d9bbad
356-000428,Sample Business Label 9d74b23d,QM252B28A-06V60-150-1TU,Sample Business Label 887d7f95,pcs,piece,Sample Business Label 4bf28cec,Sample Business Label db158135,Purchased,25.00,,,1.00,0.689978,Sample Business Label 14d9bbad
454-000287,Sample Business Label 58ef7a6d,TMF10CA,Sample Business Label 887d7f95,pcs,piece,Sample Business Label 17302eae,Sample Business Label 5680b573,Purchased,56.00,,,1.00,0.079100,Sample Business Label 14d9bbad
539-000263,Sample Business Label b85ec631,"62K,0402,1%",Sample Business Label 887d7f95,pcs,piece,Sample Business Label 17302eae,Sample Business Label 5fe53d48,Purchased,98.00,,,1.00,0.001469,Sample Business Label 14d9bbad
454-000179,Sample Business Label 2b176d5b,CAT54WS,Sample Business Label 887d7f95,pcs,piece,Sample Business Label 17302eae,Sample Business Label 5680b573,Purchased,28.00,,,1.00,0.044974,Sample Business Label 14d9bbad
539-000398,Sample Business Label b85ec631,"240R,0201,1%",Sample Business Label 887d7f95,pcs,piece,Sample Business Label 17302eae,Sample Business Label 5fe53d48,Purchased,84.00,,,1.00,0.002034,Sample Business Label 14d9bbad
838-000283,Sample Business Label 80128eba,Sample Business Label e992d920,Sample Business Label 1674b06f,pcs,piece,Sample Business Label 0e5444d0,Sample Business Label 6e9ebdaf,Purchased,35.00,,,1.00,,Sample Business Label 14d9bbad
165-003086,Sample Business Label ce5ed160,,Sample Business Label 1674b06f,pcs,piece,Sample Business Label 4bf28cec,Sample Business Label bde42e5a,Purchased,1.00,,,1.00,80.000045,Sample Business Label 14d9bbad
972-000005,Sample Business Label b9f02c82,TGM2019-3.3YN5G/TR,Sample Business Label 887d7f95,pcs,piece,Sample Business Label 17302eae,Sample Business Label 09caa247,Purchased,42.00,,,1.00,,Sample Business Label 14d9bbad
733-000162,Sample Business Label a49aa04c,DSEB0730-3R3M,Sample Business Label 887d7f95,pcs,piece,Sample Business Label 17302eae,Sample Business Label f3f2ee9b,Purchased,42.00,,,1.00,2.549958,Sample Business Label 14d9bbad
725-000036,Sample Business Label 05087a91,"10nF,100V,0603,10%",Sample Business Label 887d7f95,pcs,piece,Sample Business Label 17302eae,Sample Business Label 07789cfe,Purchased,126.00,,,1.00,0.020792,Sample Business Label 14d9bbad
165-003439,Sample Business Label b8413dc2,T2,Sample Business Label 96053b3e,pcs,piece,Sample Business Label 4bf28cec,Sample Business Label bde42e5a,Purchased,1.00,,,1.00,153.700001,Sample Business Label 14d9bbad
972-000065,Sample Business Label e1eae4bf,VM803RS,Sample Business Label 887d7f95,pcs,piece,Sample Business Label 17302eae,Sample Business Label 09caa247,Purchased,42.00,,,1.00,,Sample Business Label 14d9bbad
795-000445,Sample Business Label e2107d79,Sample Business Label 14123df3,Sample Business Label 1674b06f,pcs,piece,Sample Business Label 4bf28cec,Sample Business Label 2d85aff0,Purchased,28.00,,,1.00,,Sample Business Label 14d9bbad
165-003401,Sample Business Label 956332b6,Sample Business Label 97d1a207,Sample Business Label 96053b3e,pcs,piece,Sample Business Label 4bf28cec,Sample Business Label bde42e5a,Purchased,28.00,,,1.00,2.555947,Sample Business Label 14d9bbad
725-000158,Sample Business Label 05087a91,"2.2uf,16v,0603,10%",Sample Business Label 887d7f95,pcs,piece,Sample Business Label 17302eae,Sample Business Label 07789cfe,Purchased,70.00,,,1.00,0.025990,Sample Business Label 14d9bbad
527-000056,Sample Business Label 066ae8fd,RRS1040000C10AD,Sample Business Label 887d7f95,pcs,piece,Sample Business Label 17302eae,Sample Business Label f5e6f23a,Purchased,28.00,,,1.00,0.400020,Sample Business Label 14d9bbad
165-003467,Sample Business Label 536ec998,T2,Sample Business Label 96053b3e,pcs,piece,Sample Business Label 4bf28cec,Sample Business Label bde42e5a,Purchased,1.00,,,1.00,95.100009,Sample Business Label 14d9bbad
733-000161,Sample Business Label a49aa04c,DSAB0740-S22M,Sample Business Label 887d7f95,pcs,piece,Sample Business Label 17302eae,Sample Business Label f3f2ee9b,Purchased,31.00,,,1.00,0.509969,Sample Business Label 14d9bbad
165-002077,Sample Business Label d309ab63,Sample Business Label 23ba6544,Sample Business Label 7bdc2d0a,pcs,piece,Sample Business Label 4bf28cec,Sample Business Label bde42e5a,Purchased,28.00,,,1.00,,Sample Business Label 14d9bbad
539-000396,Sample Business Label b85ec631,"200R,0201,1%",Sample Business Label 887d7f95,pcs,piece,Sample Business Label 17302eae,Sample Business Label 5fe53d48,Purchased,84.00,,,1.00,0.002034,Sample Business Label 14d9bbad
359-000040,Sample Business Label adc34e00,Sample Business Label e1f73a7b,Sample Business Label 96053b3e,pcs,piece,Sample Business Label 4bf28cec,Sample Business Label ddf8bc50,Purchased,1.00,,,1.00,10.342212,Sample Business Label 14d9bbad
838-000178,Sample Business Label abd4fe4b,Sample Business Label 1fcc27fd,Autonomous Driving,pcs,piece,Sample Business Label 0e5444d0,Sample Business Label 6e9ebdaf,Purchased,35.00,,,1.00,,Sample Business Label 14d9bbad
972-000587,Sample Business Label 47044100,TY6875ADBC,Sample Business Label 887d7f95,pcs,piece,Sample Business Label 17302eae,Sample Business Label 09caa247,Purchased,56.00,,,1.00,1.499962,Sample Business Label 14d9bbad
539-000400,Sample Business Label b85ec631,"91K,0805,1%",Sample Business Label 887d7f95,pcs,piece,Sample Business Label 17302eae,Sample Business Label 5fe53d48,Purchased,84.00,,,1.00,0.006554,Sample Business Label 14d9bbad
849-001373,Sample Business Label f4ea4bb8,,Sample Business Label 96053b3e,pcs,piece,Sample Business Label 4bf28cec,Sample Business Label 0f3d50d5,Purchased,1.00,,,1.00,4.087775,Sample Business Label 14d9bbad
165-001935,Sample Business Label e5777efe,Sample Business Label 5568d952,Sample Business Label 1674b06f,pcs,piece,Sample Business Label 4bf28cec,Sample Business Label bde42e5a,Purchased,35.00,,,1.00,,Sample Business Label 14d9bbad
165-001321,Sample Business Label 5a2c897d,Sample Business Label 66606802,Sample Business Label 1674b06f,pcs,piece,Sample Business Label 4bf28cec,Sample Business Label bde42e5a,Purchased,42.00,,,1.00,,Sample Business Label 14d9bbad
356-000529,Sample Business Label 83ef57cc,Sample Business Label e6082aa8,Sample Business Label 887d7f95,pcs,piece,Sample Business Label 4bf28cec,Sample Business Label db158135,Purchased,35.00,,,1.00,5.009968,Sample Business Label 14d9bbad
972-000414,Sample Business Label b8828692,BTGM332D-5NR32,Sample Business Label 887d7f95,pcs,piece,Sample Business Label 17302eae,Sample Business Label 09caa247,Purchased,56.00,,,1.00,8.199958,Sample Business Label 14d9bbad
725-000465,Sample Business Label 05087a91,Sample Business Label 65ee5e49,Sample Business Label 887d7f95,pcs,piece,Sample Business Label 17302eae,Sample Business Label 07789cfe,Purchased,112.00,,,1.00,1.100055,Sample Business Label 14d9bbad
165-001286,Sample Business Label b66e4fbc,Sample Business Label cd973e05,Sample Business Label 5c716e22,pcs,piece,Sample Business Label 4bf28cec,Sample Business Label bde42e5a,Purchased,28.00,,,1.00,,Sample Business Label 14d9bbad
165-001442,Sample Business Label f8a7d4bd,Sample Business Label f6897792,Sample Business Label 887d7f95,pcs,piece,Sample Business Label 4bf28cec,Sample Business Label bde42e5a,Purchased,10.00,,,1.00,,Sample Business Label 14d9bbad
527-000036,Sample Business Label 066ae8fd,TF32WK32768D31T002,Sample Business Label 887d7f95,pcs,piece,Sample Business Label 17302eae,Sample Business Label f5e6f23a,Purchased,28.00,,,1.00,0.480024,Sample Business Label 14d9bbad
539-000021,Sample Business Label b85ec631,"1M,0402,1%",Sample Business Label 887d7f95,pcs,piece,Sample Business Label 17302eae,Sample Business Label 5fe53d48,Purchased,84.00,,,1.00,0.001921,Sample Business Label 14d9bbad
165-003391,Sample Business Label e194549e,Sample Business Label f30cf053,Sample Business Label 96053b3e,pcs,piece,Sample Business Label 4bf28cec,Sample Business Label bde42e5a,Purchased,1.00,,,1.00,0.418552,Sample Business Label 14d9bbad
363-000540,Sample Business Label 97189cec,,Sample Business Label 96053b3e,pcs,piece,Sample Business Label 0e5444d0,Sample Business Label 797c70ef,Purchased,28.00,,,1.00,27.699125,Sample Business Label 14d9bbad
795-000619,Sample Business Label 3df49e29,Sample Business Label a3e68d45,Sample Business Label 1674b06f,pcs,piece,Sample Business Label 4bf28cec,Sample Business Label 2d85aff0,Purchased,21.00,,,1.00,,Sample Business Label 14d9bbad
165-000228,Sample Business Label 48d10678,Sample Business Label f2b7987c,Autonomous Driving,pcs,piece,Sample Business Label 4bf28cec,Sample Business Label bde42e5a,Purchased,21.00,,,1.00,,Sample Business Label 14d9bbad
972-000771,Sample Business Label 498c1f00,KWH5125CESOP#TRPBF,Sample Business Label 887d7f95,pcs,piece,Sample Business Label 17302eae,Sample Business Label 09caa247,Purchased,56.00,,,1.00,2.300002,Sample Business Label 14d9bbad
733-000119,Sample Business Label 1ef5a5d1,THP1206-1R0M,Sample Business Label 887d7f95,pcs,piece,Sample Business Label 17302eae,Sample Business Label f3f2ee9b,Purchased,30.00,,,1.00,1.049996,Sample Business Label 14d9bbad
972-000741,Sample Business Label 7ccbc96f,TGM803B-SXN3LG/TR,Sample Business Label 887d7f95,pcs,piece,Sample Business Label 17302eae,Sample Business Label 09caa247,Purchased,64.00,,,1.00,0.220011,Sample Business Label 14d9bbad
321-000285,UB200_KEYBORAD_P2_PCB,UB200_KEYBORAD_P2_PCB,Sample Business Label 735ac064,pcs,piece,Sample Business Label 17302eae,Sample Business Label cbf023bc,Purchased,35.00,,,1.00,2.099992,Sample Business Label 14d9bbad
733-000104,Sample Business Label de3ed42c,CLM18SG260TN1D,Sample Business Label 887d7f95,pcs,piece,Sample Business Label 17302eae,Sample Business Label f3f2ee9b,Purchased,73.00,,,1.00,0.109384,Sample Business Label 14d9bbad
321-000527,YC403_SK3576_P1_PCB,YC403_SK3576_P1_PCB,Sample Business Label 1674b06f,pcs,piece,Sample Business Label 17302eae,Sample Business Label cbf023bc,Purchased,45.00,,,1.00,30.360049,Sample Business Label 14d9bbad
972-000697,Sample Business Label e485998c,SS3112-1.25XSF3,Sample Business Label 887d7f95,pcs,piece,Sample Business Label 17302eae,Sample Business Label 09caa247,Purchased,42.00,,,1.00,1.559965,Sample Business Label 14d9bbad
795-000660,Sample Business Label 07b11b57,Sample Business Label d42cbb98,Sample Business Label 1674b06f,pcs,piece,Sample Business Label 4bf28cec,Sample Business Label 2d85aff0,Purchased,18.00,,,1.00,,Sample Business Label 14d9bbad
363-000563,Sample Business Label f5543323,,Sample Business Label 96053b3e,pcs,piece,Sample Business Label 0e5444d0,Sample Business Label 797c70ef,Purchased,35.00,,,1.00,9.942079,Sample Business Label 14d9bbad
454-000288,Sample Business Label cd58a380,KEB03D5,Sample Business Label 887d7f95,pcs,piece,Sample Business Label 17302eae,Sample Business Label 5680b573,Purchased,56.00,,,1.00,0.046669,Sample Business Label 14d9bbad
321-000172,Sample Business Label b8952ce7,YN401_GNSS BOARD_P2_PCB,Sample Business Label 1674b06f,pcs,piece,Sample Business Label 17302eae,Sample Business Label cbf023bc,Purchased,35.00,,,1.00,1.000050,Sample Business Label 14d9bbad
838-000277,Sample Business Label b4127b83,Sample Business Label aaa50c5e,Sample Business Label 1674b06f,pcs,piece,Sample Business Label 0e5444d0,Sample Business Label 6e9ebdaf,Purchased,35.00,,,1.00,,Sample Business Label 14d9bbad
994-000348,Sample Business Label 5ad723d6,Sample Business Label 7a997a40,Sample Business Label 1674b06f,pcs,piece,Sample Business Label 4bf28cec,Sample Business Label d9643929,Purchased,35.00,,,1.00,,Sample Business Label 14d9bbad
795-000782,Sample Business Label b7165f7b,Sample Business Label 2479e58f,Sample Business Label 1674b06f,pcs,piece,Sample Business Label 4bf28cec,Sample Business Label 2d85aff0,Purchased,21.00,,,1.00,3.979973,Sample Business Label 14d9bbad
363-000580,Sample Business Label 61bf9f4e,,Sample Business Label 96053b3e,pcs,piece,Sample Business Label 0e5444d0,Sample Business Label 797c70ef,Purchased,35.00,,,1.00,7.913729,Sample Business Label 14d9bbad
165-002507,Sample Business Label 86c9946d,Sample Business Label af9fa588,Sample Business Label 1674b06f,pcs,piece,Sample Business Label 4bf28cec,Sample Business Label bde42e5a,Purchased,28.00,,,1.00,35.000055,Sample Business Label 14d9bbad
165-000727,Sample Business Label 45183c38,Sample Business Label b73fbe37,Autonomous Driving,pcs,piece,Sample Business Label 4bf28cec,Sample Business Label bde42e5a,Purchased,14.00,,,1.00,,Sample Business Label 14d9bbad
795-000926,Sample Business Label 15910af7,Sample Business Label 17e1d052,Sample Business Label 1674b06f,pcs,piece,Sample Business Label 4bf28cec,Sample Business Label 2d85aff0,Purchased,14.00,,,1.00,0.580029,Sample Business Label 14d9bbad
849-001319,Sample Business Label c24d73af,Sample Business Label 9d789c2e,Sample Business Label 96053b3e,pcs,piece,Sample Business Label 4bf28cec,Sample Business Label 0f3d50d5,Purchased,1.00,,,1.00,0.531100,Sample Business Label 14d9bbad
358-000110,Sample Business Label a1d3a332,JMTL2N7002KS,Sample Business Label 887d7f95,pcs,piece,Sample Business Label 17302eae,Sample Business Label 5bce86f3,Purchased,84.00,,,1.00,0.029945,Sample Business Label 14d9bbad
838-000401,Sample Business Label f3c9e225,YN503-MAIN-V1.0,Autonomous Driving,pcs,piece,Sample Business Label 0e5444d0,Sample Business Label 6e9ebdaf,Purchased,35.00,,,1.00,1.599967,Sample Business Label 14d9bbad
539-000401,Sample Business Label b85ec631,"8.2K,0201,1%",Sample Business Label 887d7f95,pcs,piece,Sample Business Label 17302eae,Sample Business Label 5fe53d48,Purchased,98.00,,,1.00,0.002034,Sample Business Label 14d9bbad
849-000382,Sample Business Label e1354ba8,Sample Business Label 7a99d593,Sample Business Label 887d7f95,pcs,piece,Sample Business Label 4bf28cec,Sample Business Label 0f3d50d5,Purchased,42.00,,,1.00,,Sample Business Label 14d9bbad
849-000605,Sample Business Label e1eaa22c,Sample Business Label 4671c25b,Sample Business Label 887d7f95,pcs,piece,Sample Business Label 4bf28cec,Sample Business Label 0f3d50d5,Purchased,17.00,,,1.00,,Sample Business Label 14d9bbad
795-000428,Sample Business Label 3d70ed1d,Sample Business Label b0d98fc6,Sample Business Label 5c716e22,pcs,piece,Sample Business Label 4bf28cec,Sample Business Label 2d85aff0,Purchased,13.00,,,1.00,,Sample Business Label 14d9bbad
358-000166,Sample Business Label edee1621,TPS040P02ES6,Sample Business Label 887d7f95,pcs,piece,Sample Business Label 17302eae,Sample Business Label 5bce86f3,Purchased,56.00,,,1.00,0.149951,Sample Business Label 14d9bbad
165-001758,Sample Business Label c61b91d0,Sample Business Label 5b7ebb37,Sample Business Label 1674b06f,pcs,piece,Sample Business Label 4bf28cec,Sample Business Label bde42e5a,Purchased,35.00,,,1.00,12.999972,Sample Business Label 14d9bbad
795-000894,Sample Business Label be51e968,Sample Business Label 1883708f,Sample Business Label 1674b06f,pcs,piece,Sample Business Label 4bf28cec,Sample Business Label 2d85aff0,Purchased,33.00,,,1.00,0.168031,Sample Business Label 14d9bbad
849-000511,Sample Business Label 65b45af3,TMTSO3035CTJ,Sample Business Label 887d7f95,pcs,piece,Sample Business Label 4bf28cec,Sample Business Label 0f3d50d5,Purchased,28.00,,,1.00,,Sample Business Label 14d9bbad
353-000162,Sample Business Label b034a5ab,,Sample Business Label 96053b3e,pcs,piece,Sample Business Label f0207843,Sample Business Label e1a5ffe2,In-house,,,,1.00,,Sample Business Label 14d9bbad
725-000149,Sample Business Label 05087a91,"1uf,50v,0603,10%",Sample Business Label 887d7f95,pcs,piece,Sample Business Label 17302eae,Sample Business Label 07789cfe,Purchased,56.00,,,1.00,0.015029,Sample Business Label 14d9bbad
606-000691,Sample Business Label 50a58c73,,Sample Business Label 1674b06f,pcs,piece,Sample Business Label 0e5444d0,Sample Business Label 84fc6382,Purchased,14.00,,,1.00,46.000040,Sample Business Label 14d9bbad
733-000131,Sample Business Label 1ef5a5d1,DSEB0730-2R2M,Sample Business Label 887d7f95,pcs,piece,Sample Business Label 17302eae,Sample Business Label f3f2ee9b,Purchased,31.00,,,1.00,2.549958,Sample Business Label 14d9bbad
849-000792,Sample Business Label 4f9de0a6,Sample Business Label e03d35cc,Sample Business Label 887d7f95,pcs,piece,Sample Business Label 4bf28cec,Sample Business Label 0f3d50d5,Purchased,13.00,,,1.00,,Sample Business Label 14d9bbad
165-000467,Sample Business Label d357e23c,Sample Business Label c48968af,Sample Business Label 1674b06f,pcs,piece,Sample Business Label 4bf28cec,Sample Business Label bde42e5a,Purchased,28.00,,,1.00,1.130000,Sample Business Label 14d9bbad
849-001232,Sample Business Label 92dba457,Sample Business Label 03a32517,Sample Business Label 96053b3e,pcs,piece,Sample Business Label 4bf28cec,Sample Business Label 0f3d50d5,Purchased,1.00,,,1.00,12.000035,Sample Business Label 14d9bbad
994-000350,Sample Business Label e204d7a1,Sample Business Label 421cd89d,Sample Business Label 1674b06f,pcs,piece,Sample Business Label 4bf28cec,Sample Business Label d9643929,Purchased,35.00,,,1.00,,Sample Business Label 14d9bbad
795-000309,Sample Business Label b4a00e93,Sample Business Label 5da2960c,Sample Business Label 7bdc2d0a,pcs,piece,Sample Business Label 4bf28cec,Sample Business Label 2d85aff0,Purchased,14.00,,,1.00,,Sample Business Label 14d9bbad
363-000576,Sample Business Label 4cac0634,Sample Business Label 03b81470,Sample Business Label 96053b3e,pcs,piece,Sample Business Label 0e5444d0,Sample Business Label 797c70ef,Purchased,35.00,,,1.00,10.000500,Sample Business Label 14d9bbad
972-000323,Sample Business Label 7d1c433f,CL13232ESO,Sample Business Label 887d7f95,pcs,piece,Sample Business Label 17302eae,Sample Business Label 09caa247,Purchased,42.00,,,1.00,0.665005,Sample Business Label 14d9bbad
994-000371,Sample Business Label d3890ee8,Sample Business Label f4ebc86a,Sample Business Label 7bdc2d0a,pcs,piece,Sample Business Label 4bf28cec,Sample Business Label d9643929,Purchased,35.00,,,1.00,,Sample Business Label 14d9bbad
725-000038,Sample Business Label 05087a91,"100nF,100V,0805,10%",Sample Business Label 887d7f95,pcs,piece,Sample Business Label 17302eae,Sample Business Label 07789cfe,Purchased,70.00,,,1.00,0.044974,Sample Business Label 14d9bbad
972-000717,Sample Business Label d33f7dab,M509RC(D)-SC,Sample Business Label 887d7f95,pcs,piece,Sample Business Label 17302eae,Sample Business Label 09caa247,Purchased,28.00,,,1.00,50.500039,Sample Business Label 14d9bbad
725-000164,Sample Business Label 05087a91,"2.7nF,50V,0402,±10%",Sample Business Label 887d7f95,pcs,piece,Sample Business Label 17302eae,Sample Business Label 07789cfe,Purchased,126.00,,,1.00,0.003955,Sample Business Label 14d9bbad
165-001429,Sample Business Label 30c573d1,Sample Business Label c52b7b7f,Sample Business Label 1674b06f,pcs,piece,Sample Business Label 4bf28cec,Sample Business Label bde42e5a,Purchased,35.00,,,1.00,,Sample Business Label 14d9bbad
690-000014,Sample Business Label 87df3301,"YELLOW,29-31-Y2C-CN2Q1BZ-3T-(GN)",Sample Business Label 887d7f95,pcs,piece,Sample Business Label 17302eae,Sample Business Label f3ac5013,Purchased,28.00,,,1.00,,Sample Business Label 14d9bbad
454-000241,Sample Business Label 2b176d5b,TS315,Sample Business Label 887d7f95,pcs,piece,Sample Business Label 17302eae,Sample Business Label 5680b573,Purchased,42.00,,,1.00,0.150968,Sample Business Label 14d9bbad
795-001187,Sample Business Label 9c35931a,Sample Business Label 1e16686c,Sample Business Label 96053b3e,pcs,piece,Sample Business Label 4bf28cec,Sample Business Label 2d85aff0,Purchased,28.00,,,1.00,21.591023,Sample Business Label 14d9bbad
554-000075,Sample Business Label 042b653a,TGM2048-ADJXTEK8G/TR,Sample Business Label 887d7f95,pcs,piece,Sample Business Label 17302eae,Sample Business Label 042b653a,Purchased,98.00,,,1.00,1.599967,Sample Business Label 14d9bbad
549-002093,Sample Business Label 085fc1f4,Sample Business Label b75bbf60,Sample Business Label 1674b06f,pcs,piece,Sample Business Label 0e5444d0,Sample Business Label 5b88d24a,Purchased,42.00,,,1.00,100.000028,Sample Business Label 14d9bbad
165-000677,Sample Business Label b142fb60,Sample Business Label 24c09ea7,Sample Business Label 735ac064,pcs,piece,Sample Business Label 4bf28cec,Sample Business Label bde42e5a,Purchased,14.00,,,1.00,,Sample Business Label 14d9bbad
549-000205,Sample Business Label 978a0d27,HX-EU1023D,Autonomous Driving,pcs,piece,Sample Business Label 0e5444d0,Sample Business Label 5b88d24a,Purchased,28.00,,,1.00,,Sample Business Label 14d9bbad
165-001959,Sample Business Label 977e95f7,Sample Business Label ea932fbc,Sample Business Label 1674b06f,pcs,piece,Sample Business Label 4bf28cec,Sample Business Label bde42e5a,Purchased,28.00,,,1.00,,Sample Business Label 14d9bbad
165-001777,Sample Business Label dd13c95f,Sample Business Label ef6e9d86,Sample Business Label 1674b06f,pcs,piece,Sample Business Label 4bf28cec,Sample Business Label bde42e5a,Purchased,14.00,,,1.00,0.180009,Sample Business Label 14d9bbad
358-000138,Sample Business Label c7de58d3,ZJL07P03BL,Sample Business Label 887d7f95,pcs,piece,Sample Business Label 17302eae,Sample Business Label 5bce86f3,Purchased,70.00,,,1.00,0.329960,Sample Business Label 14d9bbad
358-000001,Sample Business Label 6e2963c0,NMBT3904LT1G,Sample Business Label 887d7f95,pcs,piece,Sample Business Label 17302eae,Sample Business Label 5bce86f3,Purchased,140.00,,,1.00,0.114921,Sample Business Label 14d9bbad
994-000413,Sample Business Label 7c9ccdbd,,Sample Business Label 1674b06f,pcs,piece,Sample Business Label 4bf28cec,Sample Business Label d9643929,In-house,35.00,,,1.00,,Sample Business Label 14d9bbad
165-003435,Sample Business Label 6565e92b,T2,Sample Business Label 96053b3e,pcs,piece,Sample Business Label 4bf28cec,Sample Business Label bde42e5a,Purchased,1.00,,,1.00,179.999960,Sample Business Label 14d9bbad
972-000655,Sample Business Label 5a0834ec,FC800KCNCC-J01-SNNSA,Sample Business Label 887d7f95,pcs,piece,Sample Business Label 17302eae,Sample Business Label 09caa247,Purchased,42.00,,,1.00,13.920018,Sample Business Label 14d9bbad
454-000169,Sample Business Label 99d65bb6,TM24CMI,Sample Business Label 887d7f95,pcs,piece,Sample Business Label 17302eae,Sample Business Label 5680b573,Purchased,56.00,,,1.00,0.260013,Sample Business Label 14d9bbad
165-003394,Sample Business Label 8cea72c2,Sample Business Label b8ba89cc,Sample Business Label 96053b3e,pcs,piece,Sample Business Label 4bf28cec,Sample Business Label bde42e5a,Purchased,1.00,,,1.00,28.000044,Sample Business Label 14d9bbad
356-000534,Sample Business Label c2dd0286,GP0520F-006R-TAND,Sample Business Label 887d7f95,pcs,piece,Sample Business Label 4bf28cec,Sample Business Label db158135,Purchased,25.00,,,1.00,0.280014,Sample Business Label 14d9bbad
588-000729,Sample Business Label 32cf98f8,Sample Business Label 5ba7c907,Sample Business Label 1674b06f,pcs,piece,Sample Business Label f0207843,Sample Business Label 6ca8a46d,Outsourced,1.00,,,1.00,,Sample Business Label 14d9bbad
101-000005,FH211020-9EFA-4EED,FH211020-9EFA-4EED,Sample Business Label 887d7f95,pcs,piece,Sample Business Label 17302eae,Sample Business Label 93cbaf79,Purchased,28.00,,,1.00,1.060053,Sample Business Label 14d9bbad
849-000822,Sample Business Label 8b9f9fee,Sample Business Label 35ae2f17,Sample Business Label 887d7f95,pcs,piece,Sample Business Label 4bf28cec,Sample Business Label 0f3d50d5,Purchased,17.00,,,1.00,,Sample Business Label 14d9bbad
454-000108,Sample Business Label 2b176d5b,CAS40-04LT1G,Sample Business Label 887d7f95,pcs,piece,Sample Business Label 17302eae,Sample Business Label 5680b573,Purchased,140.00,,,1.00,0.225435,Sample Business Label 14d9bbad
165-001268,Sample Business Label c7e76260,,Autonomous Driving,pcs,piece,Sample Business Label 4bf28cec,Sample Business Label bde42e5a,Purchased,28.00,,,1.00,,Sample Business Label 14d9bbad
795-000945,Sample Business Label cc7637a1,Sample Business Label 063f0eea,Autonomous Driving,pcs,piece,Sample Business Label 4bf28cec,Sample Business Label 2d85aff0,Purchased,21.00,,,1.00,0.249956,Sample Business Label 14d9bbad
972-000705,MPU,TTM32MP231AAL3,Sample Business Label 887d7f95,pcs,piece,Sample Business Label 17302eae,Sample Business Label 09caa247,Purchased,64.00,,,1.00,48.194500,Sample Business Label 14d9bbad
539-000552,Sample Business Label b85ec631,47k，0201，1%，1/20W,Sample Business Label 887d7f95,pcs,piece,Sample Business Label 17302eae,Sample Business Label 5fe53d48,Purchased,84.00,,,1.00,0.002034,Sample Business Label 14d9bbad
725-000447,Sample Business Label 05087a91,"100nF,250V,1206,10%，X7R",Sample Business Label 887d7f95,pcs,piece,Sample Business Label 17302eae,Sample Business Label 07789cfe,Purchased,56.00,,,1.00,0.031527,Sample Business Label 14d9bbad
165-002537,Sample Business Label 21f67ea7,Sample Business Label c3cff98a,Sample Business Label 1674b06f,pcs,piece,Sample Business Label 4bf28cec,Sample Business Label bde42e5a,Purchased,21.00,,,1.00,0.237526,Sample Business Label 14d9bbad
725-000157,Sample Business Label 511eda64,WEJ470M1HTR-0607,Sample Business Label 887d7f95,pcs,piece,Sample Business Label 17302eae,Sample Business Label 07789cfe,Purchased,84.00,,,1.00,0.226000,Sample Business Label 14d9bbad
972-000703,Sample Business Label 4ab267f0,TGM40659YG/TR,Sample Business Label 887d7f95,pcs,piece,Sample Business Label 17302eae,Sample Business Label 09caa247,Purchased,45.00,,,1.00,1.052369,Sample Business Label 14d9bbad
165-000802,Sample Business Label 373a2218,Sample Business Label f99400cb,Sample Business Label 1674b06f,pcs,piece,Sample Business Label 4bf28cec,Sample Business Label bde42e5a,Purchased,21.00,,,1.00,,Sample Business Label 14d9bbad
539-000004,Sample Business Label b85ec631,"330R,0402,1%",Sample Business Label 887d7f95,pcs,piece,Sample Business Label 17302eae,Sample Business Label 5fe53d48,Purchased,112.00,,,1.00,0.002825,Sample Business Label 14d9bbad
733-000074,Sample Business Label c16ef3b5,MQW15AN2N7B0ZD,Sample Business Label 887d7f95,pcs,piece,Sample Business Label 17302eae,Sample Business Label f3f2ee9b,Purchased,56.00,,,1.00,0.560028,Sample Business Label 14d9bbad
356-000246,Sample Business Label 9c2525ce,FWF-15004-T02B24W5M,Sample Business Label 887d7f95,pcs,piece,Sample Business Label 4bf28cec,Sample Business Label db158135,Purchased,25.00,,,1.00,,Sample Business Label 14d9bbad
539-000052,Sample Business Label b85ec631,"750K,0402,1%",Sample Business Label 887d7f95,pcs,piece,Sample Business Label 17302eae,Sample Business Label 5fe53d48,Purchased,98.00,,,1.00,0.001469,Sample Business Label 14d9bbad
849-001264,Sample Business Label 3ca5ebe1,Sample Business Label 9bc158be,Sample Business Label 96053b3e,pcs,piece,Sample Business Label 4bf28cec,Sample Business Label 0f3d50d5,Purchased,1.00,,,1.00,0.716420,Sample Business Label 14d9bbad
165-001209,Sample Business Label c0d0a907,Sample Business Label 481bacf2,Sample Business Label 7bdc2d0a,pcs,piece,Sample Business Label 4bf28cec,Sample Business Label bde42e5a,Purchased,28.00,,,1.00,,Sample Business Label 14d9bbad
838-000442,Sample Business Label e419d98f,,Sample Business Label 1674b06f,pcs,piece,Sample Business Label 4bf28cec,Sample Business Label 6e9ebdaf,Purchased,1.00,,,1.00,,Sample Business Label 14d9bbad
972-000454,Sample Business Label 72f3b95a,K4B2G1646F-BHMA,Sample Business Label 887d7f95,pcs,piece,Sample Business Label 17302eae,Sample Business Label 09caa247,Purchased,7.00,,,1.00,46.870027,Sample Business Label 14d9bbad
838-000211,Sample Business Label 6fd97563,ZK-801-C-M-01,Sample Business Label 7bdc2d0a,pcs,piece,Sample Business Label 0e5444d0,Sample Business Label 6e9ebdaf,Purchased,35.00,,,1.00,,Sample Business Label 14d9bbad
539-000489,Sample Business Label 362ab609,"200R,0402,0.1%",Sample Business Label 887d7f95,pcs,piece,Sample Business Label 17302eae,Sample Business Label 5fe53d48,Purchased,133.00,,,1.00,0.056952,Sample Business Label 14d9bbad
838-000443,Sample Business Label 518ffa76,,Sample Business Label 1674b06f,pcs,piece,Sample Business Label 4bf28cec,Sample Business Label 6e9ebdaf,Purchased,1.00,,,1.00,,Sample Business Label 14d9bbad
321-000485,YS508_1T4R_80G_9232_P0_PCB,YS508_1T4R_80G_9232_P0_PCB,Sample Business Label 1674b06f,pcs,piece,Sample Business Label 17302eae,Sample Business Label cbf023bc,Purchased,90.00,,,1.00,25.878017,Sample Business Label 14d9bbad
849-001244,Sample Business Label 57efb351,7063-T5,Sample Business Label 96053b3e,pcs,piece,Sample Business Label 4bf28cec,Sample Business Label 0f3d50d5,Purchased,1.00,,,1.00,150.000042,Sample Business Label 14d9bbad
733-000226,Sample Business Label c16ef3b5,NTF0402P39NJ10ST,Sample Business Label 887d7f95,pcs,piece,Sample Business Label 17302eae,Sample Business Label f3f2ee9b,Purchased,24.00,,,1.00,0.169952,Sample Business Label 14d9bbad
356-000604,Sample Business Label f84f8cf5,Sample Business Label 6d3cf857,Sample Business Label 1674b06f,pcs,piece,Sample Business Label 4bf28cec,Sample Business Label db158135,Purchased,35.00,,,1.00,0.829985,Sample Business Label 14d9bbad
725-000261,Sample Business Label aa365181,ERS1KM470F12OT,Sample Business Label 887d7f95,pcs,piece,Sample Business Label 17302eae,Sample Business Label 07789cfe,Purchased,56.00,,,1.00,0.149951,Sample Business Label 14d9bbad
165-002670,Sample Business Label 427a6b30,Sample Business Label 8c273989,Autonomous Driving,pcs,piece,Sample Business Label 4bf28cec,Sample Business Label bde42e5a,Purchased,35.00,,,1.00,23.819948,Sample Business Label 14d9bbad
539-000421,Sample Business Label b85ec631,"10K,0402,1%",Sample Business Label 887d7f95,pcs,piece,Sample Business Label 17302eae,Sample Business Label 5fe53d48,Purchased,56.00,,,1.00,0.001808,Sample Business Label 14d9bbad
733-000038,Sample Business Label 43b7aeb5,TWPA4030S1R0NT,Sample Business Label 887d7f95,pcs,piece,Sample Business Label 17302eae,Sample Business Label f3f2ee9b,Purchased,42.00,,,1.00,0.142945,Sample Business Label 14d9bbad
795-000451,Sample Business Label 8a901a3b,L*W*H=5*5*1.5mm，6W,Sample Business Label 1674b06f,pcs,piece,Sample Business Label 4bf28cec,Sample Business Label 2d85aff0,Purchased,14.00,,,1.00,,Sample Business Label 14d9bbad
165-001319,Sample Business Label 50fae357,Sample Business Label 8e8afffa,Sample Business Label 1674b06f,pcs,piece,Sample Business Label 4bf28cec,Sample Business Label bde42e5a,Purchased,42.00,,,1.00,,Sample Business Label 14d9bbad
321-000543,YS221_P0_PCB,YS221_P0_PCB,Autonomous Driving,pcs,piece,Sample Business Label 17302eae,Sample Business Label cbf023bc,Purchased,35.00,,,1.00,8.130011,Sample Business Label 14d9bbad
539-000157,Sample Business Label b85ec631,"16.5K,0402,1%",Sample Business Label 887d7f95,pcs,piece,Sample Business Label 17302eae,Sample Business Label 5fe53d48,Purchased,112.00,,,1.00,0.002825,Sample Business Label 14d9bbad
165-001557,Sample Business Label e6d4301c,36mm*8mm*3mm,Autonomous Driving,pcs,piece,Sample Business Label 4bf28cec,Sample Business Label bde42e5a,Purchased,21.00,,,1.00,,Sample Business Label 14d9bbad
321-000431,Sample Business Label fc855348,YS403_X3M_P2_PCB,Sample Business Label 1674b06f,pcs,piece,Sample Business Label 17302eae,Sample Business Label cbf023bc,Purchased,30.00,,,1.00,13.580001,Sample Business Label 14d9bbad
733-000188,Sample Business Label de3ed42c,VPZ1608U601-1R3TF,Sample Business Label 887d7f95,pcs,piece,Sample Business Label 17302eae,Sample Business Label f3f2ee9b,Purchased,98.00,,,1.00,0.060003,Sample Business Label 14d9bbad
838-000455,Sample Business Label 5e38b443,YS508-U-4G-DIV,Sample Business Label 1674b06f,pcs,piece,Sample Business Label 4bf28cec,Sample Business Label 6e9ebdaf,Purchased,35.00,,,1.00,1.082992,Sample Business Label 14d9bbad
972-000515,Sample Business Label 0f6244f8,YSCK2,Sample Business Label 887d7f95,pcs,piece,Sample Business Label 17302eae,Sample Business Label 09caa247,Purchased,21.00,,,1.00,4.199984,Sample Business Label 14d9bbad
725-000302,Sample Business Label 58d42cf9,WZT221M1HTT-0810,Sample Business Label 887d7f95,pcs,piece,Sample Business Label 17302eae,Sample Business Label 07789cfe,Purchased,70.00,,,1.00,0.709979,Sample Business Label 14d9bbad
725-000443,Sample Business Label 05087a91,"68nF,50V,0402,10%,X7R",Sample Business Label 887d7f95,pcs,piece,Sample Business Label 17302eae,Sample Business Label 07789cfe,Purchased,98.00,,,1.00,0.006215,Sample Business Label 14d9bbad
356-000271,Sample Business Label eee38db0,XB2013A-206S-BAND-GW,Sample Business Label 887d7f95,pcs,piece,Sample Business Label 4bf28cec,Sample Business Label db158135,Purchased,25.00,,,1.00,0.140007,Sample Business Label 14d9bbad
165-003386,Sample Business Label b0769c44,Sample Business Label 78465443,Sample Business Label 96053b3e,pcs,piece,Sample Business Label 4bf28cec,Sample Business Label bde42e5a,Purchased,1.00,,,1.00,220.000039,Sample Business Label 14d9bbad
795-000003,Sample Business Label 42398bf3,Sample Business Label 3dc0934a,Sample Business Label 7bdc2d0a,pcs,piece,Sample Business Label 4bf28cec,Sample Business Label 2d85aff0,Purchased,17.00,,,1.00,,Sample Business Label 14d9bbad
725-000174,Sample Business Label 05087a91,"10uF,±10%,50V,1206,X7R",Sample Business Label 887d7f95,pcs,piece,Sample Business Label 17302eae,Sample Business Label 07789cfe,Purchased,70.00,,,1.00,0.197976,Sample Business Label 14d9bbad
972-000538,GNSS LNA,BW5005EDNR,Sample Business Label 887d7f95,pcs,piece,Sample Business Label 17302eae,Sample Business Label 09caa247,Purchased,28.00,,,1.00,0.096050,Sample Business Label 14d9bbad
165-001962,Sample Business Label cd48c748,Sample Business Label 1b574665,Sample Business Label 1674b06f,pcs,piece,Sample Business Label 4bf28cec,Sample Business Label bde42e5a,Purchased,35.00,,,1.00,,Sample Business Label 14d9bbad
725-000410,Sample Business Label 05087a91,"22uF,10V,0805,±20%,X7R",Sample Business Label 887d7f95,pcs,piece,Sample Business Label 17302eae,Sample Business Label 07789cfe,Purchased,112.00,,,1.00,0.349961,Sample Business Label 14d9bbad
358-000080,Sample Business Label a1d3a332,MBSS138LT1G,Sample Business Label 887d7f95,pcs,piece,Sample Business Label 17302eae,Sample Business Label 5bce86f3,Purchased,126.00,,,1.00,0.039550,Sample Business Label 14d9bbad
165-003414,Sample Business Label b5fe6f15,QA66+30GF,Sample Business Label 96053b3e,pcs,piece,Sample Business Label 4bf28cec,Sample Business Label bde42e5a,Purchased,1.00,,,1.00,159.999977,Sample Business Label 14d9bbad
468-000003,Sample Business Label 067db23f,Sample Business Label 5e983628,Sample Business Label 445dc24e,pcs,piece,Sample Business Label 0e5444d0,Sample Business Label a5e675d6,Purchased,23.00,,,1.00,,Sample Business Label 14d9bbad
690-000007,Sample Business Label 87b7b2fd,"Green,304-10SYGD-T530-E2-L _V4",Sample Business Label 887d7f95,pcs,piece,Sample Business Label 17302eae,Sample Business Label f3ac5013,Purchased,35.00,,,1.00,0.095033,Sample Business Label 14d9bbad
725-000250,Sample Business Label 05087a91,"30pF,50V,0402,5%",Sample Business Label 887d7f95,pcs,piece,Sample Business Label 17302eae,Sample Business Label 07789cfe,Purchased,77.00,,,1.00,0.002147,Sample Business Label 14d9bbad
165-001941,Sample Business Label c498f5f3,Sample Business Label 6f1095bf,Sample Business Label 1674b06f,pcs,piece,Sample Business Label 4bf28cec,Sample Business Label bde42e5a,Purchased,10.00,,,1.00,,Sample Business Label 14d9bbad
725-000259,Sample Business Label 05087a91,"2.2uF,25V,0402,10%",Sample Business Label 887d7f95,pcs,piece,Sample Business Label 17302eae,Sample Business Label 07789cfe,Purchased,98.00,,,1.00,0.042036,Sample Business Label 14d9bbad
358-000185,Sample Business Label fee0c506,MN4812LT1G,Sample Business Label 887d7f95,pcs,piece,Sample Business Label 17302eae,Sample Business Label 5bce86f3,Purchased,105.00,,,1.00,0.189953,Sample Business Label 14d9bbad
725-000026,Sample Business Label 05087a91,"18pF,50V,0402,5%",Sample Business Label 887d7f95,pcs,piece,Sample Business Label 17302eae,Sample Business Label 07789cfe,Purchased,126.00,,,1.00,0.004520,Sample Business Label 14d9bbad
260-000064,Sample Business Label 023be754,YC-DAC-D-04,Sample Business Label 761a79a0,pcs,piece,Sample Business Label f0207843,Sample Business Label ffacf96f,In-house,1.00,,,1.00,,Sample Business Label 14d9bbad
725-000349,Sample Business Label 05087a91,"47PF,50V,0402,5%",Sample Business Label 887d7f95,pcs,piece,Sample Business Label 17302eae,Sample Business Label 07789cfe,Purchased,98.00,,,1.00,0.002486,Sample Business Label 14d9bbad
725-000315,Sample Business Label 58d42cf9,WZH470M1JTR-0810,Sample Business Label 887d7f95,pcs,piece,Sample Business Label 17302eae,Sample Business Label 07789cfe,Purchased,84.00,,,1.00,0.380019,Sample Business Label 14d9bbad
725-000306,Sample Business Label aa365181,ERS1EM221E11OT,Sample Business Label 887d7f95,pcs,piece,Sample Business Label 17302eae,Sample Business Label 07789cfe,Purchased,56.00,,,1.00,0.115034,Sample Business Label 14d9bbad
795-000785,Sample Business Label d540d9d1,Sample Business Label eee07a84,Sample Business Label 1674b06f,pcs,piece,Sample Business Label 4bf28cec,Sample Business Label 2d85aff0,Purchased,33.00,,,1.00,0.307134,Sample Business Label 14d9bbad
994-000544,Sample Business Label cc36546c,,Sample Business Label 1674b06f,pcs,piece,Sample Business Label 4bf28cec,Sample Business Label d9643929,Purchased,35.00,,,1.00,,Sample Business Label 14d9bbad
165-001033,Sample Business Label a6d63fd2,Sample Business Label 6b4203f8,Sample Business Label 1674b06f,pcs,piece,Sample Business Label 4bf28cec,Sample Business Label bde42e5a,Purchased,21.00,,,1.00,,Sample Business Label 14d9bbad
849-001220,Sample Business Label 059515d1,Sample Business Label b01292c6,Sample Business Label 96053b3e,pcs,piece,Sample Business Label 4bf28cec,Sample Business Label 0f3d50d5,Purchased,35.00,,,1.00,220.799966,Sample Business Label 14d9bbad
725-000255,Sample Business Label 05087a91,"3.3nF,50V,0603,10%,X7R",Sample Business Label 887d7f95,pcs,piece,Sample Business Label 17302eae,Sample Business Label 07789cfe,Purchased,84.00,,,1.00,0.021922,Sample Business Label 14d9bbad
356-000062,Sample Business Label 73f77489,MMCX-JE-13,Sample Business Label 887d7f95,pcs,piece,Sample Business Label 4bf28cec,Sample Business Label db158135,Purchased,25.00,,,1.00,4.501016,Sample Business Label 14d9bbad
972-000343,SDRAM,X9825G6KH-6I,Sample Business Label 887d7f95,pcs,piece,Sample Business Label 17302eae,Sample Business Label 09caa247,Purchased,84.00,,,1.00,44.999990,Sample Business Label 14d9bbad
588-000565,Sample Business Label 4328642f,Sample Business Label 4328642f,Sample Business Label 1674b06f,pcs,piece,Sample Business Label f0207843,Sample Business Label 6ca8a46d,Outsourced,13.00,,,1.00,,Sample Business Label 14d9bbad
725-000274,Sample Business Label 05087a91,"2.2nF,16V,0201,10%",Sample Business Label 887d7f95,pcs,piece,Sample Business Label 17302eae,Sample Business Label 07789cfe,Purchased,112.00,,,1.00,0.006780,Sample Business Label 14d9bbad
795-001232,Sample Business Label 3c0046c6,,Sample Business Label 96053b3e,pcs,piece,Sample Business Label 4bf28cec,Sample Business Label 2d85aff0,Purchased,1.00,,,1.00,,Sample Business Label 14d9bbad
356-000270,Sample Business Label dc0838e4,XB2013A-205S-BAND-GW,Sample Business Label 887d7f95,pcs,piece,Sample Business Label 4bf28cec,Sample Business Label db158135,Purchased,24.00,,,1.00,0.120006,Sample Business Label 14d9bbad
725-000128,Sample Business Label 05087a91,"150pf,50v,0402,5%",Sample Business Label 887d7f95,pcs,piece,Sample Business Label 17302eae,Sample Business Label 07789cfe,Purchased,98.00,,,1.00,0.005650,Sample Business Label 14d9bbad
733-000155,Sample Business Label c16ef3b5,TDCL1005C9N1JTDF,Sample Business Label 887d7f95,pcs,piece,Sample Business Label 17302eae,Sample Business Label f3f2ee9b,Purchased,98.00,,,1.00,0.007345,Sample Business Label 14d9bbad
972-000774,Sample Business Label 102c7d0e,UAU1114-1216BB0,Sample Business Label 887d7f95,pcs,piece,Sample Business Label 17302eae,Sample Business Label 09caa247,Purchased,28.00,,,1.00,7.800051,Sample Business Label 14d9bbad
454-000221,Sample Business Label 5680b573,TD10U60SL,Sample Business Label 887d7f95,pcs,piece,Sample Business Label 17302eae,Sample Business Label 5680b573,Purchased,28.00,,,1.00,0.689978,Sample Business Label 14d9bbad
725-000431,Sample Business Label 05087a91,"2.2uf,10v,0201,10%",Sample Business Label 887d7f95,pcs,piece,Sample Business Label 17302eae,Sample Business Label 07789cfe,Purchased,126.00,,,1.00,0.124978,Sample Business Label 14d9bbad
359-000035,Sample Business Label 33e222bf,,Sample Business Label 96053b3e,pcs,piece,Sample Business Label 17302eae,Sample Business Label ddf8bc50,Purchased,42.00,,,1.00,184.000047,Sample Business Label 14d9bbad
321-000432,Sample Business Label 63dd2065,YS403_MODULE_FPC_P1_PCB,Sample Business Label 1674b06f,pcs,piece,Sample Business Label 17302eae,Sample Business Label cbf023bc,Purchased,35.00,,,1.00,1.000050,Sample Business Label 14d9bbad
838-000338,Sample Business Label c80bfb02,HX-DUX611A-JG010,Sample Business Label 1674b06f,pcs,piece,Sample Business Label 0e5444d0,Sample Business Label 6e9ebdaf,Purchased,35.00,,,1.00,,Sample Business Label 14d9bbad
539-000497,Sample Business Label 1f0a5f17,QE2512FKF070R1L,Sample Business Label 887d7f95,pcs,piece,Sample Business Label 17302eae,Sample Business Label 5fe53d48,Purchased,140.00,,,1.00,,Sample Business Label 14d9bbad
539-000601,Sample Business Label b85ec631,Sample Business Label dc702788,Sample Business Label 887d7f95,pcs,piece,Sample Business Label 17302eae,Sample Business Label 5fe53d48,Purchased,126.00,,,1.00,0.029945,Sample Business Label 14d9bbad
539-000477,Sample Business Label b85ec631,"60.4R,0805,1%",Sample Business Label 887d7f95,pcs,piece,Sample Business Label 17302eae,Sample Business Label 5fe53d48,Purchased,42.00,,,1.00,0.004181,Sample Business Label 14d9bbad
165-001826,Sample Business Label dac776f4,Sample Business Label cf772a04,Sample Business Label 1674b06f,pcs,piece,Sample Business Label 4bf28cec,Sample Business Label bde42e5a,Purchased,21.00,,,1.00,1.250006,Sample Business Label 14d9bbad
972-000608,Sample Business Label 1b9aec12,TGM41573XTSE32G/TR,Sample Business Label 887d7f95,pcs,piece,Sample Business Label 17302eae,Sample Business Label 09caa247,Purchased,64.00,,,1.00,5.360042,Sample Business Label 14d9bbad
725-000078,Sample Business Label 05087a91,"470NF,25V,0402,10%",Sample Business Label 887d7f95,pcs,piece,Sample Business Label 17302eae,Sample Business Label 07789cfe,Purchased,126.00,,,1.00,0.024295,Sample Business Label 14d9bbad
539-000502,Sample Business Label 333baf41,DMFD103J3900HANT,Sample Business Label 887d7f95,pcs,piece,Sample Business Label 17302eae,Sample Business Label 5fe53d48,Purchased,35.00,,,1.00,0.050963,Sample Business Label 14d9bbad
849-001184,Sample Business Label 0cf28281,Sample Business Label a95993fd,Sample Business Label 96053b3e,pcs,piece,Sample Business Label 4bf28cec,Sample Business Label 0f3d50d5,Purchased,1.00,,,1.00,30.000031,Sample Business Label 14d9bbad
588-000541,Sample Business Label 0b119c53,YS410_YI3519_P1_S01_PCBA,Sample Business Label 1674b06f,pcs,piece,Sample Business Label f0207843,Sample Business Label 6ca8a46d,Outsourced,10.00,,,1.00,,Sample Business Label 14d9bbad
606-000053,Sample Business Label 291bc78c,Sample Business Label e5250561,Sample Business Label 5c716e22,pcs,piece,Sample Business Label 0e5444d0,Sample Business Label 84fc6382,Purchased,14.00,,,1.00,,Sample Business Label 14d9bbad
972-000845,Sample Business Label d33f7dab,TLM750-VA,Sample Business Label 887d7f95,pcs,piece,Sample Business Label 17302eae,Sample Business Label 09caa247,Purchased,42.00,,,1.00,136.500045,Sample Business Label 14d9bbad
725-000104,Sample Business Label 05087a91,"1uF,10V,0402,10%",Sample Business Label 887d7f95,pcs,piece,Sample Business Label 17302eae,Sample Business Label 07789cfe,Purchased,70.00,,,1.00,0.004972,Sample Business Label 14d9bbad
539-000008,Sample Business Label b85ec631,"10K,0402,1%",Sample Business Label 887d7f95,pcs,piece,Sample Business Label 17302eae,Sample Business Label 5fe53d48,Purchased,84.00,,,1.00,0.001921,Sample Business Label 14d9bbad
321-000567,Sample Business Label 55356a07,Sample Business Label 55356a07,Sample Business Label 1674b06f,pcs,piece,Sample Business Label 17302eae,Sample Business Label cbf023bc,Purchased,35.00,,,1.00,37.699964,Sample Business Label 14d9bbad
356-000356,Sample Business Label f98fc7d2,ZK-MMCX-KE-7536,Sample Business Label 887d7f95,pcs,piece,Sample Business Label 4bf28cec,Sample Business Label db158135,Purchased,35.00,,,1.00,1.279951,Sample Business Label 14d9bbad
165-001890,Sample Business Label 0293d900,Sample Business Label 63435879,Sample Business Label 1674b06f,pcs,piece,Sample Business Label 4bf28cec,Sample Business Label bde42e5a,Purchased,42.00,,,1.00,,Sample Business Label 14d9bbad
165-001981,Sample Business Label 0b14d65c,Sample Business Label 745b1afc,Sample Business Label 1674b06f,pcs,piece,Sample Business Label 4bf28cec,Sample Business Label bde42e5a,Purchased,21.00,,,1.00,,Sample Business Label 14d9bbad
849-000854,Sample Business Label afd8c857,Sample Business Label 717350f4,Sample Business Label 887d7f95,pcs,piece,Sample Business Label 4bf28cec,Sample Business Label 0f3d50d5,Purchased,17.00,,,1.00,,Sample Business Label 14d9bbad
165-003438,Sample Business Label af7b0aa2,T2,Sample Business Label 96053b3e,pcs,piece,Sample Business Label 4bf28cec,Sample Business Label bde42e5a,Purchased,1.00,,,1.00,82.200042,Sample Business Label 14d9bbad
165-001413,Sample Business Label b0899efc,Sample Business Label 5225b892,Sample Business Label 1674b06f,pcs,piece,Sample Business Label 4bf28cec,Sample Business Label bde42e5a,Purchased,35.00,,,1.00,,Sample Business Label 14d9bbad
539-000406,Sample Business Label b85ec631,"16.5K,0402,1%",Sample Business Label 887d7f95,pcs,piece,Sample Business Label 17302eae,Sample Business Label 5fe53d48,Purchased,42.00,,,1.00,0.001243,Sample Business Label 14d9bbad
539-000444,Sample Business Label b85ec631,"820R,0603,1%",Sample Business Label 887d7f95,pcs,piece,Sample Business Label 17302eae,Sample Business Label 5fe53d48,Purchased,112.00,,,1.00,0.004746,Sample Business Label 14d9bbad
359-000036,Sample Business Label 785ccddb,,Sample Business Label 96053b3e,pcs,piece,Sample Business Label 4bf28cec,Sample Business Label ddf8bc50,Purchased,42.00,,,1.00,1.000050,Sample Business Label 14d9bbad
849-001323,Sample Business Label 2cf2093d,Sample Business Label 18402d90,Sample Business Label 96053b3e,pcs,piece,Sample Business Label 4bf28cec,Sample Business Label 0f3d50d5,Purchased,1.00,,,1.00,0.424993,Sample Business Label 14d9bbad
770-000147,Sample Business Label 4ac67a83,Sample Business Label 9d2b9089,Sample Business Label 887d7f95,pcs,piece,Sample Business Label 4bf28cec,Sample Business Label 25c31db5,Purchased,35.00,,,1.00,,Sample Business Label 14d9bbad
454-000286,Sample Business Label 58ef7a6d,TMF24AL,Sample Business Label 887d7f95,pcs,piece,Sample Business Label 17302eae,Sample Business Label 5680b573,Purchased,56.00,,,1.00,0.104977,Sample Business Label 14d9bbad
165-001453,Sample Business Label 8410aeb1,,Autonomous Driving,pcs,piece,Sample Business Label 4bf28cec,Sample Business Label bde42e5a,Purchased,28.00,,,1.00,,Sample Business Label 14d9bbad
527-000055,Sample Business Label ab513f4b,P52JF-WUM-50M,Sample Business Label 887d7f95,pcs,piece,Sample Business Label 17302eae,Sample Business Label f5e6f23a,Purchased,42.00,,,1.00,1.299952,Sample Business Label 14d9bbad
539-000330,Sample Business Label b85ec631,"470K,0402,1%",Sample Business Label 887d7f95,pcs,piece,Sample Business Label 17302eae,Sample Business Label 5fe53d48,Purchased,84.00,,,1.00,0.001921,Sample Business Label 14d9bbad
454-000252,Sample Business Label 2b176d5b,SB751V-40,Sample Business Label 887d7f95,pcs,piece,Sample Business Label 17302eae,Sample Business Label 5680b573,Purchased,70.00,,,1.00,0.052545,Sample Business Label 14d9bbad
994-000387,Sample Business Label 799158a8,Sample Business Label 907fd415,Sample Business Label 7bdc2d0a,pcs,piece,Sample Business Label 4bf28cec,Sample Business Label d9643929,Purchased,35.00,,,1.00,,Sample Business Label 14d9bbad
588-000662,Sample Business Label df198dae,Sample Business Label df198dae,Sample Business Label 1674b06f,pcs,piece,Sample Business Label f0207843,Sample Business Label 6ca8a46d,Outsourced,1.00,,,1.00,,Sample Business Label 14d9bbad
972-000227,Sample Business Label 61d36be8,UEF8102EN/N1E,Sample Business Label 887d7f95,pcs,piece,Sample Business Label 17302eae,Sample Business Label 09caa247,Purchased,363.00,,,1.00,,Sample Business Label 14d9bbad
165-002059,Sample Business Label fd6b0e54,Sample Business Label e5de45cd,Sample Business Label 1674b06f,pcs,piece,Sample Business Label 4bf28cec,Sample Business Label bde42e5a,Purchased,21.00,,,1.00,,Sample Business Label 14d9bbad
539-000555,Sample Business Label b85ec631,Sample Business Label 024f7260,Sample Business Label 887d7f95,pcs,piece,Sample Business Label 17302eae,Sample Business Label 5fe53d48,Purchased,98.00,,,1.00,,Sample Business Label 14d9bbad
725-000179,Sample Business Label 05087a91,"56pF,50V,0402,5%,NP0",Sample Business Label 887d7f95,pcs,piece,Sample Business Label 17302eae,Sample Business Label 07789cfe,Purchased,98.00,,,1.00,0.002373,Sample Business Label 14d9bbad
725-000257,Sample Business Label 58d42cf9,VH1H470MF065000CEO,Sample Business Label 887d7f95,pcs,piece,Sample Business Label 17302eae,Sample Business Label 07789cfe,Purchased,28.00,,,1.00,0.266002,Sample Business Label 14d9bbad
165-000755,Sample Business Label 381187fc,Sample Business Label dba15dee,Sample Business Label 5c716e22,pcs,piece,Sample Business Label 4bf28cec,Sample Business Label bde42e5a,Purchased,28.00,,,1.00,,Sample Business Label 14d9bbad
554-000031,Sample Business Label 024e1000,TY7120RAC,Sample Business Label 887d7f95,pcs,piece,Sample Business Label 17302eae,Sample Business Label 042b653a,Purchased,140.00,,,1.00,2.300002,Sample Business Label 14d9bbad
539-000056,Sample Business Label b85ec631,"2R,1206,1%",Sample Business Label 887d7f95,pcs,piece,Sample Business Label 17302eae,Sample Business Label 5fe53d48,Purchased,84.00,,,1.00,0.009492,Sample Business Label 14d9bbad
972-000654,MCU,NIMXRT1021CAG4B,Sample Business Label 887d7f95,pcs,piece,Sample Business Label 17302eae,Sample Business Label 09caa247,Purchased,112.00,,,1.00,18.300011,Sample Business Label 14d9bbad
972-000113,Sample Business Label 28672e74,UPA6211A1TDGNRQ1,Sample Business Label 887d7f95,pcs,piece,Sample Business Label 17302eae,Sample Business Label 09caa247,Purchased,112.00,,,1.00,2.119993,Sample Business Label 14d9bbad
725-000100,Sample Business Label 05087a91,"10nF,50V,0402,10%",Sample Business Label 887d7f95,pcs,piece,Sample Business Label 17302eae,Sample Business Label 07789cfe,Purchased,105.00,,,1.00,0.005537,Sample Business Label 14d9bbad
849-001042,Sample Business Label 9d775a9f,Sample Business Label 8a963323,Autonomous Driving,pcs,piece,Sample Business Label 4bf28cec,Sample Business Label 0f3d50d5,Purchased,28.00,,,1.00,12.550006,Sample Business Label 14d9bbad
358-000128,Sample Business Label c7de58d3,KMTG080P03A,Sample Business Label 887d7f95,pcs,piece,Sample Business Label 17302eae,Sample Business Label 5bce86f3,Purchased,112.00,,,1.00,0.700035,Sample Business Label 14d9bbad
838-000156,Sample Business Label 421c3018,Sample Business Label ce0801a6,Autonomous Driving,pcs,piece,Sample Business Label 0e5444d0,Sample Business Label 6e9ebdaf,Purchased,35.00,,,1.00,,Sample Business Label 14d9bbad
795-000264,Sample Business Label c5e270b9,Sample Business Label 5292dfce,Autonomous Driving,pcs,piece,Sample Business Label 4bf28cec,Sample Business Label 2d85aff0,Purchased,21.00,,,1.00,,Sample Business Label 14d9bbad
795-000884,Sample Business Label 01c7c688,Sample Business Label d7b1da6a,Autonomous Driving,pcs,piece,Sample Business Label 4bf28cec,Sample Business Label 2d85aff0,Purchased,21.00,,,1.00,1.199947,Sample Business Label 14d9bbad
895-000038,Sample Business Label 17db6d2d,ZZKDK12T43S260,Sample Business Label 887d7f95,pcs,piece,Sample Business Label 4bf28cec,Sample Business Label d7716c4a,Purchased,28.00,,,1.00,0.140007,Sample Business Label 14d9bbad
849-001198,Sample Business Label 15e53e1e,45#、R235,Sample Business Label 96053b3e,pcs,piece,Sample Business Label 4bf28cec,Sample Business Label 0f3d50d5,Purchased,1.00,,,1.00,68.000010,Sample Business Label 14d9bbad
849-001251,Sample Business Label aabb3823,Sample Business Label a0659780,Sample Business Label 96053b3e,pcs,piece,Sample Business Label 4bf28cec,Sample Business Label 0f3d50d5,Purchased,1.00,,,1.00,170.000025,Sample Business Label 14d9bbad
539-000169,Sample Business Label b85ec631,"13K,0402,1%",Sample Business Label 887d7f95,pcs,piece,Sample Business Label 17302eae,Sample Business Label 5fe53d48,Purchased,98.00,,,1.00,0.002712,Sample Business Label 14d9bbad
539-000439,Sample Business Label 10c6b09c,MR2512-23R003F4,Sample Business Label 887d7f95,pcs,piece,Sample Business Label 17302eae,Sample Business Label 5fe53d48,Purchased,140.00,,,1.00,0.369962,Sample Business Label 14d9bbad
795-000801,Sample Business Label bfecfaaf,Sample Business Label 19549370,Sample Business Label 1674b06f,pcs,piece,Sample Business Label 4bf28cec,Sample Business Label 2d85aff0,Purchased,33.00,,,1.00,0.335045,Sample Business Label 14d9bbad
733-000210,Sample Business Label 6263b5c2,DBM160808U221T,Sample Business Label 887d7f95,pcs,piece,Sample Business Label 17302eae,Sample Business Label f3f2ee9b,Purchased,140.00,,,1.00,,Sample Business Label 14d9bbad
501-000006,Sample Business Label 32dbbfcf,Sample Business Label 23c8dda7,Sample Business Label 887d7f95,pcs,piece,Sample Business Label 17302eae,Sample Business Label 595d3369,Purchased,42.00,,,1.00,0.569972,Sample Business Label 14d9bbad
321-000396,UA500_P4_PCB,UA500_P4_PCB,Sample Business Label 5c716e22,pcs,piece,Sample Business Label 17302eae,Sample Business Label cbf023bc,Purchased,35.00,,,1.00,,Sample Business Label 14d9bbad
588-000342,Sample Business Label c0c6a680,Sample Business Label c0c6a680,Sample Business Label 1674b06f,pcs,piece,Sample Business Label f0207843,Sample Business Label 6ca8a46d,Outsourced,18.00,,,1.00,,Sample Business Label 14d9bbad
972-000170,Sample Business Label 34fed057,SN6854MGQW,Sample Business Label 887d7f95,pcs,piece,Sample Business Label 17302eae,Sample Business Label 09caa247,Purchased,84.00,,,1.00,,Sample Business Label 14d9bbad
588-000649,Sample Business Label 44cd0368,YS210_IMU_P1_PCBA,Autonomous Driving,pcs,piece,Sample Business Label f0207843,Sample Business Label 6ca8a46d,Outsourced,14.00,,,1.00,,Sample Business Label 14d9bbad
725-000338,Sample Business Label 05087a91,"47uF,10V,1206,20%",Sample Business Label 887d7f95,pcs,piece,Sample Business Label 17302eae,Sample Business Label 07789cfe,Purchased,84.00,,,1.00,0.482058,Sample Business Label 14d9bbad
454-000237,Sample Business Label e55eeeed,CZD52C15,Sample Business Label 887d7f95,pcs,piece,Sample Business Label 17302eae,Sample Business Label 5680b573,Purchased,56.00,,,1.00,0.049946,Sample Business Label 14d9bbad
849-000195,Sample Business Label 71dd8cb8,Sample Business Label 413d43cd,Sample Business Label 887d7f95,pcs,piece,Sample Business Label 4bf28cec,Sample Business Label 0f3d50d5,Purchased,13.00,,,1.00,,Sample Business Label 14d9bbad
539-000407,Sample Business Label b85ec631,"953K,0402,1%",Sample Business Label 887d7f95,pcs,piece,Sample Business Label 17302eae,Sample Business Label 5fe53d48,Purchased,35.00,,,1.00,0.001243,Sample Business Label 14d9bbad
539-000244,Sample Business Label b85ec631,"3K,0402,1%",Sample Business Label 887d7f95,pcs,piece,Sample Business Label 17302eae,Sample Business Label 5fe53d48,Purchased,84.00,,,1.00,0.001921,Sample Business Label 14d9bbad
849-000700,Sample Business Label e708220f,Sample Business Label 9e33d00e,Sample Business Label 887d7f95,pcs,piece,Sample Business Label 4bf28cec,Sample Business Label 0f3d50d5,Purchased,15.00,,,1.00,,Sample Business Label 14d9bbad
165-001234,Sample Business Label b6bf84cf,Sample Business Label d75c4f3d,Sample Business Label 1674b06f,pcs,piece,Sample Business Label 4bf28cec,Sample Business Label bde42e5a,Purchased,42.00,,,1.00,,Sample Business Label 14d9bbad
356-000557,Sample Business Label 1132ac19,Sample Business Label 5e18c594,Autonomous Driving,pcs,piece,Sample Business Label 4bf28cec,Sample Business Label db158135,Purchased,42.00,,,1.00,5.549995,Sample Business Label 14d9bbad
849-001261,Sample Business Label 48d85e94,Sample Business Label 91a67adb,Sample Business Label 96053b3e,pcs,piece,Sample Business Label 4bf28cec,Sample Business Label 0f3d50d5,Purchased,1.00,,,1.00,0.140120,Sample Business Label 14d9bbad
165-000771,Sample Business Label 40296457,Sample Business Label fd58b353,Autonomous Driving,pcs,piece,Sample Business Label 4bf28cec,Sample Business Label bde42e5a,Purchased,21.00,,,1.00,,Sample Business Label 14d9bbad
795-000947,Sample Business Label c4851ca3,Sample Business Label 00f7ca7a,Autonomous Driving,pcs,piece,Sample Business Label 4bf28cec,Sample Business Label 2d85aff0,Purchased,21.00,,,1.00,0.249956,Sample Business Label 14d9bbad
165-003886,Sample Business Label 45866974,,Autonomous Driving,pcs,piece,Sample Business Label 4bf28cec,Sample Business Label 08885629,Purchased,1.00,,,1.00,,Sample Business Label 14d9bbad
539-000218,Sample Business Label b85ec631,"100K,0402,1%",Sample Business Label 887d7f95,pcs,piece,Sample Business Label 17302eae,Sample Business Label 5fe53d48,Purchased,35.00,,,1.00,0.001243,Sample Business Label 14d9bbad
849-001221,Sample Business Label 82ebf055,Sample Business Label b01292c6,Sample Business Label 96053b3e,pcs,piece,Sample Business Label 4bf28cec,Sample Business Label 0f3d50d5,Purchased,35.00,,,1.00,75.600051,Sample Business Label 14d9bbad
733-000199,Sample Business Label 1ef5a5d1,MQW15AN2N7B80D,Sample Business Label 887d7f95,pcs,piece,Sample Business Label 17302eae,Sample Business Label f3f2ee9b,Purchased,140.00,,,1.00,0.237300,Sample Business Label 14d9bbad
165-003468,Sample Business Label 3309b99c,T2,Sample Business Label 96053b3e,pcs,piece,Sample Business Label 4bf28cec,Sample Business Label bde42e5a,Purchased,1.00,,,1.00,34.600035,Sample Business Label 14d9bbad
539-000086,Sample Business Label b85ec631,"36K,1206,1%",Sample Business Label 887d7f95,pcs,piece,Sample Business Label 17302eae,Sample Business Label 5fe53d48,Purchased,112.00,,,1.00,0.009040,Sample Business Label 14d9bbad
849-001222,Sample Business Label 94f59da3,Sample Business Label b01292c6,Sample Business Label 96053b3e,pcs,piece,Sample Business Label 4bf28cec,Sample Business Label 0f3d50d5,Purchased,35.00,,,1.00,81.600012,Sample Business Label 14d9bbad
454-000136,Sample Business Label 2b176d5b,C360AE-13,Sample Business Label 887d7f95,pcs,piece,Sample Business Label 17302eae,Sample Business Label 5680b573,Purchased,140.00,,,1.00,0.555847,Sample Business Label 14d9bbad
849-001272,Sample Business Label 0d168f52,Sample Business Label de3ac183,Sample Business Label 96053b3e,pcs,piece,Sample Business Label 4bf28cec,Sample Business Label 0f3d50d5,Purchased,1.00,,,1.00,0.776310,Sample Business Label 14d9bbad
165-001936,Sample Business Label 35f36c9d,Sample Business Label 0cebba8e,Sample Business Label 1674b06f,pcs,piece,Sample Business Label 4bf28cec,Sample Business Label bde42e5a,Purchased,14.00,,,1.00,0.145996,Sample Business Label 14d9bbad
165-002321,Sample Business Label f4716c4e,Sample Business Label 9472deda,Sample Business Label 1674b06f,pcs,piece,Sample Business Label 4bf28cec,Sample Business Label bde42e5a,Purchased,42.00,,,1.00,,Sample Business Label 14d9bbad
165-001415,Sample Business Label 860e8042,Sample Business Label 5225b892,Sample Business Label 1674b06f,pcs,piece,Sample Business Label 4bf28cec,Sample Business Label bde42e5a,Purchased,35.00,,,1.00,,Sample Business Label 14d9bbad
539-000048,Sample Business Label b85ec631,"120K,0402,1%",Sample Business Label 887d7f95,pcs,piece,Sample Business Label 17302eae,Sample Business Label 5fe53d48,Purchased,84.00,,,1.00,0.001469,Sample Business Label 14d9bbad
539-000326,Sample Business Label b85ec631,"10K,0805,1%",Sample Business Label 887d7f95,pcs,piece,Sample Business Label 17302eae,Sample Business Label 5fe53d48,Purchased,84.00,,,1.00,0.005311,Sample Business Label 14d9bbad
321-000461,Sample Business Label cb3457f8,Sample Business Label cb3457f8,Sample Business Label 1674b06f,pcs,piece,Sample Business Label 17302eae,Sample Business Label cbf023bc,Purchased,35.00,,,1.00,1.799977,Sample Business Label 14d9bbad
795-000353,Sample Business Label 38c63d35,Sample Business Label ff50d2d6,Sample Business Label 1674b06f,pcs,piece,Sample Business Label 4bf28cec,Sample Business Label 2d85aff0,Purchased,21.00,,,1.00,,Sample Business Label 14d9bbad
972-000726,CPU,SK3576J,Sample Business Label 887d7f95,pcs,piece,Sample Business Label 17302eae,Sample Business Label 09caa247,Purchased,28.00,,,1.00,148.499967,Sample Business Label 14d9bbad
165-002402,Sample Business Label 220e2f99,Sample Business Label b5f6737d,Sample Business Label 1674b06f,pcs,piece,Sample Business Label 4bf28cec,Sample Business Label bde42e5a,Purchased,21.00,,,1.00,0.712465,Sample Business Label 14d9bbad
588-000458,Sample Business Label 0e377523,YN402_ROCKER_Right_CON_P1,Sample Business Label 1674b06f,pcs,piece,Sample Business Label f0207843,Sample Business Label 6ca8a46d,Outsourced,33.00,,,1.00,,Sample Business Label 14d9bbad
165-000801,Sample Business Label 1ce3ccfd,Sample Business Label 4713f83b,Sample Business Label 1674b06f,pcs,piece,Sample Business Label 4bf28cec,Sample Business Label bde42e5a,Purchased,21.00,,,1.00,,Sample Business Label 14d9bbad
795-001180,Sample Business Label 37ad8277,Sample Business Label a491edc6,Sample Business Label 96053b3e,pcs,piece,Sample Business Label 4bf28cec,Sample Business Label 2d85aff0,Purchased,28.00,,,1.00,5.000024,Sample Business Label 14d9bbad
165-001406,Sample Business Label ba06b659,Sample Business Label 19901b0c,Sample Business Label 1674b06f,pcs,piece,Sample Business Label 4bf28cec,Sample Business Label bde42e5a,Purchased,35.00,,,1.00,,Sample Business Label 14d9bbad
733-000237,Sample Business Label a49aa04c,DSBA1275-320M,Sample Business Label 887d7f95,pcs,piece,Sample Business Label 17302eae,Sample Business Label f3f2ee9b,Purchased,35.00,,,1.00,3.479948,Sample Business Label 14d9bbad
588-000677,YC403_SK3576_P1_S01_PCBA,YC403_SK3576_P1_S01_PCBA,Sample Business Label 1674b06f,pcs,piece,Sample Business Label f0207843,Sample Business Label 6ca8a46d,Outsourced,1.00,,,1.00,,Sample Business Label 14d9bbad
539-000392,Sample Business Label b85ec631,"100K,0805,1%",Sample Business Label 887d7f95,pcs,piece,Sample Business Label 17302eae,Sample Business Label 5fe53d48,Purchased,84.00,,,1.00,0.005311,Sample Business Label 14d9bbad
725-000001,Sample Business Label 05087a91,"22pF,50V,0402,5%",Sample Business Label 887d7f95,pcs,piece,Sample Business Label 17302eae,Sample Business Label 07789cfe,Purchased,126.00,,,1.00,0.003955,Sample Business Label 14d9bbad
165-002067,Sample Business Label fc01ff59,Sample Business Label 6b1c0275,Sample Business Label 1674b06f,pcs,piece,Sample Business Label 4bf28cec,Sample Business Label bde42e5a,Purchased,14.00,,,1.00,,Sample Business Label 14d9bbad
725-000351,Sample Business Label 05087a91,"1nF,50V,0603,10%",Sample Business Label 887d7f95,pcs,piece,Sample Business Label 17302eae,Sample Business Label 07789cfe,Purchased,98.00,,,1.00,0.005989,Sample Business Label 14d9bbad
795-000471,Sample Business Label 90d6d565,L*W*H=5*5*1.2mm，6W,Sample Business Label 1674b06f,pcs,piece,Sample Business Label 4bf28cec,Sample Business Label 2d85aff0,Purchased,14.00,,,1.00,,Sample Business Label 14d9bbad
165-000898,Sample Business Label 828ee540,Sample Business Label 5eda4881,Sample Business Label 1674b06f,pcs,piece,Sample Business Label 4bf28cec,Sample Business Label bde42e5a,Purchased,28.00,,,1.00,,Sample Business Label 14d9bbad
725-000389,Sample Business Label a7763a2a,"1UF,6.3V,2A,0603,10%",Sample Business Label 887d7f95,pcs,piece,Sample Business Label 17302eae,Sample Business Label 07789cfe,Purchased,70.00,,,1.00,,Sample Business Label 14d9bbad
363-000575,Sample Business Label f0e24a67,Sample Business Label 462ea70d,Sample Business Label 96053b3e,pcs,piece,Sample Business Label 0e5444d0,Sample Business Label 797c70ef,Purchased,35.00,,,1.00,6.000300,Sample Business Label 14d9bbad
994-000723,Sample Business Label d914d573,Sample Business Label eeef85bf,Sample Business Label 96053b3e,pcs,piece,Sample Business Label 17302eae,Sample Business Label d9643929,Purchased,35.00,,,1.00,11.746576,Sample Business Label 14d9bbad
690-000046,Sample Business Label 87df3301,29-217/Y5C-AP1Q2/6T,Sample Business Label 887d7f95,pcs,piece,Sample Business Label 17302eae,Sample Business Label f3ac5013,Purchased,35.00,,,1.00,0.052997,Sample Business Label 14d9bbad
363-000509,Sample Business Label dd788397,Sample Business Label 9321d9ef,Sample Business Label 735ac064,pcs,piece,Sample Business Label 0e5444d0,Sample Business Label 797c70ef,Purchased,35.00,,,1.00,,Sample Business Label 14d9bbad
165-001898,Sample Business Label e5a00c6e,Sample Business Label afbb74fc,Sample Business Label 1674b06f,pcs,piece,Sample Business Label 4bf28cec,Sample Business Label bde42e5a,Purchased,35.00,,,1.00,,Sample Business Label 14d9bbad
972-000032,Sample Business Label f755a566,TGM3726YTN6G/TR,Sample Business Label 887d7f95,pcs,piece,Sample Business Label 17302eae,Sample Business Label 09caa247,Purchased,64.00,,,1.00,,Sample Business Label 14d9bbad
165-002508,Sample Business Label 7915cb85,Sample Business Label 745b1afc,Sample Business Label 1674b06f,pcs,piece,Sample Business Label 4bf28cec,Sample Business Label bde42e5a,Purchased,21.00,,,1.00,2.099992,Sample Business Label 14d9bbad
733-000175,Sample Business Label be98a238,THP1004-2R2M,Sample Business Label 887d7f95,pcs,piece,Sample Business Label 17302eae,Sample Business Label f3f2ee9b,Purchased,30.00,,,1.00,0.440022,Sample Business Label 14d9bbad
364-000075,PPTC,TMD0805P020TF-30,Sample Business Label 887d7f95,pcs,piece,Sample Business Label 17302eae,Sample Business Label d8af7f3d,Purchased,28.00,,,1.00,,Sample Business Label 14d9bbad
364-000072,Sample Business Label 2f8c2c2d,TC250-110SW0D,Sample Business Label 887d7f95,pcs,piece,Sample Business Label 17302eae,Sample Business Label d8af7f3d,Purchased,28.00,,,1.00,,Sample Business Label 14d9bbad
972-000159,Sample Business Label 63bfa4af,CMI088,Sample Business Label 887d7f95,pcs,piece,Sample Business Label 17302eae,Sample Business Label 09caa247,Purchased,140.00,,,1.00,,Sample Business Label 14d9bbad
994-000621,Sample Business Label 25eae778,,Sample Business Label 761a79a0,pcs,piece,Sample Business Label 4bf28cec,Sample Business Label d9643929,Purchased,35.00,,,1.00,19.790029,Sample Business Label 14d9bbad
539-000162,Sample Business Label b85ec631,"510R,0603,1%",Sample Business Label 887d7f95,pcs,piece,Sample Business Label 17302eae,Sample Business Label 5fe53d48,Purchased,112.00,,,1.00,0.004746,Sample Business Label 14d9bbad
725-000360,Sample Business Label 05087a91,10uF 10V 1402 20% X5R,Sample Business Label 887d7f95,pcs,piece,Sample Business Label 17302eae,Sample Business Label 07789cfe,Purchased,70.00,,,1.00,0.020453,Sample Business Label 14d9bbad
165-003434,Sample Business Label 7846aa66,T2,Sample Business Label 96053b3e,pcs,piece,Sample Business Label 4bf28cec,Sample Business Label bde42e5a,Purchased,1.00,,,1.00,120.000011,Sample Business Label 14d9bbad
165-001812,Sample Business Label da74f77a,Sample Business Label 94371e0c,Sample Business Label 1674b06f,pcs,piece,Sample Business Label 4bf28cec,Sample Business Label bde42e5a,Purchased,35.00,,,1.00,10.450014,Sample Business Label 14d9bbad
539-000248,Sample Business Label b85ec631,"30K,0402,1%",Sample Business Label 887d7f95,pcs,piece,Sample Business Label 17302eae,Sample Business Label 5fe53d48,Purchased,84.00,,,1.00,0.001469,Sample Business Label 14d9bbad
795-000731,Sample Business Label 33204db9,19x12.9x3mm,Sample Business Label 5c716e22,pcs,piece,Sample Business Label 4bf28cec,Sample Business Label 2d85aff0,Purchased,21.00,,,1.00,0.234023,Sample Business Label 14d9bbad
165-000463,Sample Business Label 194cfb56,Sample Business Label 43184863,Sample Business Label 1674b06f,pcs,piece,Sample Business Label 4bf28cec,Sample Business Label bde42e5a,Purchased,28.00,,,1.00,1.439959,Sample Business Label 14d9bbad
165-001937,Sample Business Label 5ceffdc7,Sample Business Label c4cef523,Sample Business Label 1674b06f,pcs,piece,Sample Business Label 4bf28cec,Sample Business Label bde42e5a,Purchased,14.00,,,1.00,0.680034,Sample Business Label 14d9bbad
165-001925,Sample Business Label 836bd243,Sample Business Label 0c283e5c,Sample Business Label 1674b06f,pcs,piece,Sample Business Label 4bf28cec,Sample Business Label bde42e5a,Purchased,28.00,,,1.00,,Sample Business Label 14d9bbad
165-003443,Sample Business Label b65ee2c1,XCPF0050A-30HV,Sample Business Label 96053b3e,pcs,piece,Sample Business Label 4bf28cec,Sample Business Label bde42e5a,Purchased,1.00,,,1.00,7.729991,Sample Business Label 14d9bbad
165-002512,Sample Business Label 42f734cb,Sample Business Label 04d63e42,Sample Business Label 1674b06f,pcs,piece,Sample Business Label 4bf28cec,Sample Business Label bde42e5a,Purchased,14.00,,,1.00,3.876013,Sample Business Label 14d9bbad
725-000217,Sample Business Label 05087a91,"10nF,50V,0402,10%",Sample Business Label 887d7f95,pcs,piece,Sample Business Label 17302eae,Sample Business Label 07789cfe,Purchased,98.00,,,1.00,0.002486,Sample Business Label 14d9bbad
849-001281,Sample Business Label 681ddc83,Sample Business Label 91a67adb,Sample Business Label 96053b3e,pcs,piece,Sample Business Label 4bf28cec,Sample Business Label 0f3d50d5,Purchased,1.00,,,1.00,0.056500,Sample Business Label 14d9bbad
527-000021,Sample Business Label 066ae8fd,7M25000012,Sample Business Label 887d7f95,pcs,piece,Sample Business Label 17302eae,Sample Business Label f5e6f23a,Purchased,49.00,,,1.00,,Sample Business Label 14d9bbad
539-000281,Sample Business Label 15708170,MR2512-22R020F4,Sample Business Label 887d7f95,pcs,piece,Sample Business Label 17302eae,Sample Business Label 5fe53d48,Purchased,70.00,,,1.00,0.288037,Sample Business Label 14d9bbad
165-001924,Sample Business Label efdf102c,Sample Business Label bd0ec94a,Sample Business Label 1674b06f,pcs,piece,Sample Business Label 4bf28cec,Sample Business Label bde42e5a,Purchased,42.00,,,1.00,,Sample Business Label 14d9bbad
849-001293,Sample Business Label 8ecac515,Sample Business Label 19521249,Sample Business Label 96053b3e,pcs,piece,Sample Business Label 4bf28cec,Sample Business Label 0f3d50d5,Purchased,1.00,,,1.00,0.009605,Sample Business Label 14d9bbad
849-000484,Sample Business Label d22fd82f,Sample Business Label c5cdb3fb,Sample Business Label 887d7f95,pcs,piece,Sample Business Label 4bf28cec,Sample Business Label 0f3d50d5,Purchased,15.00,,,1.00,,Sample Business Label 14d9bbad
478-000038,Sample Business Label d0018963,,Sample Business Label 1674b06f,pcs,piece,Sample Business Label 4bf28cec,Sample Business Label 5788131d,In-house,,,,1.00,,Sample Business Label 14d9bbad
358-000139,Sample Business Label c7de58d3,Si2393DS-T1-GE3,Sample Business Label 887d7f95,pcs,piece,Sample Business Label 17302eae,Sample Business Label 5bce86f3,Purchased,84.00,,,1.00,,Sample Business Label 14d9bbad
554-000027,Sample Business Label 09d786e5,NP4560DN-LF-Z,Sample Business Label 887d7f95,pcs,piece,Sample Business Label 17302eae,Sample Business Label 042b653a,Purchased,126.00,,,1.00,2.949978,Sample Business Label 14d9bbad
165-000193,Sample Business Label cd209cae,Sample Business Label 3bb84fb6,Sample Business Label 7bdc2d0a,pcs,piece,Sample Business Label 4bf28cec,Sample Business Label bde42e5a,Purchased,28.00,,,1.00,0.400020,Sample Business Label 14d9bbad
539-000170,Sample Business Label b85ec631,"21K,0402,1%",Sample Business Label 887d7f95,pcs,piece,Sample Business Label 17302eae,Sample Business Label 5fe53d48,Purchased,112.00,,,1.00,0.002825,Sample Business Label 14d9bbad
849-001310,Sample Business Label 3faf6ab9,Sample Business Label 70e54aad,Sample Business Label 96053b3e,pcs,piece,Sample Business Label 4bf28cec,Sample Business Label 0f3d50d5,Purchased,1.00,,,1.00,0.250634,Sample Business Label 14d9bbad
165-003415,Sample Business Label b3d638ed,Sample Business Label d0a7476a,Sample Business Label 96053b3e,pcs,piece,Sample Business Label 4bf28cec,Sample Business Label bde42e5a,Purchased,1.00,,,1.00,0.463300,Sample Business Label 14d9bbad
321-000452,Sample Business Label 9785587e,YN580_BACK CONTROL BOARD_P2_PCB,Sample Business Label 1674b06f,pcs,piece,Sample Business Label 17302eae,Sample Business Label cbf023bc,Purchased,35.00,,,1.00,24.498400,Sample Business Label 14d9bbad
972-000606,MCU,YN32E505VCT6,Sample Business Label 887d7f95,pcs,piece,Sample Business Label 17302eae,Sample Business Label 09caa247,Purchased,84.00,,,1.00,10.399955,Sample Business Label 14d9bbad
539-000053,Sample Business Label b85ec631,"62R,0603,1%",Sample Business Label 887d7f95,pcs,piece,Sample Business Label 17302eae,Sample Business Label 5fe53d48,Purchased,98.00,,,1.00,0.002825,Sample Business Label 14d9bbad
539-000159,Sample Business Label b85ec631,"147K,0402,1%",Sample Business Label 887d7f95,pcs,piece,Sample Business Label 17302eae,Sample Business Label 5fe53d48,Purchased,112.00,,,1.00,0.002825,Sample Business Label 14d9bbad
972-000303,Sample Business Label d57286ca,GM25CL64B-G,Sample Business Label 887d7f95,pcs,piece,Sample Business Label 17302eae,Sample Business Label 09caa247,Purchased,42.00,,,1.00,5.400044,Sample Business Label 14d9bbad
165-003453,Sample Business Label eb0d3a3f,Sample Business Label 9e9f5d6e,Sample Business Label 96053b3e,pcs,piece,Sample Business Label 4bf28cec,Sample Business Label bde42e5a,Purchased,21.00,,,1.00,0.360018,Sample Business Label 14d9bbad
363-000512,Sample Business Label b32161f8,Sample Business Label 3f0adefd,Sample Business Label 735ac064,pcs,piece,Sample Business Label 0e5444d0,Sample Business Label 797c70ef,Purchased,35.00,,,1.00,,Sample Business Label 14d9bbad
849-001326,Sample Business Label 2f7f1836,M8*75 45#,Sample Business Label 96053b3e,pcs,piece,Sample Business Label 4bf28cec,Sample Business Label 0f3d50d5,Purchased,1.00,,,1.00,1.412500,Sample Business Label 14d9bbad
554-000034,Sample Business Label 6ab680a9,TY7208LABC,Sample Business Label 887d7f95,pcs,piece,Sample Business Label 17302eae,Sample Business Label 042b653a,Purchased,140.00,,,1.00,0.700035,Sample Business Label 14d9bbad
588-000839,IVS400_CAM_FPC_P0_S01_PCBA,IVS400_CAM_FPC_P0_S01_PCBA,Sample Business Label 96053b3e,pcs,piece,Sample Business Label f0207843,Sample Business Label 6ca8a46d,Outsourced,1.00,,,1.00,,Sample Business Label 14d9bbad
972-000459,Sample Business Label cdccdee4,NS2575,Sample Business Label 887d7f95,pcs,piece,Sample Business Label 17302eae,Sample Business Label 09caa247,Purchased,28.00,,,1.00,1.699972,Sample Business Label 14d9bbad
539-000255,Sample Business Label b85ec631,"47K,0603,1%",Sample Business Label 887d7f95,pcs,piece,Sample Business Label 17302eae,Sample Business Label 5fe53d48,Purchased,84.00,,,1.00,0.003503,Sample Business Label 14d9bbad
725-000348,Sample Business Label 05087a91,"10NF,50V,0603,10%",Sample Business Label 887d7f95,pcs,piece,Sample Business Label 17302eae,Sample Business Label 07789cfe,Purchased,98.00,,,1.00,0.006102,Sample Business Label 14d9bbad
165-001206,Sample Business Label 203a1f7c,Sample Business Label 12ecd896,Sample Business Label 1674b06f,pcs,piece,Sample Business Label 4bf28cec,Sample Business Label bde42e5a,Purchased,21.00,,,1.00,,Sample Business Label 14d9bbad
454-000011,Sample Business Label 2b176d5b,C340AF-13,Sample Business Label 887d7f95,pcs,piece,Sample Business Label 17302eae,Sample Business Label 5680b573,Purchased,140.00,,,1.00,0.600030,Sample Business Label 14d9bbad
554-000038,Sample Business Label fb9c1b1c,KW5093SOTI#TRPBF,Sample Business Label 887d7f95,pcs,piece,Sample Business Label 17302eae,Sample Business Label 042b653a,Purchased,84.00,,,1.00,0.485900,Sample Business Label 14d9bbad
795-001172,Sample Business Label 6906eeab,530*150,Sample Business Label 96053b3e,pcs,piece,Sample Business Label 4bf28cec,Sample Business Label 2d85aff0,Purchased,1.00,,,1.00,209.999991,Sample Business Label 14d9bbad
165-001434,Sample Business Label e70ff7a6,Sample Business Label 2127225f,Sample Business Label 1674b06f,pcs,piece,Sample Business Label 4bf28cec,Sample Business Label bde42e5a,Purchased,28.00,,,1.00,,Sample Business Label 14d9bbad
539-000523,Sample Business Label b85ec631,"30k,0805,1%",Sample Business Label 887d7f95,pcs,piece,Sample Business Label 17302eae,Sample Business Label 5fe53d48,Purchased,84.00,,,1.00,0.005311,Sample Business Label 14d9bbad
165-001559,Sample Business Label 9e5e89ac,38mm*7mm*4mm,Autonomous Driving,pcs,piece,Sample Business Label 4bf28cec,Sample Business Label bde42e5a,Purchased,21.00,,,1.00,,Sample Business Label 14d9bbad
795-001196,Sample Business Label e682d8a2,Sample Business Label 24c23cea,Sample Business Label 96053b3e,pcs,piece,Sample Business Label 4bf28cec,Sample Business Label 2d85aff0,Purchased,28.00,,,1.00,0.192100,Sample Business Label 14d9bbad
321-000498,Sample Business Label 64a8c12c,YS210_IMU_P1_PCB,Autonomous Driving,pcs,piece,Sample Business Label 17302eae,Sample Business Label cbf023bc,Purchased,45.00,,,1.00,1.499962,Sample Business Label 14d9bbad
165-003432,Sample Business Label f5ed844c,Sample Business Label 3ffd6f49,Sample Business Label 96053b3e,pcs,piece,Sample Business Label 4bf28cec,Sample Business Label bde42e5a,Purchased,14.00,,,1.00,3.510006,Sample Business Label 14d9bbad
358-000103,Sample Business Label c7de58d3,MP3401LT1G,Sample Business Label 887d7f95,pcs,piece,Sample Business Label 17302eae,Sample Business Label 5bce86f3,Purchased,126.00,,,1.00,0.110853,Sample Business Label 14d9bbad
165-003413,Sample Business Label 8de6b8ad,EPDM,Sample Business Label 96053b3e,pcs,piece,Sample Business Label 4bf28cec,Sample Business Label bde42e5a,Purchased,35.00,,,1.00,10.000048,Sample Business Label 14d9bbad
356-000139,Sample Business Label c07d7f4d,MMCX-3.5x11.9,Sample Business Label 887d7f95,pcs,piece,Sample Business Label 4bf28cec,Sample Business Label db158135,Purchased,28.00,,,1.00,,Sample Business Label 14d9bbad
725-000030,Sample Business Label 05087a91,"4.7nF,50V,0402,10%",Sample Business Label 887d7f95,pcs,piece,Sample Business Label 17302eae,Sample Business Label 07789cfe,Purchased,126.00,,,1.00,0.003503,Sample Business Label 14d9bbad
539-000384,Sample Business Label b85ec631,"330R,0805,1%,125mW",Sample Business Label 887d7f95,pcs,piece,Sample Business Label 17302eae,Sample Business Label 5fe53d48,Purchased,84.00,,,1.00,0.005311,Sample Business Label 14d9bbad
588-000793,Sample Business Label 7719c9b9,,Sample Business Label 96053b3e,pcs,piece,Sample Business Label f0207843,Sample Business Label 6ca8a46d,Outsourced,1.00,,,1.00,,Sample Business Label 14d9bbad
363-000564,Sample Business Label 65a6af2f,,Sample Business Label 96053b3e,pcs,piece,Sample Business Label 0e5444d0,Sample Business Label 797c70ef,Purchased,35.00,,,1.00,17.500875,Sample Business Label 14d9bbad
972-000630,LDO,TGM2203-3.0YN3LG,Sample Business Label 887d7f95,pcs,piece,Sample Business Label 17302eae,Sample Business Label 09caa247,Purchased,64.00,,,1.00,0.380019,Sample Business Label 14d9bbad
606-000015,Sample Business Label b7498da5,Sample Business Label 304e1700,Sample Business Label 887d7f95,pcs,piece,Sample Business Label 0e5444d0,Sample Business Label 84fc6382,Purchased,14.00,,,1.00,,Sample Business Label 14d9bbad
539-000205,Sample Business Label b85ec631,"27K,0402,1%",Sample Business Label 887d7f95,pcs,piece,Sample Business Label 17302eae,Sample Business Label 5fe53d48,Purchased,35.00,,,1.00,0.001469,Sample Business Label 14d9bbad
849-000795,Sample Business Label 9be5c7a2,Sample Business Label 9be5c7a2,Sample Business Label 887d7f95,pcs,piece,Sample Business Label 4bf28cec,Sample Business Label 0f3d50d5,Purchased,17.00,,,1.00,,Sample Business Label 14d9bbad
539-000064,Sample Business Label b85ec631,"470R,0402,1%",Sample Business Label 887d7f95,pcs,piece,Sample Business Label 17302eae,Sample Business Label 5fe53d48,Purchased,84.00,,,1.00,0.001921,Sample Business Label 14d9bbad
364-000050,Sample Business Label ffd579e9,TMD1210P010TF/90,Sample Business Label 887d7f95,pcs,piece,Sample Business Label 17302eae,Sample Business Label d8af7f3d,Purchased,112.00,,,1.00,,Sample Business Label 14d9bbad
353-000178,Sample Business Label d397c0a6,,Sample Business Label 96053b3e,pcs,piece,Sample Business Label f0207843,Sample Business Label e1a5ffe2,In-house,,,,1.00,,Sample Business Label 14d9bbad
972-000301,Sample Business Label f5741fc0,TN74LVC1G08DBVR,Sample Business Label 887d7f95,pcs,piece,Sample Business Label 17302eae,Sample Business Label 09caa247,Purchased,42.00,,,1.00,0.109949,Sample Business Label 14d9bbad
165-000081,Sample Business Label 4eae30da,Sample Business Label b08d72a0,Sample Business Label 761a79a0,pcs,piece,Sample Business Label 4bf28cec,Sample Business Label bde42e5a,Purchased,21.00,,,1.00,2.044961,Sample Business Label 14d9bbad
539-000386,Sample Business Label b85ec631,"150R,1206,1%",Sample Business Label 887d7f95,pcs,piece,Sample Business Label 17302eae,Sample Business Label 5fe53d48,Purchased,84.00,,,1.00,0.010961,Sample Business Label 14d9bbad
363-000541,Sample Business Label 8a45ed61,,Sample Business Label 96053b3e,pcs,piece,Sample Business Label 0e5444d0,Sample Business Label 797c70ef,Purchased,28.00,,,1.00,15.900569,Sample Business Label 14d9bbad
725-000018,Sample Business Label 05087a91,"22uF,16V,1206,10%",Sample Business Label 887d7f95,pcs,piece,Sample Business Label 17302eae,Sample Business Label 07789cfe,Purchased,56.00,,,1.00,0.103960,Sample Business Label 14d9bbad
725-000020,Sample Business Label 9f559c83,6TPE100MAZB,Sample Business Label 887d7f95,pcs,piece,Sample Business Label 17302eae,Sample Business Label 07789cfe,Purchased,140.00,,,1.00,1.299952,Sample Business Label 14d9bbad
554-000070,Sample Business Label 606c52f7,TGM2225-5.0XK3G/TR,Sample Business Label 887d7f95,pcs,piece,Sample Business Label 17302eae,Sample Business Label 042b653a,Purchased,70.00,,,1.00,0.849986,Sample Business Label 14d9bbad
972-000772,LPDDR4/4X,NT53E2G32D4DE-146 AAT:C,Sample Business Label 887d7f95,pcs,piece,Sample Business Label 17302eae,Sample Business Label 09caa247,Purchased,112.00,,,1.00,1490.000033,Sample Business Label 14d9bbad
527-000050,Sample Business Label 6c18d4da,OXETGLJANF-27MHZ,Sample Business Label 887d7f95,pcs,piece,Sample Business Label 17302eae,Sample Business Label f5e6f23a,Purchased,98.00,,,1.00,1.199947,Sample Business Label 14d9bbad
356-000387,Sample Business Label f03d710b,ZZKA2006WR-2x6P,Sample Business Label 887d7f95,pcs,piece,Sample Business Label 4bf28cec,Sample Business Label db158135,Purchased,25.00,,,1.00,0.180009,Sample Business Label 14d9bbad
795-000968,Sample Business Label b8e77ee4,Sample Business Label 34e63c0e,Sample Business Label 1674b06f,pcs,piece,Sample Business Label 4bf28cec,Sample Business Label 2d85aff0,Purchased,42.00,,,1.00,240.000022,Sample Business Label 14d9bbad
165-002066,Sample Business Label ef6e18c2,Sample Business Label 8ffd39fe,Sample Business Label 1674b06f,pcs,piece,Sample Business Label 4bf28cec,Sample Business Label bde42e5a,Purchased,14.00,,,1.00,,Sample Business Label 14d9bbad
525-000208,Sample Business Label a6a34d6f,,Sample Business Label 1674b06f,pcs,piece,Sample Business Label f0207843,Sample Business Label 8e427e07,In-house,,,,1.00,,Sample Business Label 14d9bbad
363-000558,Sample Business Label 1e41f83a,,Sample Business Label 96053b3e,pcs,piece,Sample Business Label 0e5444d0,Sample Business Label 797c70ef,Purchased,35.00,,,1.00,131.667600,Sample Business Label 14d9bbad
972-000661,Sample Business Label 279d1811,OVP6158C,Sample Business Label 887d7f95,pcs,piece,Sample Business Label 17302eae,Sample Business Label 09caa247,Purchased,56.00,,,1.00,6.499986,Sample Business Label 14d9bbad
353-000036,Sample Business Label 12e91565,,Sample Business Label 96053b3e,pcs,piece,Sample Business Label 4bf28cec,Sample Business Label e1a5ffe2,Outsourced,1.00,,,1.00,,Sample Business Label 14d9bbad
165-002375,Sample Business Label aa568ce3,Sample Business Label d98fac3a,Autonomous Driving,pcs,piece,Sample Business Label 4bf28cec,Sample Business Label bde42e5a,Purchased,28.00,,,1.00,,Sample Business Label 14d9bbad
358-000039,Sample Business Label c7de58d3,BOSS21115C,Sample Business Label 887d7f95,pcs,piece,Sample Business Label 17302eae,Sample Business Label 5bce86f3,Purchased,140.00,,,1.00,0.210745,Sample Business Label 14d9bbad
539-000198,Sample Business Label b85ec631,"15K,0402,1%",Sample Business Label 887d7f95,pcs,piece,Sample Business Label 17302eae,Sample Business Label 5fe53d48,Purchased,35.00,,,1.00,0.001243,Sample Business Label 14d9bbad
356-000381,Sample Business Label b7dc75e9,EC081A-6320R100-0BDP,Sample Business Label 887d7f95,pcs,piece,Sample Business Label 4bf28cec,Sample Business Label db158135,Purchased,25.00,,,1.00,1.020051,Sample Business Label 14d9bbad
994-000408,Sample Business Label 633516eb,,Sample Business Label 1674b06f,pcs,piece,Sample Business Label 4bf28cec,Sample Business Label d9643929,Purchased,35.00,,,1.00,,Sample Business Label 14d9bbad
849-001292,Sample Business Label d2d1f415,M3*8 45#,Sample Business Label 96053b3e,pcs,piece,Sample Business Label 4bf28cec,Sample Business Label 0f3d50d5,Purchased,1.00,,,1.00,0.071642,Sample Business Label 14d9bbad
725-000225,Sample Business Label 05087a91,"220nF,10V,0402,10%",Sample Business Label 887d7f95,pcs,piece,Sample Business Label 17302eae,Sample Business Label 07789cfe,Purchased,98.00,,,1.00,0.005650,Sample Business Label 14d9bbad
849-001177,Sample Business Label 5dfdf668,Sample Business Label a95993fd,Sample Business Label 96053b3e,pcs,piece,Sample Business Label 4bf28cec,Sample Business Label 0f3d50d5,Purchased,1.00,,,1.00,480.000044,Sample Business Label 14d9bbad
454-000130,Sample Business Label 484d8f10,SMAJ7.0CA,Sample Business Label 887d7f95,pcs,piece,Sample Business Label 17302eae,Sample Business Label 5680b573,Purchased,56.00,,,1.00,0.077970,Sample Business Label 14d9bbad
849-001231,Sample Business Label c086ba80,Sample Business Label 03a32517,Sample Business Label 96053b3e,pcs,piece,Sample Business Label 4bf28cec,Sample Business Label 0f3d50d5,Purchased,1.00,,,1.00,154.999953,Sample Business Label 14d9bbad
356-000197,Sample Business Label 40ca2d9f,B1501-TR02,Sample Business Label 887d7f95,pcs,piece,Sample Business Label 4bf28cec,Sample Business Label db158135,Purchased,1.00,,,1.00,,Sample Business Label 14d9bbad
795-000887,Sample Business Label d7d35de7,Sample Business Label 2cad6f87,Autonomous Driving,pcs,piece,Sample Business Label 4bf28cec,Sample Business Label 2d85aff0,Purchased,21.00,,,1.00,0.900045,Sample Business Label 14d9bbad
849-001183,Sample Business Label 4b44b0f0,Sample Business Label a95993fd,Sample Business Label 96053b3e,pcs,piece,Sample Business Label 4bf28cec,Sample Business Label 0f3d50d5,Purchased,1.00,,,1.00,159.999977,Sample Business Label 14d9bbad
795-000446,Sample Business Label 934396fa,Sample Business Label 79bdf948,Sample Business Label 1674b06f,pcs,piece,Sample Business Label 4bf28cec,Sample Business Label 2d85aff0,Purchased,28.00,,,1.00,,Sample Business Label 14d9bbad
165-002323,Sample Business Label 3017cdf2,Sample Business Label 9472deda,Sample Business Label 1674b06f,pcs,piece,Sample Business Label 4bf28cec,Sample Business Label bde42e5a,Purchased,21.00,,,1.00,,Sample Business Label 14d9bbad
454-000333,Sample Business Label 2b176d5b,1N4148WS,Sample Business Label 887d7f95,pcs,piece,Sample Business Label 17302eae,Sample Business Label 5680b573,Purchased,70.00,,,1.00,0.030962,Sample Business Label 14d9bbad
795-000358,Sample Business Label 399950dd,Sample Business Label 991b9e58,Sample Business Label 1674b06f,pcs,piece,Sample Business Label 4bf28cec,Sample Business Label 2d85aff0,Purchased,14.00,,,1.00,,Sample Business Label 14d9bbad
165-001907,Sample Business Label 5982d79c,,Sample Business Label 1674b06f,pcs,piece,Sample Business Label 4bf28cec,Sample Business Label bde42e5a,Purchased,14.00,,,1.00,,Sample Business Label 14d9bbad
795-000613,Sample Business Label ddff3049,Sample Business Label 3807742b,Sample Business Label 5c716e22,pcs,piece,Sample Business Label 4bf28cec,Sample Business Label 2d85aff0,Purchased,84.00,,,1.00,,Sample Business Label 14d9bbad
972-000412,Sample Business Label 70749fa5,DPS3552QN16,Sample Business Label 887d7f95,pcs,piece,Sample Business Label 17302eae,Sample Business Label 09caa247,Purchased,28.00,,,1.00,0.660033,Sample Business Label 14d9bbad
725-000228,Sample Business Label 511eda64,VH1A221ME058000CE0,Sample Business Label 887d7f95,pcs,piece,Sample Business Label 17302eae,Sample Business Label 07789cfe,Purchased,84.00,,,1.00,0.118989,Sample Business Label 14d9bbad
849-001265,Sample Business Label 8841b73e,Sample Business Label 224edc0e,Sample Business Label 96053b3e,pcs,piece,Sample Business Label 4bf28cec,Sample Business Label 0f3d50d5,Purchased,1.00,,,1.00,0.760038,Sample Business Label 14d9bbad
588-000599,Sample Business Label 2a84b687,Sample Business Label 2a84b687,Sample Business Label 1674b06f,pcs,piece,Sample Business Label f0207843,Sample Business Label 6ca8a46d,Outsourced,10.00,,,1.00,,Sample Business Label 14d9bbad
356-000499,Sample Business Label 53e18d1a,Sample Business Label 6f4afa49,Sample Business Label 887d7f95,pcs,piece,Sample Business Label 4bf28cec,Sample Business Label db158135,Purchased,24.00,,,1.00,0.349961,Sample Business Label 14d9bbad
994-000592,Sample Business Label 06823166,Sample Business Label de8d1b8f,Autonomous Driving,pcs,piece,Sample Business Label 4bf28cec,Sample Business Label d9643929,Purchased,35.00,,,1.00,,Sample Business Label 14d9bbad
363-000554,Sample Business Label 4b20cdda,,Sample Business Label 96053b3e,pcs,piece,Sample Business Label 0e5444d0,Sample Business Label 797c70ef,Purchased,35.00,,,1.00,302.544053,Sample Business Label 14d9bbad
994-000724,Sample Business Label 1be750ea,Sample Business Label 420ce668,Sample Business Label 96053b3e,pcs,piece,Sample Business Label 4bf28cec,Sample Business Label d9643929,Purchased,35.00,,,1.00,,Sample Business Label 14d9bbad
539-000055,Sample Business Label 10c6b09c,QE1206FKE470R01Z,Sample Business Label 887d7f95,pcs,piece,Sample Business Label 17302eae,Sample Business Label 5fe53d48,Purchased,140.00,,,1.00,0.269957,Sample Business Label 14d9bbad
972-000338,LDO,CL9161G-33BARN,Sample Business Label 887d7f95,pcs,piece,Sample Business Label 17302eae,Sample Business Label 09caa247,Purchased,42.00,,,1.00,0.100005,Sample Business Label 14d9bbad
972-000121,Sample Business Label 9cf7bc28,NXT906B,Sample Business Label 887d7f95,pcs,piece,Sample Business Label 17302eae,Sample Business Label 09caa247,Purchased,42.00,,,1.00,,Sample Business Label 14d9bbad
539-000447,Sample Business Label b85ec631,"107K,0402,1%",Sample Business Label 887d7f95,pcs,piece,Sample Business Label 17302eae,Sample Business Label 5fe53d48,Purchased,98.00,,,1.00,0.001921,Sample Business Label 14d9bbad
356-000175,Sample Business Label 22c9f0ee,532610271,Sample Business Label 887d7f95,pcs,piece,Sample Business Label 4bf28cec,Sample Business Label db158135,Purchased,120.00,,,1.00,0.774276,Sample Business Label 14d9bbad
539-000001,Sample Business Label b85ec631,"0R,0402,1%",Sample Business Label 887d7f95,pcs,piece,Sample Business Label 17302eae,Sample Business Label 5fe53d48,Purchased,84.00,,,1.00,0.002034,Sample Business Label 14d9bbad
165-000239,Sample Business Label e74c4d66,Sample Business Label b995069a,Sample Business Label 7bdc2d0a,pcs,piece,Sample Business Label 4bf28cec,Sample Business Label bde42e5a,Purchased,42.00,,,1.00,25.200017,Sample Business Label 14d9bbad
733-000109,Sample Business Label c16ef3b5,TWPA4030S100MT,Sample Business Label 887d7f95,pcs,piece,Sample Business Label 17302eae,Sample Business Label f3f2ee9b,Purchased,42.00,,,1.00,0.142945,Sample Business Label 14d9bbad
356-000311,Sample Business Label c07d7f4d,MMCX-KE-351A,Sample Business Label 887d7f95,pcs,piece,Sample Business Label 4bf28cec,Sample Business Label db158135,Purchased,30.00,,,1.00,1.699972,Sample Business Label 14d9bbad
972-000531,DDR3L,JS46TR16128DL-125KBLA1,Sample Business Label 887d7f95,pcs,piece,Sample Business Label 17302eae,Sample Business Label 09caa247,Purchased,112.00,,,1.00,,Sample Business Label 14d9bbad
308-000011,Sample Business Label dd2f9f8f,,Sample Business Label 1674b06f,pcs,piece,Sample Business Label f0207843,Sample Business Label 813d8697,In-house,1.00,,,1.00,,Sample Business Label 14d9bbad
588-000555,Sample Business Label ccd2a4ca,YC621_SPRINKLER_P1_S01_PCBA,Sample Business Label 1674b06f,pcs,piece,Sample Business Label f0207843,Sample Business Label 6ca8a46d,Outsourced,10.00,,,1.00,,Sample Business Label 14d9bbad
972-000744,PMIC,SK809-5A,Sample Business Label 887d7f95,pcs,piece,Sample Business Label 17302eae,Sample Business Label 09caa247,Purchased,28.00,,,1.00,6.599991,Sample Business Label 14d9bbad
165-002515,Sample Business Label 1ae728dd,Sample Business Label 95d18eb8,Sample Business Label 1674b06f,pcs,piece,Sample Business Label 4bf28cec,Sample Business Label bde42e5a,Purchased,14.00,,,1.00,1.671496,Sample Business Label 14d9bbad
849-001180,Sample Business Label 5c4191c3,Sample Business Label 4fb53660,Sample Business Label 96053b3e,pcs,piece,Sample Business Label 4bf28cec,Sample Business Label 0f3d50d5,Purchased,1.00,,,1.00,880.000043,Sample Business Label 14d9bbad
165-001776,Sample Business Label 974c9889,Sample Business Label bbe21ed1,Sample Business Label 1674b06f,pcs,piece,Sample Business Label 4bf28cec,Sample Business Label bde42e5a,Purchased,14.00,,,1.00,0.040002,Sample Business Label 14d9bbad
725-000107,Sample Business Label 05087a91,"10uf,16v,0805,10%",Sample Business Label 887d7f95,pcs,piece,Sample Business Label 17302eae,Sample Business Label 07789cfe,Purchased,70.00,,,1.00,0.097971,Sample Business Label 14d9bbad
588-000582,Sample Business Label 0002b187,Sample Business Label 0002b187,Sample Business Label 1674b06f,pcs,piece,Sample Business Label f0207843,Sample Business Label 6ca8a46d,Outsourced,13.00,,,1.00,,Sample Business Label 14d9bbad
838-000280,Sample Business Label 9918f2bf,Sample Business Label b0811064,Sample Business Label 1674b06f,pcs,piece,Sample Business Label 0e5444d0,Sample Business Label 6e9ebdaf,Purchased,35.00,,,1.00,,Sample Business Label 14d9bbad
733-000164,Sample Business Label c16ef3b5,TMH0201-27NJT-LF,Sample Business Label 887d7f95,pcs,piece,Sample Business Label 17302eae,Sample Business Label f3f2ee9b,Purchased,28.00,,,1.00,0.024521,Sample Business Label 14d9bbad
454-000186,Sample Business Label 26f453b2,SM8T36C,Sample Business Label 887d7f95,pcs,piece,Sample Business Label 17302eae,Sample Business Label 5680b573,Purchased,35.00,,,1.00,,Sample Business Label 14d9bbad
539-000050,Sample Business Label b85ec631,"150K,0402,1%",Sample Business Label 887d7f95,pcs,piece,Sample Business Label 17302eae,Sample Business Label 5fe53d48,Purchased,84.00,,,1.00,0.001921,Sample Business Label 14d9bbad
972-000270,Sample Business Label a8969dfa,QA8157,Sample Business Label 887d7f95,pcs,piece,Sample Business Label 17302eae,Sample Business Label 09caa247,Purchased,28.00,,,1.00,0.400020,Sample Business Label 14d9bbad
795-001199,Sample Business Label e7a63f80,Sample Business Label 76b9323f,Sample Business Label 96053b3e,pcs,piece,Sample Business Label 4bf28cec,Sample Business Label 2d85aff0,Purchased,28.00,,,1.00,0.334706,Sample Business Label 14d9bbad
539-000446,Sample Business Label b85ec631,"62K,0805,1%",Sample Business Label 887d7f95,pcs,piece,Sample Business Label 17302eae,Sample Business Label 5fe53d48,Purchased,98.00,,,1.00,0.005311,Sample Business Label 14d9bbad
725-000132,Sample Business Label 05087a91,"10uf,10V,0402,20%",Sample Business Label 887d7f95,pcs,piece,Sample Business Label 17302eae,Sample Business Label 07789cfe,Purchased,126.00,,,1.00,0.036047,Sample Business Label 14d9bbad
849-001240,Sample Business Label 87cb92c3,Sample Business Label 03a32517,Sample Business Label 96053b3e,pcs,piece,Sample Business Label 4bf28cec,Sample Business Label 0f3d50d5,Purchased,1.00,,,1.00,14.999959,Sample Business Label 14d9bbad
363-000550,Sample Business Label 786c9059,Sample Business Label 6e7d689a,Sample Business Label 96053b3e,pcs,piece,Sample Business Label 0e5444d0,Sample Business Label 797c70ef,Purchased,35.00,,,1.00,66.000023,Sample Business Label 14d9bbad
539-000154,Sample Business Label b85ec631,"499R,0402,1%",Sample Business Label 887d7f95,pcs,piece,Sample Business Label 17302eae,Sample Business Label 5fe53d48,Purchased,84.00,,,1.00,0.001921,Sample Business Label 14d9bbad
725-000116,Sample Business Label 05087a91,"2.2uf,6.3v,0402,10%",Sample Business Label 887d7f95,pcs,piece,Sample Business Label 17302eae,Sample Business Label 07789cfe,Purchased,98.00,,,1.00,0.024973,Sample Business Label 14d9bbad
165-002408,Sample Business Label 7fc926ff,Sample Business Label ce18ab97,Autonomous Driving,pcs,piece,Sample Business Label 4bf28cec,Sample Business Label bde42e5a,Purchased,14.00,,,1.00,0.149951,Sample Business Label 14d9bbad
454-000297,Sample Business Label 2b176d5b,T520F,Sample Business Label 887d7f95,pcs,piece,Sample Business Label 17302eae,Sample Business Label 5680b573,Purchased,70.00,,,1.00,0.186676,Sample Business Label 14d9bbad
725-000343,Sample Business Label 05087a91,"22uF,6.3V,0603,20%,X5R",Sample Business Label 887d7f95,pcs,piece,Sample Business Label 17302eae,Sample Business Label 07789cfe,Purchased,70.00,,,1.00,0.025990,Sample Business Label 14d9bbad
725-000332,Sample Business Label 05087a91,"20pf,50V,0402,5%",Sample Business Label 887d7f95,pcs,piece,Sample Business Label 17302eae,Sample Business Label 07789cfe,Purchased,98.00,,,1.00,0.002825,Sample Business Label 14d9bbad
306-000105,Sample Business Label 4486699f,,Autonomous Driving,pcs,piece,Sample Business Label f0207843,Sample Business Label afdb7944,In-house,,,,1.00,,Sample Business Label 14d9bbad
849-001329,Sample Business Label 959cd9e0,Sample Business Label 8135d447,Sample Business Label 96053b3e,pcs,piece,Sample Business Label 4bf28cec,Sample Business Label 0f3d50d5,Purchased,1.00,,,1.00,0.674836,Sample Business Label 14d9bbad
725-000037,Sample Business Label 05087a91,"1nF,100V,0805,10%",Sample Business Label 887d7f95,pcs,piece,Sample Business Label 17302eae,Sample Business Label 07789cfe,Purchased,126.00,,,1.00,0.024973,Sample Business Label 14d9bbad
849-000946,Sample Business Label 4056043b,Sample Business Label 8f45e84f,Sample Business Label 1674b06f,pcs,piece,Sample Business Label 4bf28cec,Sample Business Label 0f3d50d5,Purchased,25.00,,,1.00,0.540027,Sample Business Label 14d9bbad
165-000765,Sample Business Label 363c669f,Sample Business Label b9bbc740,Autonomous Driving,pcs,piece,Sample Business Label 4bf28cec,Sample Business Label bde42e5a,Purchased,21.00,,,1.00,,Sample Business Label 14d9bbad
972-000938,EMMC,CWEFMI032GN2RJ,Sample Business Label 1674b06f,pcs,piece,Sample Business Label 17302eae,Sample Business Label 09caa247,Purchased,1.00,,,1.00,124.999583,Sample Business Label 14d9bbad
165-000889,Sample Business Label 8794fa68,Sample Business Label 1cb11f81,Sample Business Label 1674b06f,pcs,piece,Sample Business Label 4bf28cec,Sample Business Label bde42e5a,Purchased,42.00,,,1.00,,Sample Business Label 14d9bbad
588-000650,Sample Business Label 916adf3f,Sample Business Label 916adf3f,Sample Business Label 1674b06f,pcs,piece,Sample Business Label f0207843,Sample Business Label 6ca8a46d,Outsourced,1.00,,,1.00,,Sample Business Label 14d9bbad
356-000520,1-YF-M20USBZ1A-2,1-YF-M20USBZ1A-2,Sample Business Label 887d7f95,pcs,piece,Sample Business Label 4bf28cec,Sample Business Label db158135,Purchased,21.00,,,1.00,,Sample Business Label 14d9bbad
165-002281,Sample Business Label e0df4a81,Sample Business Label 6c97c292,Autonomous Driving,pcs,piece,Sample Business Label 4bf28cec,Sample Business Label bde42e5a,Purchased,21.00,,,1.00,,Sample Business Label 14d9bbad
725-000005,Sample Business Label 05087a91,"56pF,50V,0402,5%",Sample Business Label 887d7f95,pcs,piece,Sample Business Label 17302eae,Sample Business Label 07789cfe,Purchased,126.00,,,1.00,0.003277,Sample Business Label 14d9bbad
356-000427,Sample Business Label 5fdc13a0,QM252B28A-07V60-145-1TU,Sample Business Label 887d7f95,pcs,piece,Sample Business Label 4bf28cec,Sample Business Label db158135,Purchased,24.00,,,1.00,0.720036,Sample Business Label 14d9bbad
725-000061,Sample Business Label 05087a91,"47nF,16V,0402,10%",Sample Business Label 887d7f95,pcs,piece,Sample Business Label 17302eae,Sample Business Label 07789cfe,Purchased,126.00,,,1.00,0.004972,Sample Business Label 14d9bbad
972-000436,Sample Business Label 2ac56763,STL8201FI-VC-CG,Sample Business Label 887d7f95,pcs,piece,Sample Business Label 17302eae,Sample Business Label 09caa247,Purchased,56.00,,,1.00,2.400007,Sample Business Label 14d9bbad
321-000501,YN403_USB&SIM_P1_PCB,YN403_USB&SIM_P1_PCB,Autonomous Driving,pcs,piece,Sample Business Label 17302eae,Sample Business Label cbf023bc,Purchased,35.00,,,1.00,1.419958,Sample Business Label 14d9bbad
539-000253,Sample Business Label b85ec631,"249K,0402,1%",Sample Business Label 887d7f95,pcs,piece,Sample Business Label 17302eae,Sample Business Label 5fe53d48,Purchased,98.00,,,1.00,0.002147,Sample Business Label 14d9bbad
733-000163,Sample Business Label 34671b0e,ORVD252012-S47N,Sample Business Label 887d7f95,pcs,piece,Sample Business Label 17302eae,Sample Business Label f3f2ee9b,Purchased,30.00,,,1.00,0.115034,Sample Business Label 14d9bbad
690-000005,Sample Business Label 87df3301,"Red,29-213/R6W-BP2Q2B/3T",Sample Business Label 887d7f95,pcs,piece,Sample Business Label 17302eae,Sample Business Label f3ac5013,Purchased,21.00,,,1.00,0.068026,Sample Business Label 14d9bbad
849-001174,Sample Business Label 0e8346fc,M5*5,Sample Business Label 96053b3e,pcs,piece,Sample Business Label 4bf28cec,Sample Business Label 0f3d50d5,Purchased,1.00,,,1.00,0.103960,Sample Business Label 14d9bbad
725-000212,Sample Business Label 05087a91,"330nf,16v,0402,10%",Sample Business Label 887d7f95,pcs,piece,Sample Business Label 17302eae,Sample Business Label 07789cfe,Purchased,126.00,,,1.00,0.180348,Sample Business Label 14d9bbad
725-000320,Sample Business Label 05087a91,"4.7nF,50V,0402,10%",Sample Business Label 887d7f95,pcs,piece,Sample Business Label 17302eae,Sample Business Label 07789cfe,Purchased,98.00,,,1.00,0.002486,Sample Business Label 14d9bbad
725-000033,Sample Business Label 05087a91,"1uF,6.3V,0402,10%",Sample Business Label 887d7f95,pcs,piece,Sample Business Label 17302eae,Sample Business Label 07789cfe,Purchased,70.00,,,1.00,0.013786,Sample Business Label 14d9bbad
554-000066,Sample Business Label 606c52f7,TGM2203-5.0YN3LG/TR,Sample Business Label 887d7f95,pcs,piece,Sample Business Label 17302eae,Sample Business Label 042b653a,Purchased,45.00,,,1.00,0.410642,Sample Business Label 14d9bbad
770-000148,Sample Business Label a839e846,Sample Business Label ba94640b,Sample Business Label 887d7f95,pcs,piece,Sample Business Label 4bf28cec,Sample Business Label 25c31db5,Purchased,35.00,,,1.00,,Sample Business Label 14d9bbad
321-000437,Sample Business Label 1842c6fe,YN580_BAT_SCON_P1 _PCB,Sample Business Label 1674b06f,pcs,piece,Sample Business Label 17302eae,Sample Business Label cbf023bc,Purchased,35.00,,,1.00,0.160008,Sample Business Label 14d9bbad
527-000057,Sample Business Label 066ae8fd,XL2MI-211-24M,Sample Business Label 887d7f95,pcs,piece,Sample Business Label 17302eae,Sample Business Label f5e6f23a,Purchased,28.00,,,1.00,0.180009,Sample Business Label 14d9bbad
165-003456,Sample Business Label 6cc1cf4d,T2,Sample Business Label 96053b3e,pcs,piece,Sample Business Label 4bf28cec,Sample Business Label bde42e5a,Purchased,1.00,,,1.00,44.599970,Sample Business Label 14d9bbad
725-000288,Sample Business Label 05087a91,"1UF,100V,1210,10%,X7R",Sample Business Label 887d7f95,pcs,piece,Sample Business Label 17302eae,Sample Business Label 07789cfe,Purchased,105.00,,,1.00,0.524998,Sample Business Label 14d9bbad
321-000365,Sample Business Label fc3dbbfc,Sample Business Label fc3dbbfc,Sample Business Label 1674b06f,pcs,piece,Sample Business Label 17302eae,Sample Business Label cbf023bc,Purchased,40.00,,,1.00,4.749955,Sample Business Label 14d9bbad
588-000620,Sample Business Label c737da67,Sample Business Label c737da67,Autonomous Driving,pcs,piece,Sample Business Label f0207843,Sample Business Label 6ca8a46d,Outsourced,7.00,,,1.00,,Sample Business Label 14d9bbad
539-000093,Sample Business Label b85ec631,"90.9K,0402,1%",Sample Business Label 887d7f95,pcs,piece,Sample Business Label 17302eae,Sample Business Label 5fe53d48,Purchased,84.00,,,1.00,0.001808,Sample Business Label 14d9bbad
165-001432,Sample Business Label 78204966,Sample Business Label 09b04e45,Sample Business Label 1674b06f,pcs,piece,Sample Business Label 4bf28cec,Sample Business Label bde42e5a,Purchased,28.00,,,1.00,,Sample Business Label 14d9bbad
359-000039,Sample Business Label c77ef688,,Sample Business Label 96053b3e,pcs,piece,Sample Business Label 4bf28cec,Sample Business Label ddf8bc50,Purchased,28.00,,,1.00,33.222000,Sample Business Label 14d9bbad
588-000635,YS508_FPC_40PIN_P0_PCBA,YS508_FPC_40PIN_P0_PCBA,Sample Business Label 1674b06f,pcs,piece,Sample Business Label f0207843,Sample Business Label 6ca8a46d,Outsourced,13.00,,,1.00,,Sample Business Label 14d9bbad
838-000264,Sample Business Label e532883f,HG-YINL8054,Sample Business Label 1674b06f,pcs,piece,Sample Business Label 0e5444d0,Sample Business Label 6e9ebdaf,Purchased,28.00,,,1.00,,Sample Business Label 14d9bbad
725-000044,Sample Business Label 05087a91,"1UF,100V,1206,10%",Sample Business Label 887d7f95,pcs,piece,Sample Business Label 17302eae,Sample Business Label 07789cfe,Purchased,126.00,,,1.00,0.055031,Sample Business Label 14d9bbad
165-001094,Sample Business Label ef8d4c5a,Sample Business Label c0c0f008,Sample Business Label 7bdc2d0a,pcs,piece,Sample Business Label 4bf28cec,Sample Business Label bde42e5a,Purchased,21.00,,,1.00,,Sample Business Label 14d9bbad
358-000158,PMOS,KMPL1050AK-13,Sample Business Label 887d7f95,pcs,piece,Sample Business Label 17302eae,Sample Business Label 5bce86f3,Purchased,84.00,,,1.00,1.049996,Sample Business Label 14d9bbad
733-000183,Sample Business Label 43b7aeb5,OR5040-220M,Sample Business Label 887d7f95,pcs,piece,Sample Business Label 17302eae,Sample Business Label f3f2ee9b,Purchased,30.00,,,1.00,0.144979,Sample Business Label 14d9bbad
321-000586,YN502_CAT4_P0.1_PCB,YN502_CAT4_P0.1_PCB,Autonomous Driving,pcs,piece,Sample Business Label 17302eae,Sample Business Label cbf023bc,Purchased,90.00,,,1.00,2.500012,Sample Business Label 14d9bbad
539-000575,Sample Business Label b85ec631,"510R,1206,1%",Sample Business Label 887d7f95,pcs,piece,Sample Business Label 17302eae,Sample Business Label 5fe53d48,Purchased,84.00,,,1.00,0.008927,Sample Business Label 14d9bbad
356-000525,Sample Business Label 02f76639,Sample Business Label 40425cb8,Sample Business Label 887d7f95,pcs,piece,Sample Business Label 4bf28cec,Sample Business Label db158135,Purchased,35.00,,,1.00,3.950028,Sample Business Label 14d9bbad
454-000203,Sample Business Label 2b176d5b,KSPD0340A,Sample Business Label 887d7f95,pcs,piece,Sample Business Label 17302eae,Sample Business Label 5680b573,Purchased,56.00,,,1.00,0.039550,Sample Business Label 14d9bbad
733-000020,Sample Business Label 43b7aeb5,TWPA3012S2R2NT,Sample Business Label 887d7f95,pcs,piece,Sample Business Label 17302eae,Sample Business Label f3f2ee9b,Purchased,140.00,,,1.00,0.120006,Sample Business Label 14d9bbad
972-000779,Sample Business Label 34fed057,UP2856-NA1,Sample Business Label 887d7f95,pcs,piece,Sample Business Label 17302eae,Sample Business Label 09caa247,Purchased,112.00,,,1.00,11.400005,Sample Business Label 14d9bbad
539-000346,Sample Business Label b85ec631,"44.2K,0402,1%",Sample Business Label 887d7f95,pcs,piece,Sample Business Label 17302eae,Sample Business Label 5fe53d48,Purchased,98.00,,,1.00,0.001808,Sample Business Label 14d9bbad
165-000722,Sample Business Label cab06e7c,Sample Business Label cad6de63,Sample Business Label 887d7f95,pcs,piece,Sample Business Label 4bf28cec,Sample Business Label bde42e5a,Purchased,21.00,,,1.00,,Sample Business Label 14d9bbad
363-000560,Sample Business Label d7e0427d,,Sample Business Label 96053b3e,pcs,piece,Sample Business Label 0e5444d0,Sample Business Label 797c70ef,Purchased,35.00,,,1.00,9.050396,Sample Business Label 14d9bbad
356-000585,Sample Business Label def13fcc,Sample Business Label 689ff7ce,Sample Business Label 1674b06f,pcs,piece,Sample Business Label 4bf28cec,Sample Business Label db158135,Purchased,25.00,,,1.00,0.520026,Sample Business Label 14d9bbad
725-000326,Sample Business Label ffd9a3bc,UAJD227K010RNJ,Sample Business Label 887d7f95,pcs,piece,Sample Business Label 17302eae,Sample Business Label 07789cfe,Purchased,224.00,,,1.00,2.500012,Sample Business Label 14d9bbad
849-001322,Sample Business Label 56e13601,Sample Business Label 23d6171c,Sample Business Label 96053b3e,pcs,piece,Sample Business Label 4bf28cec,Sample Business Label 0f3d50d5,Purchased,1.00,,,1.00,0.228034,Sample Business Label 14d9bbad
353-000164,Sample Business Label e00a1741,,Sample Business Label 96053b3e,pcs,piece,Sample Business Label f0207843,Sample Business Label e1a5ffe2,In-house,,,,1.00,,Sample Business Label 14d9bbad
849-001239,Sample Business Label a470540b,Sample Business Label 03a32517,Sample Business Label 96053b3e,pcs,piece,Sample Business Label 4bf28cec,Sample Business Label 0f3d50d5,Purchased,1.00,,,1.00,19.000046,Sample Business Label 14d9bbad
165-001938,Sample Business Label cd7e36f5,Sample Business Label c4cef523,Sample Business Label 1674b06f,pcs,piece,Sample Business Label 4bf28cec,Sample Business Label bde42e5a,Purchased,14.00,,,1.00,0.580029,Sample Business Label 14d9bbad
165-002732,Sample Business Label 3790c0b8,Sample Business Label 438c7820,Sample Business Label 1674b06f,pcs,piece,Sample Business Label 4bf28cec,Sample Business Label bde42e5a,Purchased,35.00,,,1.00,7.649987,Sample Business Label 14d9bbad
454-000045,Sample Business Label bfa4c15c,SB521S-30,Sample Business Label 887d7f95,pcs,piece,Sample Business Label 17302eae,Sample Business Label 5680b573,Purchased,105.00,,,1.00,0.169952,Sample Business Label 14d9bbad
165-001900,Sample Business Label 906cb25b,Sample Business Label bca06f68,Sample Business Label 1674b06f,pcs,piece,Sample Business Label 4bf28cec,Sample Business Label bde42e5a,Purchased,14.00,,,1.00,,Sample Business Label 14d9bbad
468-000560,Sample Business Label 6726f7b1,,Autonomous Driving,pcs,piece,Sample Business Label 0e5444d0,Sample Business Label a5e675d6,Purchased,7.00,,,1.00,4.199984,Sample Business Label 14d9bbad
588-000580,Sample Business Label 27f2fc67,Sample Business Label 27f2fc67,Sample Business Label 1674b06f,pcs,piece,Sample Business Label f0207843,Sample Business Label 6ca8a46d,Outsourced,13.00,,,1.00,,Sample Business Label 14d9bbad
849-000610,Sample Business Label 20028024,Sample Business Label e606a276,Sample Business Label 887d7f95,pcs,piece,Sample Business Label 4bf28cec,Sample Business Label 0f3d50d5,Purchased,17.00,,,1.00,,Sample Business Label 14d9bbad
539-000260,Sample Business Label b85ec631,"2K,1W,2512,1%",Sample Business Label 887d7f95,pcs,piece,Sample Business Label 17302eae,Sample Business Label 5fe53d48,Purchased,35.00,,,1.00,0.068026,Sample Business Label 14d9bbad
725-000232,Sample Business Label 05087a91,"56pF,100V,0402,2%,NP0",Sample Business Label 887d7f95,pcs,piece,Sample Business Label 17302eae,Sample Business Label 07789cfe,Purchased,98.00,,,1.00,,Sample Business Label 14d9bbad
812-000017,Sample Business Label 9b789b59,Sample Business Label 92f1316c,Sample Business Label 887d7f95,zhang,Sample Business Label 9273cc90,Sample Business Label 4bf28cec,Sample Business Label f34ff6fa,Purchased,17.00,,,1.00,0.220011,Sample Business Label 14d9bbad
165-002372,Sample Business Label f53897f8,Sample Business Label 315c9562,Autonomous Driving,pcs,piece,Sample Business Label 4bf28cec,Sample Business Label bde42e5a,Purchased,35.00,,,1.00,,Sample Business Label 14d9bbad
606-000933,Sample Business Label d2aee2c6,,Autonomous Driving,pcs,piece,Sample Business Label 0e5444d0,Sample Business Label 84fc6382,Purchased,14.00,,,1.00,2.369949,Sample Business Label 14d9bbad
972-000153,Sample Business Label 5c617ad2,NP1602GTF-Z,Sample Business Label 887d7f95,pcs,piece,Sample Business Label 17302eae,Sample Business Label 09caa247,Purchased,112.00,,,1.00,,Sample Business Label 14d9bbad
791-000014,Sample Business Label d73a06fa,,Autonomous Driving,pcs,piece,Sample Business Label f0207843,Sample Business Label eba66936,In-house,1.00,,,1.00,,Sample Business Label 14d9bbad
165-003404,Sample Business Label eeb76783,Sample Business Label 97d1a207,Sample Business Label 96053b3e,pcs,piece,Sample Business Label 4bf28cec,Sample Business Label bde42e5a,Purchased,28.00,,,1.00,,Sample Business Label 14d9bbad
358-000069,NMOS,KMSH1516AG-13,Sample Business Label 887d7f95,pcs,piece,Sample Business Label 17302eae,Sample Business Label 5bce86f3,Purchased,84.00,,,1.00,1.819978,Sample Business Label 14d9bbad
165-001854,Sample Business Label 0a6a97a9,Sample Business Label 37dce537,Sample Business Label 1674b06f,pcs,piece,Sample Business Label 4bf28cec,Sample Business Label bde42e5a,Purchased,21.00,,,1.00,1.330010,Sample Business Label 14d9bbad
165-003400,Sample Business Label faa5781a,Sample Business Label 56ed7c15,Sample Business Label 96053b3e,pcs,piece,Sample Business Label 4bf28cec,Sample Business Label bde42e5a,Purchased,1.00,,,1.00,299.999971,Sample Business Label 14d9bbad
539-000047,Sample Business Label b85ec631,"110K,0402,1%",Sample Business Label 887d7f95,pcs,piece,Sample Business Label 17302eae,Sample Business Label 5fe53d48,Purchased,98.00,,,1.00,0.001469,Sample Business Label 14d9bbad
849-001389,Sample Business Label df009145,Sample Business Label 5b769d59,Sample Business Label 96053b3e,pcs,piece,Sample Business Label 4bf28cec,Sample Business Label 0f3d50d5,Purchased,1.00,,,1.00,0.268036,Sample Business Label 14d9bbad
849-001283,Sample Business Label 595a8118,Sample Business Label 5188a9d9,Sample Business Label 96053b3e,pcs,piece,Sample Business Label 4bf28cec,Sample Business Label 0f3d50d5,Purchased,1.00,,,1.00,0.497991,Sample Business Label 14d9bbad
554-000084,Sample Business Label e55eeeed,CZD52C91,Sample Business Label 887d7f95,pcs,piece,Sample Business Label 17302eae,Sample Business Label 042b653a,Purchased,0.00,,,1.00,0.087010,Sample Business Label 14d9bbad
165-001894,Sample Business Label fc1433f7,Sample Business Label 481bacf2,Sample Business Label 7bdc2d0a,pcs,piece,Sample Business Label 4bf28cec,Sample Business Label bde42e5a,Purchased,28.00,,,1.00,,Sample Business Label 14d9bbad
725-000499,Sample Business Label f5f70971,"100UF,6.3V,1210,20%,X5R",Sample Business Label 1674b06f,pcs,piece,Sample Business Label 17302eae,Sample Business Label 07789cfe,Purchased,84.00,,,1.00,,Sample Business Label 14d9bbad
165-003226,Sample Business Label 4fbbfad0,Sample Business Label 505bbe25,Sample Business Label 1674b06f,pcs,piece,Sample Business Label 4bf28cec,Sample Business Label bde42e5a,Purchased,28.00,,,1.00,105.000052,Sample Business Label 14d9bbad
725-000161,Sample Business Label 05087a91,"30pf,50v,0402,5%",Sample Business Label 887d7f95,pcs,piece,Sample Business Label 17302eae,Sample Business Label 07789cfe,Purchased,33.00,,,1.00,0.004520,Sample Business Label 14d9bbad
849-000214,Sample Business Label 494c3940,Sample Business Label 37798603,Sample Business Label 887d7f95,pcs,piece,Sample Business Label 4bf28cec,Sample Business Label 0f3d50d5,Purchased,17.00,,,1.00,,Sample Business Label 14d9bbad
725-000325,Sample Business Label 05087a91,"15pF,50V,0402,5%,NP0",Sample Business Label 887d7f95,pcs,piece,Sample Business Label 17302eae,Sample Business Label 07789cfe,Purchased,98.00,,,1.00,0.002486,Sample Business Label 14d9bbad
539-000242,Sample Business Label b85ec631,"953K,0402,1%",Sample Business Label 887d7f95,pcs,piece,Sample Business Label 17302eae,Sample Business Label 5fe53d48,Purchased,98.00,,,1.00,0.001469,Sample Business Label 14d9bbad
165-001161,Sample Business Label 373befb9,,Autonomous Driving,pcs,piece,Sample Business Label 4bf28cec,Sample Business Label bde42e5a,Purchased,35.00,,,1.00,,Sample Business Label 14d9bbad
165-001350,Sample Business Label 31cd128c,Sample Business Label a800f86f,Sample Business Label 1674b06f,pcs,piece,Sample Business Label 4bf28cec,Sample Business Label bde42e5a,Purchased,28.00,,,1.00,5.300039,Sample Business Label 14d9bbad
539-000595,Sample Business Label b85ec631,15R，0805，1%,Sample Business Label 887d7f95,pcs,piece,Sample Business Label 17302eae,Sample Business Label 5fe53d48,Purchased,98.00,,,1.00,0.005311,Sample Business Label 14d9bbad
454-000255,Sample Business Label 484d8f10,JEB4V5D3U,Sample Business Label 887d7f95,pcs,piece,Sample Business Label 17302eae,Sample Business Label 5680b573,Purchased,56.00,,,1.00,0.105994,Sample Business Label 14d9bbad
356-000233,Sample Business Label a87e12a5,G0503WR-S-20P,Sample Business Label 887d7f95,pcs,piece,Sample Business Label 4bf28cec,Sample Business Label db158135,Purchased,25.00,,,1.00,0.240012,Sample Business Label 14d9bbad
165-001558,Sample Business Label a9bfc4da,45mm*8mm*8mm,Autonomous Driving,pcs,piece,Sample Business Label 4bf28cec,Sample Business Label bde42e5a,Purchased,21.00,,,1.00,0.161025,Sample Business Label 14d9bbad
539-000241,Sample Business Label b85ec631,"127K,0402,1%",Sample Business Label 887d7f95,pcs,piece,Sample Business Label 17302eae,Sample Business Label 5fe53d48,Purchased,98.00,,,1.00,0.001469,Sample Business Label 14d9bbad
539-000096,Sample Business Label b85ec631,"226K,0402,1%",Sample Business Label 887d7f95,pcs,piece,Sample Business Label 17302eae,Sample Business Label 5fe53d48,Purchased,98.00,,,1.00,0.001469,Sample Business Label 14d9bbad
454-000208,Sample Business Label f0e29f29,CZD52C18,Sample Business Label 887d7f95,pcs,piece,Sample Business Label 17302eae,Sample Business Label 5680b573,Purchased,56.00,,,1.00,0.049946,Sample Business Label 14d9bbad
972-000165,Sample Business Label 8b8d284f,VM811SE,Sample Business Label 887d7f95,pcs,piece,Sample Business Label 17302eae,Sample Business Label 09caa247,Purchased,42.00,,,1.00,0.280014,Sample Business Label 14d9bbad
165-001769,Sample Business Label f37b0c90,Sample Business Label ccad113c,Sample Business Label 1674b06f,pcs,piece,Sample Business Label 4bf28cec,Sample Business Label bde42e5a,In-house,28.00,,,1.00,,Sample Business Label 14d9bbad
539-000062,Sample Business Label b85ec631,"62R,0402,1%",Sample Business Label 887d7f95,pcs,piece,Sample Business Label 17302eae,Sample Business Label 5fe53d48,Purchased,84.00,,,1.00,0.001921,Sample Business Label 14d9bbad
539-000251,Sample Business Label b85ec631,"1R,1206,1%",Sample Business Label 887d7f95,pcs,piece,Sample Business Label 17302eae,Sample Business Label 5fe53d48,Purchased,35.00,,,1.00,0.010961,Sample Business Label 14d9bbad
838-000161,Sample Business Label ee2ddf5b,KE-2N19F-45,Sample Business Label 1674b06f,pcs,piece,Sample Business Label 0e5444d0,Sample Business Label 6e9ebdaf,Purchased,180.00,,,1.00,7.200021,Sample Business Label 14d9bbad
321-000484,Sample Business Label ba9c0197,YS508_Radar_FPGA_P1_PCB,Sample Business Label 1674b06f,pcs,piece,Sample Business Label 17302eae,Sample Business Label cbf023bc,Purchased,90.00,,,1.00,21.999970,Sample Business Label 14d9bbad
849-001254,Sample Business Label 7119d488,10*10*M8,Sample Business Label 96053b3e,pcs,piece,Sample Business Label 4bf28cec,Sample Business Label 0f3d50d5,Purchased,1.00,,,1.00,1.609120,Sample Business Label 14d9bbad
972-000492,Sample Business Label 379f5500,STL8305NBI-VB-CG,Sample Business Label 887d7f95,pcs,piece,Sample Business Label 17302eae,Sample Business Label 09caa247,Purchased,56.00,,,1.00,7.349972,Sample Business Label 14d9bbad
725-000287,Sample Business Label e59cf86c,ERS1KM121G20OT,Sample Business Label 887d7f95,pcs,piece,Sample Business Label 17302eae,Sample Business Label 07789cfe,Purchased,56.00,,,1.00,0.349961,Sample Business Label 14d9bbad
539-000309,Sample Business Label b85ec631,"0R,0201,1%",Sample Business Label 887d7f95,pcs,piece,Sample Business Label 17302eae,Sample Business Label 5fe53d48,Purchased,84.00,,,1.00,0.002034,Sample Business Label 14d9bbad
527-000011,Sample Business Label 066ae8fd,E3SB25E00000VE,Sample Business Label 887d7f95,pcs,piece,Sample Business Label 17302eae,Sample Business Label f5e6f23a,Purchased,70.00,,,1.00,,Sample Business Label 14d9bbad
356-000255,Sample Business Label f48988f7,Sample Business Label 6f71bd18,Sample Business Label 887d7f95,pcs,piece,Sample Business Label 4bf28cec,Sample Business Label db158135,Purchased,42.00,,,1.00,3.959972,Sample Business Label 14d9bbad
849-000743,Sample Business Label 1e2dbf5d,Sample Business Label b3b24741,Sample Business Label 887d7f95,pcs,piece,Sample Business Label 4bf28cec,Sample Business Label 0f3d50d5,Purchased,17.00,,,1.00,,Sample Business Label 14d9bbad
770-000074,Sample Business Label cae44bf4,AL108L-8B3,Sample Business Label 887d7f95,pcs,piece,Sample Business Label 4bf28cec,Sample Business Label 25c31db5,Purchased,35.00,,,1.00,,Sample Business Label 14d9bbad
725-000172,Sample Business Label 05087a91,"220nF,±10%,50V,0805,X7R",Sample Business Label 887d7f95,pcs,piece,Sample Business Label 17302eae,Sample Business Label 07789cfe,Purchased,140.00,,,1.00,0.105203,Sample Business Label 14d9bbad
733-000039,Sample Business Label 43b7aeb5,TWPA4030S4R7MT,Sample Business Label 887d7f95,pcs,piece,Sample Business Label 17302eae,Sample Business Label f3f2ee9b,Purchased,28.00,,,1.00,0.180009,Sample Business Label 14d9bbad
165-002085,Sample Business Label b8dcdede,Sample Business Label 9f0a9d09,Sample Business Label 1674b06f,pcs,piece,Sample Business Label 4bf28cec,Sample Business Label bde42e5a,Purchased,14.00,,,1.00,,Sample Business Label 14d9bbad
358-000029,Sample Business Label 7212157d,2N5401S-RTK/P,Sample Business Label 887d7f95,pcs,piece,Sample Business Label 17302eae,Sample Business Label 5bce86f3,Purchased,140.00,,,1.00,0.115147,Sample Business Label 14d9bbad
795-000781,Sample Business Label f60215c2,Sample Business Label 16bd82d9,Sample Business Label 1674b06f,pcs,piece,Sample Business Label 4bf28cec,Sample Business Label 2d85aff0,Purchased,21.00,,,1.00,0.649976,Sample Business Label 14d9bbad
165-000735,Sample Business Label c1dfafdd,Sample Business Label 2b7fb940,Autonomous Driving,pcs,piece,Sample Business Label 4bf28cec,Sample Business Label bde42e5a,Purchased,28.00,,,1.00,,Sample Business Label 14d9bbad
972-000605,Sample Business Label 66d870af,UPT1042VQ-SO1R-S,Sample Business Label 887d7f95,pcs,piece,Sample Business Label 17302eae,Sample Business Label 09caa247,Purchased,168.00,,,1.00,,Sample Business Label 14d9bbad
358-000178,Sample Business Label c7de58d3,DJMP2011,Sample Business Label 887d7f95,pcs,piece,Sample Business Label 17302eae,Sample Business Label 5bce86f3,Purchased,56.00,,,1.00,0.189953,Sample Business Label 14d9bbad
849-001317,Sample Business Label ac7ce560,Sample Business Label 2cab2aa3,Sample Business Label 96053b3e,pcs,piece,Sample Business Label 4bf28cec,Sample Business Label 0f3d50d5,Purchased,1.00,,,1.00,0.268036,Sample Business Label 14d9bbad
994-000346,Sample Business Label eedf72b5,Sample Business Label 7a997a40,Sample Business Label 1674b06f,pcs,piece,Sample Business Label 4bf28cec,Sample Business Label d9643929,Purchased,35.00,,,1.00,,Sample Business Label 14d9bbad
588-000581,Sample Business Label 3a36cd26,Sample Business Label 3a36cd26,Sample Business Label 1674b06f,pcs,piece,Sample Business Label f0207843,Sample Business Label 6ca8a46d,Outsourced,13.00,,,1.00,,Sample Business Label 14d9bbad
321-000550,Sample Business Label df424710,Sample Business Label df424710,Sample Business Label 1674b06f,pcs,piece,Sample Business Label 17302eae,Sample Business Label cbf023bc,Purchased,45.00,,,1.00,,Sample Business Label 14d9bbad
539-000475,Sample Business Label b85ec631,"31.6K,0402,0.5%",Sample Business Label 887d7f95,pcs,piece,Sample Business Label 17302eae,Sample Business Label 5fe53d48,Purchased,98.00,,,1.00,0.007345,Sample Business Label 14d9bbad
165-001285,Sample Business Label 23ae08c4,Sample Business Label 8aa0ef8b,Sample Business Label 5c716e22,pcs,piece,Sample Business Label 4bf28cec,Sample Business Label bde42e5a,Purchased,28.00,,,1.00,,Sample Business Label 14d9bbad
539-000184,Sample Business Label b85ec631,"1K,0402,1%",Sample Business Label 887d7f95,pcs,piece,Sample Business Label 17302eae,Sample Business Label 5fe53d48,Purchased,42.00,,,1.00,0.001243,Sample Business Label 14d9bbad
725-000171,Sample Business Label 05087a91,"10uF,±20%,10V,0603,X7R",Sample Business Label 887d7f95,pcs,piece,Sample Business Label 17302eae,Sample Business Label 07789cfe,Purchased,112.00,,,1.00,0.138990,Sample Business Label 14d9bbad
165-001887,Sample Business Label 458c09d6,Sample Business Label a6984056,Sample Business Label 1674b06f,pcs,piece,Sample Business Label 4bf28cec,Sample Business Label bde42e5a,Purchased,21.00,,,1.00,,Sample Business Label 14d9bbad
849-001294,Sample Business Label 1ac98207,R-M35-1.5P-62-12,Sample Business Label 96053b3e,pcs,piece,Sample Business Label 4bf28cec,Sample Business Label 0f3d50d5,Purchased,1.00,,,1.00,16.333585,Sample Business Label 14d9bbad
454-000215,Sample Business Label 2b176d5b,KSPX340A,Sample Business Label 887d7f95,pcs,piece,Sample Business Label 17302eae,Sample Business Label 5680b573,Purchased,56.00,,,1.00,0.113000,Sample Business Label 14d9bbad
733-000043,Sample Business Label 43b7aeb5,TWPA5040S100MT,Sample Business Label 887d7f95,pcs,piece,Sample Business Label 17302eae,Sample Business Label f3f2ee9b,Purchased,30.00,,,1.00,0.168031,Sample Business Label 14d9bbad
588-000562,Sample Business Label 5a75f031,Sample Business Label 5a75f031,Sample Business Label 7bdc2d0a,pcs,piece,Sample Business Label f0207843,Sample Business Label 6ca8a46d,Outsourced,10.00,,,1.00,,Sample Business Label 14d9bbad
454-000184,Sample Business Label 26f453b2,BSB36CA,Sample Business Label 887d7f95,pcs,piece,Sample Business Label 17302eae,Sample Business Label 5680b573,Purchased,56.00,,,1.00,2.219998,Sample Business Label 14d9bbad
838-000320,Sample Business Label 849472dd,Sample Business Label 034b9eb6,Sample Business Label 1674b06f,pcs,piece,Sample Business Label 0e5444d0,Sample Business Label 6e9ebdaf,Purchased,28.00,,,1.00,,Sample Business Label 14d9bbad
165-002303,Sample Business Label 877b90dc,Sample Business Label ffe2ea3c,Sample Business Label 1674b06f,pcs,piece,Sample Business Label 4bf28cec,Sample Business Label bde42e5a,Purchased,21.00,,,1.00,,Sample Business Label 14d9bbad
725-000384,Sample Business Label 05087a91,"1uf,10v,0201,20%",Sample Business Label 887d7f95,pcs,piece,Sample Business Label 17302eae,Sample Business Label 07789cfe,Purchased,161.00,,,1.00,0.010961,Sample Business Label 14d9bbad
812-000095,Sample Business Label 4d105bb6,Sample Business Label 350c1910,Sample Business Label 887d7f95,pcs,piece,Sample Business Label 4bf28cec,Sample Business Label f34ff6fa,Purchased,10.00,,,1.00,0.175037,Sample Business Label 14d9bbad
165-003385,Sample Business Label 9ec7b942,Sample Business Label b8ba89cc,Sample Business Label 96053b3e,pcs,piece,Sample Business Label 4bf28cec,Sample Business Label bde42e5a,Purchased,1.00,,,1.00,75.000021,Sample Business Label 14d9bbad
849-001299,Sample Business Label a87cb70e,Sample Business Label ee77a6a4,Sample Business Label 96053b3e,pcs,piece,Sample Business Label 4bf28cec,Sample Business Label 0f3d50d5,Purchased,1.00,,,1.00,0.078196,Sample Business Label 14d9bbad
454-000280,Sample Business Label 0c135faf,KEB05D5,Sample Business Label 887d7f95,pcs,piece,Sample Business Label 17302eae,Sample Business Label 5680b573,Purchased,56.00,,,1.00,0.047008,Sample Business Label 14d9bbad
725-000363,Sample Business Label 05087a91,100nF 50V 1402 10% X5R,Sample Business Label 887d7f95,pcs,piece,Sample Business Label 17302eae,Sample Business Label 07789cfe,Purchased,77.00,,,1.00,0.005198,Sample Business Label 14d9bbad
165-002679,Sample Business Label 48590ade,Sample Business Label cf5fbe26,Autonomous Driving,pcs,piece,Sample Business Label 4bf28cec,Sample Business Label bde42e5a,Purchased,14.00,,,1.00,0.109949,Sample Business Label 14d9bbad
895-000056,Sample Business Label 079c22bc,LN4716B1-24H45-0PTR,Sample Business Label 887d7f95,pcs,piece,Sample Business Label 4bf28cec,Sample Business Label d7716c4a,Purchased,25.00,,,1.00,0.300015,Sample Business Label 14d9bbad
539-000044,Sample Business Label b85ec631,"43K,0402,1%",Sample Business Label 887d7f95,pcs,piece,Sample Business Label 17302eae,Sample Business Label 5fe53d48,Purchased,84.00,,,1.00,0.001469,Sample Business Label 14d9bbad
356-000227,Sample Business Label ac496e3a,X10-2000-R0A,Sample Business Label 887d7f95,pcs,piece,Sample Business Label 4bf28cec,Sample Business Label db158135,Purchased,35.00,,,1.00,2.640019,Sample Business Label 14d9bbad
321-000525,Sample Business Label ed66c2da,Sample Business Label ed66c2da,Sample Business Label 1674b06f,pcs,piece,Sample Business Label 17302eae,Sample Business Label cbf023bc,Purchased,90.00,,,1.00,56.438980,Sample Business Label 14d9bbad
165-001965,Sample Business Label 3215dcdc,Sample Business Label cafd760f,Sample Business Label 1674b06f,pcs,piece,Sample Business Label 4bf28cec,Sample Business Label bde42e5a,Purchased,28.00,,,1.00,,Sample Business Label 14d9bbad
994-000083,Sample Business Label 70cb90b6,Sample Business Label 1333a816,Sample Business Label 7bdc2d0a,pcs,piece,Sample Business Label 4bf28cec,Sample Business Label d9643929,Purchased,28.00,,,1.00,,Sample Business Label 14d9bbad
972-000824,EMMC,GEMDNN064G-C9A61,Sample Business Label 887d7f95,pcs,piece,Sample Business Label 17302eae,Sample Business Label 09caa247,Purchased,72.00,,,1.00,,Sample Business Label 14d9bbad
588-000883,YS221_P0_(B40S)S01_PCBA,YS221_P0_(B40S)S01_PCBA,Autonomous Driving,pcs,piece,Sample Business Label f0207843,Sample Business Label 6ca8a46d,Outsourced,1.00,,,1.00,,Sample Business Label 14d9bbad
454-000010,Sample Business Label 0c135faf,ESD5Z3.3T1G,Sample Business Label 887d7f95,pcs,piece,Sample Business Label 17302eae,Sample Business Label 5680b573,Purchased,140.00,,,1.00,0.111192,Sample Business Label 14d9bbad
165-001463,Sample Business Label f32b5040,Sample Business Label f75800ec,Autonomous Driving,pcs,piece,Sample Business Label 4bf28cec,Sample Business Label bde42e5a,Purchased,28.00,,,1.00,,Sample Business Label 14d9bbad
165-002061,Sample Business Label 9bbce9eb,Sample Business Label 66694200,Sample Business Label 1674b06f,pcs,piece,Sample Business Label 4bf28cec,Sample Business Label bde42e5a,Purchased,28.00,,,1.00,,Sample Business Label 14d9bbad
994-000384,Sample Business Label db4d2a26,Sample Business Label be836b20,Sample Business Label 5c716e22,pcs,piece,Sample Business Label 4bf28cec,Sample Business Label d9643929,Purchased,35.00,,,1.00,,Sample Business Label 14d9bbad
588-000267,Sample Business Label 948da778,801_7CONNECTOR_P3_S01_PCBA,Sample Business Label 7bdc2d0a,pcs,piece,Sample Business Label f0207843,Sample Business Label 6ca8a46d,Outsourced,17.00,,,1.00,,Sample Business Label 14d9bbad
364-000046,Sample Business Label 0ef46b3b,TMD1206P050TF/16,Sample Business Label 887d7f95,pcs,piece,Sample Business Label 17302eae,Sample Business Label d8af7f3d,Purchased,28.00,,,1.00,,Sample Business Label 14d9bbad
994-000531,Sample Business Label 99891e4d,Sample Business Label a26030d4,Sample Business Label 5c716e22,pcs,piece,Sample Business Label 4bf28cec,Sample Business Label d9643929,Purchased,35.00,,,1.00,,Sample Business Label 14d9bbad
725-000152,Sample Business Label 05087a91,"150pF,50V,0603,5%",Sample Business Label 887d7f95,pcs,piece,Sample Business Label 17302eae,Sample Business Label 07789cfe,Purchased,84.00,,,1.00,,Sample Business Label 14d9bbad
795-000928,Sample Business Label cc2ae39f,Sample Business Label bbd24768,Sample Business Label 1674b06f,pcs,piece,Sample Business Label 4bf28cec,Sample Business Label 2d85aff0,Purchased,14.00,,,1.00,0.348944,Sample Business Label 14d9bbad
165-002337,Sample Business Label c6cd5409,Sample Business Label bc904db5,Sample Business Label 1674b06f,pcs,piece,Sample Business Label 4bf28cec,Sample Business Label bde42e5a,Purchased,45.00,,,1.00,,Sample Business Label 14d9bbad
165-003437,Sample Business Label d6835ebf,T2,Sample Business Label 96053b3e,pcs,piece,Sample Business Label 4bf28cec,Sample Business Label bde42e5a,Purchased,1.00,,,1.00,85.499981,Sample Business Label 14d9bbad
321-000560,Sample Business Label 5efec7b5,YN580_BAT_SCON_P2_PCB,Sample Business Label 1674b06f,pcs,piece,Sample Business Label 17302eae,Sample Business Label cbf023bc,Purchased,35.00,,,1.00,,Sample Business Label 14d9bbad
849-000011,Sample Business Label 65b45af3,TMTSO3020CTS,Sample Business Label 887d7f95,pcs,piece,Sample Business Label 4bf28cec,Sample Business Label 0f3d50d5,Purchased,25.00,,,1.00,,Sample Business Label 14d9bbad
356-000162,Sample Business Label 5b35dfe1,VB3309-024S1-TAGF,Sample Business Label 887d7f95,pcs,piece,Sample Business Label 4bf28cec,Sample Business Label db158135,Purchased,24.00,,,1.00,1.999987,Sample Business Label 14d9bbad
994-000537,Sample Business Label c2281e88,,Sample Business Label 1674b06f,pcs,piece,Sample Business Label 4bf28cec,Sample Business Label d9643929,Purchased,35.00,,,1.00,,Sample Business Label 14d9bbad
849-000794,Sample Business Label 1fac602f,Sample Business Label 37d1c6c7,Sample Business Label 887d7f95,pcs,piece,Sample Business Label 4bf28cec,Sample Business Label 0f3d50d5,Purchased,17.00,,,1.00,,Sample Business Label 14d9bbad
165-001859,Sample Business Label fa8a3722,Sample Business Label 46814539,Sample Business Label 1674b06f,pcs,piece,Sample Business Label 4bf28cec,Sample Business Label bde42e5a,Purchased,28.00,,,1.00,16.820050,Sample Business Label 14d9bbad
358-000100,Sample Business Label a1d3a332,CSS138,Sample Business Label 887d7f95,pcs,piece,Sample Business Label 17302eae,Sample Business Label 5bce86f3,Purchased,30.00,,,1.00,0.048025,Sample Business Label 14d9bbad
972-000229,Sample Business Label 4990b36f,SDINBDG4-8G-XI1,Sample Business Label 887d7f95,pcs,piece,Sample Business Label 17302eae,Sample Business Label 09caa247,Purchased,59.00,,,1.00,26.415219,Sample Business Label 14d9bbad
791-000003,Sample Business Label 59d06f66,Sample Business Label e226b508,Autonomous Driving,pcs,piece,Sample Business Label f0207843,Sample Business Label eba66936,In-house,1.00,,,1.00,,Sample Business Label 14d9bbad
539-000124,Sample Business Label b85ec631,"100K,0603,1%",Sample Business Label 887d7f95,pcs,piece,Sample Business Label 17302eae,Sample Business Label 5fe53d48,Purchased,84.00,,,1.00,0.003616,Sample Business Label 14d9bbad
849-001350,Sample Business Label 4980a8b4,,Sample Business Label 96053b3e,pcs,piece,Sample Business Label 4bf28cec,Sample Business Label 0f3d50d5,Purchased,28.00,,,1.00,52.000001,Sample Business Label 14d9bbad
165-001045,Sample Business Label e0a96b17,Sample Business Label 26a99fde,Sample Business Label 735ac064,pcs,piece,Sample Business Label 4bf28cec,Sample Business Label bde42e5a,Purchased,14.00,,,1.00,,Sample Business Label 14d9bbad
165-003450,Sample Business Label 4e221054,F100-GPJ120,Sample Business Label 96053b3e,pcs,piece,Sample Business Label 4bf28cec,Sample Business Label bde42e5a,Purchased,28.00,,,1.00,39.809900,Sample Business Label 14d9bbad
972-000130,Sample Business Label 2474c82d,M93C66-WMN6TP,Sample Business Label 887d7f95,pcs,piece,Sample Business Label 17302eae,Sample Business Label 09caa247,Purchased,1.00,,,1.00,,Sample Business Label 14d9bbad
725-000341,Sample Business Label 58d42cf9,VP1H221M4105000CE0,Sample Business Label 887d7f95,pcs,piece,Sample Business Label 17302eae,Sample Business Label 07789cfe,Purchased,30.00,,,1.00,0.693029,Sample Business Label 14d9bbad
165-002673,Sample Business Label 99bd0486,Sample Business Label a5f54d8f,Autonomous Driving,pcs,piece,Sample Business Label 4bf28cec,Sample Business Label bde42e5a,Purchased,35.00,,,1.00,3.699959,Sample Business Label 14d9bbad
454-000328,Sample Business Label 13a7d943,TMAJ15CA,Sample Business Label 887d7f95,pcs,piece,Sample Business Label 17302eae,Sample Business Label 5680b573,Purchased,30.00,,,1.00,0.140007,Sample Business Label 14d9bbad
725-000417,Sample Business Label 05087a91,"3.3nf,25V,0201,10%,X7R",Sample Business Label 887d7f95,pcs,piece,Sample Business Label 17302eae,Sample Business Label 07789cfe,Purchased,112.00,,,1.00,0.012995,Sample Business Label 14d9bbad
849-000221,Sample Business Label 608cb0ad,Sample Business Label df5c6855,Sample Business Label 887d7f95,pcs,piece,Sample Business Label 4bf28cec,Sample Business Label 0f3d50d5,Purchased,28.00,,,1.00,,Sample Business Label 14d9bbad
733-000075,Sample Business Label de3ed42c,NPZ1608S601ATD25,Sample Business Label 887d7f95,pcs,piece,Sample Business Label 17302eae,Sample Business Label f3f2ee9b,Purchased,112.00,,,1.00,0.134922,Sample Business Label 14d9bbad
165-002595,Sample Business Label 18f6658f,Sample Business Label 6ca00cc2,Sample Business Label 1674b06f,pcs,piece,Sample Business Label 4bf28cec,Sample Business Label bde42e5a,Purchased,21.00,,,1.00,,Sample Business Label 14d9bbad
321-000238,Sample Business Label 1488a501,YN408_SIM_P1_PCB,Autonomous Driving,pcs,piece,Sample Business Label 17302eae,Sample Business Label cbf023bc,Purchased,45.00,,,1.00,1.559965,Sample Business Label 14d9bbad
165-002623,Sample Business Label de8951be,Sample Business Label 0b614dac,Sample Business Label 1674b06f,pcs,piece,Sample Business Label 4bf28cec,Sample Business Label bde42e5a,Purchased,28.00,,,1.00,,Sample Business Label 14d9bbad
356-000562,Sample Business Label 3f47f013,QM202B20A-07V20-115-1BA,Autonomous Driving,pcs,piece,Sample Business Label 4bf28cec,Sample Business Label db158135,Purchased,25.00,,,1.00,0.349961,Sample Business Label 14d9bbad
725-000042,Sample Business Label 05087a91,"100nF,250V,1206,10%",Sample Business Label 887d7f95,pcs,piece,Sample Business Label 17302eae,Sample Business Label 07789cfe,Purchased,217.00,,,1.00,0.114017,Sample Business Label 14d9bbad
165-003344,Sample Business Label 5e6a71c2,,Sample Business Label 1674b06f,pcs,piece,Sample Business Label 4bf28cec,Sample Business Label bde42e5a,Purchased,28.00,,,1.00,13.279986,Sample Business Label 14d9bbad
321-000367,Sample Business Label f8770645,YN402_CHARGE_P0_PCB,Sample Business Label 1674b06f,pcs,piece,Sample Business Label 17302eae,Sample Business Label cbf023bc,Purchased,35.00,,,1.00,4.330047,Sample Business Label 14d9bbad
539-000028,Sample Business Label b85ec631,"100R,0402,1%",Sample Business Label 887d7f95,pcs,piece,Sample Business Label 17302eae,Sample Business Label 5fe53d48,Purchased,84.00,,,1.00,0.001921,Sample Business Label 14d9bbad
321-000435,Sample Business Label cf1587c7,Sample Business Label cf1587c7,Sample Business Label 1674b06f,pcs,piece,Sample Business Label 17302eae,Sample Business Label cbf023bc,Purchased,30.00,,,1.00,88.320800,Sample Business Label 14d9bbad
690-000056,Sample Business Label f3ac5013,L-D150WDT-SH3,Sample Business Label 887d7f95,pcs,piece,Sample Business Label 17302eae,Sample Business Label f3ac5013,Purchased,33.00,,,1.00,0.120006,Sample Business Label 14d9bbad
972-000426,Sample Business Label 6f0b2c69,TGM721XN5/TR,Sample Business Label 887d7f95,pcs,piece,Sample Business Label 17302eae,Sample Business Label 09caa247,Purchased,42.00,,,1.00,1.049996,Sample Business Label 14d9bbad
733-000153,Sample Business Label 26a99aed,TFT7060F-701,Sample Business Label 887d7f95,pcs,piece,Sample Business Label 17302eae,Sample Business Label f3f2ee9b,Purchased,28.00,,,1.00,0.800040,Sample Business Label 14d9bbad
165-001405,Sample Business Label 34ccb91b,Sample Business Label 07e35ac6,Sample Business Label 1674b06f,pcs,piece,Sample Business Label 4bf28cec,Sample Business Label bde42e5a,Purchased,35.00,,,1.00,,Sample Business Label 14d9bbad
795-001184,Sample Business Label c05022eb,Sample Business Label a48a6ba8,Sample Business Label 96053b3e,pcs,piece,Sample Business Label 4bf28cec,Sample Business Label 2d85aff0,Purchased,28.00,,,1.00,2.192200,Sample Business Label 14d9bbad
733-000234,Sample Business Label 1ef5a5d1,NWTC201610SR47MT,Sample Business Label 887d7f95,pcs,piece,Sample Business Label 17302eae,Sample Business Label f3f2ee9b,Purchased,98.00,,,1.00,,Sample Business Label 14d9bbad
733-000202,Sample Business Label be98a238,DSEB1090-330M,Sample Business Label 887d7f95,pcs,piece,Sample Business Label 17302eae,Sample Business Label f3f2ee9b,Purchased,31.00,,,1.00,6.499986,Sample Business Label 14d9bbad
725-000182,Sample Business Label 05087a91,"22uF,6.3V,0603,20%,X5R",Sample Business Label 887d7f95,pcs,piece,Sample Business Label 17302eae,Sample Business Label 07789cfe,Purchased,161.00,,,1.00,0.065653,Sample Business Label 14d9bbad
165-003382,Sample Business Label 00b4c02c,Sample Business Label 39a8ee89,Sample Business Label 96053b3e,pcs,piece,Sample Business Label 4bf28cec,Sample Business Label bde42e5a,Purchased,1.00,,,1.00,864.999971,Sample Business Label 14d9bbad
725-000178,Sample Business Label 05087a91,"33pF,50V,0402,5%,NP0",Sample Business Label 887d7f95,pcs,piece,Sample Business Label 17302eae,Sample Business Label 07789cfe,Purchased,98.00,,,1.00,0.002373,Sample Business Label 14d9bbad
165-001420,Sample Business Label eada9bb4,Sample Business Label 5a6305ea,Sample Business Label 1674b06f,pcs,piece,Sample Business Label 4bf28cec,Sample Business Label bde42e5a,Purchased,14.00,,,1.00,,Sample Business Label 14d9bbad
972-000576,Sample Business Label 0896be4e,ZT8512H,Sample Business Label 887d7f95,pcs,piece,Sample Business Label 17302eae,Sample Business Label 09caa247,Purchased,42.00,,,1.00,2.199997,Sample Business Label 14d9bbad
733-000208,Sample Business Label be98a238,NWSA0402S-S47MT,Sample Business Label 887d7f95,pcs,piece,Sample Business Label 17302eae,Sample Business Label f3f2ee9b,Purchased,77.00,,,1.00,0.360018,Sample Business Label 14d9bbad
849-000505,Sample Business Label a2d52938,Sample Business Label 91a67adb,Sample Business Label 887d7f95,pcs,piece,Sample Business Label 4bf28cec,Sample Business Label 0f3d50d5,Purchased,18.00,,,1.00,,Sample Business Label 14d9bbad
539-000282,Sample Business Label b85ec631,"36K,0402,1%",Sample Business Label 887d7f95,pcs,piece,Sample Business Label 17302eae,Sample Business Label 5fe53d48,Purchased,84.00,,,1.00,0.001469,Sample Business Label 14d9bbad
165-003433,Sample Business Label f6a95105,T2,Sample Business Label 96053b3e,pcs,piece,Sample Business Label 4bf28cec,Sample Business Label bde42e5a,Purchased,1.00,,,1.00,117.900019,Sample Business Label 14d9bbad
165-002513,Sample Business Label c7f6389b,Sample Business Label 04d63e42,Sample Business Label 1674b06f,pcs,piece,Sample Business Label 4bf28cec,Sample Business Label bde42e5a,Purchased,14.00,,,1.00,0.149951,Sample Business Label 14d9bbad
539-000410,Sample Business Label b85ec631,"100R,1206,5%",Sample Business Label 887d7f95,pcs,piece,Sample Business Label 17302eae,Sample Business Label 5fe53d48,Purchased,98.00,,,1.00,0.011413,Sample Business Label 14d9bbad
838-000257,Sample Business Label 9c17350b,Sample Business Label e635d002,Sample Business Label 5c716e22,pcs,piece,Sample Business Label 0e5444d0,Sample Business Label 6e9ebdaf,Purchased,23.00,,,1.00,,Sample Business Label 14d9bbad
795-000784,Sample Business Label d5762491,Sample Business Label f6d4aca1,Sample Business Label 1674b06f,pcs,piece,Sample Business Label 4bf28cec,Sample Business Label 2d85aff0,Purchased,33.00,,,1.00,0.216169,Sample Business Label 14d9bbad
588-000583,Sample Business Label 09590a5b,Sample Business Label 09590a5b,Sample Business Label 1674b06f,pcs,piece,Sample Business Label f0207843,Sample Business Label 6ca8a46d,Outsourced,13.00,,,1.00,,Sample Business Label 14d9bbad
849-000442,Sample Business Label b39b5ada,Sample Business Label 3b6265bf,Sample Business Label 887d7f95,pcs,piece,Sample Business Label 4bf28cec,Sample Business Label 0f3d50d5,Purchased,33.00,,,1.00,,Sample Business Label 14d9bbad
795-000442,Sample Business Label bb18218c,Sample Business Label 82984dee,Sample Business Label 1674b06f,pcs,piece,Sample Business Label 4bf28cec,Sample Business Label 2d85aff0,Purchased,14.00,,,1.00,,Sample Business Label 14d9bbad
972-000686,Sample Business Label 8d19d998,BX88772CLI,Sample Business Label 887d7f95,pcs,piece,Sample Business Label 17302eae,Sample Business Label 09caa247,Purchased,56.00,,,1.00,16.900054,Sample Business Label 14d9bbad
725-000294,Sample Business Label 05087a91,"100pF,50V,0402",Sample Business Label 887d7f95,pcs,piece,Sample Business Label 17302eae,Sample Business Label 07789cfe,Purchased,98.00,,,1.00,0.002599,Sample Business Label 14d9bbad
539-000173,Sample Business Label b85ec631,"120R,1206,1%",Sample Business Label 887d7f95,pcs,piece,Sample Business Label 17302eae,Sample Business Label 5fe53d48,Purchased,112.00,,,1.00,0.018645,Sample Business Label 14d9bbad
849-001170,Sample Business Label 3807a8d0,Sample Business Label a349f9aa,Sample Business Label 96053b3e,pcs,piece,Sample Business Label 4bf28cec,Sample Business Label 0f3d50d5,Purchased,42.00,,,1.00,1949.999981,Sample Business Label 14d9bbad
972-000324,Sample Business Label b108b47b,CL3085(J47),Sample Business Label 887d7f95,pcs,piece,Sample Business Label 17302eae,Sample Business Label 09caa247,Purchased,42.00,,,1.00,0.360018,Sample Business Label 14d9bbad
849-001314,Sample Business Label 4e686010,Sample Business Label 20da5fcf,Sample Business Label 96053b3e,pcs,piece,Sample Business Label 4bf28cec,Sample Business Label 0f3d50d5,Purchased,1.00,,,1.00,0.160008,Sample Business Label 14d9bbad
358-000155,NMOS,KMTL3134K,Sample Business Label 887d7f95,pcs,piece,Sample Business Label 17302eae,Sample Business Label 5bce86f3,Purchased,56.00,,,1.00,0.500025,Sample Business Label 14d9bbad
795-000748,Sample Business Label 51920dfe,Sample Business Label 677b0386,Sample Business Label 1674b06f,pcs,piece,Sample Business Label 4bf28cec,Sample Business Label 2d85aff0,Purchased,14.00,,,1.00,0.200010,Sample Business Label 14d9bbad
539-000462,Sample Business Label b85ec631,"100R,1206,1%",Sample Business Label 887d7f95,pcs,piece,Sample Business Label 17302eae,Sample Business Label 5fe53d48,Purchased,56.00,,,1.00,0.009040,Sample Business Label 14d9bbad
791-000007,Sample Business Label 77e62d0c,Sample Business Label 26923961,Autonomous Driving,pcs,piece,Sample Business Label f0207843,Sample Business Label eba66936,In-house,1.00,,,1.00,,Sample Business Label 14d9bbad
454-000206,Sample Business Label e55eeeed,S-MBZT52C18T1G,Sample Business Label 887d7f95,pcs,piece,Sample Business Label 17302eae,Sample Business Label 5680b573,Purchased,105.00,,,1.00,0.064862,Sample Business Label 14d9bbad
733-000040,Sample Business Label 43b7aeb5,TWPA4030S3R3MT,Sample Business Label 887d7f95,pcs,piece,Sample Business Label 17302eae,Sample Business Label f3f2ee9b,Purchased,28.00,,,1.00,0.144979,Sample Business Label 14d9bbad
356-000485,Sample Business Label b302350e,Sample Business Label fa23e69c,Sample Business Label 887d7f95,pcs,piece,Sample Business Label 4bf28cec,Sample Business Label db158135,Purchased,30.00,,,1.00,1.150001,Sample Business Label 14d9bbad
321-000677,Sample Business Label b27bf72c,601C_MODULE_P6_PCB,Sample Business Label 7bdc2d0a,pcs,piece,Sample Business Label 17302eae,Sample Business Label cbf023bc,Purchased,50.00,,,1.00,1.772518,Sample Business Label 14d9bbad
725-000073,Sample Business Label 05087a91,"33uF,10v,1210,20%,X5R",Sample Business Label 887d7f95,pcs,piece,Sample Business Label 17302eae,Sample Business Label 07789cfe,Purchased,154.00,,,1.00,0.687040,Sample Business Label 14d9bbad
795-001177,Sample Business Label 7302a99d,B119B-2,Sample Business Label 96053b3e,pcs,piece,Sample Business Label 4bf28cec,Sample Business Label 2d85aff0,Purchased,28.00,,,1.00,33.674000,Sample Business Label 14d9bbad
364-000048,Sample Business Label 361c5ed2,Sample Business Label 83b5d634,Sample Business Label 887d7f95,pcs,piece,Sample Business Label 17302eae,Sample Business Label d8af7f3d,Purchased,10.00,,,1.00,,Sample Business Label 14d9bbad
972-000020,Sample Business Label 3f592a1e,NC74VHC1G08DFT2G,Sample Business Label 887d7f95,pcs,piece,Sample Business Label 17302eae,Sample Business Label 09caa247,Purchased,1.00,,,1.00,1.121186,Sample Business Label 14d9bbad
972-000254,Sample Business Label 5a34dcf4,TN74LVC2G34DBVR,Sample Business Label 887d7f95,pcs,piece,Sample Business Label 17302eae,Sample Business Label 09caa247,Purchased,42.00,,,1.00,0.752580,Sample Business Label 14d9bbad
358-000077,MOSFET,KMTL3401A,Sample Business Label 887d7f95,pcs,piece,Sample Business Label 17302eae,Sample Business Label 5bce86f3,Purchased,84.00,,,1.00,0.084976,Sample Business Label 14d9bbad
795-000479,Sample Business Label d6b7a9e5,L*W*H=16*4*3mm，6W,Sample Business Label 1674b06f,pcs,piece,Sample Business Label 4bf28cec,Sample Business Label 2d85aff0,Purchased,14.00,,,1.00,,Sample Business Label 14d9bbad
725-000400,Sample Business Label 05087a91,33nF，50V，0603，10%，X7R,Sample Business Label 887d7f95,pcs,piece,Sample Business Label 17302eae,Sample Business Label 07789cfe,Purchased,84.00,,,1.00,0.007345,Sample Business Label 14d9bbad
356-000277,Sample Business Label 60adf3d4,ZZK1325-204SG0A11501,Sample Business Label 887d7f95,pcs,piece,Sample Business Label 4bf28cec,Sample Business Label db158135,Purchased,25.00,,,1.00,0.115034,Sample Business Label 14d9bbad
539-000366,Sample Business Label b85ec631,"40.2K,0603,1%",Sample Business Label 887d7f95,pcs,piece,Sample Business Label 17302eae,Sample Business Label 5fe53d48,Purchased,84.00,,,1.00,0.003616,Sample Business Label 14d9bbad
725-000130,Sample Business Label 05087a91,"220nF,6.3v,0402,10%",Sample Business Label 887d7f95,pcs,piece,Sample Business Label 17302eae,Sample Business Label 07789cfe,Purchased,28.00,,,1.00,,Sample Business Label 14d9bbad
849-001191,Sample Business Label 28900e58,Sample Business Label a95993fd,Sample Business Label 96053b3e,pcs,piece,Sample Business Label 4bf28cec,Sample Business Label 0f3d50d5,Purchased,1.00,,,1.00,8.999998,Sample Business Label 14d9bbad
505-000023,Sample Business Label cf536e1e,Sample Business Label 37a75360,Sample Business Label 7bdc2d0a,pcs,piece,Sample Business Label 4bf28cec,Sample Business Label 77afae54,Purchased,35.00,,,1.00,23.000020,Sample Business Label 14d9bbad
795-000779,Sample Business Label 4402d857,Sample Business Label 16bd82d9,Sample Business Label 1674b06f,pcs,piece,Sample Business Label 4bf28cec,Sample Business Label 2d85aff0,Purchased,21.00,,,1.00,0.620031,Sample Business Label 14d9bbad
972-000453,Sample Business Label 42937b11,TGM3749YTN6G/TR,Sample Business Label 887d7f95,pcs,piece,Sample Business Label 17302eae,Sample Business Label 09caa247,Purchased,64.00,,,1.00,0.620031,Sample Business Label 14d9bbad
539-000589,Sample Business Label b85ec631,"4.7K,0201,1%",Sample Business Label 887d7f95,pcs,piece,Sample Business Label 17302eae,Sample Business Label 5fe53d48,Purchased,98.00,,,1.00,0.002034,Sample Business Label 14d9bbad
454-000233,Sample Business Label 13a7d943,5.0SMDJ85CA,Sample Business Label 887d7f95,pcs,piece,Sample Business Label 17302eae,Sample Business Label 5680b573,Purchased,56.00,,,1.00,0.887954,Sample Business Label 14d9bbad
690-000016,Sample Business Label 87df3301,"BLUE,29-31-B6C-EP1Q2SZ-3T(GN)",Sample Business Label 887d7f95,pcs,piece,Sample Business Label 17302eae,Sample Business Label f3ac5013,Purchased,28.00,,,1.00,0.100005,Sample Business Label 14d9bbad
606-000012,Sample Business Label 0b9f5f95,Sample Business Label 5e7b6c5b,Sample Business Label 887d7f95,pcs,piece,Sample Business Label 0e5444d0,Sample Business Label 84fc6382,Purchased,10.00,,,1.00,,Sample Business Label 14d9bbad
733-000172,Sample Business Label be98a238,NWLA0502S-100MT,Sample Business Label 887d7f95,pcs,piece,Sample Business Label 17302eae,Sample Business Label f3f2ee9b,Purchased,56.00,,,1.00,0.517992,Sample Business Label 14d9bbad
588-000461,Sample Business Label c53e4865,YN402_BACK_KEY_P1,Sample Business Label 1674b06f,pcs,piece,Sample Business Label f0207843,Sample Business Label 6ca8a46d,Outsourced,33.00,,,1.00,,Sample Business Label 14d9bbad
838-000337,Sample Business Label e40c070c,HX-DUX611A-JG011,Sample Business Label 1674b06f,pcs,piece,Sample Business Label 0e5444d0,Sample Business Label 6e9ebdaf,Purchased,35.00,,,1.00,,Sample Business Label 14d9bbad
549-000320,Sample Business Label 33f555aa,Sample Business Label f4c562f9,Sample Business Label 1674b06f,pcs,piece,Sample Business Label 0e5444d0,Sample Business Label 5b88d24a,Purchased,42.00,,,1.00,,Sample Business Label 14d9bbad
454-000200,Sample Business Label 2b176d5b,MBAS40-04LT1G,Sample Business Label 887d7f95,pcs,piece,Sample Business Label 17302eae,Sample Business Label 5680b573,Purchased,84.00,,,1.00,0.048251,Sample Business Label 14d9bbad
588-000488,YC402_SK3568PWR_P2_S01_PCBA,YC402_SK3568PWR_P2_S01_PCBA,Sample Business Label 1674b06f,pcs,piece,Sample Business Label f0207843,Sample Business Label 6ca8a46d,Outsourced,33.00,,,1.00,,Sample Business Label 14d9bbad
972-000204,Sample Business Label 5c617ad2,NP3302DJ-LF-Z,Sample Business Label 887d7f95,pcs,piece,Sample Business Label 17302eae,Sample Business Label 09caa247,Purchased,112.00,,,1.00,,Sample Business Label 14d9bbad
838-000276,Sample Business Label 661c588a,Sample Business Label 4ab7cf85,Sample Business Label 1674b06f,pcs,piece,Sample Business Label 0e5444d0,Sample Business Label 6e9ebdaf,Purchased,35.00,,,1.00,,Sample Business Label 14d9bbad
454-000253,Sample Business Label 2b176d5b,KSTDF140A,Sample Business Label 887d7f95,pcs,piece,Sample Business Label 17302eae,Sample Business Label 5680b573,Purchased,56.00,,,1.00,0.042036,Sample Business Label 14d9bbad
527-000034,Sample Business Label 863937fd,UZ3420E,Sample Business Label 887d7f95,pcs,piece,Sample Business Label 17302eae,Sample Business Label f5e6f23a,Purchased,126.00,,,1.00,0.495053,Sample Business Label 14d9bbad
895-000059,Sample Business Label afce8b6c,LN5252A1-25H15-OPTR,Sample Business Label 887d7f95,pcs,piece,Sample Business Label 4bf28cec,Sample Business Label d7716c4a,Purchased,25.00,,,1.00,0.109949,Sample Business Label 14d9bbad
539-000083,Sample Business Label b85ec631,"5.11R,0603,1%",Sample Business Label 887d7f95,pcs,piece,Sample Business Label 17302eae,Sample Business Label 5fe53d48,Purchased,98.00,,,1.00,0.009831,Sample Business Label 14d9bbad
363-000546,Sample Business Label 8643fc64,Sample Business Label 462ea70d,Sample Business Label 96053b3e,pcs,piece,Sample Business Label 0e5444d0,Sample Business Label 797c70ef,Purchased,35.00,,,1.00,1.223790,Sample Business Label 14d9bbad
321-000254,Sample Business Label b9623a4c,Sample Business Label b9623a4c,Sample Business Label 1674b06f,pcs,piece,Sample Business Label 17302eae,Sample Business Label cbf023bc,Purchased,30.00,,,1.00,6.563040,Sample Business Label 14d9bbad
725-000367,Sample Business Label 05087a91,56pF 50V 1402 5% C0G,Sample Business Label 887d7f95,pcs,piece,Sample Business Label 17302eae,Sample Business Label 07789cfe,Purchased,77.00,,,1.00,0.002486,Sample Business Label 14d9bbad
795-000762,Sample Business Label 15472e42,Sample Business Label ce190102,Sample Business Label 1674b06f,pcs,piece,Sample Business Label 4bf28cec,Sample Business Label 2d85aff0,Purchased,14.00,,,1.00,6.750055,Sample Business Label 14d9bbad
363-000584,Sample Business Label 0b4de862,,Sample Business Label 96053b3e,pcs,piece,Sample Business Label 17302eae,Sample Business Label 797c70ef,Purchased,35.00,,,1.00,,Sample Business Label 14d9bbad
588-000297,Sample Business Label 25dd7586,Sample Business Label 25dd7586,Sample Business Label 1674b06f,pcs,piece,Sample Business Label f0207843,Sample Business Label 6ca8a46d,Outsourced,33.00,,,1.00,,Sample Business Label 14d9bbad
588-000577,UB200L_MAIN_KY_P1_S2_PCBA,UB200L_MAIN_KY_P1_S2_PCBA,Sample Business Label 735ac064,pcs,piece,Sample Business Label f0207843,Sample Business Label 6ca8a46d,Outsourced,10.00,,,1.00,,Sample Business Label 14d9bbad
539-000271,Sample Business Label b85ec631,"510K,0402,1%",Sample Business Label 887d7f95,pcs,piece,Sample Business Label 17302eae,Sample Business Label 5fe53d48,Purchased,98.00,,,1.00,0.001921,Sample Business Label 14d9bbad
165-003204,Sample Business Label fc8c9d87,Sample Business Label fc39359a,Sample Business Label 1674b06f,pcs,piece,Sample Business Label 4bf28cec,Sample Business Label bde42e5a,Purchased,28.00,,,1.00,,Sample Business Label 14d9bbad
356-000365,Sample Business Label ab331cd9,ZZK2243-208SG0ABNUT1,Sample Business Label 887d7f95,pcs,piece,Sample Business Label 4bf28cec,Sample Business Label db158135,Purchased,25.00,,,1.00,0.569972,Sample Business Label 14d9bbad
972-000284,Sample Business Label 4874968a,JST8310,Sample Business Label 887d7f95,pcs,piece,Sample Business Label 17302eae,Sample Business Label 09caa247,Purchased,63.00,,,1.00,5.999961,Sample Business Label 14d9bbad
895-000091,Sample Business Label 2a982866,G3VM-61VY2-TR,Sample Business Label 887d7f95,pcs,piece,Sample Business Label 4bf28cec,Sample Business Label d7716c4a,Purchased,112.00,,,1.00,3.149988,Sample Business Label 14d9bbad
165-002946,Sample Business Label e4d69323,Sample Business Label 66bcaf0c,Sample Business Label 1674b06f,pcs,piece,Sample Business Label 4bf28cec,Sample Business Label bde42e5a,Purchased,14.00,,,1.00,0.680034,Sample Business Label 14d9bbad
165-003387,Sample Business Label 63546e62,Sample Business Label 78465443,Sample Business Label 96053b3e,pcs,piece,Sample Business Label 4bf28cec,Sample Business Label bde42e5a,Purchased,1.00,,,1.00,80.000045,Sample Business Label 14d9bbad
849-000410,Sample Business Label 714c07a7,SMD-8-0129013025；0.12*9.0*13.0*2.5MM,Sample Business Label 887d7f95,pcs,piece,Sample Business Label 4bf28cec,Sample Business Label 0f3d50d5,Purchased,20.00,,,1.00,,Sample Business Label 14d9bbad
539-000476,Sample Business Label 333baf41,DMFD103F3900HANT,Sample Business Label 887d7f95,pcs,piece,Sample Business Label 17302eae,Sample Business Label 5fe53d48,Purchased,35.00,,,1.00,0.089948,Sample Business Label 14d9bbad
972-000659,MCU,BMT630HV100,Sample Business Label 887d7f95,pcs,piece,Sample Business Label 17302eae,Sample Business Label 09caa247,Purchased,56.00,,,1.00,27.869981,Sample Business Label 14d9bbad
795-000780,Sample Business Label bf6b4686,Sample Business Label 16bd82d9,Sample Business Label 1674b06f,pcs,piece,Sample Business Label 4bf28cec,Sample Business Label 2d85aff0,Purchased,21.00,,,1.00,0.440022,Sample Business Label 14d9bbad
539-000380,Sample Business Label b85ec631,"6.8R,0402,1%",Sample Business Label 887d7f95,pcs,piece,Sample Business Label 17302eae,Sample Business Label 5fe53d48,Purchased,112.00,,,1.00,0.004633,Sample Business Label 14d9bbad
849-000544,Sample Business Label 91f07de3,Sample Business Label b4d7bc0d,Sample Business Label 887d7f95,pcs,piece,Sample Business Label 4bf28cec,Sample Business Label 0f3d50d5,Purchased,24.00,,,1.00,0.200010,Sample Business Label 14d9bbad
895-000057,Sample Business Label b8715836,LN6060A1-20H50-0PTR,Sample Business Label 887d7f95,pcs,piece,Sample Business Label 4bf28cec,Sample Business Label d7716c4a,Purchased,28.00,,,1.00,0.124978,Sample Business Label 14d9bbad
690-000048,Sample Business Label 87df3301,29-217/BHC-ZL1M2RY/6T,Sample Business Label 887d7f95,pcs,piece,Sample Business Label 17302eae,Sample Business Label f3ac5013,Purchased,35.00,,,1.00,0.058986,Sample Business Label 14d9bbad
725-000180,Sample Business Label 05087a91,"47nF,50V,0402,10%,X7R",Sample Business Label 887d7f95,pcs,piece,Sample Business Label 17302eae,Sample Business Label 07789cfe,Purchased,98.00,,,1.00,0.005989,Sample Business Label 14d9bbad
994-000328,Sample Business Label 531444e5,Sample Business Label 6c66bac6,Sample Business Label 5c716e22,pcs,piece,Sample Business Label 4bf28cec,Sample Business Label d9643929,Purchased,35.00,,,1.00,,Sample Business Label 14d9bbad
165-003378,Sample Business Label fcddc51d,Sample Business Label 727adfbe,Sample Business Label 1674b06f,pcs,piece,Sample Business Label 4bf28cec,Sample Business Label bde42e5a,Purchased,28.00,,,1.00,29.269486,Sample Business Label 14d9bbad
795-000764,Sample Business Label 672db27b,Sample Business Label e4cd7f77,Sample Business Label 7bdc2d0a,pcs,piece,Sample Business Label 4bf28cec,Sample Business Label 2d85aff0,Purchased,28.00,,,1.00,3.360055,Sample Business Label 14d9bbad
795-000354,Sample Business Label ce1d688b,Sample Business Label 06f7bf84,Sample Business Label 1674b06f,pcs,piece,Sample Business Label 4bf28cec,Sample Business Label 2d85aff0,Purchased,14.00,,,1.00,,Sample Business Label 14d9bbad
165-001684,Sample Business Label b3edcc6d,Sample Business Label ea6e8c59,Autonomous Driving,pcs,piece,Sample Business Label 4bf28cec,Sample Business Label bde42e5a,Purchased,21.00,,,1.00,4.299989,Sample Business Label 14d9bbad
690-000041,Sample Business Label a9275d19,JR26-21C/M110/CT,Sample Business Label 887d7f95,pcs,piece,Sample Business Label 17302eae,Sample Business Label f3ac5013,Purchased,112.00,,,1.00,0.169952,Sample Business Label 14d9bbad
358-000172,NMOS,TMT12T01AHTL,Sample Business Label 887d7f95,pcs,piece,Sample Business Label 17302eae,Sample Business Label 5bce86f3,Purchased,120.00,,,1.00,3.850023,Sample Business Label 14d9bbad
994-000456,Sample Business Label 0647cc0f,,Sample Business Label 1674b06f,pcs,piece,Sample Business Label 4bf28cec,Sample Business Label d9643929,Purchased,35.00,,,1.00,,Sample Business Label 14d9bbad
725-000035,Sample Business Label 05087a91,"1nF,50V,0603,10%",Sample Business Label 887d7f95,pcs,piece,Sample Business Label 17302eae,Sample Business Label 07789cfe,Purchased,126.00,,,1.00,0.006554,Sample Business Label 14d9bbad
454-000310,Sample Business Label 2b176d5b,TS34F,Sample Business Label 887d7f95,pcs,piece,Sample Business Label 17302eae,Sample Business Label 5680b573,Purchased,42.00,,,1.00,0.117972,Sample Business Label 14d9bbad
539-000449,Sample Business Label b85ec631,"806K,0402,1%",Sample Business Label 887d7f95,pcs,piece,Sample Business Label 17302eae,Sample Business Label 5fe53d48,Purchased,98.00,,,1.00,0.001921,Sample Business Label 14d9bbad
588-000299,Sample Business Label 7904da94,Sample Business Label 7904da94,Sample Business Label 1674b06f,pcs,piece,Sample Business Label f0207843,Sample Business Label 6ca8a46d,Outsourced,33.00,,,1.00,,Sample Business Label 14d9bbad
358-000140,Sample Business Label c7de58d3,KMTV210P02A,Sample Business Label 887d7f95,pcs,piece,Sample Business Label 17302eae,Sample Business Label 5bce86f3,Purchased,91.00,,,1.00,0.214022,Sample Business Label 14d9bbad
725-000408,Sample Business Label 6345d6a1,"82pF,50V,0201,C0G",Sample Business Label 887d7f95,pcs,piece,Sample Business Label 17302eae,Sample Business Label 07789cfe,Purchased,98.00,,,1.00,0.008475,Sample Business Label 14d9bbad
308-000031,Sample Business Label 40d31905,,Sample Business Label 1674b06f,pcs,piece,Sample Business Label f0207843,Sample Business Label 813d8697,In-house,1.00,,,1.00,,Sample Business Label 14d9bbad
725-000334,Sample Business Label 05087a91,"100nF,50V,0402,10%",Sample Business Label 887d7f95,pcs,piece,Sample Business Label 17302eae,Sample Business Label 07789cfe,Purchased,98.00,,,1.00,0.004972,Sample Business Label 14d9bbad
363-000569,Sample Business Label 3372d11c,,Sample Business Label 96053b3e,pcs,piece,Sample Business Label 0e5444d0,Sample Business Label 797c70ef,Purchased,35.00,,,1.00,92.004600,Sample Business Label 14d9bbad
972-000635,Sample Business Label 328127da,Hi9103,Sample Business Label 887d7f95,pcs,piece,Sample Business Label 17302eae,Sample Business Label 09caa247,Purchased,28.00,,,1.00,1.299952,Sample Business Label 14d9bbad
358-000135,Sample Business Label 7212157d,NMBT5401,Sample Business Label 887d7f95,pcs,piece,Sample Business Label 17302eae,Sample Business Label 5bce86f3,Purchased,24.00,,,1.00,0.049946,Sample Business Label 14d9bbad
165-001971,Sample Business Label 7f14b11b,Sample Business Label cb425806,Sample Business Label 1674b06f,pcs,piece,Sample Business Label 4bf28cec,Sample Business Label bde42e5a,Purchased,35.00,,,1.00,,Sample Business Label 14d9bbad
165-003004,Sample Business Label b0ee46cb,Sample Business Label 2448e443,Sample Business Label 1674b06f,pcs,piece,Sample Business Label 4bf28cec,Sample Business Label bde42e5a,Purchased,21.00,,,1.00,,Sample Business Label 14d9bbad
363-000585,Sample Business Label 7d060c4c,,Sample Business Label 96053b3e,pcs,piece,Sample Business Label 17302eae,Sample Business Label 797c70ef,Purchased,35.00,,,1.00,,Sample Business Label 14d9bbad
849-000929,Sample Business Label 65b45af3,TMTSO3060CTJ,Sample Business Label 887d7f95,pcs,piece,Sample Business Label 4bf28cec,Sample Business Label 0f3d50d5,Purchased,25.00,,,1.00,,Sample Business Label 14d9bbad
165-000759,Sample Business Label 5fd533b6,Sample Business Label 1af695f8,Sample Business Label 887d7f95,pcs,piece,Sample Business Label 4bf28cec,Sample Business Label bde42e5a,Purchased,14.00,,,1.00,,Sample Business Label 14d9bbad
165-001419,Sample Business Label 5f5eedc2,Sample Business Label b28e91d9,Sample Business Label 1674b06f,pcs,piece,Sample Business Label 4bf28cec,Sample Business Label bde42e5a,Purchased,35.00,,,1.00,,Sample Business Label 14d9bbad
527-000005,Sample Business Label 066ae8fd,XDMCZLNDDF-32.768KHZ,Sample Business Label 887d7f95,pcs,piece,Sample Business Label 17302eae,Sample Business Label f5e6f23a,Purchased,98.00,,,1.00,,Sample Business Label 14d9bbad
733-000173,Sample Business Label de3ed42c,IPZ1608D221-1R5TF,Sample Business Label 887d7f95,pcs,piece,Sample Business Label 17302eae,Sample Business Label f3f2ee9b,Purchased,42.00,,,1.00,0.049946,Sample Business Label 14d9bbad
539-000035,Sample Business Label b85ec631,"4.99K,0402,1%",Sample Business Label 887d7f95,pcs,piece,Sample Business Label 17302eae,Sample Business Label 5fe53d48,Purchased,84.00,,,1.00,0.002034,Sample Business Label 14d9bbad
795-000666,Sample Business Label 21dbc6f4,Sample Business Label 79ebccdd,Sample Business Label 1674b06f,pcs,piece,Sample Business Label 4bf28cec,Sample Business Label 2d85aff0,Purchased,35.00,,,1.00,,Sample Business Label 14d9bbad
725-000062,Sample Business Label 05087a91,"100nF,50V,0402,10%",Sample Business Label 887d7f95,pcs,piece,Sample Business Label 17302eae,Sample Business Label 07789cfe,Purchased,161.00,,,1.00,0.017854,Sample Business Label 14d9bbad
165-002904,Sample Business Label 6575a9ab,Sample Business Label d7d57b88,Sample Business Label 7bdc2d0a,pcs,piece,Sample Business Label 4bf28cec,Sample Business Label bde42e5a,Purchased,28.00,,,1.00,7.829996,Sample Business Label 14d9bbad
972-000859,Sample Business Label b8828692,B40S-BDS,Sample Business Label 887d7f95,pcs,piece,Sample Business Label 17302eae,Sample Business Label 09caa247,Purchased,18.00,,,1.00,279.999988,Sample Business Label 14d9bbad
454-000355,Sample Business Label e55eeeed,CZT52C15,Sample Business Label 887d7f95,pcs,piece,Sample Business Label 17302eae,Sample Business Label 5680b573,Purchased,30.00,,,1.00,0.051980,Sample Business Label 14d9bbad
795-000824,Sample Business Label 94f8de8a,Sample Business Label fb39a2f1,Sample Business Label 1674b06f,pcs,piece,Sample Business Label 4bf28cec,Sample Business Label 2d85aff0,Purchased,21.00,,,1.00,0.420021,Sample Business Label 14d9bbad
165-003444,Sample Business Label a7052879,XCPF0150A-30HV,Sample Business Label 96053b3e,pcs,piece,Sample Business Label 4bf28cec,Sample Business Label bde42e5a,Purchased,1.00,,,1.00,7.729991,Sample Business Label 14d9bbad
606-000676,Sample Business Label 66b8f537,Sample Business Label 8df7e3f8,Sample Business Label 735ac064,pcs,piece,Sample Business Label 0e5444d0,Sample Business Label 84fc6382,Purchased,14.00,,,1.00,4.780013,Sample Business Label 14d9bbad
165-003428,Sample Business Label 6503025e,Sample Business Label 3ffd6f49,Sample Business Label 96053b3e,pcs,piece,Sample Business Label 4bf28cec,Sample Business Label bde42e5a,Purchased,14.00,,,1.00,3.839966,Sample Business Label 14d9bbad
725-000169,Sample Business Label 05087a91,"2.2uF,±10%,10V,0603,X7R",Sample Business Label 887d7f95,pcs,piece,Sample Business Label 17302eae,Sample Business Label 07789cfe,Purchased,56.00,,,1.00,0.030962,Sample Business Label 14d9bbad
356-000579,Sample Business Label 69f26f8c,D7815-01,Autonomous Driving,pcs,piece,Sample Business Label 4bf28cec,Sample Business Label db158135,Purchased,30.00,,,1.00,2.010044,Sample Business Label 14d9bbad
539-000089,Sample Business Label b85ec631,"11.3K,0402,1%",Sample Business Label 887d7f95,pcs,piece,Sample Business Label 17302eae,Sample Business Label 5fe53d48,Purchased,98.00,,,1.00,0.001469,Sample Business Label 14d9bbad
972-000039,Sample Business Label 42973a05,V3401-Q1,Sample Business Label 887d7f95,pcs,piece,Sample Business Label 17302eae,Sample Business Label 09caa247,Purchased,6.00,,,1.00,,Sample Business Label 14d9bbad
733-000084,Sample Business Label de3ed42c,QZ1608U471-1R0TF,Sample Business Label 887d7f95,pcs,piece,Sample Business Label 17302eae,Sample Business Label f3f2ee9b,Purchased,42.00,,,1.00,0.023052,Sample Business Label 14d9bbad
165-000290,Sample Business Label 5a748b91,Sample Business Label c5215929,Sample Business Label 761a79a0,pcs,piece,Sample Business Label 4bf28cec,Sample Business Label bde42e5a,Purchased,21.00,,,1.00,0.900045,Sample Business Label 14d9bbad
539-000547,Sample Business Label b85ec631,47Ω 1805 ±1% 125mW,Sample Business Label 887d7f95,pcs,piece,Sample Business Label 17302eae,Sample Business Label 5fe53d48,Purchased,84.00,,,1.00,0.005311,Sample Business Label 14d9bbad
306-000003,Sample Business Label 4f65f728,,Autonomous Driving,pcs,piece,Sample Business Label f0207843,Sample Business Label afdb7944,In-house,1.00,,,1.00,,Sample Business Label 14d9bbad
358-000179,Sample Business Label 6e2963c0,NMBT5551Q,Sample Business Label 887d7f95,pcs,piece,Sample Business Label 17302eae,Sample Business Label 5bce86f3,Purchased,70.00,,,1.00,0.040002,Sample Business Label 14d9bbad
356-000491,Sample Business Label 95d71bef,Sample Business Label ac95c1ce,Sample Business Label 887d7f95,pcs,piece,Sample Business Label 4bf28cec,Sample Business Label db158135,Purchased,42.00,,,1.00,6.150025,Sample Business Label 14d9bbad
539-000484,Sample Business Label 10c6b09c,TY2512CFR018,Sample Business Label 887d7f95,pcs,piece,Sample Business Label 17302eae,Sample Business Label 5fe53d48,Purchased,35.00,,,1.00,0.189953,Sample Business Label 14d9bbad
972-000776,Sample Business Label 66d870af,UPT1042V-DF6R-S,Sample Business Label 887d7f95,pcs,piece,Sample Business Label 17302eae,Sample Business Label 09caa247,Purchased,112.00,,,1.00,0.760038,Sample Business Label 14d9bbad
539-000603,Sample Business Label 86c916e7,Sample Business Label 3d273d7d,Sample Business Label 887d7f95,pcs,piece,Sample Business Label 17302eae,Sample Business Label 5fe53d48,Purchased,42.00,,,1.00,0.369962,Sample Business Label 14d9bbad
795-000450,Sample Business Label f8657360,L*W*H=4*4*2.3mm，6W,Sample Business Label 1674b06f,pcs,piece,Sample Business Label 4bf28cec,Sample Business Label 2d85aff0,Purchased,14.00,,,1.00,,Sample Business Label 14d9bbad
525-000014,Sample Business Label 5012378a,,Sample Business Label 1674b06f,pcs,piece,Sample Business Label f0207843,Sample Business Label 8e427e07,In-house,1.00,,,1.00,,Sample Business Label 14d9bbad
606-001059,Sample Business Label 33ec189b,1137*50*50,Sample Business Label 1674b06f,pcs,piece,Sample Business Label 0e5444d0,Sample Business Label 84fc6382,Purchased,28.00,,,1.00,1.999987,Sample Business Label 14d9bbad
972-000480,Sample Business Label c26bc1e3,TTWLC98JR,Sample Business Label 887d7f95,pcs,piece,Sample Business Label 17302eae,Sample Business Label 09caa247,Purchased,73.00,,,1.00,16.500034,Sample Business Label 14d9bbad
165-002638,Sample Business Label bab4a4ca,Sample Business Label 55644290,Autonomous Driving,pcs,piece,Sample Business Label 4bf28cec,Sample Business Label bde42e5a,Purchased,21.00,,,1.00,0.840042,Sample Business Label 14d9bbad
358-000145,TBU,Q40-G240-WH,Sample Business Label 887d7f95,pcs,piece,Sample Business Label 17302eae,Sample Business Label 5bce86f3,Purchased,63.00,,,1.00,2.300002,Sample Business Label 14d9bbad
539-000041,Sample Business Label b85ec631,"22K,0402,1%",Sample Business Label 887d7f95,pcs,piece,Sample Business Label 17302eae,Sample Business Label 5fe53d48,Purchased,98.00,,,1.00,0.001469,Sample Business Label 14d9bbad
725-000426,Sample Business Label 05087a91,"16pF,50V,0402,5%,NP0",Sample Business Label 887d7f95,pcs,piece,Sample Business Label 17302eae,Sample Business Label 07789cfe,Purchased,98.00,,,1.00,0.003955,Sample Business Label 14d9bbad
733-000002,Sample Business Label 43b7aeb5,TWPA8040S8R2MT,Sample Business Label 887d7f95,pcs,piece,Sample Business Label 17302eae,Sample Business Label f3f2ee9b,Purchased,56.00,,,1.00,0.288037,Sample Business Label 14d9bbad
356-000351,Sample Business Label 98f8e058,ZZKWF12518-102ZG0AR1,Sample Business Label 887d7f95,pcs,piece,Sample Business Label 4bf28cec,Sample Business Label db158135,Purchased,28.00,,,1.00,0.144979,Sample Business Label 14d9bbad
690-000028,Sample Business Label 87df3301,TJ-T5050UG2W5TLCBRG-A5,Sample Business Label 887d7f95,pcs,piece,Sample Business Label 17302eae,Sample Business Label f3ac5013,Purchased,45.00,,,1.00,0.200010,Sample Business Label 14d9bbad
725-000025,Sample Business Label 05087a91,"15pF,50V,0402,5%",Sample Business Label 887d7f95,pcs,piece,Sample Business Label 17302eae,Sample Business Label 07789cfe,Purchased,126.00,,,1.00,0.003955,Sample Business Label 14d9bbad
165-001041,Sample Business Label 7c39c8c6,Sample Business Label 534290f7,Sample Business Label 735ac064,pcs,piece,Sample Business Label 4bf28cec,Sample Business Label bde42e5a,Purchased,17.00,,,1.00,,Sample Business Label 14d9bbad
358-000136,Sample Business Label a1d3a332,MBSS138WT1G,Sample Business Label 887d7f95,pcs,piece,Sample Business Label 17302eae,Sample Business Label 5bce86f3,Purchased,84.00,,,1.00,0.059890,Sample Business Label 14d9bbad
606-000339,Sample Business Label 1965011c,,Sample Business Label 1674b06f,pcs,piece,Sample Business Label 0e5444d0,Sample Business Label 84fc6382,Purchased,14.00,,,1.00,100.000028,Sample Business Label 14d9bbad
454-000205,Sample Business Label 2b176d5b,MMBR140ET1G,Sample Business Label 887d7f95,pcs,piece,Sample Business Label 17302eae,Sample Business Label 5680b573,Purchased,84.00,,,1.00,0.046895,Sample Business Label 14d9bbad
454-000214,Sample Business Label cd58a380,KEB24T2B,Sample Business Label 887d7f95,pcs,piece,Sample Business Label 17302eae,Sample Business Label 5680b573,Purchased,56.00,,,1.00,0.107011,Sample Business Label 14d9bbad
972-000773,Sample Business Label 38940afe,UAU804M-N2B0,Sample Business Label 887d7f95,pcs,piece,Sample Business Label 17302eae,Sample Business Label 09caa247,Purchased,28.00,,,1.00,,Sample Business Label 14d9bbad
539-000597,Sample Business Label b85ec631,Sample Business Label 52cf3ef5,Sample Business Label 887d7f95,pcs,piece,Sample Business Label 17302eae,Sample Business Label 5fe53d48,Purchased,112.00,,,1.00,0.262951,Sample Business Label 14d9bbad
849-001320,Sample Business Label 4f83fb97,Sample Business Label e7ab9c09,Sample Business Label 96053b3e,pcs,piece,Sample Business Label 4bf28cec,Sample Business Label 0f3d50d5,Purchased,1.00,,,1.00,0.431547,Sample Business Label 14d9bbad
849-001206,Sample Business Label 1a5db9ca,Sample Business Label 991f3dc7,Sample Business Label 96053b3e,pcs,piece,Sample Business Label 4bf28cec,Sample Business Label 0f3d50d5,Purchased,1.00,,,1.00,48.000027,Sample Business Label 14d9bbad
972-000432,Sample Business Label 3f592a1e,V74AHC1G08G-AL5-R,Sample Business Label 887d7f95,pcs,piece,Sample Business Label 17302eae,Sample Business Label 09caa247,Purchased,42.00,,,1.00,0.143962,Sample Business Label 14d9bbad
165-000237,Sample Business Label 487c7794,Sample Business Label f52e1aa9,Sample Business Label 7bdc2d0a,pcs,piece,Sample Business Label 4bf28cec,Sample Business Label bde42e5a,Purchased,28.00,,,1.00,23.999957,Sample Business Label 14d9bbad
165-003402,Sample Business Label a66df29d,Sample Business Label 770ccf80,Sample Business Label 96053b3e,pcs,piece,Sample Business Label 4bf28cec,Sample Business Label bde42e5a,Purchased,1.00,,,1.00,0.994400,Sample Business Label 14d9bbad
725-000150,Sample Business Label 05087a91,"220nf,16v,0402,10%",Sample Business Label 887d7f95,pcs,piece,Sample Business Label 17302eae,Sample Business Label 07789cfe,Purchased,70.00,,,1.00,0.010509,Sample Business Label 14d9bbad
165-001409,Sample Business Label 1ac6b40a,Sample Business Label 56661454,Sample Business Label 1674b06f,pcs,piece,Sample Business Label 4bf28cec,Sample Business Label bde42e5a,Purchased,28.00,,,1.00,,Sample Business Label 14d9bbad
358-000130,Sample Business Label a1d3a332,KMSL0601AG-13,Sample Business Label 887d7f95,pcs,piece,Sample Business Label 17302eae,Sample Business Label 5bce86f3,Purchased,28.00,,,1.00,2.849973,Sample Business Label 14d9bbad
849-001178,Sample Business Label f447eceb,Sample Business Label a95993fd,Sample Business Label 96053b3e,pcs,piece,Sample Business Label 4bf28cec,Sample Business Label 0f3d50d5,Purchased,1.00,,,1.00,19.999983,Sample Business Label 14d9bbad
539-000303,Sample Business Label b85ec631,"9.1K,0402,1%",Sample Business Label 887d7f95,pcs,piece,Sample Business Label 17302eae,Sample Business Label 5fe53d48,Purchased,84.00,,,1.00,0.001469,Sample Business Label 14d9bbad
795-000443,Sample Business Label d88ed453,Sample Business Label bc1472ce,Sample Business Label 1674b06f,pcs,piece,Sample Business Label 4bf28cec,Sample Business Label 2d85aff0,Purchased,21.00,,,1.00,,Sample Business Label 14d9bbad
554-000032,LDO,TGM2028-ADJYN5G/TR,Sample Business Label 887d7f95,pcs,piece,Sample Business Label 17302eae,Sample Business Label 042b653a,Purchased,98.00,,,1.00,0.269957,Sample Business Label 14d9bbad
353-000165,Sample Business Label d5cae328,,Sample Business Label 96053b3e,pcs,piece,Sample Business Label f0207843,Sample Business Label e1a5ffe2,In-house,,,,1.00,,Sample Business Label 14d9bbad
725-000082,Sample Business Label 05087a91,"2.2UF,10V,0603,10%",Sample Business Label 887d7f95,pcs,piece,Sample Business Label 17302eae,Sample Business Label 07789cfe,Purchased,70.00,,,1.00,0.014690,Sample Business Label 14d9bbad
356-000498,Sample Business Label e12e46b1,Sample Business Label d8890eb2,Sample Business Label 887d7f95,pcs,piece,Sample Business Label 4bf28cec,Sample Business Label db158135,Purchased,25.00,,,1.00,0.449966,Sample Business Label 14d9bbad
849-000791,Sample Business Label 6fbc1c91,Sample Business Label 22ce49ee,Sample Business Label 887d7f95,pcs,piece,Sample Business Label 4bf28cec,Sample Business Label 0f3d50d5,Purchased,17.00,,,1.00,,Sample Business Label 14d9bbad
165-001896,Sample Business Label c385b89a,Sample Business Label 70b5180f,Sample Business Label 1674b06f,pcs,piece,Sample Business Label 4bf28cec,Sample Business Label bde42e5a,Purchased,28.00,,,1.00,,Sample Business Label 14d9bbad
725-000409,HRM155R60J225KE01D,HRM155R60J225KE01D,Sample Business Label 887d7f95,pcs,piece,Sample Business Label 17302eae,Sample Business Label 07789cfe,Purchased,126.00,,,1.00,,Sample Business Label 14d9bbad
972-000423,Sample Business Label b2013021,SS0204YQ,Sample Business Label 887d7f95,pcs,piece,Sample Business Label 17302eae,Sample Business Label 09caa247,Purchased,42.00,,,1.00,0.900045,Sample Business Label 14d9bbad
539-000266,Sample Business Label b85ec631,"1.2K,0402,1%",Sample Business Label 887d7f95,pcs,piece,Sample Business Label 17302eae,Sample Business Label 5fe53d48,Purchased,84.00,,,1.00,0.001921,Sample Business Label 14d9bbad
725-000190,Sample Business Label 05087a91,"8.2PF,50V,0402",Sample Business Label 887d7f95,pcs,piece,Sample Business Label 17302eae,Sample Business Label 07789cfe,Purchased,98.00,,,1.00,0.003729,Sample Business Label 14d9bbad
849-000412,Sample Business Label 8e8e275e,Sample Business Label 8222aea3,Sample Business Label 887d7f95,pcs,piece,Sample Business Label 4bf28cec,Sample Business Label 0f3d50d5,Purchased,13.00,,,1.00,,Sample Business Label 14d9bbad
165-001772,Sample Business Label 1efac231,Sample Business Label 3393752b,Sample Business Label 1674b06f,pcs,piece,Sample Business Label 4bf28cec,Sample Business Label bde42e5a,Purchased,21.00,,,1.00,2.660020,Sample Business Label 14d9bbad
165-001923,Sample Business Label bd4616fd,Sample Business Label bd0ec94a,Sample Business Label 1674b06f,pcs,piece,Sample Business Label 4bf28cec,Sample Business Label bde42e5a,Purchased,42.00,,,1.00,,Sample Business Label 14d9bbad
539-000042,Sample Business Label b85ec631,"33.2K,0402,1%",Sample Business Label 887d7f95,pcs,piece,Sample Business Label 17302eae,Sample Business Label 5fe53d48,Purchased,84.00,,,1.00,0.001469,Sample Business Label 14d9bbad
165-001435,Sample Business Label 03f1fc56,Sample Business Label 984838bc,Sample Business Label 1674b06f,pcs,piece,Sample Business Label 4bf28cec,Sample Business Label bde42e5a,Purchased,28.00,,,1.00,,Sample Business Label 14d9bbad
165-002080,Sample Business Label c6aa1c03,Sample Business Label ad8d6075,Sample Business Label 7bdc2d0a,pcs,piece,Sample Business Label 4bf28cec,Sample Business Label bde42e5a,Purchased,28.00,,,1.00,,Sample Business Label 14d9bbad
454-000235,Sample Business Label 13a7d943,TMAJ22CA,Sample Business Label 887d7f95,pcs,piece,Sample Business Label 17302eae,Sample Business Label 5680b573,Purchased,56.00,,,1.00,0.091982,Sample Business Label 14d9bbad
733-000033,Sample Business Label 43b7aeb5,TWPA5040S4R7MT,Sample Business Label 887d7f95,pcs,piece,Sample Business Label 17302eae,Sample Business Label f3f2ee9b,Purchased,56.00,,,1.00,0.167014,Sample Business Label 14d9bbad
454-000057,Sample Business Label bf94698e,1N914BWS,Sample Business Label 887d7f95,pcs,piece,Sample Business Label 17302eae,Sample Business Label 5680b573,Purchased,140.00,,,1.00,0.359114,Sample Business Label 14d9bbad
554-000085,Sample Business Label 5c617ad2,TGM61030BXTEP7G/TR,Sample Business Label 887d7f95,pcs,piece,Sample Business Label 17302eae,Sample Business Label 042b653a,Purchased,70.00,,,1.00,0.920046,Sample Business Label 14d9bbad
539-000070,Sample Business Label b85ec631,"5.1K,0402,1%",Sample Business Label 887d7f95,pcs,piece,Sample Business Label 17302eae,Sample Business Label 5fe53d48,Purchased,84.00,,,1.00,0.001921,Sample Business Label 14d9bbad
165-000648,Sample Business Label 542a958f,L*W*H 86*42.2*9.5,Sample Business Label 7bdc2d0a,pcs,piece,Sample Business Label 4bf28cec,Sample Business Label bde42e5a,Purchased,21.00,,,1.00,,Sample Business Label 14d9bbad
165-001871,Sample Business Label 30734548,Sample Business Label 7259e33e,Sample Business Label 1674b06f,pcs,piece,Sample Business Label 4bf28cec,Sample Business Label bde42e5a,Purchased,28.00,,,1.00,41.000016,Sample Business Label 14d9bbad
260-000103,Sample Business Label d5f7566a,,Sample Business Label 761a79a0,pcs,piece,Sample Business Label f0207843,Sample Business Label ffacf96f,In-house,1.00,,,1.00,,Sample Business Label 14d9bbad
358-000144,Sample Business Label 6e2963c0,NMBT5551,Sample Business Label 887d7f95,pcs,piece,Sample Business Label 17302eae,Sample Business Label 5bce86f3,Purchased,56.00,,,1.00,0.038985,Sample Business Label 14d9bbad
165-000862,Sample Business Label 2a17c1f2,Sample Business Label ba87da41,Sample Business Label 1674b06f,pcs,piece,Sample Business Label 4bf28cec,Sample Business Label bde42e5a,Purchased,28.00,,,1.00,,Sample Business Label 14d9bbad
539-000465,Sample Business Label b85ec631,"120R,0805,1%",Sample Business Label 887d7f95,pcs,piece,Sample Business Label 17302eae,Sample Business Label 5fe53d48,Purchased,84.00,,,1.00,0.005311,Sample Business Label 14d9bbad
606-000379,Sample Business Label 0398e925,Sample Business Label 111cd728,Sample Business Label 735ac064,pcs,piece,Sample Business Label 0e5444d0,Sample Business Label 84fc6382,Purchased,14.00,,,1.00,0.249956,Sample Business Label 14d9bbad
849-001204,Sample Business Label 85684fe9,Sample Business Label 991f3dc7,Sample Business Label 96053b3e,pcs,piece,Sample Business Label 4bf28cec,Sample Business Label 0f3d50d5,Purchased,1.00,,,1.00,157.999990,Sample Business Label 14d9bbad
606-000409,Sample Business Label 4a22f5aa,,Sample Business Label 1674b06f,pcs,piece,Sample Business Label 0e5444d0,Sample Business Label 84fc6382,Purchased,14.00,,,1.00,84.999956,Sample Business Label 14d9bbad
353-000168,Sample Business Label ff34dc9e,,Sample Business Label 96053b3e,pcs,piece,Sample Business Label f0207843,Sample Business Label e1a5ffe2,In-house,,,,1.00,,Sample Business Label 14d9bbad
849-000196,ST2.9*10,Sample Business Label da3a3718,Sample Business Label 887d7f95,pcs,piece,Sample Business Label 4bf28cec,Sample Business Label 0f3d50d5,Purchased,18.00,,,1.00,,Sample Business Label 14d9bbad
972-000939,EMMC,SS70B64G4M08G,Sample Business Label 1674b06f,pcs,piece,Sample Business Label 17302eae,Sample Business Label 09caa247,Purchased,90.00,,,1.00,194.900027,Sample Business Label 14d9bbad
733-000213,Sample Business Label be98a238,EFE252012F-S68M=P2,Sample Business Label 887d7f95,pcs,piece,Sample Business Label 17302eae,Sample Business Label f3f2ee9b,Purchased,101.00,,,1.00,0.349961,Sample Business Label 14d9bbad
539-000144,Sample Business Label b85ec631,"56K,0402,1%",Sample Business Label 887d7f95,pcs,piece,Sample Business Label 17302eae,Sample Business Label 5fe53d48,Purchased,84.00,,,1.00,0.001921,Sample Business Label 14d9bbad
165-003524,Sample Business Label b624e5bf,Sample Business Label 3ffd6f49,Sample Business Label 96053b3e,pcs,piece,Sample Business Label 4bf28cec,Sample Business Label bde42e5a,Purchased,14.00,,,1.00,0.889988,Sample Business Label 14d9bbad
363-000570,Sample Business Label 922aaf73,,Sample Business Label 96053b3e,pcs,piece,Sample Business Label 0e5444d0,Sample Business Label 797c70ef,Purchased,35.00,,,1.00,27.462729,Sample Business Label 14d9bbad
972-000125,Sample Business Label 3aa89c66,OUP2114UCMR6T1G,Sample Business Label 887d7f95,pcs,piece,Sample Business Label 17302eae,Sample Business Label 09caa247,Purchased,42.00,,,1.00,,Sample Business Label 14d9bbad
165-001954,Sample Business Label c7435615,Sample Business Label 6d76ee4b,Sample Business Label 1674b06f,pcs,piece,Sample Business Label 4bf28cec,Sample Business Label bde42e5a,Purchased,35.00,,,1.00,,Sample Business Label 14d9bbad
733-000048,Sample Business Label 1ef5a5d1,NAPM0630F-2R2M-LF,Sample Business Label 887d7f95,pcs,piece,Sample Business Label 17302eae,Sample Business Label f3f2ee9b,Purchased,31.00,,,1.00,,Sample Business Label 14d9bbad
733-000235,Sample Business Label 26a99aed,TDMM0806U-2-900T,Sample Business Label 887d7f95,pcs,piece,Sample Business Label 17302eae,Sample Business Label f3f2ee9b,Purchased,98.00,,,1.00,0.056048,Sample Business Label 14d9bbad
972-000739,DDR3L,NT5CC128M16JR-EKH,Sample Business Label 887d7f95,pcs,piece,Sample Business Label 17302eae,Sample Business Label 09caa247,Purchased,112.00,,,1.00,,Sample Business Label 14d9bbad
849-001249,Sample Business Label 0c730aca,Sample Business Label e27445c1,Sample Business Label 96053b3e,pcs,piece,Sample Business Label 4bf28cec,Sample Business Label 0f3d50d5,Purchased,1.00,,,1.00,179.999960,Sample Business Label 14d9bbad
972-000443,Sample Business Label 3f592a1e,TN74LVC1G14DCKR,Sample Business Label 887d7f95,pcs,piece,Sample Business Label 17302eae,Sample Business Label 09caa247,Purchased,28.00,,,1.00,0.140007,Sample Business Label 14d9bbad
165-000894,Sample Business Label e2e42660,Sample Business Label 6c49356a,Sample Business Label 1674b06f,pcs,piece,Sample Business Label 4bf28cec,Sample Business Label bde42e5a,Purchased,42.00,,,1.00,,Sample Business Label 14d9bbad
321-000428,Sample Business Label 1da3e6a2,YS410_SENSOR_FPC_P1_PCB,Sample Business Label 1674b06f,pcs,piece,Sample Business Label 17302eae,Sample Business Label cbf023bc,Purchased,35.00,,,1.00,1.199947,Sample Business Label 14d9bbad
972-000712,Sample Business Label 64e7156c,M2-BD,Sample Business Label 887d7f95,pcs,piece,Sample Business Label 17302eae,Sample Business Label 09caa247,Purchased,42.00,,,1.00,124.880029,Sample Business Label 14d9bbad
539-000013,Sample Business Label b85ec631,"40.2K,0402,1%",Sample Business Label 887d7f95,pcs,piece,Sample Business Label 17302eae,Sample Business Label 5fe53d48,Purchased,84.00,,,1.00,0.001921,Sample Business Label 14d9bbad
994-000349,Sample Business Label c26221a4,Sample Business Label e6414ca1,Sample Business Label 1674b06f,pcs,piece,Sample Business Label 4bf28cec,Sample Business Label d9643929,Purchased,35.00,,,1.00,,Sample Business Label 14d9bbad
725-000043,Sample Business Label 05087a91,"470nF,100V,1206,10%",Sample Business Label 887d7f95,pcs,piece,Sample Business Label 17302eae,Sample Business Label 07789cfe,Purchased,98.00,,,1.00,0.164867,Sample Business Label 14d9bbad
165-003649,Sample Business Label 78f4fca3,,Sample Business Label 96053b3e,pcs,piece,Sample Business Label 4bf28cec,Sample Business Label bde42e5a,Purchased,28.00,,,1.00,14.432699,Sample Business Label 14d9bbad
321-000294,Sample Business Label f0665422,Sample Business Label f0665422,Sample Business Label 1674b06f,pcs,piece,Sample Business Label 17302eae,Sample Business Label cbf023bc,Purchased,30.00,,,1.00,0.249956,Sample Business Label 14d9bbad
353-000170,Sample Business Label e56bc4ba,,Sample Business Label 96053b3e,pcs,piece,Sample Business Label f0207843,Sample Business Label e1a5ffe2,In-house,,,,1.00,,Sample Business Label 14d9bbad
363-000561,Sample Business Label e4fe80c5,,Sample Business Label 96053b3e,pcs,piece,Sample Business Label 0e5444d0,Sample Business Label 797c70ef,Purchased,35.00,,,1.00,20.240221,Sample Business Label 14d9bbad
972-000262,LORA,F22-400T30S-V2.1,Sample Business Label 887d7f95,pcs,piece,Sample Business Label 17302eae,Sample Business Label 09caa247,Purchased,60.00,,,1.00,46.999977,Sample Business Label 14d9bbad
725-000063,Sample Business Label 05087a91,"1uF,25V,0402,10%",Sample Business Label 887d7f95,pcs,piece,Sample Business Label 17302eae,Sample Business Label 07789cfe,Purchased,126.00,,,1.00,0.009944,Sample Business Label 14d9bbad
849-001223,Sample Business Label 4fd85a0b,Sample Business Label 03a32517,Sample Business Label 96053b3e,pcs,piece,Sample Business Label 4bf28cec,Sample Business Label 0f3d50d5,Purchased,1.00,,,1.00,98.000041,Sample Business Label 14d9bbad
849-000827,Sample Business Label ea8293bb,Sample Business Label 8f61b9fc,Sample Business Label 887d7f95,pcs,piece,Sample Business Label 4bf28cec,Sample Business Label 0f3d50d5,Purchased,21.00,,,1.00,,Sample Business Label 14d9bbad
165-002906,Sample Business Label df37af7f,Sample Business Label c57e688d,Sample Business Label 7bdc2d0a,pcs,piece,Sample Business Label 4bf28cec,Sample Business Label bde42e5a,Purchased,28.00,,,1.00,2.940034,Sample Business Label 14d9bbad
454-000050,Sample Business Label 0c135faf,PESD5V0S1BB,Sample Business Label 887d7f95,pcs,piece,Sample Business Label 17302eae,Sample Business Label 5680b573,Purchased,28.00,,,1.00,0.082038,Sample Business Label 14d9bbad
733-000045,Sample Business Label de3ed42c,CLM18RK601SN1D,Sample Business Label 887d7f95,pcs,piece,Sample Business Label 17302eae,Sample Business Label f3f2ee9b,Purchased,133.00,,,1.00,0.068026,Sample Business Label 14d9bbad
356-000602,Sample Business Label 5a81d231,Sample Business Label cadb6f8f,Autonomous Driving,pcs,piece,Sample Business Label 4bf28cec,Sample Business Label db158135,Purchased,25.00,,,1.00,0.329960,Sample Business Label 14d9bbad
725-000432,Sample Business Label 05087a91,"47nf,25v,0201,10%",Sample Business Label 887d7f95,pcs,piece,Sample Business Label 17302eae,Sample Business Label 07789cfe,Purchased,98.00,,,1.00,0.008023,Sample Business Label 14d9bbad
363-000547,Sample Business Label 1fe9c769,Sample Business Label 462ea70d,Sample Business Label 96053b3e,pcs,piece,Sample Business Label 0e5444d0,Sample Business Label 797c70ef,Purchased,35.00,,,1.00,1.133955,Sample Business Label 14d9bbad
795-000993,Sample Business Label fadf6347,Sample Business Label ef6a057f,Autonomous Driving,bao,Sample Business Label 7e396634,Sample Business Label 4bf28cec,Sample Business Label 2d85aff0,Purchased,1.00,,,1.00,1.950041,Sample Business Label 14d9bbad
454-000012,Sample Business Label 2b176d5b,C140-23-F,Sample Business Label 887d7f95,pcs,piece,Sample Business Label 17302eae,Sample Business Label 5680b573,Purchased,133.00,,,1.00,0.215491,Sample Business Label 14d9bbad
838-000256,Sample Business Label 717d9264,Sample Business Label 3028e1a6,Sample Business Label 5c716e22,pcs,piece,Sample Business Label 0e5444d0,Sample Business Label 6e9ebdaf,Purchased,23.00,,,1.00,,Sample Business Label 14d9bbad
364-000052,Sample Business Label ffd579e9,TMD2920P300TF/15,Sample Business Label 887d7f95,pcs,piece,Sample Business Label 17302eae,Sample Business Label d8af7f3d,Purchased,30.00,,,1.00,,Sample Business Label 14d9bbad
454-000100,Sample Business Label 96e25faf,BV-5SMDJ15CA,Sample Business Label 887d7f95,pcs,piece,Sample Business Label 17302eae,Sample Business Label 5680b573,Purchased,140.00,,,1.00,,Sample Business Label 14d9bbad
321-000454,UB200L_MAIN_KY_P1_PCB,UB200L_MAIN_KY_P1_PCB,Sample Business Label 735ac064,pcs,piece,Sample Business Label 17302eae,Sample Business Label cbf023bc,Purchased,35.00,,,1.00,16.709988,Sample Business Label 14d9bbad
165-001926,Sample Business Label 4c9dfc22,Sample Business Label 9f93a724,Sample Business Label 1674b06f,pcs,piece,Sample Business Label 4bf28cec,Sample Business Label bde42e5a,Purchased,21.00,,,1.00,,Sample Business Label 14d9bbad
725-000406,Sample Business Label 6345d6a1,"47pF,50V,0201,C0G",Sample Business Label 887d7f95,pcs,piece,Sample Business Label 17302eae,Sample Business Label 07789cfe,Purchased,56.00,,,1.00,0.001469,Sample Business Label 14d9bbad
165-001046,Sample Business Label 8e115d87,Sample Business Label 69d499d9,Autonomous Driving,pcs,piece,Sample Business Label 4bf28cec,Sample Business Label bde42e5a,Purchased,14.00,,,1.00,,Sample Business Label 14d9bbad
554-000079,Sample Business Label 606c52f7,TGM2040-2.5YN5G/TR,Sample Business Label 887d7f95,pcs,piece,Sample Business Label 17302eae,Sample Business Label 042b653a,Purchased,98.00,,,1.00,0.264985,Sample Business Label 14d9bbad
725-000071,Sample Business Label 05087a91,"1uF,50V,1206,10%",Sample Business Label 887d7f95,pcs,piece,Sample Business Label 17302eae,Sample Business Label 07789cfe,Purchased,70.00,,,1.00,0.043279,Sample Business Label 14d9bbad
795-000817,Sample Business Label 268411e6,Sample Business Label ffa433eb,Sample Business Label 1674b06f,pcs,piece,Sample Business Label 4bf28cec,Sample Business Label 2d85aff0,Purchased,21.00,,,1.00,0.349961,Sample Business Label 14d9bbad
972-000106,Sample Business Label c96a01ec,JS25WP064AJBLE,Sample Business Label 887d7f95,pcs,piece,Sample Business Label 17302eae,Sample Business Label 09caa247,Purchased,112.00,,,1.00,,Sample Business Label 14d9bbad
165-001122,Sample Business Label d33dd255,Sample Business Label e2208504,Sample Business Label 1674b06f,pcs,piece,Sample Business Label 4bf28cec,Sample Business Label bde42e5a,Purchased,28.00,,,1.00,,Sample Business Label 14d9bbad
733-000017,Sample Business Label c16ef3b5,TDCL1005C27NJTDF,Sample Business Label 887d7f95,pcs,piece,Sample Business Label 17302eae,Sample Business Label f3f2ee9b,Purchased,35.00,,,1.00,0.007232,Sample Business Label 14d9bbad
539-000065,Sample Business Label b85ec631,"680R,0402,1%",Sample Business Label 887d7f95,pcs,piece,Sample Business Label 17302eae,Sample Business Label 5fe53d48,Purchased,84.00,,,1.00,0.001469,Sample Business Label 14d9bbad
539-000471,Sample Business Label b85ec631,"0R,1206,5%",Sample Business Label 887d7f95,pcs,piece,Sample Business Label 17302eae,Sample Business Label 5fe53d48,Purchased,84.00,,,1.00,0.008023,Sample Business Label 14d9bbad
165-002793,Sample Business Label 5d903441,Sample Business Label 07497639,Sample Business Label 1674b06f,pcs,piece,Sample Business Label 4bf28cec,Sample Business Label bde42e5a,Purchased,35.00,,,1.00,7.340028,Sample Business Label 14d9bbad
972-000438,MCU,O32L403KBQ7,Sample Business Label 887d7f95,pcs,piece,Sample Business Label 17302eae,Sample Business Label 09caa247,Purchased,42.00,,,1.00,2.700022,Sample Business Label 14d9bbad
795-000789,Sample Business Label 0dfe8455,Sample Business Label ce190102,Sample Business Label 1674b06f,pcs,piece,Sample Business Label 4bf28cec,Sample Business Label 2d85aff0,Purchased,14.00,,,1.00,1.990043,Sample Business Label 14d9bbad
454-000347,Sample Business Label cd58a380,FSD1502E,Sample Business Label 887d7f95,pcs,piece,Sample Business Label 17302eae,Sample Business Label 5680b573,Purchased,70.00,,,1.00,0.076614,Sample Business Label 14d9bbad
795-001176,Sample Business Label 3c2628cc,Sample Business Label 2b057b6f,Sample Business Label 96053b3e,pcs,piece,Sample Business Label 4bf28cec,Sample Business Label 2d85aff0,Purchased,28.00,,,1.00,26.555000,Sample Business Label 14d9bbad
539-000100,Sample Business Label b85ec631,"10R,0603,1%",Sample Business Label 887d7f95,pcs,piece,Sample Business Label 17302eae,Sample Business Label 5fe53d48,Purchased,84.00,,,1.00,0.009831,Sample Business Label 14d9bbad
849-000655,Sample Business Label af1ab33d,Sample Business Label 4cb4fa30,Sample Business Label 887d7f95,pcs,piece,Sample Business Label 4bf28cec,Sample Business Label 0f3d50d5,Purchased,17.00,,,1.00,,Sample Business Label 14d9bbad
972-000877,BW9358BQNR,BW9358BQNR,Sample Business Label 887d7f95,pcs,piece,Sample Business Label 17302eae,Sample Business Label 09caa247,Purchased,18.00,,,1.00,,Sample Business Label 14d9bbad
165-002416,Sample Business Label 430d9070,Sample Business Label efdeb3a2,Sample Business Label 1674b06f,pcs,piece,Sample Business Label 4bf28cec,Sample Business Label bde42e5a,Purchased,14.00,,,1.00,1.711950,Sample Business Label 14d9bbad
849-001334,Sample Business Label 517fe681,Sample Business Label 45df7a5c,Sample Business Label 96053b3e,pcs,piece,Sample Business Label 4bf28cec,Sample Business Label 0f3d50d5,Purchased,1.00,,,1.00,0.108932,Sample Business Label 14d9bbad
725-000219,Sample Business Label 05087a91,"22uF,25V,1210,10%,X7R",Sample Business Label 887d7f95,pcs,piece,Sample Business Label 17302eae,Sample Business Label 07789cfe,Purchased,126.00,,,1.00,0.329960,Sample Business Label 14d9bbad
972-000373,Sample Business Label b9f02c82,BP2210K-ADJTRG1,Sample Business Label 887d7f95,pcs,piece,Sample Business Label 17302eae,Sample Business Label 09caa247,Purchased,112.00,,,1.00,0.400020,Sample Business Label 14d9bbad
165-001886,Sample Business Label 3dcd9a45,Sample Business Label b3bda879,Sample Business Label 1674b06f,pcs,piece,Sample Business Label 4bf28cec,Sample Business Label bde42e5a,Purchased,28.00,,,1.00,,Sample Business Label 14d9bbad
791-000004,Sample Business Label e8be3934,Sample Business Label 9e0236af,Autonomous Driving,pcs,piece,Sample Business Label f0207843,Sample Business Label eba66936,Purchased,42.00,,,1.00,539.999993,Sample Business Label 14d9bbad
454-000115,Sample Business Label cd58a380,ESD9L3.3ST5G,Sample Business Label 887d7f95,pcs,piece,Sample Business Label 17302eae,Sample Business Label 5680b573,Purchased,140.00,,,1.00,0.369962,Sample Business Label 14d9bbad
588-000655,YN403_4GBOARD_P0_PCBA,YN403_4GBOARD_P0_PCBA,Autonomous Driving,pcs,piece,Sample Business Label f0207843,Sample Business Label 6ca8a46d,Outsourced,14.00,,,1.00,,Sample Business Label 14d9bbad
468-000495,Sample Business Label 14f0e65b,,Sample Business Label 1674b06f,pcs,piece,Sample Business Label 0e5444d0,Sample Business Label a5e675d6,Purchased,1.00,,,1.00,10.000048,Sample Business Label 14d9bbad
356-000274,Sample Business Label ea5b3b2d,ZZK2385-204SG0ABNYT3,Sample Business Label 887d7f95,pcs,piece,Sample Business Label 4bf28cec,Sample Business Label db158135,Purchased,25.00,,,1.00,0.235040,Sample Business Label 14d9bbad
725-000333,Sample Business Label 05087a91,"33pF,50V,0402,5%",Sample Business Label 887d7f95,pcs,piece,Sample Business Label 17302eae,Sample Business Label 07789cfe,Purchased,98.00,,,1.00,0.002147,Sample Business Label 14d9bbad
468-000282,Sample Business Label b8563882,,Autonomous Driving,pcs,piece,Sample Business Label 0e5444d0,Sample Business Label a5e675d6,Purchased,8.00,,,1.00,,Sample Business Label 14d9bbad
795-000352,Sample Business Label 5e40988b,Sample Business Label 3b6a0492,Sample Business Label 1674b06f,pcs,piece,Sample Business Label 4bf28cec,Sample Business Label 2d85aff0,Purchased,21.00,,,1.00,,Sample Business Label 14d9bbad
358-000079,PMOS,KMGK540P10A,Sample Business Label 887d7f95,pcs,piece,Sample Business Label 17302eae,Sample Business Label 5bce86f3,Purchased,84.00,,,1.00,1.109999,Sample Business Label 14d9bbad
795-000630,Sample Business Label 43f6b515,Sample Business Label 4e41f7b9,Sample Business Label 5c716e22,pcs,piece,Sample Business Label 4bf28cec,Sample Business Label 2d85aff0,Purchased,21.00,,,1.00,,Sample Business Label 14d9bbad
321-000442,Sample Business Label 8ee80075,YC621_SPRINKLER_P1_PCB,Sample Business Label 1674b06f,pcs,piece,Sample Business Label 17302eae,Sample Business Label cbf023bc,Purchased,35.00,,,1.00,32.999955,Sample Business Label 14d9bbad
353-000173,Sample Business Label e654fe22,,Sample Business Label 96053b3e,pcs,piece,Sample Business Label f0207843,Sample Business Label e1a5ffe2,In-house,,,,1.00,,Sample Business Label 14d9bbad
165-001968,Sample Business Label 778b390f,Sample Business Label c635ccbd,Sample Business Label 1674b06f,pcs,piece,Sample Business Label 4bf28cec,Sample Business Label bde42e5a,Purchased,35.00,,,1.00,,Sample Business Label 14d9bbad
725-000039,Sample Business Label 05087a91,"1UF,50V,0805,10%",Sample Business Label 887d7f95,pcs,piece,Sample Business Label 17302eae,Sample Business Label 07789cfe,Purchased,56.00,,,1.00,0.036047,Sample Business Label 14d9bbad
165-003425,Sample Business Label b22d9c07,Sample Business Label 3ffd6f49,Sample Business Label 96053b3e,pcs,piece,Sample Business Label 4bf28cec,Sample Business Label bde42e5a,Purchased,14.00,,,1.00,6.989954,Sample Business Label 14d9bbad
725-000124,Sample Business Label 05087a91,"1.5nF,50V,0402,10%",Sample Business Label 887d7f95,pcs,piece,Sample Business Label 17302eae,Sample Business Label 07789cfe,Purchased,126.00,,,1.00,0.003955,Sample Business Label 14d9bbad
356-000258,Sample Business Label ca0e1460,Sample Business Label 6f71bd18,Sample Business Label 887d7f95,pcs,piece,Sample Business Label 4bf28cec,Sample Business Label db158135,Purchased,42.00,,,1.00,4.724982,Sample Business Label 14d9bbad
791-000013,Sample Business Label c5f04338,,Autonomous Driving,pcs,piece,Sample Business Label f0207843,Sample Business Label eba66936,In-house,1.00,,,1.00,,Sample Business Label 14d9bbad
527-000032,Sample Business Label 066ae8fd,RRS3025000C20A,Sample Business Label 887d7f95,pcs,piece,Sample Business Label 17302eae,Sample Business Label f5e6f23a,Purchased,28.00,,,1.00,,Sample Business Label 14d9bbad
454-000246,Sample Business Label 2b176d5b,TP1045L,Sample Business Label 887d7f95,pcs,piece,Sample Business Label 17302eae,Sample Business Label 5680b573,Purchased,56.00,,,1.00,0.649976,Sample Business Label 14d9bbad
849-001274,Sample Business Label 56e0b0f3,Sample Business Label 336efa8e,Sample Business Label 96053b3e,pcs,piece,Sample Business Label 4bf28cec,Sample Business Label 0f3d50d5,Purchased,1.00,,,1.00,1.989026,Sample Business Label 14d9bbad
539-000344,Sample Business Label b85ec631,"15K,0603,1%",Sample Business Label 887d7f95,pcs,piece,Sample Business Label 17302eae,Sample Business Label 5fe53d48,Purchased,84.00,,,1.00,0.003503,Sample Business Label 14d9bbad
539-000602,Sample Business Label b85ec631,Sample Business Label dc702788,Sample Business Label 887d7f95,pcs,piece,Sample Business Label 17302eae,Sample Business Label 5fe53d48,Purchased,710.00,,,1.00,,Sample Business Label 14d9bbad
994-000717,Sample Business Label a9e2a238,,Sample Business Label 1674b06f,pcs,piece,Sample Business Label 4bf28cec,Sample Business Label d9643929,Purchased,35.00,,,1.00,170.000025,Sample Business Label 14d9bbad
182-000043,Sample Business Label f21f02f4,Sample Business Label 0625bbe7,Sample Business Label 761a79a0,pcs,piece,Sample Business Label 4bf28cec,Sample Business Label cbbb88c6,Purchased,15.00,,,1.00,2.800027,Sample Business Label 14d9bbad
165-003420,Sample Business Label c04b1afa,M50,Sample Business Label 96053b3e,pcs,piece,Sample Business Label 4bf28cec,Sample Business Label bde42e5a,Purchased,1.00,,,1.00,220.000039,Sample Business Label 14d9bbad
725-000339,Sample Business Label 05087a91,"22nf,50v,0402,10%",Sample Business Label 887d7f95,pcs,piece,Sample Business Label 17302eae,Sample Business Label 07789cfe,Purchased,98.00,,,1.00,0.006328,Sample Business Label 14d9bbad
588-000614,Sample Business Label e8fa0305,Sample Business Label e8fa0305,Sample Business Label 1674b06f,pcs,piece,Sample Business Label f0207843,Sample Business Label 6ca8a46d,Outsourced,13.00,,,1.00,,Sample Business Label 14d9bbad
972-000565,Sample Business Label 16d6ca02,SK860-0,Sample Business Label 887d7f95,pcs,piece,Sample Business Label 17302eae,Sample Business Label 09caa247,Purchased,42.00,,,1.00,1.999987,Sample Business Label 14d9bbad
165-001760,Sample Business Label f586c5e4,Sample Business Label 99cac5bb,Sample Business Label 1674b06f,pcs,piece,Sample Business Label 4bf28cec,Sample Business Label bde42e5a,Purchased,21.00,,,1.00,0.749981,Sample Business Label 14d9bbad
849-001296,Sample Business Label c5ecd3a1,Sample Business Label b8bf3782,Sample Business Label 96053b3e,pcs,piece,Sample Business Label 4bf28cec,Sample Business Label 0f3d50d5,Purchased,1.00,,,1.00,0.097971,Sample Business Label 14d9bbad
353-000169,Sample Business Label 9d2d6a27,,Sample Business Label 96053b3e,pcs,piece,Sample Business Label f0207843,Sample Business Label e1a5ffe2,In-house,,,,1.00,,Sample Business Label 14d9bbad
165-001761,Sample Business Label e0ff5006,Sample Business Label 1e8aed2f,Sample Business Label 1674b06f,pcs,piece,Sample Business Label 4bf28cec,Sample Business Label bde42e5a,Purchased,14.00,,,1.00,0.409964,Sample Business Label 14d9bbad
849-001305,Sample Business Label 3f3511fc,Sample Business Label 10203fee,Sample Business Label 96053b3e,pcs,piece,Sample Business Label 4bf28cec,Sample Business Label 0f3d50d5,Purchased,1.00,,,1.00,0.020905,Sample Business Label 14d9bbad
588-000369,Sample Business Label f5c5a034,YN408_TC200R(International)_P1.2_S01_PCBA,Autonomous Driving,pcs,piece,Sample Business Label f0207843,Sample Business Label 6ca8a46d,Outsourced,15.00,,,1.00,,Sample Business Label 14d9bbad
849-000613,Sample Business Label 107d830e,Sample Business Label 7dcb2968,Sample Business Label 887d7f95,pcs,piece,Sample Business Label 4bf28cec,Sample Business Label 0f3d50d5,Purchased,28.00,,,1.00,,Sample Business Label 14d9bbad
165-001403,Sample Business Label 5dc1f930,Sample Business Label ef67793d,Sample Business Label 1674b06f,pcs,piece,Sample Business Label 4bf28cec,Sample Business Label bde42e5a,Purchased,35.00,,,1.00,,Sample Business Label 14d9bbad
972-000846,Sample Business Label d33f7dab,TLM770A-CE,Sample Business Label 887d7f95,pcs,piece,Sample Business Label 17302eae,Sample Business Label 09caa247,Purchased,42.00,,,1.00,77.999945,Sample Business Label 14d9bbad
606-000921,Sample Business Label 4c118971,,Autonomous Driving,pcs,piece,Sample Business Label 0e5444d0,Sample Business Label 84fc6382,Purchased,14.00,,,1.00,,Sample Business Label 14d9bbad
770-000258,Sample Business Label 9967afa7,Sample Business Label ca886623,Autonomous Driving,pcs,piece,Sample Business Label 4bf28cec,Sample Business Label 25c31db5,Purchased,21.00,,,1.00,1.020051,Sample Business Label 14d9bbad
539-000568,Sample Business Label b85ec631,"0.2R,1206,1%",Sample Business Label 887d7f95,pcs,piece,Sample Business Label 17302eae,Sample Business Label 5fe53d48,Purchased,56.00,,,1.00,0.011978,Sample Business Label 14d9bbad
725-000316,Sample Business Label 05087a91,"680pF,50V,0402,5%,X7R",Sample Business Label 887d7f95,pcs,piece,Sample Business Label 17302eae,Sample Business Label 07789cfe,Purchased,98.00,,,1.00,0.004520,Sample Business Label 14d9bbad
527-000053,Sample Business Label 066ae8fd,RRS1024000C09O,Sample Business Label 887d7f95,pcs,piece,Sample Business Label 17302eae,Sample Business Label f5e6f23a,Purchased,28.00,,,1.00,0.249956,Sample Business Label 14d9bbad
994-000521,Sample Business Label 7ab823e2,Sample Business Label e9680c6e,Sample Business Label 5c716e22,pcs,piece,Sample Business Label 4bf28cec,Sample Business Label d9643929,Purchased,35.00,,,1.00,,Sample Business Label 14d9bbad
725-000347,Sample Business Label 58d42cf9,WZT221M1HTR-0810K-FY,Sample Business Label 887d7f95,pcs,piece,Sample Business Label 17302eae,Sample Business Label 07789cfe,Purchased,70.00,,,1.00,,Sample Business Label 14d9bbad
849-001269,Sample Business Label c77cb8a0,Sample Business Label 01b272dd,Sample Business Label 96053b3e,pcs,piece,Sample Business Label 4bf28cec,Sample Business Label 0f3d50d5,Purchased,1.00,,,1.00,0.463300,Sample Business Label 14d9bbad
165-002377,Sample Business Label bdfb654b,Sample Business Label 05b82427,Autonomous Driving,pcs,piece,Sample Business Label 4bf28cec,Sample Business Label bde42e5a,Purchased,21.00,,,1.00,0.066331,Sample Business Label 14d9bbad
972-000660,MCU,ARKn141M,Sample Business Label 887d7f95,pcs,piece,Sample Business Label 17302eae,Sample Business Label 09caa247,Purchased,56.00,,,1.00,41.409980,Sample Business Label 14d9bbad
588-000428,Sample Business Label f26eef2c,Sample Business Label f26eef2c,Sample Business Label 1674b06f,pcs,piece,Sample Business Label f0207843,Sample Business Label 6ca8a46d,Outsourced,18.00,,,1.00,,Sample Business Label 14d9bbad
849-000208,Sample Business Label dcf8cc05,Sample Business Label 9bf9ee88,Sample Business Label 887d7f95,pcs,piece,Sample Business Label 4bf28cec,Sample Business Label 0f3d50d5,Purchased,42.00,,,1.00,,Sample Business Label 14d9bbad
454-000220,Sample Business Label 13a7d943,TMCJ36CA,Sample Business Label 887d7f95,pcs,piece,Sample Business Label 17302eae,Sample Business Label 5680b573,Purchased,56.00,,,1.00,0.264985,Sample Business Label 14d9bbad
795-000796,Sample Business Label a70ffbdf,Sample Business Label f5911866,Autonomous Driving,pcs,piece,Sample Business Label 4bf28cec,Sample Business Label 2d85aff0,Purchased,21.00,,,1.00,,Sample Business Label 14d9bbad
356-000614,Sample Business Label 6b8e7bbb,Sample Business Label 2a51df94,Sample Business Label 1674b06f,pcs,piece,Sample Business Label 4bf28cec,Sample Business Label db158135,Purchased,35.00,,,1.00,,Sample Business Label 14d9bbad
725-000370,Sample Business Label 05087a91,330pF 50V 1402 5% C0G,Sample Business Label 887d7f95,pcs,piece,Sample Business Label 17302eae,Sample Business Label 07789cfe,Purchased,77.00,,,1.00,0.002373,Sample Business Label 14d9bbad
972-000235,Sample Business Label 7d7ac043,NS5611-01BA03-50,Sample Business Label 887d7f95,pcs,piece,Sample Business Label 17302eae,Sample Business Label 09caa247,Purchased,175.00,,,1.00,,Sample Business Label 14d9bbad
588-000564,Sample Business Label 33accae6,Sample Business Label 33accae6,Sample Business Label 1674b06f,pcs,piece,Sample Business Label f0207843,Sample Business Label 6ca8a46d,Outsourced,13.00,,,1.00,,Sample Business Label 14d9bbad
725-000192,Sample Business Label e59cf86c,SGA101M1EBK-0611G,Sample Business Label 887d7f95,pcs,piece,Sample Business Label 17302eae,Sample Business Label 07789cfe,Purchased,133.00,,,1.00,0.131984,Sample Business Label 14d9bbad
994-000445,Sample Business Label 8b6bf3f3,Sample Business Label 0057a658,Sample Business Label 7bdc2d0a,pcs,piece,Sample Business Label 4bf28cec,Sample Business Label d9643929,Purchased,35.00,,,1.00,,Sample Business Label 14d9bbad
165-003484,Sample Business Label f0791b7d,Sample Business Label 721aed33,Sample Business Label 1674b06f,pcs,piece,Sample Business Label 4bf28cec,Sample Business Label bde42e5a,Purchased,28.00,,,1.00,,Sample Business Label 14d9bbad
454-000177,Sample Business Label 13a7d943,LESD5Z3.3T1G,Sample Business Label 887d7f95,pcs,piece,Sample Business Label 17302eae,Sample Business Label 5680b573,Purchased,84.00,,,1.00,0.045200,Sample Business Label 14d9bbad
972-000601,Sample Business Label 66d870af,TIT1042ATK/3,Sample Business Label 887d7f95,pcs,piece,Sample Business Label 17302eae,Sample Business Label 09caa247,Purchased,56.00,,,1.00,1.150001,Sample Business Label 14d9bbad
165-001562,Sample Business Label a1a2866c,25mm*7mm*4mm,Autonomous Driving,pcs,piece,Sample Business Label 4bf28cec,Sample Business Label bde42e5a,Purchased,21.00,,,1.00,0.085993,Sample Business Label 14d9bbad
165-000280,Sample Business Label 13ee5177,97*69*5.3，PC,Sample Business Label 761a79a0,pcs,piece,Sample Business Label 4bf28cec,Sample Business Label bde42e5a,Purchased,28.00,,,1.00,,Sample Business Label 14d9bbad
849-001003,Sample Business Label d52e0379,Sample Business Label 4a213eed,Sample Business Label 1674b06f,pcs,piece,Sample Business Label 4bf28cec,Sample Business Label 0f3d50d5,Purchased,1.00,,,1.00,0.069834,Sample Business Label 14d9bbad
353-000188,Sample Business Label 034d9f4b,,Sample Business Label 96053b3e,pcs,piece,Sample Business Label f0207843,Sample Business Label e1a5ffe2,In-house,,,,1.00,,Sample Business Label 14d9bbad
356-000282,Sample Business Label a586162d,Sample Business Label 05b439c7,Sample Business Label 887d7f95,pcs,piece,Sample Business Label 4bf28cec,Sample Business Label db158135,Purchased,35.00,,,1.00,6.590047,Sample Business Label 14d9bbad
972-000055,Sample Business Label 184e1d64,MMV331IDBVR,Sample Business Label 887d7f95,pcs,piece,Sample Business Label 17302eae,Sample Business Label 09caa247,Purchased,1.00,,,1.00,1.191811,Sample Business Label 14d9bbad
165-002324,Sample Business Label 0eb13c31,Sample Business Label 52b29496,Sample Business Label 1674b06f,pcs,piece,Sample Business Label 4bf28cec,Sample Business Label bde42e5a,Purchased,28.00,,,1.00,,Sample Business Label 14d9bbad
454-000121,Sample Business Label 11f8094d,NURS340HE3,Sample Business Label 887d7f95,pcs,piece,Sample Business Label 17302eae,Sample Business Label 5680b573,Purchased,0.00,,,1.00,1.765399,Sample Business Label 14d9bbad
725-000123,Sample Business Label 05087a91,"47PF,50V,0402,5%",Sample Business Label 887d7f95,pcs,piece,Sample Business Label 17302eae,Sample Business Label 07789cfe,Purchased,126.00,,,1.00,0.004520,Sample Business Label 14d9bbad
849-001189,Sample Business Label d8118a7e,Sample Business Label a95993fd,Sample Business Label 96053b3e,pcs,piece,Sample Business Label 4bf28cec,Sample Business Label 0f3d50d5,Purchased,1.00,,,1.00,194.420003,Sample Business Label 14d9bbad
165-002374,Sample Business Label 125a1217,Sample Business Label ace9995d,Autonomous Driving,pcs,piece,Sample Business Label 4bf28cec,Sample Business Label bde42e5a,Purchased,40.00,,,1.00,,Sample Business Label 14d9bbad
606-000129,Sample Business Label 2f8a5ce2,,Autonomous Driving,pcs,piece,Sample Business Label 0e5444d0,Sample Business Label 84fc6382,Purchased,14.00,,,1.00,,Sample Business Label 14d9bbad
165-000647,Sample Business Label c587b843,L*W*H 116.9*42.2*7,Sample Business Label 7bdc2d0a,pcs,piece,Sample Business Label 4bf28cec,Sample Business Label bde42e5a,Purchased,21.00,,,1.00,,Sample Business Label 14d9bbad
539-000034,Sample Business Label b85ec631,"3.16K,0402,1%",Sample Business Label 887d7f95,pcs,piece,Sample Business Label 17302eae,Sample Business Label 5fe53d48,Purchased,98.00,,,1.00,0.001921,Sample Business Label 14d9bbad
725-000355,Sample Business Label 05087a91,"220nF,10V,0402,10%",Sample Business Label 887d7f95,pcs,piece,Sample Business Label 17302eae,Sample Business Label 07789cfe,Purchased,133.00,,,1.00,0.023052,Sample Business Label 14d9bbad
165-001096,Sample Business Label 0bc87af6,Sample Business Label 7c276991,Sample Business Label 7bdc2d0a,pcs,piece,Sample Business Label 4bf28cec,Sample Business Label bde42e5a,Purchased,21.00,,,1.00,,Sample Business Label 14d9bbad
165-003747,Sample Business Label fb04f2ea,,Sample Business Label 96053b3e,pcs,piece,Sample Business Label 4bf28cec,Sample Business Label bde42e5a,Purchased,1.00,,,1.00,,Sample Business Label 14d9bbad
795-000786,Sample Business Label 3f49b3ee,Sample Business Label abdcbc8f,Sample Business Label 1674b06f,pcs,piece,Sample Business Label 4bf28cec,Sample Business Label 2d85aff0,Purchased,33.00,,,1.00,0.209954,Sample Business Label 14d9bbad
849-001275,Sample Business Label 504d2d94,Sample Business Label 56b32ab2,Sample Business Label 96053b3e,pcs,piece,Sample Business Label 4bf28cec,Sample Business Label 0f3d50d5,Purchased,1.00,,,1.00,0.077970,Sample Business Label 14d9bbad
972-000253,Sample Business Label 66d870af,BTA6561-GAQW,Sample Business Label 887d7f95,pcs,piece,Sample Business Label 17302eae,Sample Business Label 09caa247,Purchased,10.00,,,1.00,1.902920,Sample Business Label 14d9bbad
356-000200,Sample Business Label afd8883e,GP0520F-040R-TAND,Sample Business Label 887d7f95,pcs,piece,Sample Business Label 4bf28cec,Sample Business Label db158135,Purchased,25.00,,,1.00,0.340017,Sample Business Label 14d9bbad
795-000972,Sample Business Label c03d53ac,Sample Business Label 5c43db4b,Sample Business Label 1674b06f,pcs,piece,Sample Business Label 4bf28cec,Sample Business Label 2d85aff0,Purchased,28.00,,,1.00,,Sample Business Label 14d9bbad
588-000715,YC302B_ESC_P2.1_PCBA,YC302B_ESC_P2.1_PCBA,Sample Business Label 1674b06f,pcs,piece,Sample Business Label f0207843,Sample Business Label 6ca8a46d,Outsourced,1.00,,,1.00,,Sample Business Label 14d9bbad
356-000276,Sample Business Label c26f86b5,ZZKWF15045-104ZSNAR1,Sample Business Label 887d7f95,pcs,piece,Sample Business Label 4bf28cec,Sample Business Label db158135,Purchased,25.00,,,1.00,0.169952,Sample Business Label 14d9bbad
733-000184,Sample Business Label c16ef3b5,"82nH,0201,±5%",Sample Business Label 887d7f95,pcs,piece,Sample Business Label 17302eae,Sample Business Label f3f2ee9b,Purchased,84.00,,,1.00,0.007345,Sample Business Label 14d9bbad
539-000085,Sample Business Label b85ec631,"47R,1206,1%",Sample Business Label 887d7f95,pcs,piece,Sample Business Label 17302eae,Sample Business Label 5fe53d48,Purchased,84.00,,,1.00,0.011526,Sample Business Label 14d9bbad
539-000466,Sample Business Label b85ec631,"24K,0402,1%",Sample Business Label 887d7f95,pcs,piece,Sample Business Label 17302eae,Sample Business Label 5fe53d48,Purchased,84.00,,,1.00,0.001469,Sample Business Label 14d9bbad
539-000250,Sample Business Label b85ec631,"121K,0402,1%",Sample Business Label 887d7f95,pcs,piece,Sample Business Label 17302eae,Sample Business Label 5fe53d48,Purchased,84.00,,,1.00,0.001469,Sample Business Label 14d9bbad
849-001190,Sample Business Label d01ef03b,Sample Business Label a95993fd,Sample Business Label 96053b3e,pcs,piece,Sample Business Label 4bf28cec,Sample Business Label 0f3d50d5,Purchased,1.00,,,1.00,241.379978,Sample Business Label 14d9bbad
165-003418,Sample Business Label 7293aeaa,Sample Business Label 49f2341c,Sample Business Label 96053b3e,pcs,piece,Sample Business Label 4bf28cec,Sample Business Label bde42e5a,Purchased,1.00,,,1.00,5.299700,Sample Business Label 14d9bbad
364-000061,Sample Business Label 0ef46b3b,TMD2920P110TF/60,Sample Business Label 887d7f95,pcs,piece,Sample Business Label 17302eae,Sample Business Label d8af7f3d,Purchased,28.00,,,1.00,,Sample Business Label 14d9bbad
356-000168,Sample Business Label 98235b2f,CT20-6PV45-40A,Sample Business Label 887d7f95,pcs,piece,Sample Business Label 4bf28cec,Sample Business Label db158135,Purchased,25.00,,,1.00,0.728059,Sample Business Label 14d9bbad
849-001217,Sample Business Label 88b809a6,Sample Business Label 03a32517,Sample Business Label 96053b3e,pcs,piece,Sample Business Label 4bf28cec,Sample Business Label 0f3d50d5,Purchased,1.00,,,1.00,14.999959,Sample Business Label 14d9bbad
725-000089,Sample Business Label 05087a91,"10UF,10V,0603,10%",Sample Business Label 887d7f95,pcs,piece,Sample Business Label 17302eae,Sample Business Label 07789cfe,Purchased,70.00,,,1.00,0.022035,Sample Business Label 14d9bbad
972-000274,Sample Business Label 4b73ed32,NIMXRT1061CVL5B,Sample Business Label 887d7f95,pcs,piece,Sample Business Label 17302eae,Sample Business Label 09caa247,Purchased,112.00,,,1.00,31.499993,Sample Business Label 14d9bbad
972-000936,Sample Business Label 9779dddf,EIO6095WL6,Sample Business Label 887d7f95,pcs,piece,Sample Business Label 17302eae,Sample Business Label 09caa247,Purchased,42.00,,,1.00,0.529970,Sample Business Label 14d9bbad
165-003459,Sample Business Label 098cacb6,T2,Sample Business Label 96053b3e,pcs,piece,Sample Business Label 4bf28cec,Sample Business Label bde42e5a,Purchased,1.00,,,1.00,84.200029,Sample Business Label 14d9bbad
165-002646,Sample Business Label dfdf013b,Sample Business Label 66940974,Autonomous Driving,pcs,piece,Sample Business Label 4bf28cec,Sample Business Label bde42e5a,Purchased,21.00,,,1.00,2.909976,Sample Business Label 14d9bbad
690-000012,Sample Business Label 87df3301,"Green,29-31-GHC-YR1S2-3T",Sample Business Label 887d7f95,pcs,piece,Sample Business Label 17302eae,Sample Business Label f3ac5013,Purchased,32.00,,,1.00,0.080004,Sample Business Label 14d9bbad
358-000180,MOSFET,DJ2309A,Sample Business Label 887d7f95,pcs,piece,Sample Business Label 17302eae,Sample Business Label 5bce86f3,Purchased,84.00,,,1.00,0.129046,Sample Business Label 14d9bbad
733-000195,Sample Business Label 1ef5a5d1,XPN3012H1R0MT,Sample Business Label 887d7f95,pcs,piece,Sample Business Label 17302eae,Sample Business Label f3f2ee9b,Purchased,63.00,,,1.00,0.189953,Sample Business Label 14d9bbad
321-000377,Sample Business Label 8312137a,YN402_FRONT_KEY_P0_PCB,Sample Business Label 1674b06f,pcs,piece,Sample Business Label 17302eae,Sample Business Label cbf023bc,Purchased,30.00,,,1.00,0.180009,Sample Business Label 14d9bbad
539-000203,Sample Business Label b85ec631,"20K,0402,1%",Sample Business Label 887d7f95,pcs,piece,Sample Business Label 17302eae,Sample Business Label 5fe53d48,Purchased,35.00,,,1.00,0.001243,Sample Business Label 14d9bbad
849-001282,Sample Business Label 7312ce66,Sample Business Label 6e96b4ac,Sample Business Label 96053b3e,pcs,piece,Sample Business Label 4bf28cec,Sample Business Label 0f3d50d5,Purchased,1.00,,,1.00,1.239045,Sample Business Label 14d9bbad
356-000259,Sample Business Label b6a49c17,G0503WR-S-40PNLNG1GB0R,Sample Business Label 887d7f95,pcs,piece,Sample Business Label 4bf28cec,Sample Business Label db158135,Purchased,30.00,,,1.00,2.549054,Sample Business Label 14d9bbad
539-000099,Sample Business Label b85ec631,"2R,0603,1%",Sample Business Label 887d7f95,pcs,piece,Sample Business Label 17302eae,Sample Business Label 5fe53d48,Purchased,84.00,,,1.00,0.008249,Sample Business Label 14d9bbad
849-001336,Sample Business Label 04b6455d,Sample Business Label add8952e,Sample Business Label 96053b3e,pcs,piece,Sample Business Label 4bf28cec,Sample Business Label 0f3d50d5,Purchased,1.00,,,1.00,0.181591,Sample Business Label 14d9bbad
812-000083,Sample Business Label da71da05,Sample Business Label 4416a593,Sample Business Label 887d7f95,pcs,piece,Sample Business Label 4bf28cec,Sample Business Label f34ff6fa,Purchased,21.00,,,1.00,0.064975,Sample Business Label 14d9bbad
972-000689,MCU,YC32F460JEUA,Sample Business Label 887d7f95,pcs,piece,Sample Business Label 17302eae,Sample Business Label 09caa247,Purchased,42.00,,,1.00,4.299989,Sample Business Label 14d9bbad
356-000288,Sample Business Label 4daa7633,Sample Business Label 7cb8875b,Sample Business Label 887d7f95,pcs,piece,Sample Business Label 4bf28cec,Sample Business Label db158135,Purchased,35.00,,,1.00,6.590047,Sample Business Label 14d9bbad
972-000677,Sample Business Label cb8eba91,XT8623,Sample Business Label 887d7f95,pcs,piece,Sample Business Label 17302eae,Sample Business Label 09caa247,Purchased,28.00,,,1.00,3.499949,Sample Business Label 14d9bbad
539-000103,Sample Business Label b85ec631,"100R,0603,1%",Sample Business Label 887d7f95,pcs,piece,Sample Business Label 17302eae,Sample Business Label 5fe53d48,Purchased,84.00,,,1.00,0.003616,Sample Business Label 14d9bbad
454-000068,Sample Business Label 13a7d943,VDD32C03L01,Sample Business Label 887d7f95,pcs,piece,Sample Business Label 17302eae,Sample Business Label 5680b573,Purchased,112.00,,,1.00,0.127690,Sample Business Label 14d9bbad
165-002702,Sample Business Label a36f7c4e,Sample Business Label 49a853a6,Autonomous Driving,pcs,piece,Sample Business Label 4bf28cec,Sample Business Label bde42e5a,Purchased,35.00,,,1.00,33.419976,Sample Business Label 14d9bbad
554-000086,Sample Business Label 5c617ad2,TGM61061XTSS12G/TR,Sample Business Label 887d7f95,pcs,piece,Sample Business Label 17302eae,Sample Business Label 042b653a,Purchased,70.00,,,1.00,1.519963,Sample Business Label 14d9bbad
165-002678,Sample Business Label 89a93d1d,Sample Business Label 5a19933f,Autonomous Driving,pcs,piece,Sample Business Label 4bf28cec,Sample Business Label bde42e5a,Purchased,14.00,,,1.00,0.289958,Sample Business Label 14d9bbad
725-000019,Sample Business Label 05087a91,"47uF,10V,1206,20%",Sample Business Label 887d7f95,pcs,piece,Sample Business Label 17302eae,Sample Business Label 07789cfe,Purchased,126.00,,,1.00,0.209954,Sample Business Label 14d9bbad
165-002506,Sample Business Label 221eaa7d,Sample Business Label af9fa588,Sample Business Label 1674b06f,pcs,piece,Sample Business Label 4bf28cec,Sample Business Label bde42e5a,Purchased,28.00,,,1.00,35.000055,Sample Business Label 14d9bbad
849-001309,Sample Business Label b5599f4f,Sample Business Label 3fd7a239,Sample Business Label 96053b3e,pcs,piece,Sample Business Label 4bf28cec,Sample Business Label 0f3d50d5,Purchased,1.00,,,1.00,0.244080,Sample Business Label 14d9bbad
539-000361,Sample Business Label b85ec631,"1.5K,1206,5%",Sample Business Label 887d7f95,pcs,piece,Sample Business Label 17302eae,Sample Business Label 5fe53d48,Purchased,35.00,,,1.00,0.009040,Sample Business Label 14d9bbad
838-000396,Sample Business Label 2b75bb16,ZK-YS508-4G-V1.0,Sample Business Label 1674b06f,pcs,piece,Sample Business Label 0e5444d0,Sample Business Label 6e9ebdaf,Purchased,35.00,,,1.00,1.348994,Sample Business Label 14d9bbad
539-000639,Sample Business Label 86c916e7,Sample Business Label 3234eaf2,Sample Business Label 887d7f95,pcs,piece,Sample Business Label 17302eae,Sample Business Label 5fe53d48,Purchased,42.00,,,1.00,1.000050,Sample Business Label 14d9bbad
363-000555,Sample Business Label 261e936c,,Sample Business Label 96053b3e,pcs,piece,Sample Business Label 0e5444d0,Sample Business Label 797c70ef,Purchased,35.00,,,1.00,36.160000,Sample Business Label 14d9bbad
588-000548,Sample Business Label 3d28c77e,YS403_YX_FPC_RIGHT_P1_S01_PCBA,Sample Business Label 1674b06f,pcs,piece,Sample Business Label f0207843,Sample Business Label 6ca8a46d,Outsourced,10.00,,,1.00,,Sample Business Label 14d9bbad
454-000139,Sample Business Label 13a7d943,KEU05DF,Sample Business Label 887d7f95,pcs,piece,Sample Business Label 17302eae,Sample Business Label 5680b573,Purchased,56.00,,,1.00,0.028024,Sample Business Label 14d9bbad
165-003475,Sample Business Label a1f0b04c,Sample Business Label 54e25788,Sample Business Label 96053b3e,pcs,piece,Sample Business Label 4bf28cec,Sample Business Label bde42e5a,Purchased,14.00,,,1.00,2.150051,Sample Business Label 14d9bbad
849-001213,Sample Business Label beedfd0e,7061-T6,Sample Business Label 96053b3e,pcs,piece,Sample Business Label 4bf28cec,Sample Business Label 0f3d50d5,Purchased,1.00,,,1.00,579.999959,Sample Business Label 14d9bbad
539-000532,Sample Business Label b85ec631,20mR，1206，1%，1W,Sample Business Label 887d7f95,pcs,piece,Sample Business Label 17302eae,Sample Business Label 5fe53d48,Purchased,91.00,,,1.00,0.137182,Sample Business Label 14d9bbad
165-003393,Sample Business Label 1763a97d,Sample Business Label b8ba89cc,Sample Business Label 96053b3e,pcs,piece,Sample Business Label 4bf28cec,Sample Business Label bde42e5a,Purchased,1.00,,,1.00,252.999994,Sample Business Label 14d9bbad
606-000070,Sample Business Label 406bb9fb,Sample Business Label 0926fb77,Sample Business Label 761a79a0,pcs,piece,Sample Business Label 0e5444d0,Sample Business Label 84fc6382,Purchased,14.00,,,1.00,,Sample Business Label 14d9bbad
539-000479,Sample Business Label b85ec631,"2K,1812,1%,",Sample Business Label 887d7f95,pcs,piece,Sample Business Label 17302eae,Sample Business Label 5fe53d48,Purchased,80.00,,,1.00,,Sample Business Label 14d9bbad
812-000094,Sample Business Label 04371844,Sample Business Label 163e1931,Sample Business Label 887d7f95,pcs,piece,Sample Business Label 4bf28cec,Sample Business Label f34ff6fa,Purchased,17.00,,,1.00,0.176167,Sample Business Label 14d9bbad
321-000376,Sample Business Label e1cd8df2,YN402_BACK_KEY_P0_PCB,Sample Business Label 1674b06f,pcs,piece,Sample Business Label 17302eae,Sample Business Label cbf023bc,Purchased,30.00,,,1.00,0.309959,Sample Business Label 14d9bbad
364-000057,Sample Business Label 0ef46b3b,TMD0603P025TF/16,Sample Business Label 887d7f95,pcs,piece,Sample Business Label 17302eae,Sample Business Label d8af7f3d,Purchased,28.00,,,1.00,,Sample Business Label 14d9bbad
795-000721,Sample Business Label 58f07822,Sample Business Label 8f3d4704,Sample Business Label 7bdc2d0a,pcs,piece,Sample Business Label 4bf28cec,Sample Business Label 2d85aff0,Purchased,21.00,,,1.00,,Sample Business Label 14d9bbad
770-000145,Sample Business Label 3c38d7b6,Sample Business Label df4f26b7,Sample Business Label 887d7f95,pcs,piece,Sample Business Label 4bf28cec,Sample Business Label 25c31db5,Purchased,25.00,,,1.00,,Sample Business Label 14d9bbad
539-000145,Sample Business Label b85ec631,"160K,0402,1%",Sample Business Label 887d7f95,pcs,piece,Sample Business Label 17302eae,Sample Business Label 5fe53d48,Purchased,84.00,,,1.00,0.001921,Sample Business Label 14d9bbad
849-001288,Sample Business Label bb5e8a25,M3*26 45#,Sample Business Label 96053b3e,pcs,piece,Sample Business Label 4bf28cec,Sample Business Label 0f3d50d5,Purchased,1.00,,,1.00,0.184755,Sample Business Label 14d9bbad
165-001905,Sample Business Label 5b04308a,,Sample Business Label 1674b06f,pcs,piece,Sample Business Label 4bf28cec,Sample Business Label bde42e5a,Purchased,10.00,,,1.00,,Sample Business Label 14d9bbad
527-000033,Sample Business Label 066ae8fd,RRS3025000C12A,Sample Business Label 887d7f95,pcs,piece,Sample Business Label 17302eae,Sample Business Label f5e6f23a,Purchased,28.00,,,1.00,,Sample Business Label 14d9bbad
539-000264,Sample Business Label b85ec631,"11K,0402,1%",Sample Business Label 887d7f95,pcs,piece,Sample Business Label 17302eae,Sample Business Label 5fe53d48,Purchased,98.00,,,1.00,0.001469,Sample Business Label 14d9bbad
725-000010,Sample Business Label 05087a91,"100nF,16V,0402,10%",Sample Business Label 887d7f95,pcs,piece,Sample Business Label 17302eae,Sample Business Label 07789cfe,Purchased,70.00,,,1.00,0.003955,Sample Business Label 14d9bbad
353-000180,Sample Business Label a6630460,,Sample Business Label 96053b3e,pcs,piece,Sample Business Label f0207843,Sample Business Label e1a5ffe2,In-house,,,,1.00,,Sample Business Label 14d9bbad
321-000295,Sample Business Label f0ff5b26,Sample Business Label f0ff5b26,Sample Business Label 1674b06f,pcs,piece,Sample Business Label 17302eae,Sample Business Label cbf023bc,Purchased,90.00,,,1.00,2.585440,Sample Business Label 14d9bbad
539-000473,Sample Business Label b85ec631,"28K,0402,1%",Sample Business Label 887d7f95,pcs,piece,Sample Business Label 17302eae,Sample Business Label 5fe53d48,Purchased,42.00,,,1.00,0.001356,Sample Business Label 14d9bbad
795-000266,Sample Business Label a6228e82,Sample Business Label e4cd7f77,Sample Business Label 7bdc2d0a,pcs,piece,Sample Business Label 4bf28cec,Sample Business Label 2d85aff0,Purchased,28.00,,,1.00,,Sample Business Label 14d9bbad
321-000467,UB200L_Camera_EX12_P0_PCB,UB200L_Camera_EX12_P0_PCB,Sample Business Label 735ac064,pcs,piece,Sample Business Label 17302eae,Sample Business Label cbf023bc,Purchased,35.00,,,1.00,1.979986,Sample Business Label 14d9bbad
527-000023,Sample Business Label 066ae8fd,Y322524MMB4SI,Sample Business Label 887d7f95,pcs,piece,Sample Business Label 17302eae,Sample Business Label f5e6f23a,Purchased,30.00,,,1.00,,Sample Business Label 14d9bbad
725-000361,Sample Business Label 05087a91,10pF 50V 1402 5% C0G,Sample Business Label 887d7f95,pcs,piece,Sample Business Label 17302eae,Sample Business Label 07789cfe,Purchased,77.00,,,1.00,0.002486,Sample Business Label 14d9bbad
972-000801,Sample Business Label e0216d61,OSI8242S1-DSSR,Sample Business Label 887d7f95,pcs,piece,Sample Business Label 17302eae,Sample Business Label 09caa247,Purchased,90.00,,,1.00,2.600017,Sample Business Label 14d9bbad
165-003448,Sample Business Label a6e2fcd2,F70-GPJ120,Sample Business Label 96053b3e,pcs,piece,Sample Business Label 4bf28cec,Sample Business Label bde42e5a,Purchased,28.00,,,1.00,36.899924,Sample Business Label 14d9bbad
358-000105,Sample Business Label a1d3a332,L2N7002LT1G,Sample Business Label 887d7f95,pcs,piece,Sample Business Label 17302eae,Sample Business Label 5bce86f3,Purchased,105.00,,,1.00,0.033448,Sample Business Label 14d9bbad
364-000060,Sample Business Label 0ef46b3b,2920L110/60,Sample Business Label 887d7f95,pcs,piece,Sample Business Label 17302eae,Sample Business Label d8af7f3d,Purchased,126.00,,,1.00,,Sample Business Label 14d9bbad
795-000335,Sample Business Label 4ddd00ed,10*10*2mm，4W/m.k,Sample Business Label 735ac064,pcs,piece,Sample Business Label 4bf28cec,Sample Business Label 2d85aff0,Purchased,14.00,,,1.00,,Sample Business Label 14d9bbad
165-001537,Sample Business Label 7a3d2607,Sample Business Label cd8f669b,Sample Business Label 1674b06f,pcs,piece,Sample Business Label 4bf28cec,Sample Business Label bde42e5a,Purchased,35.00,,,1.00,,Sample Business Label 14d9bbad
795-000330,Sample Business Label ad79884f,Sample Business Label 1c9ae424,Autonomous Driving,pcs,piece,Sample Business Label 4bf28cec,Sample Business Label 2d85aff0,Purchased,1.00,,,1.00,,Sample Business Label 14d9bbad
539-000208,Sample Business Label b85ec631,"39K,0402,1%",Sample Business Label 887d7f95,pcs,piece,Sample Business Label 17302eae,Sample Business Label 5fe53d48,Purchased,56.00,,,1.00,0.001243,Sample Business Label 14d9bbad
972-000700,Sample Business Label 61d36be8,UEF8232EN1/N1Z,Sample Business Label 887d7f95,pcs,piece,Sample Business Label 17302eae,Sample Business Label 09caa247,Purchased,112.00,,,1.00,60.699984,Sample Business Label 14d9bbad
165-000726,Sample Business Label 44272d1a,Sample Business Label af81ad11,Autonomous Driving,pcs,piece,Sample Business Label 4bf28cec,Sample Business Label bde42e5a,Purchased,14.00,,,1.00,,Sample Business Label 14d9bbad
588-000192,Sample Business Label 67c38de9,YS101_MAINBOARD_P3_S01_PCBA,Sample Business Label 7bdc2d0a,pcs,piece,Sample Business Label f0207843,Sample Business Label 6ca8a46d,Outsourced,28.00,,,1.00,,Sample Business Label 14d9bbad
849-001339,Sample Business Label 53530f7f,QE14,Sample Business Label 96053b3e,pcs,piece,Sample Business Label 4bf28cec,Sample Business Label 0f3d50d5,Purchased,1.00,,,1.00,2.825000,Sample Business Label 14d9bbad
972-000619,LDO,TGM2225-ADJXS8G/TR,Sample Business Label 887d7f95,pcs,piece,Sample Business Label 17302eae,Sample Business Label 09caa247,Purchased,64.00,,,1.00,0.920046,Sample Business Label 14d9bbad
725-000226,Sample Business Label 05087a91,"100nF,50V,0402,10%",Sample Business Label 887d7f95,pcs,piece,Sample Business Label 17302eae,Sample Business Label 07789cfe,Purchased,98.00,,,1.00,0.007458,Sample Business Label 14d9bbad
725-000046,Sample Business Label 05087a91,"10uF,25V,1206,10%",Sample Business Label 887d7f95,pcs,piece,Sample Business Label 17302eae,Sample Business Label 07789cfe,Purchased,70.00,,,1.00,0.074015,Sample Business Label 14d9bbad
733-000023,Sample Business Label 43b7aeb5,TWPA5040S2R2NT,Sample Business Label 887d7f95,pcs,piece,Sample Business Label 17302eae,Sample Business Label f3f2ee9b,Purchased,42.00,,,1.00,0.165997,Sample Business Label 14d9bbad
539-000334,Sample Business Label b85ec631,"200R,0402,1%",Sample Business Label 887d7f95,pcs,piece,Sample Business Label 17302eae,Sample Business Label 5fe53d48,Purchased,84.00,,,1.00,0.001921,Sample Business Label 14d9bbad
972-000490,Sample Business Label 1c534c76,TC668S-CN,Sample Business Label 887d7f95,pcs,piece,Sample Business Label 17302eae,Sample Business Label 09caa247,Purchased,64.00,,,1.00,371.999955,Sample Business Label 14d9bbad
994-000451,Sample Business Label 8207a727,,Sample Business Label 1674b06f,pcs,piece,Sample Business Label 4bf28cec,Sample Business Label d9643929,Purchased,35.00,,,1.00,,Sample Business Label 14d9bbad
972-000720,Sample Business Label f1782838,NT9103ET,Sample Business Label 887d7f95,pcs,piece,Sample Business Label 17302eae,Sample Business Label 09caa247,Purchased,45.00,,,1.00,0.500025,Sample Business Label 14d9bbad
849-001289,Sample Business Label 2c5e8559,Sample Business Label 1a678e90,Sample Business Label 96053b3e,pcs,piece,Sample Business Label 4bf28cec,Sample Business Label 0f3d50d5,Purchased,1.00,,,1.00,0.034013,Sample Business Label 14d9bbad
165-002325,Sample Business Label 41b6a478,Sample Business Label 52b29496,Sample Business Label 1674b06f,pcs,piece,Sample Business Label 4bf28cec,Sample Business Label bde42e5a,Purchased,28.00,,,1.00,,Sample Business Label 14d9bbad
165-002672,Sample Business Label a5a5550e,Sample Business Label e888f047,Autonomous Driving,pcs,piece,Sample Business Label 4bf28cec,Sample Business Label bde42e5a,Purchased,28.00,,,1.00,30.060034,Sample Business Label 14d9bbad
165-003396,Sample Business Label 0802a57a,Sample Business Label b8ba89cc,Sample Business Label 96053b3e,pcs,piece,Sample Business Label 4bf28cec,Sample Business Label bde42e5a,Purchased,1.00,,,1.00,28.000044,Sample Business Label 14d9bbad
725-000318,Sample Business Label 05087a91,"22nf,50V,1206,5%,NP0/C0G",Sample Business Label 887d7f95,pcs,piece,Sample Business Label 17302eae,Sample Business Label 07789cfe,Purchased,112.00,,,1.00,0.320016,Sample Business Label 14d9bbad
733-000120,Sample Business Label a49aa04c,THP0603-100M,Sample Business Label 887d7f95,pcs,piece,Sample Business Label 17302eae,Sample Business Label f3f2ee9b,Purchased,30.00,,,1.00,0.240012,Sample Business Label 14d9bbad
454-000245,Sample Business Label 2b176d5b,TM540C,Sample Business Label 887d7f95,pcs,piece,Sample Business Label 17302eae,Sample Business Label 5680b573,Purchased,91.00,,,1.00,0.350300,Sample Business Label 14d9bbad
321-000556,YN403_Mainboard_P2_PCB,YN403_Mainboard_P2_PCB,Autonomous Driving,pcs,piece,Sample Business Label 17302eae,Sample Business Label cbf023bc,Purchased,35.00,,,1.00,,Sample Business Label 14d9bbad
795-000466,Sample Business Label c6985bd9,Sample Business Label 0dc77a02,Sample Business Label 1674b06f,pcs,piece,Sample Business Label 4bf28cec,Sample Business Label 2d85aff0,Purchased,8.00,,,1.00,,Sample Business Label 14d9bbad
733-000190,Sample Business Label c16ef3b5,TDCL0603Q1N5BT02B03,Sample Business Label 887d7f95,pcs,piece,Sample Business Label 17302eae,Sample Business Label f3f2ee9b,Purchased,84.00,,,1.00,0.007232,Sample Business Label 14d9bbad
725-000345,Sample Business Label 05087a91,"100NF,50V,0603,10%",Sample Business Label 887d7f95,pcs,piece,Sample Business Label 17302eae,Sample Business Label 07789cfe,Purchased,98.00,,,1.00,0.005989,Sample Business Label 14d9bbad
165-002305,Sample Business Label bae0d2ef,Sample Business Label db5a687d,Sample Business Label 1674b06f,pcs,piece,Sample Business Label 4bf28cec,Sample Business Label bde42e5a,Purchased,28.00,,,1.00,,Sample Business Label 14d9bbad
593-000025,Sample Business Label 6ce6c0e5,,Sample Business Label 7bdc2d0a,pcs,piece,Sample Business Label f0207843,Sample Business Label a68f67a0,In-house,10.00,,,1.00,,Sample Business Label 14d9bbad
795-000481,Sample Business Label 4fc8821b,L*W*H=63*22*7.3mm,Sample Business Label 7bdc2d0a,pcs,piece,Sample Business Label 4bf28cec,Sample Business Label 2d85aff0,Purchased,21.00,,,1.00,0.200010,Sample Business Label 14d9bbad
725-000024,Sample Business Label 05087a91,"10pF,50V,0402,5%",Sample Business Label 887d7f95,pcs,piece,Sample Business Label 17302eae,Sample Business Label 07789cfe,Purchased,126.00,,,1.00,0.008023,Sample Business Label 14d9bbad
972-000498,Sample Business Label 5049c091,TGM48017CXN5G/TR,Sample Business Label 887d7f95,pcs,piece,Sample Business Label 17302eae,Sample Business Label 09caa247,Purchased,42.00,,,1.00,0.920046,Sample Business Label 14d9bbad
725-000004,Sample Business Label 05087a91,"39pF,50v,0402,5%",Sample Business Label 887d7f95,pcs,piece,Sample Business Label 17302eae,Sample Business Label 07789cfe,Purchased,126.00,,,1.00,0.007458,Sample Business Label 14d9bbad
321-000427,Sample Business Label c9524659,YS410_YI3519_P1_PCB,Sample Business Label 1674b06f,pcs,piece,Sample Business Label 17302eae,Sample Business Label cbf023bc,Purchased,45.00,,,1.00,9.500023,Sample Business Label 14d9bbad
883-000083,Sample Business Label 8346c002,,Autonomous Driving,pcs,piece,Sample Business Label f0207843,Sample Business Label 42ea933a,In-house,1.00,,,1.00,,Sample Business Label 14d9bbad
849-001210,Sample Business Label ed26b4e1,Sample Business Label 03a32517,Sample Business Label 96053b3e,pcs,piece,Sample Business Label 4bf28cec,Sample Business Label 0f3d50d5,Purchased,1.00,,,1.00,14.999959,Sample Business Label 14d9bbad
321-000296,Sample Business Label 72461b9d,Sample Business Label 72461b9d,Sample Business Label 1674b06f,pcs,piece,Sample Business Label 17302eae,Sample Business Label cbf023bc,Purchased,35.00,,,1.00,,Sample Business Label 14d9bbad
994-000525,Sample Business Label 6e94e10c,Sample Business Label 71c3e00f,Sample Business Label 1674b06f,pcs,piece,Sample Business Label 4bf28cec,Sample Business Label d9643929,Purchased,35.00,,,1.00,,Sample Business Label 14d9bbad
165-002353,Sample Business Label ec82dd52,Sample Business Label e1788440,Sample Business Label 1674b06f,pcs,piece,Sample Business Label 4bf28cec,Sample Business Label bde42e5a,Purchased,28.00,,,1.00,,Sample Business Label 14d9bbad
972-000708,Sample Business Label 1c8e817e,TGM8199L1XC6G/TR,Sample Business Label 887d7f95,pcs,piece,Sample Business Label 17302eae,Sample Business Label 09caa247,Purchased,64.00,,,1.00,0.820041,Sample Business Label 14d9bbad
539-000325,Sample Business Label b85ec631,"510R,0805,1%",Sample Business Label 887d7f95,pcs,piece,Sample Business Label 17302eae,Sample Business Label 5fe53d48,Purchased,30.00,,,1.00,0.005198,Sample Business Label 14d9bbad
165-001901,Sample Business Label 10059af8,Sample Business Label db69a223,Sample Business Label 1674b06f,pcs,piece,Sample Business Label 4bf28cec,Sample Business Label bde42e5a,Purchased,45.00,,,1.00,,Sample Business Label 14d9bbad
165-002639,Sample Business Label 0dbcbdfa,Sample Business Label 05b82427,Autonomous Driving,pcs,piece,Sample Business Label 4bf28cec,Sample Business Label bde42e5a,Purchased,28.00,,,1.00,0.200010,Sample Business Label 14d9bbad
454-000207,Sample Business Label a1d8cc22,S-MR2105LT1G,Sample Business Label 887d7f95,pcs,piece,Sample Business Label 17302eae,Sample Business Label 5680b573,Purchased,105.00,,,1.00,0.145770,Sample Business Label 14d9bbad
725-000359,Sample Business Label 05087a91,100nF 16V 1402 10% X7R,Sample Business Label 887d7f95,pcs,piece,Sample Business Label 17302eae,Sample Business Label 07789cfe,Purchased,77.00,,,1.00,0.002486,Sample Business Label 14d9bbad
165-001902,Sample Business Label 9fe91b1b,Sample Business Label a3878b0a,Sample Business Label 1674b06f,pcs,piece,Sample Business Label 4bf28cec,Sample Business Label bde42e5a,Purchased,138.00,,,1.00,,Sample Business Label 14d9bbad
849-001308,Sample Business Label 37a0da7c,Sample Business Label 3fd7a239,Sample Business Label 96053b3e,pcs,piece,Sample Business Label 4bf28cec,Sample Business Label 0f3d50d5,Purchased,1.00,,,1.00,0.190066,Sample Business Label 14d9bbad
606-000216,Sample Business Label b866cf53,530mm*330mm*200mm,Sample Business Label 5c716e22,pcs,piece,Sample Business Label 0e5444d0,Sample Business Label 84fc6382,Purchased,14.00,,,1.00,,Sample Business Label 14d9bbad
539-000296,Sample Business Label b85ec631,"75R,0603,1%",Sample Business Label 887d7f95,pcs,piece,Sample Business Label 17302eae,Sample Business Label 5fe53d48,Purchased,84.00,,,1.00,0.002825,Sample Business Label 14d9bbad
849-001171,Sample Business Label 92021618,Sample Business Label c3761a82,Sample Business Label 96053b3e,pcs,piece,Sample Business Label 4bf28cec,Sample Business Label 0f3d50d5,Purchased,28.00,,,1.00,59.999949,Sample Business Label 14d9bbad
539-000005,Sample Business Label b85ec631,"1K,0402,1%",Sample Business Label 887d7f95,pcs,piece,Sample Business Label 17302eae,Sample Business Label 5fe53d48,Purchased,84.00,,,1.00,0.001921,Sample Business Label 14d9bbad
795-001134,Sample Business Label 16a5698d,Sample Business Label d87c631d,Sample Business Label 1674b06f,pcs,piece,Sample Business Label 4bf28cec,Sample Business Label 2d85aff0,Purchased,14.00,,,1.00,0.249956,Sample Business Label 14d9bbad
454-000321,Sample Business Label 13a7d943,5.0SMDJ90CA,Sample Business Label 887d7f95,pcs,piece,Sample Business Label 17302eae,Sample Business Label 5680b573,Purchased,70.00,,,1.00,0.889988,Sample Business Label 14d9bbad
468-000373,Sample Business Label 437d36fc,Sample Business Label 4dff9fa9,Sample Business Label 761a79a0,pcs,piece,Sample Business Label 0e5444d0,Sample Business Label a5e675d6,Purchased,10.00,,,1.00,,Sample Business Label 14d9bbad
994-000069,Sample Business Label 756ea6fa,Sample Business Label 31f95adb,Sample Business Label 7bdc2d0a,pcs,piece,Sample Business Label 4bf28cec,Sample Business Label d9643929,Purchased,35.00,,,1.00,10.999985,Sample Business Label 14d9bbad
725-000048,Sample Business Label 05087a91,"22uf,25V,1206,10%",Sample Business Label 887d7f95,pcs,piece,Sample Business Label 17302eae,Sample Business Label 07789cfe,Purchased,70.00,,,1.00,0.529970,Sample Business Label 14d9bbad
849-001197,Sample Business Label ea6f7d2c,45#、R235,Sample Business Label 96053b3e,pcs,piece,Sample Business Label 4bf28cec,Sample Business Label 0f3d50d5,Purchased,1.00,,,1.00,68.000010,Sample Business Label 14d9bbad
539-000032,Sample Business Label b85ec631,"2.2K,0402,1%",Sample Business Label 887d7f95,pcs,piece,Sample Business Label 17302eae,Sample Business Label 5fe53d48,Purchased,84.00,,,1.00,0.001469,Sample Business Label 14d9bbad
356-000750,Sample Business Label 0febb1d4,PFSC-YNA-CP4-4,Sample Business Label 1674b06f,pcs,piece,Sample Business Label 17302eae,Sample Business Label db158135,Purchased,35.00,,,1.00,100.000028,Sample Business Label 14d9bbad
539-000137,Sample Business Label b85ec631,"7.5K,0603,1%",Sample Business Label 887d7f95,pcs,piece,Sample Business Label 17302eae,Sample Business Label 5fe53d48,Purchased,84.00,,,1.00,0.003503,Sample Business Label 14d9bbad
972-000332,Sample Business Label b108b47b,VM3483EESA,Sample Business Label 887d7f95,pcs,piece,Sample Business Label 17302eae,Sample Business Label 09caa247,Purchased,21.00,,,1.00,2.483966,Sample Business Label 14d9bbad
321-000579,Sample Business Label cc919b36,Sample Business Label cc919b36,Sample Business Label 1674b06f,pcs,piece,Sample Business Label 17302eae,Sample Business Label cbf023bc,Purchased,90.00,,,1.00,56.438980,Sample Business Label 14d9bbad
849-001224,Sample Business Label c807170f,7061-T6,Sample Business Label 96053b3e,pcs,piece,Sample Business Label 4bf28cec,Sample Business Label 0f3d50d5,Purchased,1.00,,,1.00,399.999999,Sample Business Label 14d9bbad
554-000082,Sample Business Label 606c52f7,TGM2059-ADJXN5G/TR,Sample Business Label 887d7f95,pcs,piece,Sample Business Label 17302eae,Sample Business Label 042b653a,Purchased,56.00,,,1.00,0.380019,Sample Business Label 14d9bbad
770-000073,Sample Business Label 75340750,AL108L-7B3,Sample Business Label 887d7f95,pcs,piece,Sample Business Label 4bf28cec,Sample Business Label 25c31db5,Purchased,35.00,,,1.00,,Sample Business Label 14d9bbad
321-000444,Sample Business Label 0925614a,Sample Business Label 0925614a,Sample Business Label 1674b06f,pcs,piece,Sample Business Label 17302eae,Sample Business Label cbf023bc,Purchased,35.00,,,1.00,0.900045,Sample Business Label 14d9bbad
165-003483,Sample Business Label e23ef905,Sample Business Label 9ded4ccb,Sample Business Label 1674b06f,pcs,piece,Sample Business Label 4bf28cec,Sample Business Label bde42e5a,Purchased,1.00,,,1.00,,Sample Business Label 14d9bbad
539-000235,Sample Business Label b85ec631,"2.4K,0402,1%",Sample Business Label 887d7f95,pcs,piece,Sample Business Label 17302eae,Sample Business Label 5fe53d48,Purchased,84.00,,,1.00,0.001469,Sample Business Label 14d9bbad
849-000903,Sample Business Label 9923e26e,Sample Business Label 92753a8e,Sample Business Label 887d7f95,pcs,piece,Sample Business Label 4bf28cec,Sample Business Label 0f3d50d5,Purchased,35.00,,,1.00,,Sample Business Label 14d9bbad
321-000352,Sample Business Label 6ebd68fd,Sample Business Label 6ebd68fd,Sample Business Label 1674b06f,pcs,piece,Sample Business Label 17302eae,Sample Business Label cbf023bc,Purchased,30.00,,,1.00,0.812696,Sample Business Label 14d9bbad
791-000015,Sample Business Label 8593e497,Sample Business Label d110d342,Autonomous Driving,pcs,piece,Sample Business Label f0207843,Sample Business Label eba66936,In-house,1.00,,,1.00,,Sample Business Label 14d9bbad
849-001012,Sample Business Label e39f9ae9,Sample Business Label 6577803f,Autonomous Driving,pcs,piece,Sample Business Label 4bf28cec,Sample Business Label 0f3d50d5,Purchased,14.00,,,1.00,0.051980,Sample Business Label 14d9bbad
539-000339,Sample Business Label b85ec631,"16.2K,0402,1%",Sample Business Label 887d7f95,pcs,piece,Sample Business Label 17302eae,Sample Business Label 5fe53d48,Purchased,98.00,,,1.00,0.001469,Sample Business Label 14d9bbad
539-000097,Sample Business Label b85ec631,"300K,0402,1%",Sample Business Label 887d7f95,pcs,piece,Sample Business Label 17302eae,Sample Business Label 5fe53d48,Purchased,84.00,,,1.00,0.001469,Sample Business Label 14d9bbad
588-000654,YN403_KEYBOARD_P0_PCBA,YN403_KEYBOARD_P0_PCBA,Autonomous Driving,pcs,piece,Sample Business Label f0207843,Sample Business Label 6ca8a46d,Outsourced,14.00,,,1.00,,Sample Business Label 14d9bbad
972-000839,Sample Business Label b0584487,UPA6582-VS1R,Sample Business Label 887d7f95,pcs,piece,Sample Business Label 17302eae,Sample Business Label 09caa247,Purchased,112.00,,,1.00,0.500025,Sample Business Label 14d9bbad
539-000226,Sample Business Label b85ec631,"0R,0603,1%",Sample Business Label 887d7f95,pcs,piece,Sample Business Label 17302eae,Sample Business Label 5fe53d48,Purchased,35.00,,,1.00,0.002599,Sample Business Label 14d9bbad
725-000247,Sample Business Label 05087a91,"0.22uF,6.3V,0201,10%",Sample Business Label 887d7f95,pcs,piece,Sample Business Label 17302eae,Sample Business Label 07789cfe,Purchased,84.00,,,1.00,0.016046,Sample Business Label 14d9bbad
725-000368,Sample Business Label 05087a91,4.7nF 50V 1402 10% X7R,Sample Business Label 887d7f95,pcs,piece,Sample Business Label 17302eae,Sample Business Label 07789cfe,Purchased,77.00,,,1.00,0.002147,Sample Business Label 14d9bbad
849-001245,Sample Business Label bb387570,,Sample Business Label 96053b3e,pcs,piece,Sample Business Label 4bf28cec,Sample Business Label 0f3d50d5,Purchased,1.00,,,1.00,8.899541,Sample Business Label 14d9bbad
356-000480,EF40C-24DP-0.4V(51),Sample Business Label 2fcff508,Sample Business Label 887d7f95,pcs,piece,Sample Business Label 4bf28cec,Sample Business Label db158135,Purchased,45.00,,,1.00,1.799977,Sample Business Label 14d9bbad
795-001136,Sample Business Label cd82cd34,Sample Business Label d87c631d,Sample Business Label 1674b06f,pcs,piece,Sample Business Label 4bf28cec,Sample Business Label 2d85aff0,Purchased,14.00,,,1.00,0.080004,Sample Business Label 14d9bbad
165-003430,Sample Business Label 6dfbee99,Sample Business Label 3ffd6f49,Sample Business Label 96053b3e,pcs,piece,Sample Business Label 4bf28cec,Sample Business Label bde42e5a,Purchased,14.00,,,1.00,0.140007,Sample Business Label 14d9bbad
725-000087,Sample Business Label 05087a91,"10NF,50V,0603,10%",Sample Business Label 887d7f95,pcs,piece,Sample Business Label 17302eae,Sample Business Label 07789cfe,Purchased,126.00,,,1.00,0.007006,Sample Business Label 14d9bbad
972-000542,Sample Business Label 98773c20,TC200REMNB-F53-UGNDG,Sample Business Label 887d7f95,pcs,piece,Sample Business Label 17302eae,Sample Business Label 09caa247,Purchased,56.00,,,1.00,600.000055,Sample Business Label 14d9bbad
725-000224,Sample Business Label 05087a91,"2.2uF,6.3V,0402,10%",Sample Business Label 887d7f95,pcs,piece,Sample Business Label 17302eae,Sample Business Label 07789cfe,Purchased,126.00,,,1.00,0.008588,Sample Business Label 14d9bbad
165-001770,Sample Business Label 8cd69a8f,Sample Business Label 6064c358,Sample Business Label 1674b06f,pcs,piece,Sample Business Label 4bf28cec,Sample Business Label bde42e5a,Purchased,35.00,,,1.00,19.230001,Sample Business Label 14d9bbad
505-000047,Sample Business Label 860681ae,Sample Business Label 2fe9568d,Autonomous Driving,pcs,piece,Sample Business Label 4bf28cec,Sample Business Label 77afae54,Purchased,45.00,,,1.00,,Sample Business Label 14d9bbad
972-000575,Sample Business Label fa2cd2bf,BL-M8821CS1,Sample Business Label 887d7f95,pcs,piece,Sample Business Label 17302eae,Sample Business Label 09caa247,Purchased,28.00,,,1.00,14.600052,Sample Business Label 14d9bbad
454-000289,Sample Business Label 9c92236a,TVS，5000W，Vbrmax=18.60 V，Vc-max=24.4V,Sample Business Label 887d7f95,pcs,piece,Sample Business Label 17302eae,Sample Business Label 5680b573,Purchased,56.00,,,1.00,0.825013,Sample Business Label 14d9bbad
725-000419,Sample Business Label 05087a91,"1.5nf,10v,0201,10%,X7R",Sample Business Label 887d7f95,pcs,piece,Sample Business Label 17302eae,Sample Business Label 07789cfe,Purchased,84.00,,,1.00,0.025312,Sample Business Label 14d9bbad
539-000498,Sample Business Label b85ec631,"4.02K,2512,1%",Sample Business Label 887d7f95,pcs,piece,Sample Business Label 17302eae,Sample Business Label 5fe53d48,Purchased,35.00,,,1.00,0.068026,Sample Business Label 14d9bbad
725-000068,Sample Business Label 05087a91,"4.7uF,6.3V,0603,10%",Sample Business Label 887d7f95,pcs,piece,Sample Business Label 17302eae,Sample Business Label 07789cfe,Purchased,70.00,,,1.00,0.011978,Sample Business Label 14d9bbad
454-000236,Sample Business Label 2b176d5b,"CAT46WJ,115",Sample Business Label 887d7f95,pcs,piece,Sample Business Label 17302eae,Sample Business Label 5680b573,Purchased,126.00,,,1.00,0.122266,Sample Business Label 14d9bbad
165-002708,Sample Business Label e5cb4334,Sample Business Label 952bed27,Autonomous Driving,pcs,piece,Sample Business Label 4bf28cec,Sample Business Label bde42e5a,Purchased,35.00,,,1.00,0.500025,Sample Business Label 14d9bbad
849-000846,Sample Business Label 4708b288,Sample Business Label 9e33d00e,Sample Business Label 887d7f95,pcs,piece,Sample Business Label 4bf28cec,Sample Business Label 0f3d50d5,Purchased,14.00,,,1.00,,Sample Business Label 14d9bbad
356-000490,Sample Business Label a39fde03,Sample Business Label 292cae4d,Sample Business Label 887d7f95,pcs,piece,Sample Business Label 4bf28cec,Sample Business Label db158135,Purchased,42.00,,,1.00,4.800014,Sample Business Label 14d9bbad
849-001218,Sample Business Label df77cffc,Sample Business Label 03a32517,Sample Business Label 96053b3e,pcs,piece,Sample Business Label 4bf28cec,Sample Business Label 0f3d50d5,Purchased,1.00,,,1.00,37.999979,Sample Business Label 14d9bbad
539-000153,Sample Business Label b85ec631,"300R,0402,1%",Sample Business Label 887d7f95,pcs,piece,Sample Business Label 17302eae,Sample Business Label 5fe53d48,Purchased,98.00,,,1.00,0.001921,Sample Business Label 14d9bbad
165-001757,Sample Business Label 46c1fee4,Sample Business Label ed210fce,Sample Business Label 1674b06f,pcs,piece,Sample Business Label 4bf28cec,Sample Business Label bde42e5a,Purchased,35.00,,,1.00,14.999959,Sample Business Label 14d9bbad
321-000458,Sample Business Label f21c6ba8,Sample Business Label f21c6ba8,Sample Business Label 1674b06f,pcs,piece,Sample Business Label 17302eae,Sample Business Label cbf023bc,Purchased,90.00,,,1.00,,Sample Business Label 14d9bbad
733-000212,Sample Business Label de3ed42c,VPZ1608W260-6R0TF,Sample Business Label 887d7f95,pcs,piece,Sample Business Label 17302eae,Sample Business Label f3f2ee9b,Purchased,105.00,,,1.00,0.027007,Sample Business Label 14d9bbad
165-002619,Sample Business Label 5982d79c,Sample Business Label 4b3ab383,Sample Business Label 1674b06f,pcs,piece,Sample Business Label 4bf28cec,Sample Business Label bde42e5a,Purchased,14.00,,,1.00,32.000018,Sample Business Label 14d9bbad
770-000080,Sample Business Label 2382f250,Sample Business Label dbc44a57,Sample Business Label 887d7f95,pcs,piece,Sample Business Label 4bf28cec,Sample Business Label 25c31db5,Purchased,35.00,,,1.00,,Sample Business Label 14d9bbad
994-000392,Sample Business Label 82053409,Sample Business Label 145ecdac,Sample Business Label 5c716e22,pcs,piece,Sample Business Label 4bf28cec,Sample Business Label d9643929,Purchased,35.00,,,1.00,,Sample Business Label 14d9bbad
165-001960,Sample Business Label d57a4e59,Sample Business Label af2f8b41,Sample Business Label 1674b06f,pcs,piece,Sample Business Label 4bf28cec,Sample Business Label bde42e5a,Purchased,28.00,,,1.00,,Sample Business Label 14d9bbad
403-000059,Sample Business Label 83e6d45a,Sample Business Label 9b3684ab,Sample Business Label 96053b3e,pcs,piece,Sample Business Label 17302eae,Sample Business Label 78e42e38,Purchased,1.00,,,1.00,1700.000024,Sample Business Label 14d9bbad
972-000532,DDR3L,JS46TR16128DL-125KBLA2,Sample Business Label 887d7f95,pcs,piece,Sample Business Label 17302eae,Sample Business Label 09caa247,Purchased,112.00,,,1.00,,Sample Business Label 14d9bbad
363-000551,Sample Business Label 79ddfaa5,,Sample Business Label 96053b3e,pcs,piece,Sample Business Label 0e5444d0,Sample Business Label 797c70ef,Purchased,35.00,,,1.00,9.999935,Sample Business Label 14d9bbad
165-001460,Sample Business Label d163df4c,Sample Business Label 36acb550,Autonomous Driving,pcs,piece,Sample Business Label 4bf28cec,Sample Business Label bde42e5a,Purchased,28.00,,,1.00,,Sample Business Label 14d9bbad
539-000606,Sample Business Label b85ec631,"0R,1206,1%,1/4W",Sample Business Label 887d7f95,pcs,piece,Sample Business Label 17302eae,Sample Business Label 5fe53d48,Purchased,84.00,,,1.00,0.010961,Sample Business Label 14d9bbad
725-000241,Sample Business Label 05087a91,"1nF,50v,0201,10%,X7R",Sample Business Label 887d7f95,pcs,piece,Sample Business Label 17302eae,Sample Business Label 07789cfe,Purchased,98.00,,,1.00,0.002599,Sample Business Label 14d9bbad
454-000216,Sample Business Label 1ac5d02b,JRC-U33CA,Sample Business Label 887d7f95,pcs,piece,Sample Business Label 17302eae,Sample Business Label 5680b573,Purchased,56.00,,,1.00,2.820028,Sample Business Label 14d9bbad
527-000009,Sample Business Label 066ae8fd,E5FA8E000000JE,Sample Business Label 887d7f95,pcs,piece,Sample Business Label 17302eae,Sample Business Label f5e6f23a,Purchased,70.00,,,1.00,,Sample Business Label 14d9bbad
733-000021,Sample Business Label 43b7aeb5,TWPA5040S4R7NT,Sample Business Label 887d7f95,pcs,piece,Sample Business Label 17302eae,Sample Business Label f3f2ee9b,Purchased,56.00,,,1.00,0.168031,Sample Business Label 14d9bbad
165-001561,Sample Business Label 2cd8d6f4,14.9mm*3mm*4.5mm,Autonomous Driving,pcs,piece,Sample Business Label 4bf28cec,Sample Business Label bde42e5a,Purchased,21.00,,,1.00,0.035030,Sample Business Label 14d9bbad
994-000233,Sample Business Label 7b60e7e4,Sample Business Label f2e44ac6,Sample Business Label 1674b06f,pcs,piece,Sample Business Label 4bf28cec,Sample Business Label d9643929,Purchased,35.00,,,1.00,5.799951,Sample Business Label 14d9bbad
358-000082,Sample Business Label 3d6ff65c,BOD407,Sample Business Label 887d7f95,pcs,piece,Sample Business Label 17302eae,Sample Business Label 5bce86f3,Purchased,140.00,,,1.00,1.799525,Sample Business Label 14d9bbad
849-001207,Sample Business Label d43fed8b,Sample Business Label 03a32517,Sample Business Label 96053b3e,pcs,piece,Sample Business Label 4bf28cec,Sample Business Label 0f3d50d5,Purchased,1.00,,,1.00,243.879990,Sample Business Label 14d9bbad
725-000448,Sample Business Label 05087a91,"10UF,4V,0402,20%,X6S",Sample Business Label 887d7f95,pcs,piece,Sample Business Label 17302eae,Sample Business Label 07789cfe,Purchased,126.00,,,1.00,0.045991,Sample Business Label 14d9bbad
972-000536,MCU,YN32E230C8T6,Sample Business Label 887d7f95,pcs,piece,Sample Business Label 17302eae,Sample Business Label 09caa247,Purchased,84.00,,,1.00,1.630025,Sample Business Label 14d9bbad
539-000321,Sample Business Label 15708170,MR2512-23R005F4,Sample Business Label 887d7f95,pcs,piece,Sample Business Label 17302eae,Sample Business Label 5fe53d48,Purchased,56.00,,,1.00,0.429965,Sample Business Label 14d9bbad
356-000379,Sample Business Label 85663e83,ZZKA1002WR-S-8P,Sample Business Label 887d7f95,pcs,piece,Sample Business Label 4bf28cec,Sample Business Label db158135,Purchased,25.00,,,1.00,0.229955,Sample Business Label 14d9bbad
725-000222,Sample Business Label 05087a91,"6.2pF,50V,0402,0.25pF",Sample Business Label 887d7f95,pcs,piece,Sample Business Label 17302eae,Sample Business Label 07789cfe,Purchased,98.00,,,1.00,0.004068,Sample Business Label 14d9bbad
849-001201,Sample Business Label 91ffffa5,Sample Business Label a95993fd,Sample Business Label 96053b3e,pcs,piece,Sample Business Label 4bf28cec,Sample Business Label 0f3d50d5,Purchased,1.00,,,1.00,37.999979,Sample Business Label 14d9bbad
725-000007,Sample Business Label 05087a91,"220pF,50V,0402,5%",Sample Business Label 887d7f95,pcs,piece,Sample Business Label 17302eae,Sample Business Label 07789cfe,Purchased,126.00,,,1.00,0.005989,Sample Business Label 14d9bbad
165-000663,Sample Business Label c726c5a0,93*17*1,Sample Business Label 761a79a0,pcs,piece,Sample Business Label 4bf28cec,Sample Business Label bde42e5a,Purchased,21.00,,,1.00,,Sample Business Label 14d9bbad
972-000674,Sample Business Label c11fd6ce,NXT906AM-BD,Sample Business Label 887d7f95,pcs,piece,Sample Business Label 17302eae,Sample Business Label 09caa247,Purchased,28.00,,,1.00,16.500034,Sample Business Label 14d9bbad
182-000025,Sample Business Label f8a181bc,Sample Business Label 5c0c1a96,Sample Business Label 5c716e22,pcs,piece,Sample Business Label 4bf28cec,Sample Business Label cbbb88c6,Purchased,84.00,,,1.00,10.170000,Sample Business Label 14d9bbad
165-001860,Sample Business Label f313f274,Sample Business Label daf1ee04,Sample Business Label 1674b06f,pcs,piece,Sample Business Label 4bf28cec,Sample Business Label bde42e5a,Purchased,28.00,,,1.00,,Sample Business Label 14d9bbad
165-003427,Sample Business Label e01f06da,Sample Business Label 3ffd6f49,Sample Business Label 96053b3e,pcs,piece,Sample Business Label 4bf28cec,Sample Business Label bde42e5a,Purchased,14.00,,,1.00,3.390000,Sample Business Label 14d9bbad
165-002079,Sample Business Label 36b83ecb,Sample Business Label ad8d6075,Sample Business Label 7bdc2d0a,pcs,piece,Sample Business Label 4bf28cec,Sample Business Label bde42e5a,Purchased,28.00,,,1.00,,Sample Business Label 14d9bbad
165-001982,Sample Business Label 99d7a785,Sample Business Label f9fe26ae,Sample Business Label 1674b06f,pcs,piece,Sample Business Label 4bf28cec,Sample Business Label bde42e5a,Purchased,21.00,,,1.00,,Sample Business Label 14d9bbad
972-000011,Sample Business Label 28672e74,DP2296GMM,Sample Business Label 887d7f95,pcs,piece,Sample Business Label 17302eae,Sample Business Label 09caa247,Purchased,28.00,,,1.00,,Sample Business Label 14d9bbad
972-000341,LDO,TGM2021-2.5YN3G/TR,Sample Business Label 887d7f95,pcs,piece,Sample Business Label 17302eae,Sample Business Label 09caa247,Purchased,64.00,,,1.00,0.236961,Sample Business Label 14d9bbad
165-001816,Sample Business Label 00f82a05,Sample Business Label 7d2a0c5f,Sample Business Label 1674b06f,pcs,piece,Sample Business Label 4bf28cec,Sample Business Label bde42e5a,Purchased,28.00,,,1.00,76.499983,Sample Business Label 14d9bbad
588-000653,YN403_USB&SIM_P1_PCBA,YN403_USB&SIM_P1_PCBA,Autonomous Driving,pcs,piece,Sample Business Label f0207843,Sample Business Label 6ca8a46d,Outsourced,14.00,,,1.00,,Sample Business Label 14d9bbad
733-000147,Sample Business Label de3ed42c,VPZ1005D121-1R3TF,Sample Business Label 887d7f95,pcs,piece,Sample Business Label 17302eae,Sample Business Label f3f2ee9b,Purchased,56.00,,,1.00,0.010961,Sample Business Label 14d9bbad
165-002326,Sample Business Label f9dbc5dc,Sample Business Label f8a18794,Sample Business Label 1674b06f,pcs,piece,Sample Business Label 4bf28cec,Sample Business Label bde42e5a,Purchased,35.00,,,1.00,,Sample Business Label 14d9bbad
539-000012,Sample Business Label b85ec631,"27K,0402,1%",Sample Business Label 887d7f95,pcs,piece,Sample Business Label 17302eae,Sample Business Label 5fe53d48,Purchased,84.00,,,1.00,0.001921,Sample Business Label 14d9bbad
539-000312,Sample Business Label b85ec631,"30R,0402,1%,1/16W",Sample Business Label 887d7f95,pcs,piece,Sample Business Label 17302eae,Sample Business Label 5fe53d48,Purchased,112.00,,,1.00,0.002825,Sample Business Label 14d9bbad
454-000004,Sample Business Label cd58a380,ESD9B5VL-2/TR,Sample Business Label 887d7f95,pcs,piece,Sample Business Label 17302eae,Sample Business Label 5680b573,Purchased,28.00,,,1.00,0.076049,Sample Business Label 14d9bbad
165-001431,Sample Business Label 19cefe2b,Sample Business Label 0d657e0d,Sample Business Label 1674b06f,pcs,piece,Sample Business Label 4bf28cec,Sample Business Label bde42e5a,Purchased,35.00,,,1.00,,Sample Business Label 14d9bbad
972-000795,Sample Business Label 0f697359,NP3367GR,Sample Business Label 887d7f95,pcs,piece,Sample Business Label 17302eae,Sample Business Label 09caa247,Purchased,112.00,,,1.00,4.250043,Sample Business Label 14d9bbad
165-003449,Sample Business Label 332a824b,F70-GCB520,Sample Business Label 96053b3e,pcs,piece,Sample Business Label 4bf28cec,Sample Business Label bde42e5a,Purchased,1.00,,,1.00,36.900037,Sample Business Label 14d9bbad
165-002304,Sample Business Label c4cf9ce3,Sample Business Label 8f43e1ec,Sample Business Label 1674b06f,pcs,piece,Sample Business Label 4bf28cec,Sample Business Label bde42e5a,Purchased,28.00,,,1.00,12.799962,Sample Business Label 14d9bbad
795-000825,Sample Business Label 86db30f3,Sample Business Label fb39a2f1,Sample Business Label 1674b06f,pcs,piece,Sample Business Label 4bf28cec,Sample Business Label 2d85aff0,Purchased,21.00,,,1.00,0.449966,Sample Business Label 14d9bbad
972-000778,Sample Business Label 184e1d64,MM331BXF,Sample Business Label 887d7f95,pcs,piece,Sample Business Label 17302eae,Sample Business Label 09caa247,Purchased,56.00,,,1.00,0.220011,Sample Business Label 14d9bbad
165-001997,Sample Business Label 4b125d78,Sample Business Label 5d6bf15b,Sample Business Label 1674b06f,pcs,piece,Sample Business Label 4bf28cec,Sample Business Label bde42e5a,Purchased,14.00,,,1.00,,Sample Business Label 14d9bbad
733-000185,Sample Business Label c16ef3b5,"100nH,0201",Sample Business Label 887d7f95,pcs,piece,Sample Business Label 17302eae,Sample Business Label f3f2ee9b,Purchased,84.00,,,1.00,0.009831,Sample Business Label 14d9bbad
321-000445,Sample Business Label bbf01479,Sample Business Label bbf01479,Sample Business Label 1674b06f,pcs,piece,Sample Business Label 17302eae,Sample Business Label cbf023bc,Purchased,35.00,,,1.00,1.000050,Sample Business Label 14d9bbad
588-000616,Sample Business Label 777ce12e,Sample Business Label 777ce12e,Sample Business Label 1674b06f,pcs,piece,Sample Business Label f0207843,Sample Business Label 6ca8a46d,Outsourced,13.00,,,1.00,,Sample Business Label 14d9bbad
725-000162,Sample Business Label 05087a91,"22nf,50v,0402,10%",Sample Business Label 887d7f95,pcs,piece,Sample Business Label 17302eae,Sample Business Label 07789cfe,Purchased,126.00,,,1.00,0.006215,Sample Business Label 14d9bbad
364-000059,Sample Business Label 0ef46b3b,TMD0603P004TF,Sample Business Label 887d7f95,pcs,piece,Sample Business Label 17302eae,Sample Business Label d8af7f3d,Purchased,112.00,,,1.00,0.144979,Sample Business Label 14d9bbad
539-000081,Sample Business Label b85ec631,"93.1K,0402,1%",Sample Business Label 887d7f95,pcs,piece,Sample Business Label 17302eae,Sample Business Label 5fe53d48,Purchased,98.00,,,1.00,0.001469,Sample Business Label 14d9bbad
364-000077,Sample Business Label 5d4aa9a6,2010T8A250V,Sample Business Label 887d7f95,pcs,piece,Sample Business Label 17302eae,Sample Business Label d8af7f3d,Purchased,67.00,,,1.00,,Sample Business Label 14d9bbad
849-001342,Sample Business Label 1922f1bd,M6*18,Sample Business Label 96053b3e,pcs,piece,Sample Business Label 4bf28cec,Sample Business Label 0f3d50d5,Purchased,1.00,,,1.00,0.432338,Sample Business Label 14d9bbad
454-000174,Sample Business Label 2b176d5b,TS36A,Sample Business Label 887d7f95,pcs,piece,Sample Business Label 17302eae,Sample Business Label 5680b573,Purchased,28.00,,,1.00,0.088027,Sample Business Label 14d9bbad
849-000761,Sample Business Label a0263e4e,Sample Business Label b7960e58,Sample Business Label 887d7f95,pcs,piece,Sample Business Label 4bf28cec,Sample Business Label 0f3d50d5,Purchased,28.00,,,1.00,,Sample Business Label 14d9bbad
588-000712,Sample Business Label e797a51c,Sample Business Label e797a51c,Autonomous Driving,pcs,piece,Sample Business Label f0207843,Sample Business Label 6ca8a46d,Outsourced,14.00,,,1.00,,Sample Business Label 14d9bbad
725-000235,Sample Business Label 05087a91,"22uF,10V,1206,10%,X7R",Sample Business Label 887d7f95,pcs,piece,Sample Business Label 17302eae,Sample Business Label 07789cfe,Purchased,168.00,,,1.00,0.224983,Sample Business Label 14d9bbad
849-001172,Sample Business Label 1ec44ece,Sample Business Label b4babe50,Sample Business Label 96053b3e,pcs,piece,Sample Business Label 4bf28cec,Sample Business Label 0f3d50d5,Purchased,1.00,,,1.00,118.000024,Sample Business Label 14d9bbad
454-000168,Sample Business Label 8a8f04f8,SB521S-30,Sample Business Label 887d7f95,pcs,piece,Sample Business Label 17302eae,Sample Business Label 5680b573,Purchased,28.00,,,1.00,0.043053,Sample Business Label 14d9bbad
356-000231,Sample Business Label ed2967b9,XB1001A-05R-TAND,Sample Business Label 887d7f95,pcs,piece,Sample Business Label 4bf28cec,Sample Business Label db158135,Purchased,25.00,,,1.00,0.200010,Sample Business Label 14d9bbad
539-000629,Sample Business Label b85ec631,560R，0603，1%，100mW,Sample Business Label 887d7f95,pcs,piece,Sample Business Label 17302eae,Sample Business Label 5fe53d48,Purchased,84.00,,,1.00,0.004520,Sample Business Label 14d9bbad
725-000003,Sample Business Label 05087a91,"33pF,50V,0402,5%",Sample Business Label 887d7f95,pcs,piece,Sample Business Label 17302eae,Sample Business Label 07789cfe,Purchased,126.00,,,1.00,0.008023,Sample Business Label 14d9bbad
733-000189,Sample Business Label 1ef5a5d1,TWPA4020S100MT,Sample Business Label 887d7f95,pcs,piece,Sample Business Label 17302eae,Sample Business Label f3f2ee9b,Purchased,63.00,,,1.00,0.144979,Sample Business Label 14d9bbad
795-000818,Sample Business Label a3aba256,Sample Business Label d920ed3e,Sample Business Label 1674b06f,pcs,piece,Sample Business Label 4bf28cec,Sample Business Label 2d85aff0,Purchased,21.00,,,1.00,0.520026,Sample Business Label 14d9bbad
356-000438,Sample Business Label 24960b64,L*W*H=8*5*6.5mm,Sample Business Label 887d7f95,pcs,piece,Sample Business Label 4bf28cec,Sample Business Label db158135,Purchased,25.00,,,1.00,0.080004,Sample Business Label 14d9bbad
849-001243,Sample Business Label ea0c3b4c,Sample Business Label 52d6fe55,Sample Business Label 96053b3e,pcs,piece,Sample Business Label 4bf28cec,Sample Business Label 0f3d50d5,Purchased,35.00,,,1.00,43.000003,Sample Business Label 14d9bbad
725-000249,Sample Business Label 05087a91,"1uF,10V,0201,20%",Sample Business Label 887d7f95,pcs,piece,Sample Business Label 17302eae,Sample Business Label 07789cfe,Purchased,112.00,,,1.00,0.010509,Sample Business Label 14d9bbad
165-002176,Sample Business Label 846e2305,Sample Business Label 331af606,Sample Business Label 1674b06f,pcs,piece,Sample Business Label 4bf28cec,Sample Business Label bde42e5a,Purchased,21.00,,,1.00,,Sample Business Label 14d9bbad
356-000189,Sample Business Label b64426f9,G0503WR-S-40P,Sample Business Label 887d7f95,pcs,piece,Sample Business Label 4bf28cec,Sample Business Label db158135,Purchased,30.00,,,1.00,2.549054,Sample Business Label 14d9bbad
356-000425,Sample Business Label f52ba421,CT20-06V45-40B,Sample Business Label 887d7f95,pcs,piece,Sample Business Label 4bf28cec,Sample Business Label db158135,Purchased,25.00,,,1.00,0.880044,Sample Business Label 14d9bbad
972-000746,CPU,SK3562J,Sample Business Label 887d7f95,pcs,piece,Sample Business Label 17302eae,Sample Business Label 09caa247,Purchased,28.00,,,1.00,52.000001,Sample Business Label 14d9bbad
725-000413,Sample Business Label 05087a91,1pF， 50V， 0402， ±0.1pF,Sample Business Label 887d7f95,pcs,piece,Sample Business Label 17302eae,Sample Business Label 07789cfe,Purchased,98.00,,,1.00,0.006328,Sample Business Label 14d9bbad
454-000302,Sample Business Label 0c135faf,KEU0524P,Sample Business Label 887d7f95,pcs,piece,Sample Business Label 17302eae,Sample Business Label 5680b573,Purchased,56.00,,,1.00,0.088027,Sample Business Label 14d9bbad
725-000142,Sample Business Label 05087a91,"10uF,25V,0603,20%",Sample Business Label 887d7f95,pcs,piece,Sample Business Label 17302eae,Sample Business Label 07789cfe,Purchased,70.00,,,1.00,0.060455,Sample Business Label 14d9bbad
454-000023,Sample Business Label cd58a380,ESD5Z12T1G,Sample Business Label 887d7f95,pcs,piece,Sample Business Label 17302eae,Sample Business Label 5680b573,Purchased,63.00,,,1.00,,Sample Business Label 14d9bbad
165-002280,Sample Business Label 3a3bd678,Sample Business Label 97c160ed,Autonomous Driving,pcs,piece,Sample Business Label 4bf28cec,Sample Business Label bde42e5a,Purchased,14.00,,,1.00,,Sample Business Label 14d9bbad
972-000590,Sample Business Label 7f655a45,GP2S+,Sample Business Label 887d7f95,pcs,piece,Sample Business Label 17302eae,Sample Business Label 09caa247,Purchased,84.00,,,1.00,9.500023,Sample Business Label 14d9bbad
539-000352,Sample Business Label b85ec631,"110K,0603,1%",Sample Business Label 887d7f95,pcs,piece,Sample Business Label 17302eae,Sample Business Label 5fe53d48,Purchased,84.00,,,1.00,0.003503,Sample Business Label 14d9bbad
838-000314,Sample Business Label d564fa0e,Sample Business Label c6124687,Sample Business Label 735ac064,pcs,piece,Sample Business Label 0e5444d0,Sample Business Label 6e9ebdaf,Purchased,28.00,,,1.00,,Sample Business Label 14d9bbad
972-000617,Sample Business Label b9889c19,TM0103-TASH421-X02,Sample Business Label 887d7f95,pcs,piece,Sample Business Label 17302eae,Sample Business Label 09caa247,Purchased,45.00,,,1.00,1.639969,Sample Business Label 14d9bbad
356-000384,Sample Business Label 76cb18d6,ZZKA1251WV-S-6P,Sample Business Label 887d7f95,pcs,piece,Sample Business Label 4bf28cec,Sample Business Label db158135,Purchased,25.00,,,1.00,0.175037,Sample Business Label 14d9bbad
358-000120,PMOS,KMPL1050AP-13,Sample Business Label 887d7f95,pcs,piece,Sample Business Label 17302eae,Sample Business Label 5bce86f3,Purchased,112.00,,,1.00,1.049996,Sample Business Label 14d9bbad
733-000203,Sample Business Label 43b7aeb5,OR5040-680M,Sample Business Label 887d7f95,pcs,piece,Sample Business Label 17302eae,Sample Business Label f3f2ee9b,Purchased,31.00,,,1.00,0.149951,Sample Business Label 14d9bbad
356-000433,Sample Business Label 90690458,XB1503A-004R-TAGF,Sample Business Label 887d7f95,pcs,piece,Sample Business Label 4bf28cec,Sample Business Label db158135,Purchased,25.00,,,1.00,0.549971,Sample Business Label 14d9bbad
972-000937,Sample Business Label ed904416,NXR7999VF,Sample Business Label 887d7f95,pcs,piece,Sample Business Label 17302eae,Sample Business Label 09caa247,Purchased,112.00,,,1.00,28.000044,Sample Business Label 14d9bbad
725-000070,Sample Business Label 05087a91,"22uF,6.3V,0603,20%",Sample Business Label 887d7f95,pcs,piece,Sample Business Label 17302eae,Sample Business Label 07789cfe,Purchased,70.00,,,1.00,0.028024,Sample Business Label 14d9bbad
165-002378,Sample Business Label e917764c,Sample Business Label d449f359,Autonomous Driving,pcs,piece,Sample Business Label 4bf28cec,Sample Business Label bde42e5a,Purchased,14.00,,,1.00,0.049720,Sample Business Label 14d9bbad
588-000331,UB200_KeyBoard_P2_S01_PCBA,UB200_KeyBoard_P2_S01_PCBA,Sample Business Label 735ac064,pcs,piece,Sample Business Label f0207843,Sample Business Label 6ca8a46d,Outsourced,8.00,,,1.00,,Sample Business Label 14d9bbad
539-000040,Sample Business Label b85ec631,"20K,0402,1%",Sample Business Label 887d7f95,pcs,piece,Sample Business Label 17302eae,Sample Business Label 5fe53d48,Purchased,84.00,,,1.00,0.001921,Sample Business Label 14d9bbad
972-000807,Sample Business Label fb9c1b1c,UPP363080-T6TR,Sample Business Label 887d7f95,pcs,piece,Sample Business Label 17302eae,Sample Business Label 09caa247,Purchased,112.00,,,1.00,0.849986,Sample Business Label 14d9bbad
367-000102,Sample Business Label e8c4b42d,Sample Business Label 6a106dcd,Sample Business Label 1674b06f,pcs,piece,Sample Business Label e9fffb2c,Sample Business Label f51590d4,In-house,1.00,,,1.00,,Sample Business Label 14d9bbad
972-000802,Sample Business Label 041d51c3,M511C-2C：S2-I4065,Sample Business Label 887d7f95,pcs,piece,Sample Business Label 17302eae,Sample Business Label 09caa247,Purchased,28.00,,,1.00,12.200045,Sample Business Label 14d9bbad
725-000084,Sample Business Label 05087a91,"10UF,16V,0603,10%",Sample Business Label 887d7f95,pcs,piece,Sample Business Label 17302eae,Sample Business Label 07789cfe,Purchased,126.00,,,1.00,0.049833,Sample Business Label 14d9bbad
539-000541,Sample Business Label b85ec631,13K，0402，1%,Sample Business Label 887d7f95,pcs,piece,Sample Business Label 17302eae,Sample Business Label 5fe53d48,Purchased,84.00,,,1.00,0.001469,Sample Business Label 14d9bbad
353-000186,Sample Business Label acf70782,,Sample Business Label 96053b3e,pcs,piece,Sample Business Label 4bf28cec,Sample Business Label e1a5ffe2,In-house,1.00,,,1.00,,Sample Business Label 14d9bbad
725-000329,Sample Business Label 05087a91,"10nF,50V,0402,10%",Sample Business Label 887d7f95,pcs,piece,Sample Business Label 17302eae,Sample Business Label 07789cfe,Purchased,98.00,,,1.00,0.002599,Sample Business Label 14d9bbad
539-000063,Sample Business Label b85ec631,"240R,0402,1%",Sample Business Label 887d7f95,pcs,piece,Sample Business Label 17302eae,Sample Business Label 5fe53d48,Purchased,84.00,,,1.00,0.001921,Sample Business Label 14d9bbad
165-001423,Sample Business Label 231a4984,Sample Business Label 83fe873b,Sample Business Label 1674b06f,pcs,piece,Sample Business Label 4bf28cec,Sample Business Label bde42e5a,Purchased,14.00,,,1.00,,Sample Business Label 14d9bbad
725-000246,Sample Business Label 05087a91,"10uF,10V,0805,10%,X7R",Sample Business Label 887d7f95,pcs,piece,Sample Business Label 17302eae,Sample Business Label 07789cfe,Purchased,126.00,,,1.00,0.044974,Sample Business Label 14d9bbad
165-001934,Sample Business Label 620777a8,Sample Business Label 71c32e8c,Sample Business Label 1674b06f,pcs,piece,Sample Business Label 4bf28cec,Sample Business Label bde42e5a,Purchased,28.00,,,1.00,,Sample Business Label 14d9bbad
994-000154,Sample Business Label 5f093ea5,Sample Business Label 8c51054d,Sample Business Label 7bdc2d0a,pcs,piece,Sample Business Label 4bf28cec,Sample Business Label d9643929,Purchased,1.00,,,1.00,3.419945,Sample Business Label 14d9bbad
849-001266,Sample Business Label 8d5c3ba4,Sample Business Label 6cb658f4,Sample Business Label 96053b3e,pcs,piece,Sample Business Label 4bf28cec,Sample Business Label 0f3d50d5,Purchased,1.00,,,1.00,1.808000,Sample Business Label 14d9bbad
725-000407,Sample Business Label ffd9a3bc,"VDC 25V,10UF,-55~105°%20",Sample Business Label 887d7f95,pcs,piece,Sample Business Label 17302eae,Sample Business Label 07789cfe,Purchased,56.00,,,1.00,1.150001,Sample Business Label 14d9bbad
725-000165,Sample Business Label 2b6aed53,BWS5R5474V,Sample Business Label 887d7f95,pcs,piece,Sample Business Label 17302eae,Sample Business Label 07789cfe,Purchased,42.00,,,1.00,1.330010,Sample Business Label 14d9bbad
539-000075,Sample Business Label b85ec631,"16.9K,0402,1%",Sample Business Label 887d7f95,pcs,piece,Sample Business Label 17302eae,Sample Business Label 5fe53d48,Purchased,98.00,,,1.00,0.001921,Sample Business Label 14d9bbad
849-001290,Sample Business Label 1193ee20,Sample Business Label 7bd6d90a,Sample Business Label 96053b3e,pcs,piece,Sample Business Label 4bf28cec,Sample Business Label 0f3d50d5,Purchased,1.00,,,1.00,0.078196,Sample Business Label 14d9bbad
358-000075,MOSFET,KMTL3407A,Sample Business Label 887d7f95,pcs,piece,Sample Business Label 17302eae,Sample Business Label 5bce86f3,Purchased,84.00,,,1.00,0.095033,Sample Business Label 14d9bbad
165-003436,Sample Business Label 5b4dae04,T2,Sample Business Label 96053b3e,pcs,piece,Sample Business Label 4bf28cec,Sample Business Label bde42e5a,Purchased,1.00,,,1.00,85.499981,Sample Business Label 14d9bbad
725-000138,Sample Business Label 05087a91,"220nF,25v,0402,10%",Sample Business Label 887d7f95,pcs,piece,Sample Business Label 17302eae,Sample Business Label 07789cfe,Purchased,126.00,,,1.00,0.012995,Sample Business Label 14d9bbad
454-000337,Sample Business Label 13a7d943,SMBJ6.5CA,Sample Business Label 887d7f95,pcs,piece,Sample Business Label 17302eae,Sample Business Label 5680b573,Purchased,70.00,,,1.00,0.134018,Sample Business Label 14d9bbad
165-000758,Sample Business Label ba640a19,818000377,Sample Business Label 5c716e22,pcs,piece,Sample Business Label 4bf28cec,Sample Business Label bde42e5a,Purchased,21.00,,,1.00,,Sample Business Label 14d9bbad
356-000610,Sample Business Label 997c39c5,Sample Business Label b8642c3b,Sample Business Label 1674b06f,pcs,piece,Sample Business Label 4bf28cec,Sample Business Label db158135,Purchased,35.00,,,1.00,1.299952,Sample Business Label 14d9bbad
972-000623,Sample Business Label bcae7b88,BL-M8821CS2-VI,Sample Business Label 887d7f95,pcs,piece,Sample Business Label 17302eae,Sample Business Label 09caa247,Purchased,60.00,,,1.00,19.000046,Sample Business Label 14d9bbad
849-001315,Sample Business Label 3f6a34b9,Sample Business Label 75aa32f8,Sample Business Label 96053b3e,pcs,piece,Sample Business Label 4bf28cec,Sample Business Label 0f3d50d5,Purchased,1.00,,,1.00,0.046104,Sample Business Label 14d9bbad
165-002674,Sample Business Label f99e9bef,Sample Business Label 9324171a,Autonomous Driving,pcs,piece,Sample Business Label 4bf28cec,Sample Business Label bde42e5a,Purchased,35.00,,,1.00,0.820041,Sample Business Label 14d9bbad
838-000403,Sample Business Label 99841fd2,Sample Business Label 8efb9283,Autonomous Driving,pcs,piece,Sample Business Label 0e5444d0,Sample Business Label 6e9ebdaf,Purchased,35.00,,,1.00,4.099979,Sample Business Label 14d9bbad
165-001207,Sample Business Label 40130f94,Sample Business Label 455a04f9,Sample Business Label 1674b06f,pcs,piece,Sample Business Label 4bf28cec,Sample Business Label bde42e5a,Purchased,21.00,,,1.00,,Sample Business Label 14d9bbad
972-000743,Sample Business Label ad11979b,TGM3766YTN5G/TR,Sample Business Label 887d7f95,pcs,piece,Sample Business Label 17302eae,Sample Business Label 09caa247,Purchased,64.00,,,1.00,,Sample Business Label 14d9bbad
539-000428,Sample Business Label b85ec631,"1.4R,1206,1%",Sample Business Label 887d7f95,pcs,piece,Sample Business Label 17302eae,Sample Business Label 5fe53d48,Purchased,112.00,,,1.00,0.029041,Sample Business Label 14d9bbad
849-000005,Sample Business Label 3aebe691,Sample Business Label 8b59284c,Sample Business Label 887d7f95,pcs,piece,Sample Business Label 4bf28cec,Sample Business Label 0f3d50d5,Purchased,13.00,,,1.00,,Sample Business Label 14d9bbad
539-000009,Sample Business Label b85ec631,"10.2K,0402,1%",Sample Business Label 887d7f95,pcs,piece,Sample Business Label 17302eae,Sample Business Label 5fe53d48,Purchased,84.00,,,1.00,0.001469,Sample Business Label 14d9bbad
165-000762,Sample Business Label f911db11,Sample Business Label 5b33bdba,Autonomous Driving,pcs,piece,Sample Business Label 4bf28cec,Sample Business Label bde42e5a,Purchased,21.00,,,1.00,,Sample Business Label 14d9bbad
403-000034,Sample Business Label 7a97808a,18650/32E,Sample Business Label 887d7f95,pcs,piece,Sample Business Label 17302eae,Sample Business Label 78e42e38,Purchased,33.00,,,1.00,37.000042,Sample Business Label 14d9bbad
849-001175,Sample Business Label 89ce3ac3,Sample Business Label ad945f6b,Sample Business Label 96053b3e,pcs,piece,Sample Business Label 4bf28cec,Sample Business Label 0f3d50d5,Purchased,28.00,,,1.00,14.999959,Sample Business Label 14d9bbad
358-000148,Sample Business Label c7de58d3,Si2325DS -T1-E3,Sample Business Label 887d7f95,pcs,piece,Sample Business Label 17302eae,Sample Business Label 5bce86f3,Purchased,140.00,,,1.00,1.650026,Sample Business Label 14d9bbad
725-000133,Sample Business Label 05087a91,"470nF,50V,0603,10%",Sample Business Label 887d7f95,pcs,piece,Sample Business Label 17302eae,Sample Business Label 07789cfe,Purchased,126.00,,,1.00,0.160008,Sample Business Label 14d9bbad
725-000047,Sample Business Label 05087a91,"10UF,50V,1206,10%",Sample Business Label 887d7f95,pcs,piece,Sample Business Label 17302eae,Sample Business Label 07789cfe,Purchased,56.00,,,1.00,0.124978,Sample Business Label 14d9bbad
725-000014,Sample Business Label 05087a91,"1uF,25V,0603,10%",Sample Business Label 887d7f95,pcs,piece,Sample Business Label 17302eae,Sample Business Label 07789cfe,Purchased,56.00,,,1.00,0.021244,Sample Business Label 14d9bbad
363-000574,Sample Business Label db636d89,,Sample Business Label 96053b3e,pcs,piece,Sample Business Label 0e5444d0,Sample Business Label 797c70ef,Purchased,35.00,,,1.00,27.462729,Sample Business Label 14d9bbad
733-000063,Sample Business Label c16ef3b5,MQW18AN68NG80D,Sample Business Label 887d7f95,pcs,piece,Sample Business Label 17302eae,Sample Business Label f3f2ee9b,Purchased,140.00,,,1.00,0.250973,Sample Business Label 14d9bbad
733-000211,Sample Business Label 1ef5a5d1,TWPA4020SR47NT,Sample Business Label 887d7f95,pcs,piece,Sample Business Label 17302eae,Sample Business Label f3f2ee9b,Purchased,63.00,,,1.00,0.200010,Sample Business Label 14d9bbad
733-000050,Sample Business Label 26a99aed,JCMEF112P900MFR,Sample Business Label 887d7f95,pcs,piece,Sample Business Label 17302eae,Sample Business Label f3f2ee9b,Purchased,28.00,,,1.00,0.129950,Sample Business Label 14d9bbad
849-001215,Sample Business Label 9472ca5c,Sample Business Label 03a32517,Sample Business Label 96053b3e,pcs,piece,Sample Business Label 4bf28cec,Sample Business Label 0f3d50d5,Purchased,1.00,,,1.00,16.000009,Sample Business Label 14d9bbad
972-000736,EMMC,GEMDNN032G-C9A55,Sample Business Label 887d7f95,pcs,piece,Sample Business Label 17302eae,Sample Business Label 09caa247,Purchased,72.00,,,1.00,195.000032,Sample Business Label 14d9bbad
539-000025,Sample Business Label b85ec631,"1K,1206,1%",Sample Business Label 887d7f95,pcs,piece,Sample Business Label 17302eae,Sample Business Label 5fe53d48,Purchased,84.00,,,1.00,0.011978,Sample Business Label 14d9bbad
165-003342,Sample Business Label af46a0ce,Sample Business Label 969c15c5,Sample Business Label 1674b06f,pcs,piece,Sample Business Label 4bf28cec,Sample Business Label bde42e5a,Purchased,28.00,,,1.00,19.390009,Sample Business Label 14d9bbad
972-000071,Sample Business Label ed904416,NXA2500EL,Sample Business Label 887d7f95,pcs,piece,Sample Business Label 17302eae,Sample Business Label 09caa247,Purchased,84.00,,,1.00,,Sample Business Label 14d9bbad
972-000476,Sample Business Label 6a3353a4,FH211020-9EBD-4A70,Sample Business Label 887d7f95,pcs,piece,Sample Business Label 17302eae,Sample Business Label 09caa247,Purchased,13.00,,,1.00,,Sample Business Label 14d9bbad
165-001439,Sample Business Label cd67aea4,Sample Business Label b8c94821,Sample Business Label 1674b06f,pcs,piece,Sample Business Label 4bf28cec,Sample Business Label bde42e5a,Purchased,35.00,,,1.00,,Sample Business Label 14d9bbad
588-000608,UA400_BDYW_P5_PCBA,UA400_BDYW_P5_PCBA,Sample Business Label 5c716e22,pcs,piece,Sample Business Label f0207843,Sample Business Label 6ca8a46d,Outsourced,18.00,,,1.00,,Sample Business Label 14d9bbad
359-000034,Sample Business Label 7c18dc5a,HJL18-081PA,Sample Business Label 96053b3e,pcs,piece,Sample Business Label 17302eae,Sample Business Label ddf8bc50,Purchased,1.00,,,1.00,17.999996,Sample Business Label 14d9bbad
895-000085,Sample Business Label 62e18f1f,JQ-TS-D021,Sample Business Label 887d7f95,pcs,piece,Sample Business Label 4bf28cec,Sample Business Label d7716c4a,Purchased,25.00,,,1.00,1.359955,Sample Business Label 14d9bbad
849-000025,Sample Business Label 1f07f663,Sample Business Label 5de99575,Sample Business Label 887d7f95,pcs,piece,Sample Business Label 4bf28cec,Sample Business Label 0f3d50d5,Purchased,15.00,,,1.00,,Sample Business Label 14d9bbad
165-000766,Sample Business Label 050769c4,Sample Business Label e31962a7,Autonomous Driving,pcs,piece,Sample Business Label 4bf28cec,Sample Business Label bde42e5a,Purchased,21.00,,,1.00,,Sample Business Label 14d9bbad
972-000238,Sample Business Label c9fa6e5c,EIO6012CST6,Sample Business Label 887d7f95,pcs,piece,Sample Business Label 17302eae,Sample Business Label 09caa247,Purchased,42.00,,,1.00,0.449966,Sample Business Label 14d9bbad
588-000466,YC540S_SPRINKLER_P0_S02_PCBA,YC540S_SPRINKLER_P0_S02_PCBA,Sample Business Label 1674b06f,pcs,piece,Sample Business Label f0207843,Sample Business Label 6ca8a46d,Outsourced,33.00,,,1.00,,Sample Business Label 14d9bbad
795-000906,Sample Business Label b7fb6af8,Sample Business Label 10cf5ccf,Sample Business Label 1674b06f,pcs,piece,Sample Business Label 4bf28cec,Sample Business Label 2d85aff0,Purchased,21.00,,,1.00,0.300015,Sample Business Label 14d9bbad
849-001219,Sample Business Label b3e084f4,Sample Business Label 03a32517,Sample Business Label 96053b3e,pcs,piece,Sample Business Label 4bf28cec,Sample Business Label 0f3d50d5,Purchased,1.00,,,1.00,55.000038,Sample Business Label 14d9bbad
795-001174,Sample Business Label 7c8695d2,Sample Business Label 5cfdcc7b,Sample Business Label 96053b3e,pcs,piece,Sample Business Label 4bf28cec,Sample Business Label 2d85aff0,Purchased,28.00,,,1.00,20.136600,Sample Business Label 14d9bbad
356-000236,Sample Business Label 4160e27d,B2004WRB-2X7P,Sample Business Label 887d7f95,pcs,piece,Sample Business Label 4bf28cec,Sample Business Label db158135,Purchased,30.00,,,1.00,,Sample Business Label 14d9bbad
795-000516,Sample Business Label ea0cdfd5,Sample Business Label de0d0d1e,Autonomous Driving,pcs,piece,Sample Business Label 4bf28cec,Sample Business Label 2d85aff0,Purchased,14.00,,,1.00,,Sample Business Label 14d9bbad
165-003403,Sample Business Label 00be99b2,Sample Business Label 770ccf80,Sample Business Label 96053b3e,pcs,piece,Sample Business Label 4bf28cec,Sample Business Label bde42e5a,Purchased,1.00,,,1.00,,Sample Business Label 14d9bbad
539-000043,Sample Business Label b85ec631,"37.4K,0402,1%",Sample Business Label 887d7f95,pcs,piece,Sample Business Label 17302eae,Sample Business Label 5fe53d48,Purchased,84.00,,,1.00,0.001469,Sample Business Label 14d9bbad
733-000118,Sample Business Label 43b7aeb5,OR4030-4R7M,Sample Business Label 887d7f95,pcs,piece,Sample Business Label 17302eae,Sample Business Label f3f2ee9b,Purchased,30.00,,,1.00,0.113000,Sample Business Label 14d9bbad
356-000559,Sample Business Label 60be4b65,QF202A62B-05V043-1TR,Autonomous Driving,pcs,piece,Sample Business Label 4bf28cec,Sample Business Label db158135,Purchased,25.00,,,1.00,0.649976,Sample Business Label 14d9bbad
588-000447,Sample Business Label f2dd5e15,Sample Business Label f2dd5e15,Sample Business Label 1674b06f,pcs,piece,Sample Business Label f0207843,Sample Business Label 6ca8a46d,Outsourced,33.00,,,1.00,,Sample Business Label 14d9bbad
795-000478,Sample Business Label f718161d,L*W*H=24*5*3mm，6W,Sample Business Label 1674b06f,pcs,piece,Sample Business Label 4bf28cec,Sample Business Label 2d85aff0,Purchased,14.00,,,1.00,,Sample Business Label 14d9bbad
358-000112,Sample Business Label c7de58d3,KMTJ210P02A,Sample Business Label 887d7f95,pcs,piece,Sample Business Label 17302eae,Sample Business Label 5bce86f3,Purchased,84.00,,,1.00,0.120006,Sample Business Label 14d9bbad
356-000479,V23005-01,Sample Business Label 9a45fab4,Sample Business Label 887d7f95,pcs,piece,Sample Business Label 4bf28cec,Sample Business Label db158135,Purchased,30.00,,,1.00,1.899982,Sample Business Label 14d9bbad
606-001069,Sample Business Label ea3ee9ae,Sample Business Label 3de8a276,Sample Business Label 1674b06f,pcs,piece,Sample Business Label 0e5444d0,Sample Business Label 84fc6382,Purchased,14.00,,,1.00,270.000053,Sample Business Label 14d9bbad
733-000007,Sample Business Label a49aa04c,NAPM0630F-100M-LF,Sample Business Label 887d7f95,pcs,piece,Sample Business Label 17302eae,Sample Business Label f3f2ee9b,Purchased,28.00,,,1.00,0.489968,Sample Business Label 14d9bbad
165-003392,Sample Business Label 66d87fa6,Sample Business Label b8ba89cc,Sample Business Label 96053b3e,pcs,piece,Sample Business Label 4bf28cec,Sample Business Label bde42e5a,Purchased,1.00,,,1.00,252.999994,Sample Business Label 14d9bbad
353-000189,Sample Business Label 5236e852,,Sample Business Label 96053b3e,pcs,piece,Sample Business Label f0207843,Sample Business Label e1a5ffe2,In-house,,,,1.00,,Sample Business Label 14d9bbad
725-000015,Sample Business Label 05087a91,"4.7uF,10V,0603,10%",Sample Business Label 887d7f95,pcs,piece,Sample Business Label 17302eae,Sample Business Label 07789cfe,Purchased,56.00,,,1.00,0.012995,Sample Business Label 14d9bbad
725-000436,Sample Business Label 05087a91,1.5nF，16V，0201，±10%，X7R,Sample Business Label 887d7f95,pcs,piece,Sample Business Label 17302eae,Sample Business Label 07789cfe,Purchased,98.00,,,1.00,0.003051,Sample Business Label 14d9bbad
972-000225,MCU,GS32R274KSK2MMM,Sample Business Label 887d7f95,pcs,piece,Sample Business Label 17302eae,Sample Business Label 09caa247,Purchased,363.00,,,1.00,,Sample Business Label 14d9bbad
554-000074,Sample Business Label 606c52f7,TGM2040-1.8YN5G/TR,Sample Business Label 887d7f95,pcs,piece,Sample Business Label 17302eae,Sample Business Label 042b653a,Purchased,70.00,,,1.00,0.264985,Sample Business Label 14d9bbad
358-000074,Sample Business Label a1d3a332,KMSH1004AE-13,Sample Business Label 887d7f95,pcs,piece,Sample Business Label 17302eae,Sample Business Label 5bce86f3,Purchased,84.00,,,1.00,2.079991,Sample Business Label 14d9bbad
539-000451,Sample Business Label b85ec631,"33R,0603,1%",Sample Business Label 887d7f95,pcs,piece,Sample Business Label 17302eae,Sample Business Label 5fe53d48,Purchased,84.00,,,1.00,0.020001,Sample Business Label 14d9bbad
994-000506,Sample Business Label 3ae758bc,Sample Business Label c207247a,Sample Business Label 5c716e22,pcs,piece,Sample Business Label 4bf28cec,Sample Business Label d9643929,Purchased,35.00,,,1.00,,Sample Business Label 14d9bbad
165-003408,Sample Business Label b2260fa6,QA66+30GF,Sample Business Label 96053b3e,pcs,piece,Sample Business Label 4bf28cec,Sample Business Label bde42e5a,Purchased,1.00,,,1.00,200.000056,Sample Business Label 14d9bbad
725-000008,Sample Business Label 05087a91,"6.8nF,50V,0402,10%",Sample Business Label 887d7f95,pcs,piece,Sample Business Label 17302eae,Sample Business Label 07789cfe,Purchased,126.00,,,1.00,0.005989,Sample Business Label 14d9bbad
849-000793,Sample Business Label 9a6ee307,Sample Business Label 923bcd04,Sample Business Label 887d7f95,pcs,piece,Sample Business Label 4bf28cec,Sample Business Label 0f3d50d5,Purchased,21.00,,,1.00,,Sample Business Label 14d9bbad
849-001394,Sample Business Label 9e093cdd,Sample Business Label a3fbbf1f,Sample Business Label 1674b06f,pcs,piece,Sample Business Label 4bf28cec,Sample Business Label 0f3d50d5,Purchased,1.00,,,1.00,,Sample Business Label 14d9bbad
358-000010,Sample Business Label a1d3a332,TI2304DDS-T1-GE3,Sample Business Label 887d7f95,pcs,piece,Sample Business Label 17302eae,Sample Business Label 5bce86f3,Purchased,140.00,,,1.00,0.685797,Sample Business Label 14d9bbad
165-003085,Sample Business Label 5a236ff5,Sample Business Label 97428e5d,Sample Business Label 1674b06f,pcs,piece,Sample Business Label 4bf28cec,Sample Business Label bde42e5a,Purchased,28.00,,,1.00,9.500023,Sample Business Label 14d9bbad
165-001417,Sample Business Label 3171c671,Sample Business Label 3fe64bfa,Sample Business Label 1674b06f,pcs,piece,Sample Business Label 4bf28cec,Sample Business Label bde42e5a,Purchased,35.00,,,1.00,,Sample Business Label 14d9bbad
165-002307,Sample Business Label 3706fddd,Sample Business Label f6ead2b7,Sample Business Label 1674b06f,pcs,piece,Sample Business Label 4bf28cec,Sample Business Label bde42e5a,Purchased,28.00,,,1.00,,Sample Business Label 14d9bbad
539-000015,Sample Business Label b85ec631,"53.6K,0402,1%",Sample Business Label 887d7f95,pcs,piece,Sample Business Label 17302eae,Sample Business Label 5fe53d48,Purchased,98.00,,,1.00,0.001469,Sample Business Label 14d9bbad
588-000464,YC402_SK3568_P2_S01_PCBA,YC402_SK3568_P2_S01_PCBA,Sample Business Label 1674b06f,pcs,piece,Sample Business Label f0207843,Sample Business Label 6ca8a46d,Outsourced,33.00,,,1.00,,Sample Business Label 14d9bbad
358-000013,Sample Business Label a1d3a332,CSS138LT1G,Sample Business Label 887d7f95,pcs,piece,Sample Business Label 17302eae,Sample Business Label 5bce86f3,Purchased,140.00,,,1.00,,Sample Business Label 14d9bbad
972-000672,Sample Business Label b8828692,NC280M-B0,Sample Business Label 887d7f95,pcs,piece,Sample Business Label 17302eae,Sample Business Label 09caa247,Purchased,28.00,,,1.00,16.000009,Sample Business Label 14d9bbad
725-000083,Sample Business Label 05087a91,"2.2UF,25V,0603,10%",Sample Business Label 887d7f95,pcs,piece,Sample Business Label 17302eae,Sample Business Label 07789cfe,Purchased,70.00,,,1.00,0.020453,Sample Business Label 14d9bbad
321-000364,Sample Business Label 165a0f45,Sample Business Label 165a0f45,Sample Business Label 1674b06f,pcs,piece,Sample Business Label 17302eae,Sample Business Label cbf023bc,Purchased,40.00,,,1.00,11.279999,Sample Business Label 14d9bbad
733-000095,Sample Business Label de3ed42c,CLM18SG700TN1D,Sample Business Label 887d7f95,pcs,piece,Sample Business Label 17302eae,Sample Business Label f3f2ee9b,Purchased,140.00,,,1.00,0.109949,Sample Business Label 14d9bbad
795-000661,Sample Business Label 51b37787,Sample Business Label 784067b3,Sample Business Label 1674b06f,pcs,piece,Sample Business Label 4bf28cec,Sample Business Label 2d85aff0,Purchased,35.00,,,1.00,,Sample Business Label 14d9bbad
539-000291,Sample Business Label b85ec631,"2K,0805,1%",Sample Business Label 887d7f95,pcs,piece,Sample Business Label 17302eae,Sample Business Label 5fe53d48,Purchased,112.00,,,1.00,0.011978,Sample Business Label 14d9bbad
725-000032,Sample Business Label 05087a91,"47nF,50V,0402,10%",Sample Business Label 887d7f95,pcs,piece,Sample Business Label 17302eae,Sample Business Label 07789cfe,Purchased,126.00,,,1.00,0.023956,Sample Business Label 14d9bbad
972-000328,Sample Business Label 9cf7bc28,NXT906AM,Sample Business Label 887d7f95,pcs,piece,Sample Business Label 17302eae,Sample Business Label 09caa247,Purchased,28.00,,,1.00,16.500034,Sample Business Label 14d9bbad
733-000236,Sample Business Label 1ef5a5d1,TWPA6028S4R7NT,Sample Business Label 887d7f95,pcs,piece,Sample Business Label 17302eae,Sample Business Label f3f2ee9b,Purchased,42.00,,,1.00,0.233006,Sample Business Label 14d9bbad
539-000110,Sample Business Label b85ec631,"1K,0603,1%",Sample Business Label 887d7f95,pcs,piece,Sample Business Label 17302eae,Sample Business Label 5fe53d48,Purchased,84.00,,,1.00,0.003616,Sample Business Label 14d9bbad
165-001967,Sample Business Label 557e705e,Sample Business Label 30b7f858,Sample Business Label 1674b06f,pcs,piece,Sample Business Label 4bf28cec,Sample Business Label bde42e5a,Purchased,28.00,,,1.00,,Sample Business Label 14d9bbad
849-001286,Sample Business Label b64fce68,Sample Business Label 45df7a5c,Sample Business Label 96053b3e,pcs,piece,Sample Business Label 4bf28cec,Sample Business Label 0f3d50d5,Purchased,1.00,,,1.00,0.807950,Sample Business Label 14d9bbad
539-000024,Sample Business Label b85ec631,"10R,1206,1%",Sample Business Label 887d7f95,pcs,piece,Sample Business Label 17302eae,Sample Business Label 5fe53d48,Purchased,84.00,,,1.00,0.025990,Sample Business Label 14d9bbad
543-000044,Sample Business Label 507f9f59,Sample Business Label 528b4413,Sample Business Label 5c716e22,pcs,piece,Sample Business Label f0207843,Sample Business Label 7c0d5039,In-house,1.00,,,1.00,,Sample Business Label 14d9bbad
972-000448,Sample Business Label 3aadef5e,TGM809-SXN3L/TR,Sample Business Label 887d7f95,pcs,piece,Sample Business Label 17302eae,Sample Business Label 09caa247,Purchased,64.00,,,1.00,0.169952,Sample Business Label 14d9bbad
539-000382,Sample Business Label b85ec631,"49.9K,0402,1%",Sample Business Label 887d7f95,pcs,piece,Sample Business Label 17302eae,Sample Business Label 5fe53d48,Purchased,84.00,,,1.00,0.001921,Sample Business Label 14d9bbad
165-001427,Sample Business Label 05a7e453,Sample Business Label 5225b892,Sample Business Label 1674b06f,pcs,piece,Sample Business Label 4bf28cec,Sample Business Label bde42e5a,Purchased,35.00,,,1.00,,Sample Business Label 14d9bbad
539-000252,Sample Business Label b85ec631,"240K,0402,1%",Sample Business Label 887d7f95,pcs,piece,Sample Business Label 17302eae,Sample Business Label 5fe53d48,Purchased,84.00,,,1.00,0.001469,Sample Business Label 14d9bbad
725-000405,Sample Business Label 05087a91,"2.2uf,6.3v,0402,10%",Sample Business Label 887d7f95,pcs,piece,Sample Business Label 17302eae,Sample Business Label 07789cfe,Purchased,98.00,,,1.00,0.016046,Sample Business Label 14d9bbad
554-000019,Sample Business Label 8b8d284f,VM805RE,Sample Business Label 887d7f95,pcs,piece,Sample Business Label 17302eae,Sample Business Label 042b653a,Purchased,42.00,,,1.00,0.400020,Sample Business Label 14d9bbad
549-001642,Sample Business Label 587e03cf,Sample Business Label 6a884b0b,Sample Business Label 1674b06f,pcs,piece,Sample Business Label 0e5444d0,Sample Business Label 5b88d24a,Purchased,1.00,,,1.00,272.000040,Sample Business Label 14d9bbad
539-000019,Sample Business Label b85ec631,"162K,0402,1%",Sample Business Label 887d7f95,pcs,piece,Sample Business Label 17302eae,Sample Business Label 5fe53d48,Purchased,98.00,,,1.00,0.001921,Sample Business Label 14d9bbad
972-000520,SPI NOR FLASH,YT25F128FSSIGT-W,Sample Business Label 887d7f95,pcs,piece,Sample Business Label 17302eae,Sample Business Label 09caa247,Purchased,56.00,,,1.00,3.399944,Sample Business Label 14d9bbad
972-000381,Sample Business Label ab09282c,TLM21867CA-DG,Sample Business Label 887d7f95,pcs,piece,Sample Business Label 17302eae,Sample Business Label 09caa247,Purchased,45.00,,,1.00,2.590864,Sample Business Label 14d9bbad
849-001194,Sample Business Label 77041775,Sample Business Label a95993fd,Sample Business Label 96053b3e,pcs,piece,Sample Business Label 4bf28cec,Sample Business Label 0f3d50d5,Purchased,1.00,,,1.00,68.000010,Sample Business Label 14d9bbad
795-000618,Sample Business Label b465262d,Sample Business Label 95062080,Sample Business Label 1674b06f,pcs,piece,Sample Business Label 4bf28cec,Sample Business Label 2d85aff0,Purchased,14.00,,,1.00,,Sample Business Label 14d9bbad
165-001428,Sample Business Label c51553cc,Sample Business Label 00e6e7db,Sample Business Label 1674b06f,pcs,piece,Sample Business Label 4bf28cec,Sample Business Label bde42e5a,Purchased,35.00,,,1.00,,Sample Business Label 14d9bbad
849-000783,Sample Business Label 2c73ffa6,Sample Business Label 3b6265bf,Sample Business Label 887d7f95,pcs,piece,Sample Business Label 4bf28cec,Sample Business Label 0f3d50d5,Purchased,17.00,,,1.00,,Sample Business Label 14d9bbad
165-002220,Sample Business Label d29c0e1a,216.2*180.6*28.8,Sample Business Label 735ac064,pcs,piece,Sample Business Label 4bf28cec,Sample Business Label bde42e5a,Purchased,35.00,,,1.00,,Sample Business Label 14d9bbad
795-001175,Sample Business Label 4f9b4eff,Sample Business Label ff6c6974,Sample Business Label 96053b3e,pcs,piece,Sample Business Label 4bf28cec,Sample Business Label 2d85aff0,Purchased,28.00,,,1.00,2.270735,Sample Business Label 14d9bbad
454-000181,Sample Business Label bf94698e,1N4148W,Sample Business Label 887d7f95,pcs,piece,Sample Business Label 17302eae,Sample Business Label 5680b573,Purchased,28.00,,,1.00,0.024973,Sample Business Label 14d9bbad
725-000362,Sample Business Label 05087a91,470nF 25V 1402 10% X5R,Sample Business Label 887d7f95,pcs,piece,Sample Business Label 17302eae,Sample Business Label 07789cfe,Purchased,77.00,,,1.00,0.024973,Sample Business Label 14d9bbad
972-000196,Sample Business Label ebe9fd95,SN6752V1GQW,Sample Business Label 887d7f95,pcs,piece,Sample Business Label 17302eae,Sample Business Label 09caa247,Purchased,84.00,,,1.00,,Sample Business Label 14d9bbad
549-000880,Sample Business Label 2f8477a5,Sample Business Label 5745b99e,Autonomous Driving,pcs,piece,Sample Business Label 0e5444d0,Sample Business Label 5b88d24a,Purchased,35.00,,,1.00,,Sample Business Label 14d9bbad
539-000146,Sample Business Label b85ec631,"180K,0402,1%",Sample Business Label 887d7f95,pcs,piece,Sample Business Label 17302eae,Sample Business Label 5fe53d48,Purchased,84.00,,,1.00,0.001469,Sample Business Label 14d9bbad
165-001891,Sample Business Label 8809c8ad,Sample Business Label 79eb018f,Sample Business Label 1674b06f,pcs,piece,Sample Business Label 4bf28cec,Sample Business Label bde42e5a,Purchased,42.00,,,1.00,,Sample Business Label 14d9bbad
554-000043,Sample Business Label b9f02c82,TGM2019-ADJYN5G/TR,Sample Business Label 887d7f95,pcs,piece,Sample Business Label 17302eae,Sample Business Label 042b653a,Purchased,98.00,,,1.00,0.175037,Sample Business Label 14d9bbad
838-000312,Sample Business Label d90f127f,Sample Business Label 4eff114c,Sample Business Label 735ac064,pcs,piece,Sample Business Label 0e5444d0,Sample Business Label 6e9ebdaf,Purchased,35.00,,,1.00,,Sample Business Label 14d9bbad
539-000079,Sample Business Label b85ec631,"64.9K,0402,1%",Sample Business Label 887d7f95,pcs,piece,Sample Business Label 17302eae,Sample Business Label 5fe53d48,Purchased,98.00,,,1.00,0.001469,Sample Business Label 14d9bbad
849-001297,Sample Business Label a1c3310d,Sample Business Label f8c01db0,Sample Business Label 96053b3e,pcs,piece,Sample Business Label 4bf28cec,Sample Business Label 0f3d50d5,Purchased,1.00,,,1.00,0.197750,Sample Business Label 14d9bbad
725-000210,Sample Business Label 05087a91,"100UF,6.3V,1210,20%",Sample Business Label 887d7f95,pcs,piece,Sample Business Label 17302eae,Sample Business Label 07789cfe,Purchased,126.00,,,1.00,0.508048,Sample Business Label 14d9bbad
588-000460,Sample Business Label 0bf662f1,YN402_FRONT_KEY_P1,Sample Business Label 1674b06f,pcs,piece,Sample Business Label f0207843,Sample Business Label 6ca8a46d,Outsourced,33.00,,,1.00,,Sample Business Label 14d9bbad
356-000386,Sample Business Label 9f77319f,ZZKA1251WR-S-2P,Sample Business Label 887d7f95,pcs,piece,Sample Business Label 4bf28cec,Sample Business Label db158135,Purchased,25.00,,,1.00,0.120006,Sample Business Label 14d9bbad
838-000284,Sample Business Label d769e3a4,Sample Business Label c8e1a681,Sample Business Label 1674b06f,pcs,piece,Sample Business Label 0e5444d0,Sample Business Label 6e9ebdaf,Purchased,35.00,,,1.00,,Sample Business Label 14d9bbad
165-001961,Sample Business Label 418340f0,Sample Business Label f9baf8ce,Sample Business Label 1674b06f,pcs,piece,Sample Business Label 4bf28cec,Sample Business Label bde42e5a,Purchased,35.00,,,1.00,,Sample Business Label 14d9bbad
725-000331,Sample Business Label 05087a91,"130pF,50V,0603,5%",Sample Business Label 887d7f95,pcs,piece,Sample Business Label 17302eae,Sample Business Label 07789cfe,Purchased,84.00,,,1.00,0.011978,Sample Business Label 14d9bbad
165-001858,Sample Business Label ffee4a43,Sample Business Label 4ef36060,Sample Business Label 1674b06f,pcs,piece,Sample Business Label 4bf28cec,Sample Business Label bde42e5a,Purchased,28.00,,,1.00,,Sample Business Label 14d9bbad
356-000588,Sample Business Label e12e46b1,2x2pin,Sample Business Label 1674b06f,pcs,piece,Sample Business Label 4bf28cec,Sample Business Label db158135,Purchased,25.00,,,1.00,0.420021,Sample Business Label 14d9bbad
321-000360,Sample Business Label ffcbfefd,YC540S_SPRINKLER_P0_PCB,Sample Business Label 1674b06f,pcs,piece,Sample Business Label 17302eae,Sample Business Label cbf023bc,Purchased,30.00,,,1.00,13.034550,Sample Business Label 14d9bbad
539-000147,Sample Business Label b85ec631,"200K,0402,1%",Sample Business Label 887d7f95,pcs,piece,Sample Business Label 17302eae,Sample Business Label 5fe53d48,Purchased,84.00,,,1.00,0.001921,Sample Business Label 14d9bbad
321-000303,Sample Business Label 20b73338,Sample Business Label 20b73338,Sample Business Label 1674b06f,pcs,piece,Sample Business Label 17302eae,Sample Business Label cbf023bc,Purchased,30.00,,,1.00,13.752100,Sample Business Label 14d9bbad
795-000971,Sample Business Label 1df5221c,Sample Business Label 51a04d95,Sample Business Label 1674b06f,pcs,piece,Sample Business Label 4bf28cec,Sample Business Label 2d85aff0,Purchased,28.00,,,1.00,1.799977,Sample Business Label 14d9bbad
165-000896,Sample Business Label 14cc86e0,Sample Business Label 834b0a6f,Sample Business Label 1674b06f,pcs,piece,Sample Business Label 4bf28cec,Sample Business Label bde42e5a,Purchased,42.00,,,1.00,,Sample Business Label 14d9bbad
549-001016,Sample Business Label 24469f6f,Sample Business Label 9de067f3,Sample Business Label 445dc24e,pcs,piece,Sample Business Label 0e5444d0,Sample Business Label 5b88d24a,Purchased,35.00,,,1.00,,Sample Business Label 14d9bbad
733-000124,Sample Business Label 1ef5a5d1,OR4030-1R0N,Sample Business Label 887d7f95,pcs,piece,Sample Business Label 17302eae,Sample Business Label f3f2ee9b,Purchased,30.00,,,1.00,0.108028,Sample Business Label 14d9bbad
454-000322,Sample Business Label 2b176d5b,C5819WS,Sample Business Label 887d7f95,pcs,piece,Sample Business Label 17302eae,Sample Business Label 5680b573,Purchased,30.00,,,1.00,0.060794,Sample Business Label 14d9bbad
795-000609,Sample Business Label 0b322b5f,T6.0*L5.5*W7mm,Sample Business Label 1674b06f,pcs,piece,Sample Business Label 4bf28cec,Sample Business Label 2d85aff0,Purchased,14.00,,,1.00,,Sample Business Label 14d9bbad
165-000893,Sample Business Label 0f0cc53e,Sample Business Label ebbc5228,Sample Business Label 1674b06f,pcs,piece,Sample Business Label 4bf28cec,Sample Business Label bde42e5a,Purchased,42.00,,,1.00,,Sample Business Label 14d9bbad
363-000537,Sample Business Label b9437c66,Sample Business Label c8088091,Sample Business Label 96053b3e,pcs,piece,Sample Business Label 0e5444d0,Sample Business Label 797c70ef,Purchased,35.00,,,1.00,52.829986,Sample Business Label 14d9bbad
972-000077,Sample Business Label b0584487,TGM358YS/TR,Sample Business Label 887d7f95,pcs,piece,Sample Business Label 17302eae,Sample Business Label 09caa247,Purchased,64.00,,,1.00,0.529970,Sample Business Label 14d9bbad
972-000496,MCU,YN32F427RET6,Sample Business Label 887d7f95,pcs,piece,Sample Business Label 17302eae,Sample Business Label 09caa247,Purchased,64.00,,,1.00,13.399992,Sample Business Label 14d9bbad
501-000001,Sample Business Label a0ef8431,IH087-EP5-001,Sample Business Label 887d7f95,pcs,piece,Sample Business Label 17302eae,Sample Business Label 595d3369,Purchased,45.00,,,1.00,2.828729,Sample Business Label 14d9bbad
356-000521,Sample Business Label e459e7d4,ZZKA2006WR-2x5P,Sample Business Label 887d7f95,pcs,piece,Sample Business Label 4bf28cec,Sample Business Label db158135,Purchased,25.00,,,1.00,0.164980,Sample Business Label 14d9bbad
725-000344,Sample Business Label 05087a91,"10nF,25V,0402,10%",Sample Business Label 887d7f95,pcs,piece,Sample Business Label 17302eae,Sample Business Label 07789cfe,Purchased,98.00,,,1.00,0.002486,Sample Business Label 14d9bbad
539-000362,Sample Business Label b85ec631,"68K,0402,1%",Sample Business Label 887d7f95,pcs,piece,Sample Business Label 17302eae,Sample Business Label 5fe53d48,Purchased,98.00,,,1.00,0.001469,Sample Business Label 14d9bbad
795-001200,Sample Business Label 1bd29dbd,Sample Business Label 388c8f15,Sample Business Label 96053b3e,pcs,piece,Sample Business Label 4bf28cec,Sample Business Label 2d85aff0,Purchased,28.00,,,1.00,0.731788,Sample Business Label 14d9bbad
784-000243,Sample Business Label b32ce892,,Sample Business Label 1674b06f,pcs,piece,Sample Business Label f0207843,Sample Business Label 7fb842b2,In-house,1.00,,,1.00,,Sample Business Label 14d9bbad
165-001863,Sample Business Label 6ef47de0,Sample Business Label f84a0494,Sample Business Label 1674b06f,pcs,piece,Sample Business Label 4bf28cec,Sample Business Label bde42e5a,Purchased,35.00,,,1.00,28.080048,Sample Business Label 14d9bbad
321-000233,Sample Business Label 509b79c8,801_8CONNECTOR_P3_PCB,Sample Business Label 7bdc2d0a,pcs,piece,Sample Business Label 17302eae,Sample Business Label cbf023bc,Purchased,35.00,,,1.00,0.609974,Sample Business Label 14d9bbad
165-001774,Sample Business Label 25930ffc,Sample Business Label eed08307,Sample Business Label 1674b06f,pcs,piece,Sample Business Label 4bf28cec,Sample Business Label bde42e5a,Purchased,14.00,,,1.00,0.049946,Sample Business Label 14d9bbad
972-000564,Sample Business Label 4241c466,SK3568J,Sample Business Label 887d7f95,pcs,piece,Sample Business Label 17302eae,Sample Business Label 09caa247,Purchased,42.00,,,1.00,102.999952,Sample Business Label 14d9bbad
733-000174,Sample Business Label 5d4aa9a6,2010T10A250V,Sample Business Label 887d7f95,pcs,piece,Sample Business Label 17302eae,Sample Business Label f3f2ee9b,Purchased,56.00,,,1.00,0.135035,Sample Business Label 14d9bbad
849-001038,Sample Business Label ba4a3f27,Sample Business Label b451f63f,Sample Business Label 1674b06f,pcs,piece,Sample Business Label 4bf28cec,Sample Business Label 0f3d50d5,Purchased,1.00,,,1.00,,Sample Business Label 14d9bbad
795-000439,Sample Business Label 9626f0da,L*W*H=14*14*1.2mm，6W,Sample Business Label 1674b06f,pcs,piece,Sample Business Label 4bf28cec,Sample Business Label 2d85aff0,Purchased,14.00,,,1.00,,Sample Business Label 14d9bbad
525-000183,Sample Business Label 7559bee8,,Sample Business Label 1674b06f,pcs,piece,Sample Business Label f0207843,Sample Business Label 8e427e07,In-house,1.00,,,1.00,,Sample Business Label 14d9bbad
588-000726,YN403_MAINBOARD_P2_PCBA,YN403_MAINBOARD_P2_PCBA,Autonomous Driving,pcs,piece,Sample Business Label f0207843,Sample Business Label 6ca8a46d,Outsourced,14.00,,,1.00,,Sample Business Label 14d9bbad
165-003470,Sample Business Label d3dc73af,20A,Sample Business Label 96053b3e,pcs,piece,Sample Business Label 4bf28cec,Sample Business Label bde42e5a,Purchased,28.00,,,1.00,1.159041,Sample Business Label 14d9bbad
358-000162,Sample Business Label c7de58d3,Si2325DS-T1-GE3,Sample Business Label 887d7f95,pcs,piece,Sample Business Label 17302eae,Sample Business Label 5bce86f3,Purchased,84.00,,,1.00,1.277013,Sample Business Label 14d9bbad
795-000444,Sample Business Label db0ab3b9,Sample Business Label bd130799,Sample Business Label 1674b06f,pcs,piece,Sample Business Label 4bf28cec,Sample Business Label 2d85aff0,Purchased,21.00,,,1.00,,Sample Business Label 14d9bbad
725-000304,Sample Business Label 05087a91,"10pF,50V,0402,1%,C0G",Sample Business Label 887d7f95,pcs,piece,Sample Business Label 17302eae,Sample Business Label 07789cfe,Purchased,112.00,,,1.00,0.043053,Sample Business Label 14d9bbad
733-000216,Sample Business Label 1ef5a5d1,OR4030-2R2M,Sample Business Label 887d7f95,pcs,piece,Sample Business Label 17302eae,Sample Business Label f3f2ee9b,Purchased,30.00,,,1.00,0.120006,Sample Business Label 14d9bbad
539-000404,Sample Business Label b85ec631,"6.8R,0402,1%",Sample Business Label 887d7f95,pcs,piece,Sample Business Label 17302eae,Sample Business Label 5fe53d48,Purchased,98.00,,,1.00,0.004859,Sample Business Label 14d9bbad
321-000572,Sample Business Label ba159f90,YC580_FRONT_RACK_CONTAOL_BOARD_P3_PCB,Sample Business Label 1674b06f,pcs,piece,Sample Business Label 17302eae,Sample Business Label cbf023bc,Purchased,35.00,,,1.00,30.999968,Sample Business Label 14d9bbad
725-000105,Sample Business Label 05087a91,"22uF,10V,0603,20%",Sample Business Label 887d7f95,pcs,piece,Sample Business Label 17302eae,Sample Business Label 07789cfe,Purchased,70.00,,,1.00,0.041019,Sample Business Label 14d9bbad
588-000487,YN402_MAIN_P2_PCBA,YN402_MAIN_P2_PCBA,Sample Business Label 1674b06f,pcs,piece,Sample Business Label f0207843,Sample Business Label 6ca8a46d,Outsourced,13.00,,,1.00,,Sample Business Label 14d9bbad
849-001019,Sample Business Label d2b4a0a6,Sample Business Label 4dc2b8f4,Autonomous Driving,pcs,piece,Sample Business Label 4bf28cec,Sample Business Label 0f3d50d5,Purchased,14.00,,,1.00,0.085315,Sample Business Label 14d9bbad
554-000003,Sample Business Label 5d562b5e,BMS1117-ADJ,Sample Business Label 887d7f95,pcs,piece,Sample Business Label 17302eae,Sample Business Label 042b653a,Purchased,84.00,,,1.00,0.249956,Sample Business Label 14d9bbad
539-000156,Sample Business Label 69c308f2,NLVS0603K11,Sample Business Label 887d7f95,pcs,piece,Sample Business Label 17302eae,Sample Business Label 5fe53d48,Purchased,30.00,,,1.00,0.049946,Sample Business Label 14d9bbad
165-002630,Sample Business Label 24e91f95,Sample Business Label 3fbd7b12,Sample Business Label 1674b06f,pcs,piece,Sample Business Label 4bf28cec,Sample Business Label bde42e5a,Purchased,28.00,,,1.00,,Sample Business Label 14d9bbad
165-002064,Sample Business Label f32acae1,Sample Business Label 5f0be02a,Sample Business Label 1674b06f,pcs,piece,Sample Business Label 4bf28cec,Sample Business Label bde42e5a,Purchased,14.00,,,1.00,,Sample Business Label 14d9bbad
725-000292,Sample Business Label 05087a91,"4.7nF,50V,0402",Sample Business Label 887d7f95,pcs,piece,Sample Business Label 17302eae,Sample Business Label 07789cfe,Purchased,126.00,,,1.00,,Sample Business Label 14d9bbad
539-000470,Sample Business Label b85ec631,"127K,0603,1%",Sample Business Label 887d7f95,pcs,piece,Sample Business Label 17302eae,Sample Business Label 5fe53d48,Purchased,98.00,,,1.00,0.003616,Sample Business Label 14d9bbad
363-000568,Sample Business Label 2cab1a95,,Sample Business Label 96053b3e,pcs,piece,Sample Business Label 0e5444d0,Sample Business Label 797c70ef,Purchased,35.00,,,1.00,92.004600,Sample Business Label 14d9bbad
165-001493,Sample Business Label f2ef98f5,Sample Business Label ac7bc3df,Sample Business Label 1674b06f,pcs,piece,Sample Business Label 4bf28cec,Sample Business Label bde42e5a,Purchased,17.00,,,1.00,,Sample Business Label 14d9bbad
454-000341,Sample Business Label 2b176d5b,C1040A2,Sample Business Label 887d7f95,pcs,piece,Sample Business Label 17302eae,Sample Business Label 5680b573,Purchased,30.00,,,1.00,0.044974,Sample Business Label 14d9bbad
356-000007,Sample Business Label f55890b7,D7053-03,Sample Business Label 887d7f95,pcs,piece,Sample Business Label 4bf28cec,Sample Business Label db158135,Purchased,30.00,,,1.00,1.276900,Sample Business Label 14d9bbad
165-001465,Sample Business Label 8702987d,Sample Business Label 9cb33a5f,Autonomous Driving,pcs,piece,Sample Business Label 4bf28cec,Sample Business Label bde42e5a,Purchased,21.00,,,1.00,,Sample Business Label 14d9bbad
972-000653,Sample Business Label e31c001c,BTGM332D-6N-22,Sample Business Label 887d7f95,pcs,piece,Sample Business Label 17302eae,Sample Business Label 09caa247,Purchased,28.00,,,1.00,,Sample Business Label 14d9bbad
363-000571,Sample Business Label 949051b2,,Sample Business Label 96053b3e,pcs,piece,Sample Business Label 0e5444d0,Sample Business Label 797c70ef,Purchased,35.00,,,1.00,20.240673,Sample Business Label 14d9bbad
165-002354,Sample Business Label 32f82914,Sample Business Label 501268c0,Sample Business Label 1674b06f,pcs,piece,Sample Business Label 4bf28cec,Sample Business Label bde42e5a,Purchased,21.00,,,1.00,,Sample Business Label 14d9bbad
321-000523,Sample Business Label f4b47f13,Sample Business Label f4b47f13,Sample Business Label 1674b06f,pcs,piece,Sample Business Label 17302eae,Sample Business Label cbf023bc,Purchased,45.00,,,1.00,14.320038,Sample Business Label 14d9bbad
725-000276,Sample Business Label 05087a91,"22uf,25V,1210,20%,X7R1210",Sample Business Label 887d7f95,pcs,piece,Sample Business Label 17302eae,Sample Business Label 07789cfe,Purchased,105.00,,,1.00,0.549971,Sample Business Label 14d9bbad
849-001271,Sample Business Label 3dc88bf1,Sample Business Label 87759d71,Sample Business Label 96053b3e,pcs,piece,Sample Business Label 4bf28cec,Sample Business Label 0f3d50d5,Purchased,1.00,,,1.00,1.388770,Sample Business Label 14d9bbad
165-001433,Sample Business Label 82301170,Sample Business Label c52b7b7f,Sample Business Label 1674b06f,pcs,piece,Sample Business Label 4bf28cec,Sample Business Label bde42e5a,Purchased,35.00,,,1.00,,Sample Business Label 14d9bbad
588-000637,Sample Business Label da29cd1a,Sample Business Label da29cd1a,Sample Business Label 1674b06f,pcs,piece,Sample Business Label f0207843,Sample Business Label 6ca8a46d,Outsourced,13.00,,,1.00,,Sample Business Label 14d9bbad
972-000499,Sample Business Label 2746ca03,DW2017BAAD,Sample Business Label 887d7f95,pcs,piece,Sample Business Label 17302eae,Sample Business Label 09caa247,Purchased,28.00,,,1.00,1.850036,Sample Business Label 14d9bbad
539-000293,Sample Business Label b85ec631,"10mR,1206,1%,1W",Sample Business Label 887d7f95,pcs,piece,Sample Business Label 17302eae,Sample Business Label 5fe53d48,Purchased,56.00,,,1.00,0.109949,Sample Business Label 14d9bbad
972-000488,Sample Business Label 996d656d,FG2124,Sample Business Label 887d7f95,pcs,piece,Sample Business Label 17302eae,Sample Business Label 09caa247,Purchased,28.00,,,1.00,0.800040,Sample Business Label 14d9bbad
795-000176,Sample Business Label 56b232ac,Sample Business Label 64465c7a,Autonomous Driving,pcs,piece,Sample Business Label 4bf28cec,Sample Business Label 2d85aff0,Purchased,14.00,,,1.00,,Sample Business Label 14d9bbad
165-001977,Sample Business Label dfdeaae3,Sample Business Label 05640b41,Sample Business Label 1674b06f,pcs,piece,Sample Business Label 4bf28cec,Sample Business Label bde42e5a,Purchased,28.00,,,1.00,,Sample Business Label 14d9bbad
795-001132,Sample Business Label 86c5a7b8,Sample Business Label 5457c021,Sample Business Label 1674b06f,pcs,piece,Sample Business Label 4bf28cec,Sample Business Label 2d85aff0,Purchased,14.00,,,1.00,0.180009,Sample Business Label 14d9bbad
972-000534,Sample Business Label 922e7606,V74HC595AG-S16-R,Sample Business Label 887d7f95,pcs,piece,Sample Business Label 17302eae,Sample Business Label 09caa247,Purchased,42.00,,,1.00,0.349961,Sample Business Label 14d9bbad
725-000307,Sample Business Label 05087a91,"10uF,10V,0603,10%,X7R",Sample Business Label 887d7f95,pcs,piece,Sample Business Label 17302eae,Sample Business Label 07789cfe,Purchased,112.00,,,1.00,0.120006,Sample Business Label 14d9bbad
165-003422,Sample Business Label 2da93bfd,Sample Business Label 12c7702b,Sample Business Label 96053b3e,pcs,piece,Sample Business Label 4bf28cec,Sample Business Label bde42e5a,Purchased,21.00,,,1.00,3.887200,Sample Business Label 14d9bbad
454-000353,Sample Business Label 0c135faf,0524PL,Sample Business Label 887d7f95,pcs,piece,Sample Business Label 17302eae,Sample Business Label 5680b573,Purchased,70.00,,,1.00,0.187467,Sample Business Label 14d9bbad
356-000135,Sample Business Label 3e2151f8,Sample Business Label 14dc1b2d,Sample Business Label 887d7f95,pcs,piece,Sample Business Label 4bf28cec,Sample Business Label db158135,Purchased,30.00,,,1.00,0.460023,Sample Business Label 14d9bbad
356-000560,Sample Business Label b15677f4,QM202B30A-04V38-115-1BA,Autonomous Driving,pcs,piece,Sample Business Label 4bf28cec,Sample Business Label db158135,Purchased,25.00,,,1.00,0.320016,Sample Business Label 14d9bbad
308-000021,Sample Business Label e4069827,,Sample Business Label 1674b06f,pcs,piece,Sample Business Label f0207843,Sample Business Label 813d8697,In-house,1.00,,,1.00,,Sample Business Label 14d9bbad
733-000016,Sample Business Label a49aa04c,DSAB0730-4R7M,Sample Business Label 887d7f95,pcs,piece,Sample Business Label 17302eae,Sample Business Label f3f2ee9b,Purchased,28.00,,,1.00,0.400020,Sample Business Label 14d9bbad
972-000333,Sample Business Label b184a575,TY6280AAC,Sample Business Label 887d7f95,pcs,piece,Sample Business Label 17302eae,Sample Business Label 09caa247,Purchased,56.00,,,1.00,0.342051,Sample Business Label 14d9bbad
356-000059,Sample Business Label d62ef709,Sample Business Label d900062d,Sample Business Label 887d7f95,pcs,piece,Sample Business Label 4bf28cec,Sample Business Label db158135,Purchased,25.00,,,1.00,0.449966,Sample Business Label 14d9bbad
539-000287,Sample Business Label b85ec631,"15.8K,0402,1%",Sample Business Label 887d7f95,pcs,piece,Sample Business Label 17302eae,Sample Business Label 5fe53d48,Purchased,98.00,,,1.00,0.001921,Sample Business Label 14d9bbad
165-003447,Sample Business Label 9fced54f,F50-GCB520,Sample Business Label 96053b3e,pcs,piece,Sample Business Label 4bf28cec,Sample Business Label bde42e5a,Purchased,1.00,,,1.00,35.910044,Sample Business Label 14d9bbad
454-000056,Sample Business Label e55eeeed,NMSZ5258BT1G,Sample Business Label 887d7f95,pcs,piece,Sample Business Label 17302eae,Sample Business Label 5680b573,Purchased,140.00,,,1.00,0.296738,Sample Business Label 14d9bbad
770-000084,Sample Business Label 0ec9a86b,Sample Business Label 202289f2,Sample Business Label 887d7f95,pcs,piece,Sample Business Label 4bf28cec,Sample Business Label 25c31db5,Purchased,35.00,,,1.00,,Sample Business Label 14d9bbad
588-000687,Sample Business Label e2c63c27,Sample Business Label e2c63c27,Sample Business Label 1674b06f,pcs,piece,Sample Business Label f0207843,Sample Business Label 6ca8a46d,Outsourced,1.00,,,1.00,,Sample Business Label 14d9bbad
454-000257,Sample Business Label 5680b573,1N4148W,Sample Business Label 887d7f95,pcs,piece,Sample Business Label 17302eae,Sample Business Label 5680b573,Purchased,56.00,,,1.00,0.021018,Sample Business Label 14d9bbad
725-000205,Sample Business Label 05087a91,"10nF,200V,0805,10%",Sample Business Label 887d7f95,pcs,piece,Sample Business Label 17302eae,Sample Business Label 07789cfe,Purchased,70.00,,,1.00,0.029945,Sample Business Label 14d9bbad
838-000454,Sample Business Label 063fdd50,YS508-U-4G-Main,Sample Business Label 1674b06f,pcs,piece,Sample Business Label 4bf28cec,Sample Business Label 6e9ebdaf,Purchased,35.00,,,1.00,1.348994,Sample Business Label 14d9bbad
363-000511,Sample Business Label cfccbd2f,Sample Business Label de377de0,Sample Business Label 735ac064,pcs,piece,Sample Business Label 0e5444d0,Sample Business Label 797c70ef,Purchased,35.00,,,1.00,,Sample Business Label 14d9bbad
690-000040,Sample Business Label b7c803b9,QT26-21B/CT,Sample Business Label 887d7f95,pcs,piece,Sample Business Label 17302eae,Sample Business Label f3ac5013,Purchased,112.00,,,1.00,0.169952,Sample Business Label 14d9bbad
454-000183,Sample Business Label 26f453b2,BSC36CA,Sample Business Label 887d7f95,pcs,piece,Sample Business Label 17302eae,Sample Business Label 5680b573,Purchased,56.00,,,1.00,,Sample Business Label 14d9bbad
165-003419,Sample Business Label 9d317b63,,Sample Business Label 96053b3e,pcs,piece,Sample Business Label 4bf28cec,Sample Business Label bde42e5a,Purchased,1.00,,,1.00,3.044559,Sample Business Label 14d9bbad
849-001306,Sample Business Label c3d2781e,R-M40-1.5P-68-14,Sample Business Label 96053b3e,pcs,piece,Sample Business Label 4bf28cec,Sample Business Label 0f3d50d5,Purchased,1.00,,,1.00,17.999996,Sample Business Label 14d9bbad
505-000049,Sample Business Label 39758495,Sample Business Label ace9995d,Autonomous Driving,pcs,piece,Sample Business Label 4bf28cec,Sample Business Label 77afae54,Purchased,28.00,,,1.00,,Sample Business Label 14d9bbad
994-000540,Sample Business Label f6fdc5d2,,Sample Business Label 1674b06f,pcs,piece,Sample Business Label 4bf28cec,Sample Business Label d9643929,Purchased,35.00,,,1.00,,Sample Business Label 14d9bbad
895-000023,Sample Business Label 17db6d2d,DTSM-21N-S-V-T/R,Sample Business Label 887d7f95,pcs,piece,Sample Business Label 4bf28cec,Sample Business Label d7716c4a,Purchased,42.00,,,1.00,,Sample Business Label 14d9bbad
539-000485,Sample Business Label 362ab609,"47K,0402,0.1%",Sample Business Label 887d7f95,pcs,piece,Sample Business Label 17302eae,Sample Business Label 5fe53d48,Purchased,133.00,,,1.00,0.076049,Sample Business Label 14d9bbad
725-000319,Sample Business Label 05087a91,"1nF,50V,0402,10%,X7R",Sample Business Label 887d7f95,pcs,piece,Sample Business Label 17302eae,Sample Business Label 07789cfe,Purchased,98.00,,,1.00,0.002486,Sample Business Label 14d9bbad
356-000181,Sample Business Label c2dd0286,Sample Business Label cbf8bdb8,Sample Business Label 887d7f95,pcs,piece,Sample Business Label 4bf28cec,Sample Business Label db158135,Purchased,1.00,,,1.00,0.322954,Sample Business Label 14d9bbad
972-000494,Sample Business Label a10bfd4c,FC800MCNLC-J03-SNNDA,Sample Business Label 887d7f95,pcs,piece,Sample Business Label 17302eae,Sample Business Label 09caa247,Purchased,45.00,,,1.00,23.690676,Sample Business Label 14d9bbad
725-000295,Sample Business Label 05087a91,"470nF,50V,0603,10%",Sample Business Label 887d7f95,pcs,piece,Sample Business Label 17302eae,Sample Business Label 07789cfe,Purchased,126.00,,,1.00,0.027911,Sample Business Label 14d9bbad
588-000114,Sample Business Label 24af3707,601C_MODULE2_P5_S01_PCBA,Sample Business Label 7bdc2d0a,pcs,piece,Sample Business Label f0207843,Sample Business Label 6ca8a46d,Outsourced,17.00,,,1.00,,Sample Business Label 14d9bbad
468-000699,Sample Business Label 9d471cf0,Sample Business Label 13bf9168,Autonomous Driving,pcs,piece,Sample Business Label 0e5444d0,Sample Business Label a5e675d6,Purchased,21.00,,,1.00,,Sample Business Label 14d9bbad
725-000085,Sample Business Label 05087a91,"100NF,16V,0603,10%",Sample Business Label 887d7f95,pcs,piece,Sample Business Label 17302eae,Sample Business Label 07789cfe,Purchased,84.00,,,1.00,0.025990,Sample Business Label 14d9bbad
165-000892,Sample Business Label fef716c4,Sample Business Label 3edb159f,Sample Business Label 1674b06f,pcs,piece,Sample Business Label 4bf28cec,Sample Business Label bde42e5a,Purchased,28.00,,,1.00,,Sample Business Label 14d9bbad
733-000167,Sample Business Label 1ef5a5d1,IPIM201610-S47M,Sample Business Label 887d7f95,pcs,piece,Sample Business Label 17302eae,Sample Business Label f3f2ee9b,Purchased,28.00,,,1.00,0.140007,Sample Business Label 14d9bbad
725-000308,Sample Business Label 05087a91,"220nF,50V,0805,10%,X7R",Sample Business Label 887d7f95,pcs,piece,Sample Business Label 17302eae,Sample Business Label 07789cfe,Purchased,126.00,,,1.00,0.025990,Sample Business Label 14d9bbad
588-000768,Sample Business Label 77e7c9a9,GPS_MODULE_B40S_BDS_P0_S01_PCBA,Autonomous Driving,pcs,piece,Sample Business Label f0207843,Sample Business Label 6ca8a46d,Outsourced,1.00,,,1.00,,Sample Business Label 14d9bbad
539-000516,Sample Business Label b85ec631,"1.62k,0201,1%",Sample Business Label 887d7f95,pcs,piece,Sample Business Label 17302eae,Sample Business Label 5fe53d48,Purchased,112.00,,,1.00,0.004972,Sample Business Label 14d9bbad
849-001225,Sample Business Label 44a656e4,7061-T6,Sample Business Label 96053b3e,pcs,piece,Sample Business Label 4bf28cec,Sample Business Label 0f3d50d5,Purchased,1.00,,,1.00,200.000056,Sample Business Label 14d9bbad
454-000172,Sample Business Label 13a7d943,SMAJ5.0CA,Sample Business Label 887d7f95,pcs,piece,Sample Business Label 17302eae,Sample Business Label 5680b573,Purchased,56.00,,,1.00,0.096954,Sample Business Label 14d9bbad
165-001205,Sample Business Label 04a1d7af,Sample Business Label 0c9e0e3c,Sample Business Label 1674b06f,pcs,piece,Sample Business Label 4bf28cec,Sample Business Label bde42e5a,Purchased,21.00,,,1.00,,Sample Business Label 14d9bbad
539-000088,Sample Business Label b85ec631,"49.9R,0402,1%",Sample Business Label 887d7f95,pcs,piece,Sample Business Label 17302eae,Sample Business Label 5fe53d48,Purchased,84.00,,,1.00,0.001921,Sample Business Label 14d9bbad
165-003451,Sample Business Label 491d5173,F100-GCB520,Sample Business Label 96053b3e,pcs,piece,Sample Business Label 4bf28cec,Sample Business Label bde42e5a,Purchased,1.00,,,1.00,39.810013,Sample Business Label 14d9bbad
165-001289,Sample Business Label 540d94ac,Sample Business Label e0019d5f,Sample Business Label 1674b06f,pcs,piece,Sample Business Label 4bf28cec,Sample Business Label bde42e5a,Purchased,21.00,,,1.00,,Sample Business Label 14d9bbad
321-000502,YN403_KEYBOARD_P0_PCB,YN403_KEYBOARD_P0_PCB,Autonomous Driving,pcs,piece,Sample Business Label 17302eae,Sample Business Label cbf023bc,Purchased,35.00,,,1.00,2.440009,Sample Business Label 14d9bbad
588-000420,Sample Business Label 5e1fbeb3,Sample Business Label 5e1fbeb3,Autonomous Driving,pcs,piece,Sample Business Label f0207843,Sample Business Label 6ca8a46d,Outsourced,30.00,,,1.00,,Sample Business Label 14d9bbad
356-000495,Sample Business Label 45969c42,Sample Business Label e9c450f7,Sample Business Label 887d7f95,pcs,piece,Sample Business Label 4bf28cec,Sample Business Label db158135,Purchased,20.00,,,1.00,0.464995,Sample Business Label 14d9bbad
539-000550,Sample Business Label b85ec631,"36K,0805,1%",Sample Business Label 887d7f95,pcs,piece,Sample Business Label 17302eae,Sample Business Label 5fe53d48,Purchased,98.00,,,1.00,0.005311,Sample Business Label 14d9bbad
972-000062,Sample Business Label b2013021,UXB0104PWR,Sample Business Label 887d7f95,pcs,piece,Sample Business Label 17302eae,Sample Business Label 09caa247,Purchased,1.00,,,1.00,4.996521,Sample Business Label 14d9bbad
539-000247,Sample Business Label b85ec631,"13.3K,0402,1%",Sample Business Label 887d7f95,pcs,piece,Sample Business Label 17302eae,Sample Business Label 5fe53d48,Purchased,84.00,,,1.00,0.001469,Sample Business Label 14d9bbad
321-000393,Sample Business Label 3ff46323,YC402_SK3568PWR_P2_PCB,Sample Business Label 1674b06f,pcs,piece,Sample Business Label 17302eae,Sample Business Label cbf023bc,Purchased,35.00,,,1.00,4.319990,Sample Business Label 14d9bbad
539-000279,Sample Business Label b85ec631,"26.7K,0402,1%",Sample Business Label 887d7f95,pcs,piece,Sample Business Label 17302eae,Sample Business Label 5fe53d48,Purchased,98.00,,,1.00,0.001469,Sample Business Label 14d9bbad
795-000819,Sample Business Label 71f0c877,Sample Business Label 93e2cb64,Sample Business Label 1674b06f,pcs,piece,Sample Business Label 4bf28cec,Sample Business Label 2d85aff0,Purchased,21.00,,,1.00,1.359955,Sample Business Label 14d9bbad
895-000055,Sample Business Label 16b031e1,LN6060A1-20H60-0PTR,Sample Business Label 887d7f95,pcs,piece,Sample Business Label 4bf28cec,Sample Business Label d7716c4a,Purchased,28.00,,,1.00,0.129950,Sample Business Label 14d9bbad
972-000406,MCU,GS32R274KCK2MMM,Sample Business Label 887d7f95,pcs,piece,Sample Business Label 17302eae,Sample Business Label 09caa247,Purchased,1.00,,,1.00,,Sample Business Label 14d9bbad
795-000795,Sample Business Label d8d4f038,Sample Business Label 855202b3,Autonomous Driving,pcs,piece,Sample Business Label 4bf28cec,Sample Business Label 2d85aff0,Purchased,21.00,,,1.00,,Sample Business Label 14d9bbad
972-000724,Sample Business Label 9d1f4020,SS2058XN,Sample Business Label 887d7f95,pcs,piece,Sample Business Label 17302eae,Sample Business Label 09caa247,Purchased,42.00,,,1.00,0.569972,Sample Business Label 14d9bbad
165-001830,Sample Business Label 537c4f1c,Sample Business Label cb1338fd,Sample Business Label 1674b06f,pcs,piece,Sample Business Label 4bf28cec,Sample Business Label bde42e5a,Purchased,28.00,,,1.00,13.290043,Sample Business Label 14d9bbad
539-000166,Sample Business Label b85ec631,"1.8K,0402,1%",Sample Business Label 887d7f95,pcs,piece,Sample Business Label 17302eae,Sample Business Label 5fe53d48,Purchased,98.00,,,1.00,0.002825,Sample Business Label 14d9bbad
358-000107,Sample Business Label c7de58d3,KMTM3415KL,Sample Business Label 887d7f95,pcs,piece,Sample Business Label 17302eae,Sample Business Label 5bce86f3,Purchased,84.00,,,1.00,0.131193,Sample Business Label 14d9bbad
972-000369,Sample Business Label 3c5b6712,NP28167GQ-A-Z,Sample Business Label 887d7f95,pcs,piece,Sample Business Label 17302eae,Sample Business Label 09caa247,Purchased,112.00,,,1.00,3.499949,Sample Business Label 14d9bbad
468-000094,Sample Business Label b6ab8cb2,Sample Business Label b6ab8cb2,Sample Business Label 7bdc2d0a,pcs,piece,Sample Business Label 0e5444d0,Sample Business Label a5e675d6,Purchased,1.00,,,1.00,,Sample Business Label 14d9bbad
795-000879,Sample Business Label df97b6a4,,Sample Business Label 1674b06f,pcs,piece,Sample Business Label 4bf28cec,Sample Business Label 2d85aff0,Purchased,42.00,,,1.00,,Sample Business Label 14d9bbad
356-000129,Sample Business Label 48735563,QZ254V-22-8P,Sample Business Label 887d7f95,pcs,piece,Sample Business Label 4bf28cec,Sample Business Label db158135,Purchased,1.00,,,1.00,,Sample Business Label 14d9bbad
838-000153,Sample Business Label 2ab7e3bf,HPS300,Autonomous Driving,pcs,piece,Sample Business Label 0e5444d0,Sample Business Label 6e9ebdaf,Purchased,35.00,,,1.00,82.000032,Sample Business Label 14d9bbad
321-000595,YS508C_REMOTEID_P0_PCB,YS508C_REMOTEID_P0_PCB,Sample Business Label 1674b06f,pcs,piece,Sample Business Label 17302eae,Sample Business Label cbf023bc,Purchased,35.00,,,1.00,2.110049,Sample Business Label 14d9bbad
353-000167,Sample Business Label def35f1a,,Sample Business Label 96053b3e,pcs,piece,Sample Business Label f0207843,Sample Business Label e1a5ffe2,In-house,,,,1.00,,Sample Business Label 14d9bbad
356-000639,Sample Business Label 3d90e70a,GHEM46-214G0BUT2,Autonomous Driving,pcs,piece,Sample Business Label 4bf28cec,Sample Business Label db158135,Purchased,25.00,,,1.00,1.000050,Sample Business Label 14d9bbad
972-000421,Sample Business Label 923a46c3,UR2101STR,Sample Business Label 887d7f95,pcs,piece,Sample Business Label 17302eae,Sample Business Label 09caa247,Purchased,28.00,,,1.00,0.700035,Sample Business Label 14d9bbad
725-000011,Sample Business Label 05087a91,"100nF,25V,0402,10%",Sample Business Label 887d7f95,pcs,piece,Sample Business Label 17302eae,Sample Business Label 07789cfe,Purchased,70.00,,,1.00,0.004294,Sample Business Label 14d9bbad
539-000343,Sample Business Label b85ec631,"1.1R,1206,1%",Sample Business Label 887d7f95,pcs,piece,Sample Business Label 17302eae,Sample Business Label 5fe53d48,Purchased,112.00,,,1.00,0.029041,Sample Business Label 14d9bbad
849-000904,Sample Business Label 5c03598e,Sample Business Label 1b6f9da2,Sample Business Label 887d7f95,pcs,piece,Sample Business Label 4bf28cec,Sample Business Label 0f3d50d5,Purchased,35.00,,,1.00,,Sample Business Label 14d9bbad
525-000059,Sample Business Label ae2a8d8e,,Sample Business Label 1674b06f,pcs,piece,Sample Business Label f0207843,Sample Business Label 8e427e07,In-house,1.00,,,1.00,,Sample Business Label 14d9bbad
356-000225,Sample Business Label a87e12a5,G0503WR-S-12P,Sample Business Label 887d7f95,pcs,piece,Sample Business Label 4bf28cec,Sample Business Label db158135,Purchased,25.00,,,1.00,0.240012,Sample Business Label 14d9bbad
165-003454,Sample Business Label 2f22b85e,Sample Business Label 4f695d44,Sample Business Label 96053b3e,pcs,piece,Sample Business Label 4bf28cec,Sample Business Label bde42e5a,Purchased,21.00,,,1.00,0.349961,Sample Business Label 14d9bbad
725-000170,Sample Business Label 05087a91,"4.7uF,±10%,6.3V,0603,X7R",Sample Business Label 887d7f95,pcs,piece,Sample Business Label 17302eae,Sample Business Label 07789cfe,Purchased,126.00,,,1.00,0.044974,Sample Business Label 14d9bbad
849-001202,Sample Business Label b2431719,Sample Business Label a95993fd,Sample Business Label 96053b3e,pcs,piece,Sample Business Label 4bf28cec,Sample Business Label 0f3d50d5,Purchased,1.00,,,1.00,35.000055,Sample Business Label 14d9bbad
972-000217,Sample Business Label 66d870af,TIT1042T/3,Sample Business Label 887d7f95,pcs,piece,Sample Business Label 17302eae,Sample Business Label 09caa247,Purchased,45.00,,,1.00,1.599967,Sample Business Label 14d9bbad
733-000204,Sample Business Label de3ed42c,VPZ1608U700-4R0TF,Sample Business Label 887d7f95,pcs,piece,Sample Business Label 17302eae,Sample Business Label f3f2ee9b,Purchased,98.00,,,1.00,0.027007,Sample Business Label 14d9bbad
454-000118,Sample Business Label 2b176d5b,TVM1060X,Sample Business Label 887d7f95,pcs,piece,Sample Business Label 17302eae,Sample Business Label 5680b573,Purchased,28.00,,,1.00,0.800040,Sample Business Label 14d9bbad
588-000448,Sample Business Label e3db1cee,Sample Business Label e3db1cee,Sample Business Label 1674b06f,pcs,piece,Sample Business Label f0207843,Sample Business Label 6ca8a46d,Outsourced,33.00,,,1.00,,Sample Business Label 14d9bbad
501-000007,Sample Business Label 32dbbfcf,H2415S,Sample Business Label 887d7f95,pcs,piece,Sample Business Label 17302eae,Sample Business Label 595d3369,Purchased,28.00,,,1.00,1.320518,Sample Business Label 14d9bbad
321-000346,Sample Business Label 541c2497,YN408_MAINBOARD_P1.3_PCB,Autonomous Driving,pcs,piece,Sample Business Label 17302eae,Sample Business Label cbf023bc,Purchased,45.00,,,1.00,57.000025,Sample Business Label 14d9bbad
849-000149,Sample Business Label e662e2e7,M3*0.5,Sample Business Label 887d7f95,pcs,piece,Sample Business Label 4bf28cec,Sample Business Label 0f3d50d5,Purchased,14.00,,,1.00,,Sample Business Label 14d9bbad
165-002677,Sample Business Label 808b3a96,Sample Business Label b527539c,Autonomous Driving,pcs,piece,Sample Business Label 4bf28cec,Sample Business Label bde42e5a,Purchased,14.00,,,1.00,0.649976,Sample Business Label 14d9bbad
165-002932,Sample Business Label 6d2f9654,Sample Business Label 0d4193fc,Sample Business Label 1674b06f,pcs,piece,Sample Business Label 4bf28cec,Sample Business Label bde42e5a,Purchased,21.00,,,1.00,1.282550,Sample Business Label 14d9bbad
454-000303,Sample Business Label 13a7d943,KEU07DF,Sample Business Label 887d7f95,pcs,piece,Sample Business Label 17302eae,Sample Business Label 5680b573,Purchased,56.00,,,1.00,0.031979,Sample Business Label 14d9bbad
165-001459,Sample Business Label df651e66,Sample Business Label 36acb550,Autonomous Driving,pcs,piece,Sample Business Label 4bf28cec,Sample Business Label bde42e5a,Purchased,28.00,,,1.00,,Sample Business Label 14d9bbad
165-001296,Sample Business Label d1f4b1f6,285.7*193*44.5mm,Autonomous Driving,pcs,piece,Sample Business Label 4bf28cec,Sample Business Label bde42e5a,Purchased,21.00,,,1.00,,Sample Business Label 14d9bbad
454-000182,Sample Business Label 99d65bb6,SMBJ6.0CA,Sample Business Label 887d7f95,pcs,piece,Sample Business Label 17302eae,Sample Business Label 5680b573,Purchased,56.00,,,1.00,0.129950,Sample Business Label 14d9bbad
972-000714,Sample Business Label 959bee12,KW5372FTSOTB#TR,Sample Business Label 887d7f95,pcs,piece,Sample Business Label 17302eae,Sample Business Label 09caa247,Purchased,42.00,,,1.00,0.614946,Sample Business Label 14d9bbad
849-001318,Sample Business Label d5f2f312,Sample Business Label 847a1463,Sample Business Label 96053b3e,pcs,piece,Sample Business Label 4bf28cec,Sample Business Label 0f3d50d5,Purchased,1.00,,,1.00,0.247018,Sample Business Label 14d9bbad
539-000045,Sample Business Label b85ec631,"51K,0402,1%",Sample Business Label 887d7f95,pcs,piece,Sample Business Label 17302eae,Sample Business Label 5fe53d48,Purchased,84.00,,,1.00,0.001921,Sample Business Label 14d9bbad
588-000113,Sample Business Label 60d3dd70,601C_MODULE1_P5_S01_PCBA,Sample Business Label 7bdc2d0a,pcs,piece,Sample Business Label f0207843,Sample Business Label 6ca8a46d,Outsourced,17.00,,,1.00,,Sample Business Label 14d9bbad
588-000736,Sample Business Label 2e6196c3,YC580_FRONT_RACK_CONTAOL_BOARD_P3_PCBA,Sample Business Label 1674b06f,pcs,piece,Sample Business Label f0207843,Sample Business Label 6ca8a46d,Outsourced,1.00,,,1.00,,Sample Business Label 14d9bbad
403-000033,Sample Business Label 3a2c05f9,18650/32E,Sample Business Label 887d7f95,pcs,piece,Sample Business Label 17302eae,Sample Business Label 78e42e38,Purchased,33.00,,,1.00,37.000042,Sample Business Label 14d9bbad
770-000144,Sample Business Label 9ae37d42,Sample Business Label cdc308c5,Sample Business Label 887d7f95,pcs,piece,Sample Business Label 4bf28cec,Sample Business Label 25c31db5,Purchased,24.00,,,1.00,,Sample Business Label 14d9bbad
849-001229,Sample Business Label da395e73,Sample Business Label 52d6fe55,Sample Business Label 96053b3e,pcs,piece,Sample Business Label 4bf28cec,Sample Business Label 0f3d50d5,Purchased,35.00,,,1.00,41.000016,Sample Business Label 14d9bbad
165-001484,Sample Business Label 5b88d7a2,Sample Business Label ebfc6f4f,Autonomous Driving,pcs,piece,Sample Business Label 4bf28cec,Sample Business Label bde42e5a,Purchased,35.00,,,1.00,,Sample Business Label 14d9bbad
972-000665,CPU,Hi3519DRFCV500,Sample Business Label 887d7f95,pcs,piece,Sample Business Label 17302eae,Sample Business Label 09caa247,Purchased,56.00,,,1.00,48.560055,Sample Business Label 14d9bbad
454-000124,Sample Business Label 58ef7a6d,SMAJ5.0CA-23-F,Sample Business Label 887d7f95,pcs,piece,Sample Business Label 17302eae,Sample Business Label 5680b573,Purchased,133.00,,,1.00,0.467481,Sample Business Label 14d9bbad
165-002070,Sample Business Label d6d1922c,Sample Business Label 26a7646d,Sample Business Label 1674b06f,pcs,piece,Sample Business Label 4bf28cec,Sample Business Label bde42e5a,Purchased,21.00,,,1.00,,Sample Business Label 14d9bbad
165-001407,Sample Business Label 9e72ec42,Sample Business Label 6f929c7a,Sample Business Label 1674b06f,pcs,piece,Sample Business Label 4bf28cec,Sample Business Label bde42e5a,Purchased,14.00,,,1.00,,Sample Business Label 14d9bbad
733-000092,Sample Business Label de3ed42c,HZ1608D121CTF,Sample Business Label 887d7f95,pcs,piece,Sample Business Label 17302eae,Sample Business Label f3f2ee9b,Purchased,105.00,,,1.00,0.014803,Sample Business Label 14d9bbad
733-000087,Sample Business Label 43b7aeb5,TWPA6045S100MT,Sample Business Label 887d7f95,pcs,piece,Sample Business Label 17302eae,Sample Business Label f3f2ee9b,Purchased,42.00,,,1.00,0.165997,Sample Business Label 14d9bbad
725-000365,Sample Business Label 05087a91,1nF 50V 1402 10% X7R,Sample Business Label 887d7f95,pcs,piece,Sample Business Label 17302eae,Sample Business Label 07789cfe,Purchased,77.00,,,1.00,0.002599,Sample Business Label 14d9bbad
972-000152,Sample Business Label 5c617ad2,NP1658GTF-Z,Sample Business Label 887d7f95,pcs,piece,Sample Business Label 17302eae,Sample Business Label 09caa247,Purchased,112.00,,,1.00,0.400020,Sample Business Label 14d9bbad
733-000149,Sample Business Label 1ef5a5d1,ZTP1004-330M,Sample Business Label 887d7f95,pcs,piece,Sample Business Label 17302eae,Sample Business Label f3f2ee9b,Purchased,31.00,,,1.00,0.680034,Sample Business Label 14d9bbad
795-000126,Sample Business Label 76a73134,Sample Business Label 9c25c5f6,Sample Business Label 7bdc2d0a,pcs,piece,Sample Business Label 4bf28cec,Sample Business Label 2d85aff0,Purchased,17.00,,,1.00,,Sample Business Label 14d9bbad
838-000412,Sample Business Label 851b0ed3,Sample Business Label 21e790a5,Autonomous Driving,pcs,piece,Sample Business Label 0e5444d0,Sample Business Label 6e9ebdaf,Purchased,28.00,,,1.00,84.999956,Sample Business Label 14d9bbad
733-000214,Sample Business Label 26a99aed,JCMEF112P900MFR,Sample Business Label 887d7f95,pcs,piece,Sample Business Label 17302eae,Sample Business Label f3f2ee9b,Purchased,28.00,,,1.00,,Sample Business Label 14d9bbad
733-000042,Sample Business Label 26a99aed,BCT45B-210-2P-TL003,Sample Business Label 887d7f95,pcs,piece,Sample Business Label 17302eae,Sample Business Label f3f2ee9b,Purchased,105.00,,,1.00,1.786530,Sample Business Label 14d9bbad
725-000440,Sample Business Label f5f70971,15NF，50V，0402，10%,Sample Business Label 887d7f95,pcs,piece,Sample Business Label 17302eae,Sample Business Label 07789cfe,Purchased,84.00,,,1.00,0.020001,Sample Business Label 14d9bbad
795-000927,Sample Business Label 3c632319,Sample Business Label c60d8e91,Sample Business Label 1674b06f,pcs,piece,Sample Business Label 4bf28cec,Sample Business Label 2d85aff0,Purchased,14.00,,,1.00,0.242950,Sample Business Label 14d9bbad
972-000028,Sample Business Label 3aadef5e,JMP809SEUR/T,Sample Business Label 887d7f95,pcs,piece,Sample Business Label 17302eae,Sample Business Label 09caa247,Purchased,17.00,,,1.00,0.420021,Sample Business Label 14d9bbad
308-000004,Sample Business Label b19f2fac,,Sample Business Label 1674b06f,pcs,piece,Sample Business Label f0207843,Sample Business Label 813d8697,In-house,1.00,,,1.00,,Sample Business Label 14d9bbad
165-000891,Sample Business Label cfedfc7e,Sample Business Label 0245412c,Sample Business Label 1674b06f,pcs,piece,Sample Business Label 4bf28cec,Sample Business Label bde42e5a,Purchased,28.00,,,1.00,,Sample Business Label 14d9bbad
725-000451,Sample Business Label a5602a27,"100uF,±20%,6.3V,3528，-55~105℃",Sample Business Label 887d7f95,pcs,piece,Sample Business Label 17302eae,Sample Business Label 07789cfe,Purchased,182.00,,,1.00,1.000050,Sample Business Label 14d9bbad
784-000010,Sample Business Label f3fa1522,,Sample Business Label 1674b06f,pcs,piece,Sample Business Label f0207843,Sample Business Label 7fb842b2,In-house,1.00,,,1.00,,Sample Business Label 14d9bbad
539-000161,Sample Business Label b85ec631,"60.4R,1206,1%",Sample Business Label 887d7f95,pcs,piece,Sample Business Label 17302eae,Sample Business Label 5fe53d48,Purchased,35.00,,,1.00,0.008814,Sample Business Label 14d9bbad
165-003461,Sample Business Label 2042bbe2,Sample Business Label f693f342,Sample Business Label 96053b3e,pcs,piece,Sample Business Label 4bf28cec,Sample Business Label bde42e5a,Purchased,1.00,,,1.00,1.979986,Sample Business Label 14d9bbad
165-002057,Sample Business Label b844d042,Sample Business Label 1d6720ba,Sample Business Label 1674b06f,pcs,piece,Sample Business Label 4bf28cec,Sample Business Label bde42e5a,Purchased,28.00,,,1.00,,Sample Business Label 14d9bbad
539-000106,Sample Business Label b85ec631,"330R,0603,1%",Sample Business Label 887d7f95,pcs,piece,Sample Business Label 17302eae,Sample Business Label 5fe53d48,Purchased,84.00,,,1.00,0.003616,Sample Business Label 14d9bbad
165-002525,Sample Business Label b6354d17,Sample Business Label f0a29994,Sample Business Label 1674b06f,pcs,piece,Sample Business Label 4bf28cec,Sample Business Label bde42e5a,Purchased,35.00,,,1.00,16.999946,Sample Business Label 14d9bbad
972-000440,Sample Business Label 4fd4cd72,NP6536DU,Sample Business Label 887d7f95,pcs,piece,Sample Business Label 17302eae,Sample Business Label 09caa247,Purchased,112.00,,,1.00,9.100003,Sample Business Label 14d9bbad
994-000542,Sample Business Label a64bac81,,Sample Business Label 1674b06f,pcs,piece,Sample Business Label 4bf28cec,Sample Business Label d9643929,Purchased,35.00,,,1.00,,Sample Business Label 14d9bbad
725-000177,Sample Business Label 05087a91,"22pF,50V,0402,5%,NP0",Sample Business Label 887d7f95,pcs,piece,Sample Business Label 17302eae,Sample Business Label 07789cfe,Purchased,98.00,,,1.00,0.002373,Sample Business Label 14d9bbad
454-000239,Sample Business Label 58ef7a6d,TMF15AL,Sample Business Label 887d7f95,pcs,piece,Sample Business Label 17302eae,Sample Business Label 5680b573,Purchased,56.00,,,1.00,0.090400,Sample Business Label 14d9bbad
994-000541,Sample Business Label ada048ce,,Sample Business Label 1674b06f,pcs,piece,Sample Business Label 4bf28cec,Sample Business Label d9643929,Purchased,35.00,,,1.00,,Sample Business Label 14d9bbad
795-000761,Sample Business Label b916445c,Sample Business Label 551e349a,Sample Business Label 1674b06f,pcs,piece,Sample Business Label 4bf28cec,Sample Business Label 2d85aff0,Purchased,28.00,,,1.00,1.470017,Sample Business Label 14d9bbad
972-000678,Sample Business Label 817e1c84,EIO50120ST5,Sample Business Label 887d7f95,pcs,piece,Sample Business Label 17302eae,Sample Business Label 09caa247,Purchased,56.00,,,1.00,,Sample Business Label 14d9bbad
165-001410,Sample Business Label f9a6a058,Sample Business Label 156e6766,Sample Business Label 1674b06f,pcs,piece,Sample Business Label 4bf28cec,Sample Business Label bde42e5a,Purchased,35.00,,,1.00,,Sample Business Label 14d9bbad
972-000735,Sample Business Label 7a53bf3c,UAU1114-1216BH0,Sample Business Label 887d7f95,pcs,piece,Sample Business Label 17302eae,Sample Business Label 09caa247,In-house,42.00,,,1.00,,Sample Business Label 14d9bbad
321-000255,Sample Business Label f6aa83e5,Sample Business Label f6aa83e5,Sample Business Label 1674b06f,pcs,piece,Sample Business Label 17302eae,Sample Business Label cbf023bc,Purchased,90.00,,,1.00,,Sample Business Label 14d9bbad
725-000234,Sample Business Label 511eda64,VH1H470ME077000CE0,Sample Business Label 887d7f95,pcs,piece,Sample Business Label 17302eae,Sample Business Label 07789cfe,Purchased,77.00,,,1.00,0.140007,Sample Business Label 14d9bbad
795-000790,Sample Business Label 5c69e922,Sample Business Label 832c307a,Sample Business Label 1674b06f,pcs,piece,Sample Business Label 4bf28cec,Sample Business Label 2d85aff0,Purchased,28.00,,,1.00,16.600039,Sample Business Label 14d9bbad
733-000154,Sample Business Label de3ed42c,VPZ1608U121-3R0TF,Sample Business Label 887d7f95,pcs,piece,Sample Business Label 17302eae,Sample Business Label f3f2ee9b,Purchased,56.00,,,1.00,0.027007,Sample Business Label 14d9bbad
588-000619,Sample Business Label a17fb05c,Sample Business Label a17fb05c,Sample Business Label 1674b06f,pcs,piece,Sample Business Label f0207843,Sample Business Label 6ca8a46d,Outsourced,18.00,,,1.00,,Sample Business Label 14d9bbad
165-003397,Sample Business Label fa4dd13b,Sample Business Label 0a08efd6,Sample Business Label 96053b3e,pcs,piece,Sample Business Label 4bf28cec,Sample Business Label bde42e5a,Purchased,21.00,,,1.00,59.999949,Sample Business Label 14d9bbad
733-000249,Sample Business Label c16ef3b5,MQG15HH1N0B02D,Sample Business Label 887d7f95,pcs,piece,Sample Business Label 17302eae,Sample Business Label f3f2ee9b,Purchased,140.00,,,1.00,0.181930,Sample Business Label 14d9bbad
356-000607,Sample Business Label 01dda469,Sample Business Label 6e0a589f,Sample Business Label 1674b06f,pcs,piece,Sample Business Label 4bf28cec,Sample Business Label db158135,Purchased,35.00,,,1.00,0.989993,Sample Business Label 14d9bbad
849-001041,Sample Business Label 4036f15f,Sample Business Label 8c09bd60,Autonomous Driving,pcs,piece,Sample Business Label 4bf28cec,Sample Business Label 0f3d50d5,Purchased,28.00,,,1.00,4.150038,Sample Business Label 14d9bbad
165-001943,Sample Business Label a78fd86f,Sample Business Label 19f9b90b,Sample Business Label 1674b06f,pcs,piece,Sample Business Label 4bf28cec,Sample Business Label bde42e5a,Purchased,21.00,,,1.00,,Sample Business Label 14d9bbad
358-000163,Sample Business Label 7212157d,MMBT5401LT1G,Sample Business Label 887d7f95,pcs,piece,Sample Business Label 17302eae,Sample Business Label 5bce86f3,Purchased,77.00,,,1.00,0.029945,Sample Business Label 14d9bbad
725-000231,Sample Business Label 05087a91,"6.2pf,±0.25pf,100V,0402,C0G/NP0",Sample Business Label 887d7f95,pcs,piece,Sample Business Label 17302eae,Sample Business Label 07789cfe,Purchased,140.00,,,1.00,0.055031,Sample Business Label 14d9bbad
454-000332,Sample Business Label 2b176d5b,TS520,Sample Business Label 887d7f95,pcs,piece,Sample Business Label 17302eae,Sample Business Label 5680b573,Purchased,70.00,,,1.00,0.200010,Sample Business Label 14d9bbad
539-000022,Sample Business Label b85ec631,"0R,0603,1%",Sample Business Label 887d7f95,pcs,piece,Sample Business Label 17302eae,Sample Business Label 5fe53d48,Purchased,84.00,,,1.00,0.003616,Sample Business Label 14d9bbad
527-000008,Sample Business Label 066ae8fd,OX5032GA-8.000M-STD-CSK-7,Sample Business Label 887d7f95,pcs,piece,Sample Business Label 17302eae,Sample Business Label f5e6f23a,Purchased,84.00,,,1.00,,Sample Business Label 14d9bbad
321-000571,YC632_P2_PCB,YC632_P2_PCB,Sample Business Label 1674b06f,pcs,piece,Sample Business Label 17302eae,Sample Business Label cbf023bc,Purchased,35.00,,,1.00,7.789994,Sample Business Label 14d9bbad
838-000129,Sample Business Label 3867ec25,Sample Business Label 2c6441c4,Sample Business Label 5c716e22,pcs,piece,Sample Business Label 0e5444d0,Sample Business Label 6e9ebdaf,Purchased,35.00,,,1.00,3.055859,Sample Business Label 14d9bbad
795-000885,Sample Business Label 2c9e05df,Sample Business Label 95ca19eb,Autonomous Driving,pcs,piece,Sample Business Label 4bf28cec,Sample Business Label 2d85aff0,Purchased,21.00,,,1.00,1.599967,Sample Business Label 14d9bbad
972-000667,Sample Business Label e485998c,NE432AXG,Sample Business Label 887d7f95,pcs,piece,Sample Business Label 17302eae,Sample Business Label 09caa247,Purchased,42.00,,,1.00,0.120006,Sample Business Label 14d9bbad
972-000707,Sample Business Label ab09282c,TCT52A40DRA,Sample Business Label 887d7f95,pcs,piece,Sample Business Label 17302eae,Sample Business Label 09caa247,Purchased,90.00,,,1.00,1.614996,Sample Business Label 14d9bbad
849-001295,Sample Business Label 04b987f0,Sample Business Label ec0c3102,Sample Business Label 96053b3e,pcs,piece,Sample Business Label 4bf28cec,Sample Business Label 0f3d50d5,Purchased,1.00,,,1.00,0.152889,Sample Business Label 14d9bbad
725-000129,Sample Business Label 05087a91,"180pf,50v,0402,1%",Sample Business Label 887d7f95,pcs,piece,Sample Business Label 17302eae,Sample Business Label 07789cfe,Purchased,112.00,,,1.00,0.045991,Sample Business Label 14d9bbad
972-000719,Sample Business Label 9fc06976,ZT8531H-CA,Sample Business Label 887d7f95,pcs,piece,Sample Business Label 17302eae,Sample Business Label 09caa247,Purchased,28.00,,,1.00,6.800001,Sample Business Label 14d9bbad
725-000054,Sample Business Label 05087a91,"330PF,50V,0402,5%",Sample Business Label 887d7f95,pcs,piece,Sample Business Label 17302eae,Sample Business Label 07789cfe,Purchased,126.00,,,1.00,0.011978,Sample Business Label 14d9bbad
554-000081,Sample Business Label 6ab680a9,EIO6328EST6,Sample Business Label 887d7f95,pcs,piece,Sample Business Label 17302eae,Sample Business Label 042b653a,Purchased,42.00,,,1.00,0.400020,Sample Business Label 14d9bbad
849-000804,Sample Business Label 6389fa95,Sample Business Label 2ed32c96,Sample Business Label 887d7f95,pcs,piece,Sample Business Label 4bf28cec,Sample Business Label 0f3d50d5,Purchased,42.00,,,1.00,,Sample Business Label 14d9bbad
994-000561,Sample Business Label fc11e7ca,,Sample Business Label 1674b06f,pcs,piece,Sample Business Label 4bf28cec,Sample Business Label d9643929,Purchased,42.00,,,1.00,175.999986,Sample Business Label 14d9bbad
321-000392,YN402_MAIN_P2_PCB,YN402_MAIN_P2_PCB,Sample Business Label 1674b06f,pcs,piece,Sample Business Label 17302eae,Sample Business Label cbf023bc,Purchased,35.00,,,1.00,42.850052,Sample Business Label 14d9bbad
454-000080,Sample Business Label 0c135faf,ESD5Z3.3,Sample Business Label 887d7f95,pcs,piece,Sample Business Label 17302eae,Sample Business Label 5680b573,Purchased,30.00,,,1.00,0.075032,Sample Business Label 14d9bbad
725-000101,Sample Business Label 05087a91,"4.7uf,6.3v,0402,10%",Sample Business Label 887d7f95,pcs,piece,Sample Business Label 17302eae,Sample Business Label 07789cfe,Purchased,126.00,,,1.00,0.016046,Sample Business Label 14d9bbad
165-002363,Sample Business Label aa201b58,Sample Business Label b0be3775,Sample Business Label 1674b06f,pcs,piece,Sample Business Label 4bf28cec,Sample Business Label bde42e5a,Purchased,21.00,,,1.00,,Sample Business Label 14d9bbad
165-001101,Sample Business Label 277f1f08,Sample Business Label 8b8c4d95,Sample Business Label 1674b06f,pcs,piece,Sample Business Label 4bf28cec,Sample Business Label bde42e5a,Purchased,28.00,,,1.00,,Sample Business Label 14d9bbad
791-000005,Sample Business Label 31854bc6,Sample Business Label 26923961,Autonomous Driving,pcs,piece,Sample Business Label f0207843,Sample Business Label eba66936,In-house,1.00,,,1.00,,Sample Business Label 14d9bbad
165-002364,Sample Business Label 95c6827c,Sample Business Label 20cf13ac,Sample Business Label 1674b06f,pcs,piece,Sample Business Label 4bf28cec,Sample Business Label bde42e5a,Purchased,21.00,,,1.00,,Sample Business Label 14d9bbad
539-000158,Sample Business Label b85ec631,"39K,0402,5%",Sample Business Label 887d7f95,pcs,piece,Sample Business Label 17302eae,Sample Business Label 5fe53d48,Purchased,112.00,,,1.00,0.002825,Sample Business Label 14d9bbad
539-000033,Sample Business Label b85ec631,"510R,0402,1%",Sample Business Label 887d7f95,pcs,piece,Sample Business Label 17302eae,Sample Business Label 5fe53d48,Purchased,98.00,,,1.00,0.001921,Sample Business Label 14d9bbad
972-000427,Sample Business Label 7d2c5d44,TGM8751YN5G/TR,Sample Business Label 887d7f95,pcs,piece,Sample Business Label 17302eae,Sample Business Label 09caa247,Purchased,64.00,,,1.00,1.450016,Sample Business Label 14d9bbad
356-000603,Sample Business Label 3bcb90ab,818010937,Autonomous Driving,pcs,piece,Sample Business Label 4bf28cec,Sample Business Label db158135,Purchased,1.00,,,1.00,5.999961,Sample Business Label 14d9bbad
364-000044,PPTC,TMD0805-020C-33V,Sample Business Label 887d7f95,pcs,piece,Sample Business Label 17302eae,Sample Business Label d8af7f3d,Purchased,28.00,,,1.00,,Sample Business Label 14d9bbad
994-000347,Sample Business Label 500902ad,Sample Business Label 6b71d777,Sample Business Label 1674b06f,pcs,piece,Sample Business Label 4bf28cec,Sample Business Label d9643929,Purchased,35.00,,,1.00,,Sample Business Label 14d9bbad
972-000382,Sample Business Label f9230bdd,UPA1286U-SO1R,Sample Business Label 887d7f95,pcs,piece,Sample Business Label 17302eae,Sample Business Label 09caa247,Purchased,112.00,,,1.00,2.529957,Sample Business Label 14d9bbad
725-000323,Sample Business Label 05087a91,"150pF,50V,0603,5%,NP0",Sample Business Label 887d7f95,pcs,piece,Sample Business Label 17302eae,Sample Business Label 07789cfe,Purchased,84.00,,,1.00,0.010283,Sample Business Label 14d9bbad
849-001187,Sample Business Label 95143755,Sample Business Label a95993fd,Sample Business Label 96053b3e,pcs,piece,Sample Business Label 4bf28cec,Sample Business Label 0f3d50d5,Purchased,1.00,,,1.00,17.999996,Sample Business Label 14d9bbad
972-000475,Sample Business Label 3c5b6712,TGM61230XTN6G/TR,Sample Business Label 887d7f95,pcs,piece,Sample Business Label 17302eae,Sample Business Label 09caa247,Purchased,64.00,,,1.00,0.829985,Sample Business Label 14d9bbad
321-000354,YC400_Terminal_P5_PCB,YC400_Terminal_P5_PCB,Sample Business Label 761a79a0,pcs,piece,Sample Business Label 17302eae,Sample Business Label cbf023bc,Purchased,35.00,,,1.00,,Sample Business Label 14d9bbad
165-002097,Sample Business Label e945bf2c,,Sample Business Label 1674b06f,pcs,piece,Sample Business Label 4bf28cec,Sample Business Label bde42e5a,Purchased,10.00,,,1.00,,Sample Business Label 14d9bbad
994-000070,Sample Business Label 61dfbafc,Sample Business Label 9cf454cd,Sample Business Label 7bdc2d0a,pcs,piece,Sample Business Label 4bf28cec,Sample Business Label d9643929,Purchased,35.00,,,1.00,8.999998,Sample Business Label 14d9bbad
539-000095,Sample Business Label b85ec631,"124K,0402,1%",Sample Business Label 887d7f95,pcs,piece,Sample Business Label 17302eae,Sample Business Label 5fe53d48,Purchased,98.00,,,1.00,0.001469,Sample Business Label 14d9bbad
468-000528,Sample Business Label 0b813b15,Sample Business Label d7e1bdef,Sample Business Label 7bdc2d0a,zhang,Sample Business Label 9273cc90,Sample Business Label 0e5444d0,Sample Business Label a5e675d6,Purchased,1.00,,,1.00,0.349961,Sample Business Label 14d9bbad
539-000482,Sample Business Label b85ec631,"2K,1812,1%",Sample Business Label 887d7f95,pcs,piece,Sample Business Label 17302eae,Sample Business Label 5fe53d48,Purchased,56.00,,,1.00,0.083959,Sample Business Label 14d9bbad
182-000031,Sample Business Label 609ed820,Sample Business Label fdd54cbd,Autonomous Driving,pcs,piece,Sample Business Label 4bf28cec,Sample Business Label cbbb88c6,Purchased,15.00,,,1.00,2.199997,Sample Business Label 14d9bbad
454-000352,Sample Business Label 58ef7a6d,SM4F15A,Sample Business Label 887d7f95,pcs,piece,Sample Business Label 17302eae,Sample Business Label 5680b573,Purchased,70.00,,,1.00,0.149951,Sample Business Label 14d9bbad
588-000632,Sample Business Label 1b8a77e7,YS508_Radar_FPGA_P1_PCBA,Sample Business Label 1674b06f,pcs,piece,Sample Business Label f0207843,Sample Business Label 6ca8a46d,Outsourced,13.00,,,1.00,,Sample Business Label 14d9bbad
321-000547,YC302B_ESC_P2_PCB,YC302B_ESC_P2_PCB,Sample Business Label 1674b06f,pcs,piece,Sample Business Label 17302eae,Sample Business Label cbf023bc,Purchased,45.00,,,1.00,,Sample Business Label 14d9bbad
795-001185,Sample Business Label 412a71e2,45*52*6.5,Sample Business Label 96053b3e,pcs,piece,Sample Business Label 4bf28cec,Sample Business Label 2d85aff0,Purchased,28.00,,,1.00,2.644200,Sample Business Label 14d9bbad
321-000434,Sample Business Label 5ca1114d,YS403_YX_FPC_RIGHT_P1_PCB,Sample Business Label 1674b06f,pcs,piece,Sample Business Label 17302eae,Sample Business Label cbf023bc,Purchased,35.00,,,1.00,,Sample Business Label 14d9bbad
588-000570,YC400_MAIN_B_P7_PCBA,YC400_MAIN_B_P7_PCBA,Sample Business Label 761a79a0,pcs,piece,Sample Business Label f0207843,Sample Business Label 6ca8a46d,Outsourced,10.00,,,1.00,,Sample Business Label 14d9bbad
525-000222,Sample Business Label 717d6fa3,,Sample Business Label 1674b06f,pcs,piece,Sample Business Label f0207843,Sample Business Label 8e427e07,In-house,,,,1.00,,Sample Business Label 14d9bbad
321-000673,YC302B_ESC_P4_PCB,YC302B_ESC_P4_PCB,Sample Business Label 887d7f95,pcs,piece,Sample Business Label 17302eae,Sample Business Label cbf023bc,Purchased,70.00,,,1.00,61.500024,Sample Business Label 14d9bbad
356-000412,Sample Business Label 287bfb0d,Sample Business Label f1c1597f,Sample Business Label 887d7f95,pcs,piece,Sample Business Label 4bf28cec,Sample Business Label db158135,Purchased,35.00,,,1.00,4.977650,Sample Business Label 14d9bbad
165-001892,Sample Business Label 03ebde22,Sample Business Label f52e1aa9,Sample Business Label 7bdc2d0a,pcs,piece,Sample Business Label 4bf28cec,Sample Business Label bde42e5a,Purchased,28.00,,,1.00,,Sample Business Label 14d9bbad
725-000340,Sample Business Label 05087a91,"22uF,25V,0805,20%",Sample Business Label 887d7f95,pcs,piece,Sample Business Label 17302eae,Sample Business Label 07789cfe,Purchased,70.00,,,1.00,0.080004,Sample Business Label 14d9bbad
588-000766,Sample Business Label ef0244d2,YN403_BACK_CONTAOL_BOARD_P0_PCBA,Sample Business Label 96053b3e,pcs,piece,Sample Business Label f0207843,Sample Business Label 6ca8a46d,Outsourced,1.00,,,1.00,,Sample Business Label 14d9bbad
321-000234,Sample Business Label b7e47aa9,801_7CONNECTOR_P3_PCB,Sample Business Label 7bdc2d0a,pcs,piece,Sample Business Label 17302eae,Sample Business Label cbf023bc,Purchased,35.00,,,1.00,0.869987,Sample Business Label 14d9bbad
165-001538,Sample Business Label 292197c1,Sample Business Label 9d5b3e97,Sample Business Label 1674b06f,pcs,piece,Sample Business Label 4bf28cec,Sample Business Label bde42e5a,Purchased,35.00,,,1.00,,Sample Business Label 14d9bbad
454-000234,Sample Business Label 2b176d5b,KSPE30150ACT,Sample Business Label 887d7f95,pcs,piece,Sample Business Label 17302eae,Sample Business Label 5680b573,Purchased,56.00,,,1.00,1.399957,Sample Business Label 14d9bbad
165-002916,Sample Business Label f0f4595d,Sample Business Label e5bdfc86,Sample Business Label 761a79a0,pcs,piece,Sample Business Label 4bf28cec,Sample Business Label bde42e5a,Purchased,28.00,,,1.00,1.579966,Sample Business Label 14d9bbad
972-000742,Sample Business Label 3f592a1e,V74LVC2G34G-AG6-R,Sample Business Label 887d7f95,pcs,piece,Sample Business Label 17302eae,Sample Business Label 09caa247,Purchased,42.00,,,1.00,0.220011,Sample Business Label 14d9bbad
165-003458,Sample Business Label 16435aca,T2,Sample Business Label 96053b3e,pcs,piece,Sample Business Label 4bf28cec,Sample Business Label bde42e5a,Purchased,1.00,,,1.00,78.899990,Sample Business Label 14d9bbad
725-000477,Sample Business Label f5f70971,"22uF,25V,0805,20%,X5R",Sample Business Label 887d7f95,pcs,piece,Sample Business Label 17302eae,Sample Business Label 07789cfe,Purchased,56.00,,,1.00,0.077970,Sample Business Label 14d9bbad
358-000068,Sample Business Label 3d6ff65c,AXMP10A13FTA,Sample Business Label 887d7f95,pcs,piece,Sample Business Label 17302eae,Sample Business Label 5bce86f3,Purchased,133.00,,,1.00,0.700035,Sample Business Label 14d9bbad
849-001212,Sample Business Label 2161e192,Sample Business Label 03a32517,Sample Business Label 96053b3e,pcs,piece,Sample Business Label 4bf28cec,Sample Business Label 0f3d50d5,Purchased,1.00,,,1.00,12.000035,Sample Business Label 14d9bbad
606-000057,Sample Business Label 24faa8f6,Sample Business Label 8fbcbf49,Sample Business Label 7bdc2d0a,pcs,piece,Sample Business Label 0e5444d0,Sample Business Label 84fc6382,Purchased,14.00,,,1.00,,Sample Business Label 14d9bbad
165-002647,Sample Business Label 75b02961,Sample Business Label ef14815a,Autonomous Driving,pcs,piece,Sample Business Label 4bf28cec,Sample Business Label bde42e5a,Purchased,14.00,,,1.00,0.349961,Sample Business Label 14d9bbad
363-000539,Sample Business Label 23201cb7,,Sample Business Label 96053b3e,pcs,piece,Sample Business Label 0e5444d0,Sample Business Label 797c70ef,Purchased,28.00,,,1.00,34.999829,Sample Business Label 14d9bbad
733-000146,Sample Business Label c16ef3b5,MQW15AN2N7B00D,Sample Business Label 887d7f95,pcs,piece,Sample Business Label 17302eae,Sample Business Label f3f2ee9b,Purchased,28.00,,,1.00,0.247922,Sample Business Label 14d9bbad
733-000156,Sample Business Label c16ef3b5,NHQ0603W27NHT000,Sample Business Label 887d7f95,pcs,piece,Sample Business Label 17302eae,Sample Business Label f3f2ee9b,Purchased,140.00,,,1.00,,Sample Business Label 14d9bbad
539-000488,Sample Business Label 362ab609,"10.2K,0402,0.1%",Sample Business Label 887d7f95,pcs,piece,Sample Business Label 17302eae,Sample Business Label 5fe53d48,Purchased,133.00,,,1.00,0.056952,Sample Business Label 14d9bbad
165-001850,Sample Business Label 142032be,Sample Business Label b3f79aa8,Sample Business Label 1674b06f,pcs,piece,Sample Business Label 4bf28cec,Sample Business Label bde42e5a,Purchased,28.00,,,1.00,3.325025,Sample Business Label 14d9bbad
165-001853,Sample Business Label 6be00cd8,Sample Business Label 84e95524,Sample Business Label 1674b06f,pcs,piece,Sample Business Label 4bf28cec,Sample Business Label bde42e5a,Purchased,24.00,,,1.00,3.999974,Sample Business Label 14d9bbad
539-000003,Sample Business Label b85ec631,"33R,0402,1%",Sample Business Label 887d7f95,pcs,piece,Sample Business Label 17302eae,Sample Business Label 5fe53d48,Purchased,84.00,,,1.00,0.001469,Sample Business Label 14d9bbad
849-001268,Sample Business Label a5646524,Sample Business Label 514621fd,Sample Business Label 96053b3e,pcs,piece,Sample Business Label 4bf28cec,Sample Business Label 0f3d50d5,Purchased,1.00,,,1.00,0.700035,Sample Business Label 14d9bbad
539-000638,Sample Business Label 86c916e7,Sample Business Label b4c113eb,Sample Business Label 887d7f95,pcs,piece,Sample Business Label 17302eae,Sample Business Label 5fe53d48,Purchased,42.00,,,1.00,,Sample Business Label 14d9bbad
849-001051,Sample Business Label 06c30f90,Sample Business Label 93c175c5,Sample Business Label 1674b06f,pcs,piece,Sample Business Label 4bf28cec,Sample Business Label 0f3d50d5,Purchased,1.00,,,1.00,0.040002,Sample Business Label 14d9bbad
165-003228,Sample Business Label ebb76914,Sample Business Label 1d4776b8,Sample Business Label 1674b06f,pcs,piece,Sample Business Label 4bf28cec,Sample Business Label bde42e5a,Purchased,21.00,,,1.00,1.799977,Sample Business Label 14d9bbad
972-000090,Sample Business Label 3c5b6712,TLM7888CH,Sample Business Label 887d7f95,pcs,piece,Sample Business Label 17302eae,Sample Business Label 09caa247,Purchased,42.00,,,1.00,2.150051,Sample Business Label 14d9bbad
838-000410,Sample Business Label 5db375b2,,Autonomous Driving,pcs,piece,Sample Business Label 0e5444d0,Sample Business Label 6e9ebdaf,Purchased,35.00,,,1.00,82.999969,Sample Business Label 14d9bbad
972-000695,FPGA,XA7Z020-1CLG400Q,Sample Business Label 887d7f95,pcs,piece,Sample Business Label 17302eae,Sample Business Label 09caa247,Purchased,84.00,,,1.00,143.799958,Sample Business Label 14d9bbad
525-000185,Sample Business Label 13a3e701,,Sample Business Label 1674b06f,pcs,piece,Sample Business Label f0207843,Sample Business Label 8e427e07,In-house,1.00,,,1.00,,Sample Business Label 14d9bbad
795-001194,Sample Business Label 32f9db10,Sample Business Label 32fc5336,Sample Business Label 96053b3e,pcs,piece,Sample Business Label 4bf28cec,Sample Business Label 2d85aff0,Purchased,28.00,,,1.00,0.214700,Sample Business Label 14d9bbad
725-000127,Sample Business Label 05087a91,"6.2pf,50v,0402,0.25PF",Sample Business Label 887d7f95,pcs,piece,Sample Business Label 17302eae,Sample Business Label 07789cfe,Purchased,112.00,,,1.00,0.004294,Sample Business Label 14d9bbad
356-000531,Sample Business Label 4aac4f67,Sample Business Label 889f5340,Sample Business Label 887d7f95,pcs,piece,Sample Business Label 4bf28cec,Sample Business Label db158135,Purchased,35.00,,,1.00,6.679995,Sample Business Label 14d9bbad
363-000562,Sample Business Label 1ad81078,,Sample Business Label 96053b3e,pcs,piece,Sample Business Label 0e5444d0,Sample Business Label 797c70ef,Purchased,35.00,,,1.00,20.240221,Sample Business Label 14d9bbad
994-000533,Sample Business Label bafc7768,Sample Business Label c1feb7bb,Sample Business Label 5c716e22,pcs,piece,Sample Business Label 4bf28cec,Sample Business Label d9643929,Purchased,35.00,,,1.00,,Sample Business Label 14d9bbad
539-000237,Sample Business Label b85ec631,"14K,0402,1%",Sample Business Label 887d7f95,pcs,piece,Sample Business Label 17302eae,Sample Business Label 5fe53d48,Purchased,84.00,,,1.00,0.001921,Sample Business Label 14d9bbad
165-001884,Sample Business Label 1a967483,Sample Business Label ec18c3d6,Sample Business Label 1674b06f,pcs,piece,Sample Business Label 4bf28cec,Sample Business Label bde42e5a,Purchased,28.00,,,1.00,,Sample Business Label 14d9bbad
356-000643,Sample Business Label 0febb1d4,Sample Business Label 8c68bbf3,Sample Business Label 1674b06f,pcs,piece,Sample Business Label 4bf28cec,Sample Business Label db158135,Purchased,35.00,,,1.00,100.000028,Sample Business Label 14d9bbad
725-000273,Sample Business Label c129916e,BCS2R7M106YS1030,Sample Business Label 887d7f95,pcs,piece,Sample Business Label 17302eae,Sample Business Label 07789cfe,Purchased,42.00,,,1.00,1.319953,Sample Business Label 14d9bbad
849-001277,Sample Business Label bacda4e5,Sample Business Label 9edd2f7c,Sample Business Label 96053b3e,pcs,piece,Sample Business Label 4bf28cec,Sample Business Label 0f3d50d5,Purchased,1.00,,,1.00,1.042312,Sample Business Label 14d9bbad
539-000078,Sample Business Label b85ec631,"52.3K,0402,1%",Sample Business Label 887d7f95,pcs,piece,Sample Business Label 17302eae,Sample Business Label 5fe53d48,Purchased,84.00,,,1.00,0.001469,Sample Business Label 14d9bbad
539-000049,Sample Business Label b85ec631,"130K,0402,1%",Sample Business Label 887d7f95,pcs,piece,Sample Business Label 17302eae,Sample Business Label 5fe53d48,Purchased,84.00,,,1.00,0.001469,Sample Business Label 14d9bbad
733-000144,Sample Business Label be98a238,THP1004-100M,Sample Business Label 887d7f95,pcs,piece,Sample Business Label 17302eae,Sample Business Label f3f2ee9b,Purchased,30.00,,,1.00,0.449966,Sample Business Label 14d9bbad
358-000108,Sample Business Label c7de58d3,KMTJ3415KL,Sample Business Label 887d7f95,pcs,piece,Sample Business Label 17302eae,Sample Business Label 5bce86f3,Purchased,84.00,,,1.00,0.137973,Sample Business Label 14d9bbad
165-003208,Sample Business Label c31e1df2,Sample Business Label ea1be9b6,Sample Business Label 1674b06f,pcs,piece,Sample Business Label 4bf28cec,Sample Business Label bde42e5a,Purchased,45.00,,,1.00,319.999954,Sample Business Label 14d9bbad
972-000809,Sample Business Label c8718979,U108CD-6E,Sample Business Label 887d7f95,pcs,piece,Sample Business Label 17302eae,Sample Business Label 09caa247,Purchased,42.00,,,1.00,82.999969,Sample Business Label 14d9bbad
725-000220,Sample Business Label b415a01a,SPZ1EM102G17O00RAXXX,Sample Business Label 887d7f95,pcs,piece,Sample Business Label 17302eae,Sample Business Label 07789cfe,Purchased,56.00,,,1.00,1.299952,Sample Business Label 14d9bbad
165-001889,Sample Business Label e0e3ccd1,Sample Business Label 63435879,Sample Business Label 1674b06f,pcs,piece,Sample Business Label 4bf28cec,Sample Business Label bde42e5a,Purchased,42.00,,,1.00,,Sample Business Label 14d9bbad
849-000821,Sample Business Label ca445e95,Sample Business Label 9808bb81,Sample Business Label 887d7f95,pcs,piece,Sample Business Label 4bf28cec,Sample Business Label 0f3d50d5,Purchased,13.00,,,1.00,,Sample Business Label 14d9bbad
849-001371,Sample Business Label b863fd8b,,Sample Business Label 96053b3e,pcs,piece,Sample Business Label 4bf28cec,Sample Business Label 0f3d50d5,Purchased,1.00,,,1.00,3.732729,Sample Business Label 14d9bbad
849-001258,Sample Business Label 4d99796c,Sample Business Label 2e56ef54,Sample Business Label 96053b3e,pcs,piece,Sample Business Label 4bf28cec,Sample Business Label 0f3d50d5,Purchased,1.00,,,1.00,0.067348,Sample Business Label 14d9bbad
849-001228,Sample Business Label db4ca0f8,Sample Business Label 52d6fe55,Sample Business Label 96053b3e,pcs,piece,Sample Business Label 4bf28cec,Sample Business Label 0f3d50d5,Purchased,35.00,,,1.00,116.999974,Sample Business Label 14d9bbad
165-003398,Sample Business Label 0a9542ca,Sample Business Label 56be129d,Sample Business Label 96053b3e,pcs,piece,Sample Business Label 4bf28cec,Sample Business Label bde42e5a,Purchased,1.00,,,1.00,799.999998,Sample Business Label 14d9bbad
849-001307,Sample Business Label ab275514,Sample Business Label 0d6183b6,Sample Business Label 96053b3e,pcs,piece,Sample Business Label 4bf28cec,Sample Business Label 0f3d50d5,Purchased,1.00,,,1.00,0.168031,Sample Business Label 14d9bbad
972-000600,Sample Business Label 57be4f5e,BT32F403ARGT7,Sample Business Label 887d7f95,pcs,piece,Sample Business Label 17302eae,Sample Business Label 09caa247,Purchased,56.00,,,1.00,6.499986,Sample Business Label 14d9bbad
849-001340,Sample Business Label cbb62ea7,Sample Business Label 053e3307,Sample Business Label 96053b3e,pcs,piece,Sample Business Label 4bf28cec,Sample Business Label 0f3d50d5,Purchased,1.00,,,1.00,16.465682,Sample Business Label 14d9bbad
539-000667,Sample Business Label b85ec631,Sample Business Label 66da6714,Sample Business Label 1674b06f,pcs,piece,Sample Business Label 17302eae,Sample Business Label 5fe53d48,Purchased,120.00,,,1.00,0.129950,Sample Business Label 14d9bbad
725-000371,Sample Business Label 05087a91,10nF 100V 1603 10% X7R,Sample Business Label 887d7f95,pcs,piece,Sample Business Label 17302eae,Sample Business Label 07789cfe,Purchased,77.00,,,1.00,0.008249,Sample Business Label 14d9bbad
972-000615,Sample Business Label 3539c19e,ARLink-Q401-D,Sample Business Label 887d7f95,pcs,piece,Sample Business Label 17302eae,Sample Business Label 09caa247,Purchased,42.00,,,1.00,380.000016,Sample Business Label 14d9bbad
165-001895,Sample Business Label b8def56c,Sample Business Label 70b5180f,Sample Business Label 1674b06f,pcs,piece,Sample Business Label 4bf28cec,Sample Business Label bde42e5a,Purchased,28.00,,,1.00,,Sample Business Label 14d9bbad
849-000802,Sample Business Label 0ff8a5d2,Sample Business Label 02f67574,Sample Business Label 887d7f95,pcs,piece,Sample Business Label 4bf28cec,Sample Business Label 0f3d50d5,Purchased,17.00,,,1.00,,Sample Business Label 14d9bbad
358-000109,Sample Business Label c7de58d3,KMTJ3407A,Sample Business Label 887d7f95,pcs,piece,Sample Business Label 17302eae,Sample Business Label 5bce86f3,Purchased,84.00,,,1.00,0.135035,Sample Business Label 14d9bbad
454-000351,Sample Business Label cd58a380,ESDSLC5V0LBA1,Sample Business Label 887d7f95,pcs,piece,Sample Business Label 17302eae,Sample Business Label 5680b573,Purchased,70.00,,,1.00,0.092999,Sample Business Label 14d9bbad
588-000836,YC302B_ESC_CAP_P0_PCBA,,Sample Business Label 887d7f95,pcs,piece,Sample Business Label f0207843,Sample Business Label 6ca8a46d,Outsourced,1.00,,,1.00,,Sample Business Label 14d9bbad
795-000907,Sample Business Label 0b413725,Sample Business Label 70c671ba,Sample Business Label 1674b06f,pcs,piece,Sample Business Label 4bf28cec,Sample Business Label 2d85aff0,Purchased,21.00,,,1.00,0.180009,Sample Business Label 14d9bbad
356-000608,Sample Business Label 956c2015,Sample Business Label e1899d83,Sample Business Label 1674b06f,pcs,piece,Sample Business Label 4bf28cec,Sample Business Label db158135,Purchased,35.00,,,1.00,,Sample Business Label 14d9bbad
165-001852,Sample Business Label 2f9e69af,Sample Business Label 5da80530,Sample Business Label 1674b06f,pcs,piece,Sample Business Label 4bf28cec,Sample Business Label bde42e5a,Purchased,21.00,,,1.00,3.200047,Sample Business Label 14d9bbad
588-000579,Sample Business Label fc4e64c3,Sample Business Label fc4e64c3,Sample Business Label 1674b06f,pcs,piece,Sample Business Label f0207843,Sample Business Label 6ca8a46d,Outsourced,13.00,,,1.00,,Sample Business Label 14d9bbad
539-000027,Sample Business Label b85ec631,"75R,0402,1%",Sample Business Label 887d7f95,pcs,piece,Sample Business Label 17302eae,Sample Business Label 5fe53d48,Purchased,84.00,,,1.00,0.001921,Sample Business Label 14d9bbad
549-001146,Sample Business Label 39057ed0,,Sample Business Label 1674b06f,pcs,piece,Sample Business Label 0e5444d0,Sample Business Label 5b88d24a,Purchased,48.00,,,1.00,,Sample Business Label 14d9bbad
165-002409,Sample Business Label 2d55106f,Sample Business Label 727adfbe,Sample Business Label 1674b06f,pcs,piece,Sample Business Label 4bf28cec,Sample Business Label bde42e5a,Purchased,28.00,,,1.00,30.810015,Sample Business Label 14d9bbad
454-000034,Sample Business Label 13a7d943,SMBJ6.5CA-23-F,Sample Business Label 887d7f95,pcs,piece,Sample Business Label 17302eae,Sample Business Label 5680b573,Purchased,140.00,,,1.00,0.191874,Sample Business Label 14d9bbad
539-000490,Sample Business Label b85ec631,"0.03R,1206,1%,1/4W",Sample Business Label 887d7f95,pcs,piece,Sample Business Label 17302eae,Sample Business Label 5fe53d48,Purchased,126.00,,,1.00,0.032996,Sample Business Label 14d9bbad
356-000256,Sample Business Label 6b4a2515,Sample Business Label ba4d64a5,Sample Business Label 887d7f95,pcs,piece,Sample Business Label 4bf28cec,Sample Business Label db158135,Purchased,42.00,,,1.00,9.135033,Sample Business Label 14d9bbad
725-000147,Sample Business Label 05087a91,"4.7uf,100v,1210,10%",Sample Business Label 887d7f95,pcs,piece,Sample Business Label 17302eae,Sample Business Label 07789cfe,Purchased,126.00,,,1.00,0.636981,Sample Business Label 14d9bbad
165-001042,Sample Business Label 2346d1d7,Sample Business Label c44b9ba0,Sample Business Label 735ac064,pcs,piece,Sample Business Label 4bf28cec,Sample Business Label bde42e5a,Purchased,14.00,,,1.00,,Sample Business Label 14d9bbad
795-000809,Sample Business Label 6be5713a,Sample Business Label 17326308,Sample Business Label 7bdc2d0a,pcs,piece,Sample Business Label 4bf28cec,Sample Business Label 2d85aff0,Purchased,21.00,,,1.00,0.249956,Sample Business Label 14d9bbad
972-000273,Sample Business Label 99bd4951,TY8089A1AAC,Sample Business Label 887d7f95,pcs,piece,Sample Business Label 17302eae,Sample Business Label 09caa247,Purchased,56.00,,,1.00,,Sample Business Label 14d9bbad
849-001390,Sample Business Label 1dadcc43,,Sample Business Label 96053b3e,pcs,piece,Sample Business Label 4bf28cec,Sample Business Label 0f3d50d5,Purchased,1.00,,,1.00,,Sample Business Label 14d9bbad
321-000476,Sample Business Label 8efb0c09,Sample Business Label 8efb0c09,Autonomous Driving,pcs,piece,Sample Business Label 17302eae,Sample Business Label cbf023bc,Purchased,35.00,,,1.00,1.999987,Sample Business Label 14d9bbad
165-001095,Sample Business Label a0608b5f,Sample Business Label 3d19d4d9,Sample Business Label 7bdc2d0a,pcs,piece,Sample Business Label 4bf28cec,Sample Business Label bde42e5a,Purchased,21.00,,,1.00,,Sample Business Label 14d9bbad
725-000227,Sample Business Label 511eda64,WEJ221M1ATR-0607,Sample Business Label 887d7f95,pcs,piece,Sample Business Label 17302eae,Sample Business Label 07789cfe,Purchased,140.00,,,1.00,,Sample Business Label 14d9bbad
165-002308,Sample Business Label a3f34dde,Sample Business Label b1bd4eb0,Sample Business Label 1674b06f,pcs,piece,Sample Business Label 4bf28cec,Sample Business Label bde42e5a,Purchased,21.00,,,1.00,,Sample Business Label 14d9bbad
539-000542,Sample Business Label b85ec631,"100mR,2512,1%",Sample Business Label 887d7f95,pcs,piece,Sample Business Label 17302eae,Sample Business Label 5fe53d48,Purchased,91.00,,,1.00,0.209954,Sample Business Label 14d9bbad
725-000140,Sample Business Label 05087a91,"12pF,50V,0402,5%",Sample Business Label 887d7f95,pcs,piece,Sample Business Label 17302eae,Sample Business Label 07789cfe,Purchased,126.00,,,1.00,0.005650,Sample Business Label 14d9bbad
972-000718,Sample Business Label 6182b7b6,VSB3320C-EZK-TR,Sample Business Label 887d7f95,pcs,piece,Sample Business Label 17302eae,Sample Business Label 09caa247,Purchased,84.00,,,1.00,6.099966,Sample Business Label 14d9bbad
539-000438,Sample Business Label b85ec631,"68K,0402,1%",Sample Business Label 887d7f95,pcs,piece,Sample Business Label 17302eae,Sample Business Label 5fe53d48,Purchased,84.00,,,1.00,0.001469,Sample Business Label 14d9bbad
849-001205,Sample Business Label 59edacd2,Sample Business Label 991f3dc7,Sample Business Label 96053b3e,pcs,piece,Sample Business Label 4bf28cec,Sample Business Label 0f3d50d5,Purchased,1.00,,,1.00,129.999946,Sample Business Label 14d9bbad
165-002060,Sample Business Label b517528e,Sample Business Label 0a5de1ad,Sample Business Label 1674b06f,pcs,piece,Sample Business Label 4bf28cec,Sample Business Label bde42e5a,Purchased,28.00,,,1.00,,Sample Business Label 14d9bbad
725-000328,Sample Business Label 05087a91,"100pF,50V,0402,5% ",Sample Business Label 887d7f95,pcs,piece,Sample Business Label 17302eae,Sample Business Label 07789cfe,Purchased,98.00,,,1.00,0.002373,Sample Business Label 14d9bbad
972-000379,Sample Business Label 4be8e222,CL3085-J47,Sample Business Label 887d7f95,pcs,piece,Sample Business Label 17302eae,Sample Business Label 09caa247,Purchased,42.00,,,1.00,0.380019,Sample Business Label 14d9bbad
501-000002,Sample Business Label 32dbbfcf,I1102NLT,Sample Business Label 887d7f95,pcs,piece,Sample Business Label 17302eae,Sample Business Label 595d3369,Purchased,28.00,,,1.00,,Sample Business Label 14d9bbad
454-000319,Sample Business Label 13a7d943,TMAJ15CA,Sample Business Label 887d7f95,pcs,piece,Sample Business Label 17302eae,Sample Business Label 5680b573,Purchased,70.00,,,1.00,0.072998,Sample Business Label 14d9bbad
321-000555,YN503_Mainboard_P1_PCB,YN503_Mainboard_P1_PCB,Autonomous Driving,pcs,piece,Sample Business Label 17302eae,Sample Business Label cbf023bc,Purchased,45.00,,,1.00,48.000027,Sample Business Label 14d9bbad
539-000142,Sample Business Label b85ec631,"18K,0402,1%",Sample Business Label 887d7f95,pcs,piece,Sample Business Label 17302eae,Sample Business Label 5fe53d48,Purchased,84.00,,,1.00,0.001921,Sample Business Label 14d9bbad
539-000140,Sample Business Label b85ec631,"6.49K,0402,1%",Sample Business Label 887d7f95,pcs,piece,Sample Business Label 17302eae,Sample Business Label 5fe53d48,Purchased,98.00,,,1.00,0.001469,Sample Business Label 14d9bbad
849-001354,Sample Business Label 37cb00dd,Sample Business Label 77407226,Sample Business Label 96053b3e,pcs,piece,Sample Business Label 4bf28cec,Sample Business Label 0f3d50d5,Purchased,1.00,,,1.00,,Sample Business Label 14d9bbad
321-000499,Sample Business Label e3100807,YN525_CONTROL_BOARD_P2_PCB,Sample Business Label 1674b06f,pcs,piece,Sample Business Label 17302eae,Sample Business Label cbf023bc,Purchased,35.00,,,1.00,41.520042,Sample Business Label 14d9bbad
165-001421,Sample Business Label 92e2fe5a,Sample Business Label 60169234,Sample Business Label 1674b06f,pcs,piece,Sample Business Label 4bf28cec,Sample Business Label bde42e5a,Purchased,14.00,,,1.00,,Sample Business Label 14d9bbad
972-000663,Sample Business Label c26bc1e3,KWH5140FESOP#TR,Sample Business Label 887d7f95,pcs,piece,Sample Business Label 17302eae,Sample Business Label 09caa247,Purchased,64.00,,,1.00,2.380006,Sample Business Label 14d9bbad
849-001338,Sample Business Label d6161315,32*2,Sample Business Label 96053b3e,pcs,piece,Sample Business Label 4bf28cec,Sample Business Label 0f3d50d5,Purchased,1.00,,,1.00,2.011400,Sample Business Label 14d9bbad
588-000406,Sample Business Label e7799e7a,YS101_ALG52810_P0_S01_PCBA,Sample Business Label 7bdc2d0a,pcs,piece,Sample Business Label f0207843,Sample Business Label 6ca8a46d,Outsourced,33.00,,,1.00,,Sample Business Label 14d9bbad
454-000014,Sample Business Label f0e29f29,TZMMSZ5248BT1G,Sample Business Label 887d7f95,pcs,piece,Sample Business Label 17302eae,Sample Business Label 5680b573,Purchased,140.00,,,1.00,0.360018,Sample Business Label 14d9bbad
165-001103,Sample Business Label 3eba2c82,Sample Business Label faae12c2,Sample Business Label 761a79a0,pcs,piece,Sample Business Label 4bf28cec,Sample Business Label bde42e5a,Purchased,21.00,,,1.00,,Sample Business Label 14d9bbad
849-001230,Sample Business Label 04b8c4bd,Sample Business Label 52d6fe55,Sample Business Label 96053b3e,pcs,piece,Sample Business Label 4bf28cec,Sample Business Label 0f3d50d5,Purchased,35.00,,,1.00,46.999977,Sample Business Label 14d9bbad
165-002376,Sample Business Label 3409bd84,Sample Business Label 596ed42b,Autonomous Driving,pcs,piece,Sample Business Label 4bf28cec,Sample Business Label bde42e5a,Purchased,21.00,,,1.00,,Sample Business Label 14d9bbad
770-000162,Sample Business Label fd651505,MUP-M614-12,Sample Business Label 445dc24e,pcs,piece,Sample Business Label 4bf28cec,Sample Business Label 25c31db5,Purchased,30.00,,,1.00,,Sample Business Label 14d9bbad
849-001303,Sample Business Label fd0d4b4d,Sample Business Label ab00b6e2,Sample Business Label 96053b3e,pcs,piece,Sample Business Label 4bf28cec,Sample Business Label 0f3d50d5,Purchased,1.00,,,1.00,0.068139,Sample Business Label 14d9bbad
P69-000059,Sample Business Label 713c8bb9,Sample Business Label 5b4d35c7,Sample Business Label 735ac064,pcs,piece,Sample Business Label e9fffb2c,Sample Business Label 285aa6c5,In-house,1.00,,,1.00,,Sample Business Label 14d9bbad
972-000711,Sample Business Label ab09282c,OSD16241-DSPR,Sample Business Label 887d7f95,pcs,piece,Sample Business Label 17302eae,Sample Business Label 09caa247,Purchased,90.00,,,1.00,1.299952,Sample Business Label 14d9bbad
454-000027,Sample Business Label 02b5149b,1N6263W-7-F,Sample Business Label 887d7f95,pcs,piece,Sample Business Label 17302eae,Sample Business Label 5680b573,Purchased,140.00,,,1.00,0.306682,Sample Business Label 14d9bbad
454-000020,Sample Business Label 13a7d943,QSR05-LF-T7,Sample Business Label 887d7f95,pcs,piece,Sample Business Label 17302eae,Sample Business Label 5680b573,Purchased,70.00,,,1.00,0.703538,Sample Business Label 14d9bbad
539-000138,Sample Business Label b85ec631,"51R,0402,1%",Sample Business Label 887d7f95,pcs,piece,Sample Business Label 17302eae,Sample Business Label 5fe53d48,Purchased,84.00,,,1.00,0.001469,Sample Business Label 14d9bbad
770-000146,Sample Business Label a581a237,GLF-MICRO-0330,Sample Business Label 887d7f95,pcs,piece,Sample Business Label 4bf28cec,Sample Business Label 25c31db5,Purchased,25.00,,,1.00,,Sample Business Label 14d9bbad
972-000684,Sample Business Label 6600e393,UAU1114-1216BB0,Sample Business Label 887d7f95,pcs,piece,Sample Business Label 17302eae,Sample Business Label 09caa247,Purchased,28.00,,,1.00,7.800051,Sample Business Label 14d9bbad
454-000349,Sample Business Label 13a7d943,ESDU5V0G3,Sample Business Label 887d7f95,pcs,piece,Sample Business Label 17302eae,Sample Business Label 5680b573,Purchased,30.00,,,1.00,0.135035,Sample Business Label 14d9bbad
895-000012,Sample Business Label 318d6f74,K2-6639SP-H4SC-04,Sample Business Label 887d7f95,pcs,piece,Sample Business Label 4bf28cec,Sample Business Label d7716c4a,Purchased,30.00,,,1.00,0.180009,Sample Business Label 14d9bbad
358-000006,Sample Business Label f1450f6d,"CSS84,215",Sample Business Label 887d7f95,pcs,piece,Sample Business Label 17302eae,Sample Business Label 5bce86f3,Purchased,105.00,,,1.00,,Sample Business Label 14d9bbad
733-000089,Sample Business Label de3ed42c,CLM18KG121TN1D,Sample Business Label 887d7f95,pcs,piece,Sample Business Label 17302eae,Sample Business Label f3f2ee9b,Purchased,1.00,,,1.00,0.064975,Sample Business Label 14d9bbad
454-000070,Sample Business Label 2b176d5b,TS36,Sample Business Label 887d7f95,pcs,piece,Sample Business Label 17302eae,Sample Business Label 5680b573,Purchased,28.00,,,1.00,0.178427,Sample Business Label 14d9bbad
849-001176,Sample Business Label 6910366c,Sample Business Label 3253f022,Sample Business Label 96053b3e,pcs,piece,Sample Business Label 4bf28cec,Sample Business Label 0f3d50d5,Purchased,1.00,,,1.00,7.912147,Sample Business Label 14d9bbad
733-000044,Sample Business Label 43b7aeb5,TWPA4020S4R7MT,Sample Business Label 887d7f95,pcs,piece,Sample Business Label 17302eae,Sample Business Label f3f2ee9b,Purchased,42.00,,,1.00,0.169952,Sample Business Label 14d9bbad
353-000174,Sample Business Label d71ceac2,,Sample Business Label 96053b3e,pcs,piece,Sample Business Label f0207843,Sample Business Label e1a5ffe2,In-house,,,,1.00,,Sample Business Label 14d9bbad
165-003227,Sample Business Label af5faf51,Sample Business Label 505bbe25,Sample Business Label 1674b06f,pcs,piece,Sample Business Label 4bf28cec,Sample Business Label bde42e5a,Purchased,28.00,,,1.00,105.000052,Sample Business Label 14d9bbad
588-000600,Sample Business Label e4a1debd,Sample Business Label 988433bc,Sample Business Label 1674b06f,pcs,piece,Sample Business Label f0207843,Sample Business Label 6ca8a46d,Outsourced,10.00,,,1.00,,Sample Business Label 14d9bbad
554-000057,LDO,TGM2033-ADJXN5G/TR,Sample Business Label 887d7f95,pcs,piece,Sample Business Label 17302eae,Sample Business Label 042b653a,Purchased,70.00,,,1.00,0.289958,Sample Business Label 14d9bbad
468-000431,Sample Business Label d409021d,,Sample Business Label 1674b06f,pcs,piece,Sample Business Label 0e5444d0,Sample Business Label a5e675d6,Purchased,17.00,,,1.00,,Sample Business Label 14d9bbad
972-000392,LDO,ND53R33,Sample Business Label 887d7f95,pcs,piece,Sample Business Label 17302eae,Sample Business Label 09caa247,Purchased,43.00,,,1.00,0.310411,Sample Business Label 14d9bbad
539-000300,Sample Business Label b85ec631,"20K,0805,1%",Sample Business Label 887d7f95,pcs,piece,Sample Business Label 17302eae,Sample Business Label 5fe53d48,Purchased,84.00,,,1.00,0.005311,Sample Business Label 14d9bbad
165-001457,Sample Business Label 0dc62b69,Sample Business Label 9900bace,Sample Business Label 761a79a0,pcs,piece,Sample Business Label 4bf28cec,Sample Business Label bde42e5a,Purchased,28.00,,,1.00,,Sample Business Label 14d9bbad
356-000523,Sample Business Label 1ba64463,CB615-H40S-COR,Sample Business Label 887d7f95,pcs,piece,Sample Business Label 4bf28cec,Sample Business Label db158135,Purchased,25.00,,,1.00,1.610024,Sample Business Label 14d9bbad
733-000233,Sample Business Label 1ef5a5d1,TPM201610SR47MGCA,Sample Business Label 887d7f95,pcs,piece,Sample Business Label 17302eae,Sample Business Label f3f2ee9b,Purchased,30.00,,,1.00,0.134018,Sample Business Label 14d9bbad
795-001182,Sample Business Label 1b6ee49d,50*30 M10*28,Sample Business Label 96053b3e,pcs,piece,Sample Business Label 4bf28cec,Sample Business Label 2d85aff0,Purchased,28.00,,,1.00,6.102000,Sample Business Label 14d9bbad
454-000324,Sample Business Label 2b176d5b,NBRB30150CT,Sample Business Label 887d7f95,pcs,piece,Sample Business Label 17302eae,Sample Business Label 5680b573,Purchased,70.00,,,1.00,1.100055,Sample Business Label 14d9bbad
165-001815,Sample Business Label c6621112,Sample Business Label 7d2a0c5f,Sample Business Label 1674b06f,pcs,piece,Sample Business Label 4bf28cec,Sample Business Label bde42e5a,Purchased,28.00,,,1.00,,Sample Business Label 14d9bbad
165-002078,Sample Business Label b3c2e526,Sample Business Label 23ba6544,Sample Business Label 7bdc2d0a,pcs,piece,Sample Business Label 4bf28cec,Sample Business Label bde42e5a,Purchased,28.00,,,1.00,,Sample Business Label 14d9bbad
733-000171,Sample Business Label be98a238,TPM5020T-100M-LR,Sample Business Label 887d7f95,pcs,piece,Sample Business Label 17302eae,Sample Business Label f3f2ee9b,Purchased,105.00,,,1.00,,Sample Business Label 14d9bbad
838-000184,Sample Business Label 189d2cd8,ZK-TNC-IPEX-M60,Autonomous Driving,pcs,piece,Sample Business Label 0e5444d0,Sample Business Label 6e9ebdaf,Purchased,35.00,,,1.00,,Sample Business Label 14d9bbad
539-000314,Sample Business Label b85ec631,"75R,0805,1%,1/8W",Sample Business Label 887d7f95,pcs,piece,Sample Business Label 17302eae,Sample Business Label 5fe53d48,Purchased,84.00,,,1.00,0.005311,Sample Business Label 14d9bbad
165-001940,Sample Business Label 56712522,Sample Business Label 1f999cbc,Sample Business Label 1674b06f,pcs,piece,Sample Business Label 4bf28cec,Sample Business Label bde42e5a,Purchased,14.00,,,1.00,0.789983,Sample Business Label 14d9bbad
849-001247,Sample Business Label ba0a579c,Sample Business Label b4babe50,Sample Business Label 96053b3e,pcs,piece,Sample Business Label 4bf28cec,Sample Business Label 0f3d50d5,Purchased,1.00,,,1.00,8.999998,Sample Business Label 14d9bbad
733-000247,Sample Business Label 26a99aed,DM3225L-2-101TF,Sample Business Label 887d7f95,pcs,piece,Sample Business Label 17302eae,Sample Business Label f3f2ee9b,Purchased,30.00,,,1.00,0.375047,Sample Business Label 14d9bbad
733-000196,Sample Business Label 1ef5a5d1,XPN3012HR47MT,Sample Business Label 887d7f95,pcs,piece,Sample Business Label 17302eae,Sample Business Label f3f2ee9b,Purchased,63.00,,,1.00,0.189953,Sample Business Label 14d9bbad
972-000378,MCU,NIMXRT1021CAG4A,Sample Business Label 887d7f95,pcs,piece,Sample Business Label 17302eae,Sample Business Label 09caa247,Purchased,1.00,,,1.00,22.262356,Sample Business Label 14d9bbad
849-001321,Sample Business Label ca62985f,Sample Business Label c3088d45,Sample Business Label 96053b3e,pcs,piece,Sample Business Label 4bf28cec,Sample Business Label 0f3d50d5,Purchased,1.00,,,1.00,0.169839,Sample Business Label 14d9bbad
356-000533,Sample Business Label 810d4bb8,Sample Business Label 2e3d3c24,Sample Business Label 887d7f95,pcs,piece,Sample Business Label 4bf28cec,Sample Business Label db158135,Purchased,35.00,,,1.00,6.679995,Sample Business Label 14d9bbad
606-000929,Sample Business Label 7feefeee,,Autonomous Driving,pcs,piece,Sample Business Label 0e5444d0,Sample Business Label 84fc6382,Purchased,14.00,,,1.00,3.499949,Sample Business Label 14d9bbad
454-000213,Sample Business Label bf94698e,MMDL914T1G,Sample Business Label 887d7f95,pcs,piece,Sample Business Label 17302eae,Sample Business Label 5680b573,Purchased,105.00,,,1.00,0.029945,Sample Business Label 14d9bbad
972-000584,Sample Business Label a10bfd4c,FC800MCNLF-J03-SNNDA,Sample Business Label 887d7f95,pcs,piece,Sample Business Label 17302eae,Sample Business Label 09caa247,Purchased,42.00,,,1.00,19.100051,Sample Business Label 14d9bbad
539-000276,Sample Business Label b85ec631,"0R,0805,1%",Sample Business Label 887d7f95,pcs,piece,Sample Business Label 17302eae,Sample Business Label 5fe53d48,Purchased,84.00,,,1.00,0.005311,Sample Business Label 14d9bbad
593-000027,Sample Business Label f2005569,,Sample Business Label 7bdc2d0a,pcs,piece,Sample Business Label f0207843,Sample Business Label a68f67a0,In-house,1.00,,,1.00,,Sample Business Label 14d9bbad
165-003452,Sample Business Label 12751b1a,Sample Business Label a1e228b0,Sample Business Label 96053b3e,pcs,piece,Sample Business Label 4bf28cec,Sample Business Label bde42e5a,Purchased,21.00,,,1.00,2.239999,Sample Business Label 14d9bbad
588-000825,YN608_ESC_P0_PCBA,,Sample Business Label 96053b3e,pcs,piece,Sample Business Label f0207843,Sample Business Label 6ca8a46d,Outsourced,1.00,,,1.00,,Sample Business Label 14d9bbad
358-000051,Sample Business Label c7de58d3,GDC602P,Sample Business Label 887d7f95,pcs,piece,Sample Business Label 17302eae,Sample Business Label 5bce86f3,Purchased,140.00,,,1.00,1.246616,Sample Business Label 14d9bbad
165-002356,Sample Business Label 23cf4db4,Sample Business Label c866cd2d,Sample Business Label 1674b06f,pcs,piece,Sample Business Label 4bf28cec,Sample Business Label bde42e5a,Purchased,21.00,,,1.00,,Sample Business Label 14d9bbad
994-000632,Sample Business Label 24a1f3e8,,Sample Business Label 761a79a0,pcs,piece,Sample Business Label 4bf28cec,Sample Business Label d9643929,Purchased,35.00,,,1.00,,Sample Business Label 14d9bbad
321-000381,YC540S_SPRINKLER_P1_PCB,YC540S_SPRINKLER_P1_PCB,Sample Business Label 1674b06f,pcs,piece,Sample Business Label 17302eae,Sample Business Label cbf023bc,Purchased,30.00,,,1.00,7.068828,Sample Business Label 14d9bbad
356-000061,Sample Business Label 73f77489,MMCX-KE-27,Sample Business Label 887d7f95,pcs,piece,Sample Business Label 4bf28cec,Sample Business Label db158135,Purchased,25.00,,,1.00,4.859000,Sample Business Label 14d9bbad
165-001814,Sample Business Label 58e9ece5,Sample Business Label 79eb018f,Sample Business Label 1674b06f,pcs,piece,Sample Business Label 4bf28cec,Sample Business Label bde42e5a,Purchased,21.00,,,1.00,,Sample Business Label 14d9bbad
165-000465,Sample Business Label 7fd21f78,Sample Business Label 522ec228,Sample Business Label 1674b06f,pcs,piece,Sample Business Label 4bf28cec,Sample Business Label bde42e5a,Purchased,21.00,,,1.00,0.700035,Sample Business Label 14d9bbad
972-000221,Sample Business Label 66d870af,BTA6561-GAQW-N,Sample Business Label 887d7f95,pcs,piece,Sample Business Label 17302eae,Sample Business Label 09caa247,Purchased,90.00,,,1.00,3.174170,Sample Business Label 14d9bbad
527-000062,Sample Business Label 066ae8fd,TX20Y040000BA1T005,Sample Business Label 887d7f95,pcs,piece,Sample Business Label 17302eae,Sample Business Label f5e6f23a,Purchased,42.00,,,1.00,0.209954,Sample Business Label 14d9bbad
972-000626,Sample Business Label 5c617ad2,TGM61022XTDE8G/TR,Sample Business Label 887d7f95,pcs,piece,Sample Business Label 17302eae,Sample Business Label 09caa247,Purchased,64.00,,,1.00,0.880044,Sample Business Label 14d9bbad
539-000179,Sample Business Label b85ec631,"33R,0402,1%",Sample Business Label 887d7f95,pcs,piece,Sample Business Label 17302eae,Sample Business Label 5fe53d48,Purchased,56.00,,,1.00,0.001243,Sample Business Label 14d9bbad
454-000009,Sample Business Label 2b176d5b,TS56C,Sample Business Label 887d7f95,pcs,piece,Sample Business Label 17302eae,Sample Business Label 5680b573,Purchased,28.00,,,1.00,0.220011,Sample Business Label 14d9bbad
165-001464,Sample Business Label bfca6e1c,Sample Business Label d5d196a1,Autonomous Driving,pcs,piece,Sample Business Label 4bf28cec,Sample Business Label bde42e5a,Purchased,28.00,,,1.00,,Sample Business Label 14d9bbad
165-003005,Sample Business Label edda724a,Sample Business Label c9c4da4c,Sample Business Label 1674b06f,pcs,piece,Sample Business Label 4bf28cec,Sample Business Label bde42e5a,Purchased,21.00,,,1.00,,Sample Business Label 14d9bbad
972-000224,Sample Business Label cd02f814,ALG9021P0-1-TC,Sample Business Label 887d7f95,pcs,piece,Sample Business Label 17302eae,Sample Business Label 09caa247,Purchased,31.00,,,1.00,,Sample Business Label 14d9bbad
356-000578,Sample Business Label 8480e6d3,Sample Business Label 9a61d2f6,Autonomous Driving,pcs,piece,Sample Business Label 4bf28cec,Sample Business Label db158135,Purchased,30.00,,,1.00,0.678000,Sample Business Label 14d9bbad
725-000342,Sample Business Label 2b6aed53,FH2R7L106X-O1025,Sample Business Label 887d7f95,pcs,piece,Sample Business Label 17302eae,Sample Business Label 07789cfe,Purchased,28.00,,,1.00,1.060053,Sample Business Label 14d9bbad
165-002320,Sample Business Label 3cda309a,Sample Business Label 9472deda,Sample Business Label 1674b06f,pcs,piece,Sample Business Label 4bf28cec,Sample Business Label bde42e5a,Purchased,42.00,,,1.00,,Sample Business Label 14d9bbad
356-000260,Sample Business Label fea65f71,QM202B30A-20V38-110-1BA,Sample Business Label 887d7f95,pcs,piece,Sample Business Label 4bf28cec,Sample Business Label db158135,Purchased,25.00,,,1.00,0.700035,Sample Business Label 14d9bbad
539-000658,Sample Business Label b85ec631,TR0805FR-4715RL,Sample Business Label 887d7f95,pcs,piece,Sample Business Label 17302eae,Sample Business Label 5fe53d48,Purchased,84.00,,,1.00,0.109949,Sample Business Label 14d9bbad
356-000278,Sample Business Label ec21c627,3510-104RSNA01,Sample Business Label 887d7f95,pcs,piece,Sample Business Label 4bf28cec,Sample Business Label db158135,Purchased,25.00,,,1.00,0.144979,Sample Business Label 14d9bbad
690-000015,Sample Business Label 87df3301,"RED,29-31-R6C-FP1Q2L-3T",Sample Business Label 887d7f95,pcs,piece,Sample Business Label 17302eae,Sample Business Label f3ac5013,Purchased,35.00,,,1.00,0.075032,Sample Business Label 14d9bbad
539-000580,Sample Business Label b85ec631,1.3k，0402，1%,Sample Business Label 887d7f95,pcs,piece,Sample Business Label 17302eae,Sample Business Label 5fe53d48,Purchased,84.00,,,1.00,0.001469,Sample Business Label 14d9bbad
795-000637,Sample Business Label aead1965,Sample Business Label 288a4cb6,Sample Business Label 1674b06f,pcs,piece,Sample Business Label 4bf28cec,Sample Business Label 2d85aff0,Purchased,14.00,,,1.00,,Sample Business Label 14d9bbad
165-000760,Sample Business Label 7fa79f62,Sample Business Label da82fc9d,Autonomous Driving,pcs,piece,Sample Business Label 4bf28cec,Sample Business Label bde42e5a,Purchased,21.00,,,1.00,,Sample Business Label 14d9bbad
321-000503,YN403_4GBOARD_P0_PCB,YN403_4GBOARD_P0_PCB,Autonomous Driving,pcs,piece,Sample Business Label 17302eae,Sample Business Label cbf023bc,Purchased,35.00,,,1.00,1.699972,Sample Business Label 14d9bbad
363-000157,Sample Business Label 7379571a,Sample Business Label 846ea55a,Sample Business Label 7bdc2d0a,pcs,piece,Sample Business Label 0e5444d0,Sample Business Label 797c70ef,Purchased,35.00,,,1.00,4.900019,Sample Business Label 14d9bbad
165-001606,Sample Business Label d0fb3056,Sample Business Label d6aaf0d8,Sample Business Label 887d7f95,pcs,piece,Sample Business Label 4bf28cec,Sample Business Label bde42e5a,Purchased,10.00,,,1.00,0.108706,Sample Business Label 14d9bbad
972-000340,Sample Business Label 6af5b97b,DN803S,Sample Business Label 887d7f95,pcs,piece,Sample Business Label 17302eae,Sample Business Label 09caa247,Purchased,28.00,,,1.00,0.095033,Sample Business Label 14d9bbad
454-000228,Sample Business Label e55eeeed,CZT52C4V3,Sample Business Label 887d7f95,pcs,piece,Sample Business Label 17302eae,Sample Business Label 5680b573,Purchased,28.00,,,1.00,0.048025,Sample Business Label 14d9bbad
725-000433,Sample Business Label 05087a91,"12pf,50v,0201,5%,NP0",Sample Business Label 887d7f95,pcs,piece,Sample Business Label 17302eae,Sample Business Label 07789cfe,Purchased,98.00,,,1.00,0.002373,Sample Business Label 14d9bbad
165-000768,Sample Business Label 8fd02ba6,Sample Business Label 366876c2,Autonomous Driving,pcs,piece,Sample Business Label 4bf28cec,Sample Business Label bde42e5a,Purchased,21.00,,,1.00,,Sample Business Label 14d9bbad
725-000337,Sample Business Label 05087a91,"1nF,2KV,1206,10%",Sample Business Label 887d7f95,pcs,piece,Sample Business Label 17302eae,Sample Business Label 07789cfe,Purchased,105.00,,,1.00,0.042036,Sample Business Label 14d9bbad
454-000335,Sample Business Label 13a7d943,SMAJ5.0CA,Sample Business Label 887d7f95,pcs,piece,Sample Business Label 17302eae,Sample Business Label 5680b573,Purchased,70.00,,,1.00,0.075032,Sample Business Label 14d9bbad
725-000086,Sample Business Label 05087a91,"100NF,50V,0603,10%",Sample Business Label 887d7f95,pcs,piece,Sample Business Label 17302eae,Sample Business Label 07789cfe,Purchased,56.00,,,1.00,0.008475,Sample Business Label 14d9bbad
606-000218,Sample Business Label 0c930970,Sample Business Label 8c4ee0e2,Sample Business Label 5c716e22,pcs,piece,Sample Business Label 0e5444d0,Sample Business Label 84fc6382,Purchased,14.00,,,1.00,,Sample Business Label 14d9bbad
165-000793,Sample Business Label bbd9b2ab,Sample Business Label ade5fe0e,Autonomous Driving,pcs,piece,Sample Business Label 4bf28cec,Sample Business Label bde42e5a,Purchased,14.00,,,1.00,,Sample Business Label 14d9bbad
972-000237,Sample Business Label b9889c19,T15OT421-008,Sample Business Label 887d7f95,pcs,piece,Sample Business Label 17302eae,Sample Business Label 09caa247,Purchased,1.00,,,1.00,2.499899,Sample Business Label 14d9bbad
725-000053,Sample Business Label 58d42cf9,EEEFT1H221AP,Sample Business Label 887d7f95,pcs,piece,Sample Business Label 17302eae,Sample Business Label 07789cfe,Purchased,210.00,,,1.00,1.499962,Sample Business Label 14d9bbad
849-001332,Sample Business Label 9f1324b7,Sample Business Label aea70414,Sample Business Label 96053b3e,pcs,piece,Sample Business Label 4bf28cec,Sample Business Label 0f3d50d5,Purchased,1.00,,,1.00,28.250000,Sample Business Label 14d9bbad
539-000365,Sample Business Label b85ec631,"3.9K,0603,1%",Sample Business Label 887d7f95,pcs,piece,Sample Business Label 17302eae,Sample Business Label 5fe53d48,Purchased,84.00,,,1.00,0.002825,Sample Business Label 14d9bbad
725-000427,Sample Business Label 05087a91,"27nF,25V,0402,10%,X7R",Sample Business Label 887d7f95,pcs,piece,Sample Business Label 17302eae,Sample Business Label 07789cfe,Purchased,77.00,,,1.00,0.011978,Sample Business Label 14d9bbad
539-000094,Sample Business Label b85ec631,"102K,0402,1%",Sample Business Label 887d7f95,pcs,piece,Sample Business Label 17302eae,Sample Business Label 5fe53d48,Purchased,84.00,,,1.00,0.001469,Sample Business Label 14d9bbad
321-000455,Sample Business Label 6fcf55a5,Sample Business Label 6fcf55a5,Sample Business Label 1674b06f,pcs,piece,Sample Business Label 17302eae,Sample Business Label cbf023bc,Purchased,30.00,,,1.00,22.490051,Sample Business Label 14d9bbad
539-000011,Sample Business Label b85ec631,"15K,0402,1%",Sample Business Label 887d7f95,pcs,piece,Sample Business Label 17302eae,Sample Business Label 5fe53d48,Purchased,84.00,,,1.00,0.001921,Sample Business Label 14d9bbad
321-000486,YS508_3T4R_80G_9232_P0_PCB,YS508_3T4R_80G_9232_P0_PCB,Sample Business Label 1674b06f,pcs,piece,Sample Business Label 17302eae,Sample Business Label cbf023bc,Purchased,90.00,,,1.00,20.700018,Sample Business Label 14d9bbad
539-000574,Sample Business Label 10c6b09c,"0.3mR,5W,3920,1%",Sample Business Label 887d7f95,pcs,piece,Sample Business Label 17302eae,Sample Business Label 5fe53d48,Purchased,42.00,,,1.00,0.689978,Sample Business Label 14d9bbad
527-000003,Sample Business Label 066ae8fd,XXCCCLNANF-24M,Sample Business Label 887d7f95,pcs,piece,Sample Business Label 17302eae,Sample Business Label f5e6f23a,Purchased,98.00,,,1.00,,Sample Business Label 14d9bbad
795-000929,Sample Business Label 8c91d4a2,Sample Business Label 54209330,Sample Business Label 1674b06f,pcs,piece,Sample Business Label 4bf28cec,Sample Business Label 2d85aff0,Purchased,14.00,,,1.00,0.229955,Sample Business Label 14d9bbad
356-000262,Sample Business Label 8ea89ecb,XB1502A-004R-TAND,Sample Business Label 887d7f95,pcs,piece,Sample Business Label 4bf28cec,Sample Business Label db158135,Purchased,25.00,,,1.00,0.162946,Sample Business Label 14d9bbad
165-003412,Sample Business Label f56cd954,Sample Business Label 45c195ea,Sample Business Label 96053b3e,pcs,piece,Sample Business Label 4bf28cec,Sample Business Label bde42e5a,Purchased,35.00,,,1.00,0.463300,Sample Business Label 14d9bbad
358-000124,Sample Business Label 38985be2,QJA3439-AU_R1_000A1,Sample Business Label 887d7f95,pcs,piece,Sample Business Label 17302eae,Sample Business Label 5bce86f3,Purchased,153.00,,,1.00,0.169500,Sample Business Label 14d9bbad
403-000035,Sample Business Label 5f093ea5,Sample Business Label a5a0c82e,Sample Business Label 887d7f95,pcs,piece,Sample Business Label 17302eae,Sample Business Label 78e42e38,Purchased,1.00,,,1.00,,Sample Business Label 14d9bbad
185-000008,Sample Business Label 81936a73,,Sample Business Label 96053b3e,pcs,piece,Sample Business Label 4bf28cec,Sample Business Label bcca7c29,Purchased,1.00,,,1.00,516.000036,Sample Business Label 14d9bbad
358-000088,PMOS,KMTK050P03A,Sample Business Label 887d7f95,pcs,piece,Sample Business Label 17302eae,Sample Business Label 5bce86f3,Purchased,84.00,,,1.00,1.107965,Sample Business Label 14d9bbad
165-001759,Sample Business Label 05905e90,Sample Business Label c0a8b27d,Sample Business Label 1674b06f,pcs,piece,Sample Business Label 4bf28cec,Sample Business Label bde42e5a,Purchased,21.00,,,1.00,1.187517,Sample Business Label 14d9bbad
972-000633,PMIC,IPU3501A01IQNXMA,Sample Business Label 887d7f95,pcs,piece,Sample Business Label 17302eae,Sample Business Label 09caa247,Purchased,64.00,,,1.00,7.849997,Sample Business Label 14d9bbad
554-000021,Sample Business Label 606c52f7,TPX1117M3-L/TR,Sample Business Label 887d7f95,pcs,piece,Sample Business Label 17302eae,Sample Business Label 042b653a,Purchased,84.00,,,1.00,0.574379,Sample Business Label 14d9bbad
895-000084,Sample Business Label 99e5414d,DHN-12-T-V-TR,Sample Business Label 887d7f95,pcs,piece,Sample Business Label 4bf28cec,Sample Business Label d7716c4a,Purchased,42.00,,,1.00,2.460010,Sample Business Label 14d9bbad
165-002338,Sample Business Label 1742503c,Sample Business Label b3bda879,Sample Business Label 1674b06f,pcs,piece,Sample Business Label 4bf28cec,Sample Business Label bde42e5a,Purchased,28.00,,,1.00,,Sample Business Label 14d9bbad
606-001070,Sample Business Label 21be2f3e,Sample Business Label e570eedc,Sample Business Label 1674b06f,pcs,piece,Sample Business Label 0e5444d0,Sample Business Label 84fc6382,Purchased,14.00,,,1.00,86.700041,Sample Business Label 14d9bbad
454-000031,Sample Business Label 2b176d5b,C0540W-7-F,Sample Business Label 887d7f95,pcs,piece,Sample Business Label 17302eae,Sample Business Label 5680b573,Purchased,133.00,,,1.00,0.269957,Sample Business Label 14d9bbad
454-000077,Sample Business Label 2b176d5b,NBRS540,Sample Business Label 887d7f95,pcs,piece,Sample Business Label 17302eae,Sample Business Label 5680b573,Purchased,30.00,,,1.00,0.380019,Sample Business Label 14d9bbad
972-000777,Sample Business Label 9eb43d0c,MIE1W0505BGLVH-3R,Sample Business Label 887d7f95,pcs,piece,Sample Business Label 17302eae,Sample Business Label 09caa247,Purchased,112.00,,,1.00,3.914998,Sample Business Label 14d9bbad
353-000182,Sample Business Label 968084ab,,Sample Business Label 96053b3e,pcs,piece,Sample Business Label f0207843,Sample Business Label e1a5ffe2,Sample Business Label 5a66a3df,,,,1.00,,Sample Business Label 14d9bbad
539-000587,Sample Business Label b85ec631,3.3R，1206，1%，0.5W,Sample Business Label 887d7f95,pcs,piece,Sample Business Label 17302eae,Sample Business Label 5fe53d48,Purchased,56.00,,,1.00,0.034013,Sample Business Label 14d9bbad
849-001316,Sample Business Label ce93eb0f,Sample Business Label 5fb51075,Sample Business Label 96053b3e,pcs,piece,Sample Business Label 4bf28cec,Sample Business Label 0f3d50d5,Purchased,1.00,,,1.00,0.367024,Sample Business Label 14d9bbad
554-000056,Sample Business Label 5c617ad2,KW5393SOTI#TR,Sample Business Label 887d7f95,pcs,piece,Sample Business Label 17302eae,Sample Business Label 042b653a,Purchased,98.00,,,1.00,0.269957,Sample Business Label 14d9bbad
527-000038,Sample Business Label 066ae8fd,RRS3027000C12A,Sample Business Label 887d7f95,pcs,piece,Sample Business Label 17302eae,Sample Business Label f5e6f23a,Purchased,28.00,,,1.00,0.260013,Sample Business Label 14d9bbad
165-003214,Sample Business Label cef7f722,Sample Business Label 9c286818,Sample Business Label 1674b06f,pcs,piece,Sample Business Label 4bf28cec,Sample Business Label bde42e5a,Purchased,21.00,,,1.00,0.549971,Sample Business Label 14d9bbad
165-001485,Sample Business Label 219f8bb9,Sample Business Label 02ded0e4,Autonomous Driving,pcs,piece,Sample Business Label 4bf28cec,Sample Business Label bde42e5a,Purchased,35.00,,,1.00,,Sample Business Label 14d9bbad
770-000129,Sample Business Label 14d5cf86,CB615-H10S-C0R,Sample Business Label 887d7f95,pcs,piece,Sample Business Label 4bf28cec,Sample Business Label 25c31db5,Purchased,24.00,,,1.00,,Sample Business Label 14d9bbad
468-000554,Sample Business Label fd912db3,Sample Business Label 7b38c490,Sample Business Label 1674b06f,pcs,piece,Sample Business Label 0e5444d0,Sample Business Label a5e675d6,Purchased,1.00,,,1.00,2.500012,Sample Business Label 14d9bbad
725-000430,Sample Business Label e59cf86c,100V330uF 12.5*25,Sample Business Label 887d7f95,pcs,piece,Sample Business Label 17302eae,Sample Business Label 07789cfe,Purchased,42.00,,,1.00,0.867049,Sample Business Label 14d9bbad
356-000157,Sample Business Label 3de98033,U-G-04WD-W-02,Sample Business Label 887d7f95,pcs,piece,Sample Business Label 4bf28cec,Sample Business Label db158135,Purchased,31.00,,,1.00,0.339000,Sample Business Label 14d9bbad
165-003442,Sample Business Label 2a404856,CFR063-48-M6,Sample Business Label 96053b3e,pcs,piece,Sample Business Label 4bf28cec,Sample Business Label bde42e5a,Purchased,28.00,,,1.00,11.900030,Sample Business Label 14d9bbad
539-000510,Sample Business Label b85ec631,"0.03R,1206,1%,1/4W",Sample Business Label 887d7f95,pcs,piece,Sample Business Label 17302eae,Sample Business Label 5fe53d48,Purchased,33.00,,,1.00,0.042036,Sample Business Label 14d9bbad
849-001335,Sample Business Label d2f0c793,Sample Business Label ab00b6e2,Sample Business Label 96053b3e,pcs,piece,Sample Business Label 4bf28cec,Sample Business Label 0f3d50d5,Purchased,1.00,,,1.00,0.161025,Sample Business Label 14d9bbad
795-000880,Sample Business Label a7579ada,,Sample Business Label 1674b06f,pcs,piece,Sample Business Label 4bf28cec,Sample Business Label 2d85aff0,Purchased,42.00,,,1.00,,Sample Business Label 14d9bbad
165-003406,Sample Business Label 54ca2cbe,Sample Business Label 153fe739,Sample Business Label 96053b3e,pcs,piece,Sample Business Label 4bf28cec,Sample Business Label bde42e5a,Purchased,7.00,,,1.00,19.999983,Sample Business Label 14d9bbad
606-000010,Sample Business Label 5c896e37,Sample Business Label 8f078251,Sample Business Label 887d7f95,pcs,piece,Sample Business Label 0e5444d0,Sample Business Label 84fc6382,Purchased,10.00,,,1.00,,Sample Business Label 14d9bbad
353-000181,Sample Business Label 05fb003f,,Sample Business Label 96053b3e,pcs,piece,Sample Business Label f0207843,Sample Business Label e1a5ffe2,In-house,,,,1.00,,Sample Business Label 14d9bbad
972-000478,Sample Business Label 6ab680a9,TY7208ABC,Sample Business Label 887d7f95,pcs,piece,Sample Business Label 17302eae,Sample Business Label 09caa247,Purchased,56.00,,,1.00,0.756987,Sample Business Label 14d9bbad
895-000088,Sample Business Label 17db6d2d,US342A2P-WZ,Sample Business Label 887d7f95,pcs,piece,Sample Business Label 4bf28cec,Sample Business Label d7716c4a,Purchased,28.00,,,1.00,0.189953,Sample Business Label 14d9bbad
454-000022,Sample Business Label cd58a380,ESD5Z5.0T1G,Sample Business Label 887d7f95,pcs,piece,Sample Business Label 17302eae,Sample Business Label 5680b573,Purchased,1.00,,,1.00,0.089383,Sample Business Label 14d9bbad
795-001195,Sample Business Label 69844446,Sample Business Label fb2a6372,Sample Business Label 96053b3e,pcs,piece,Sample Business Label 4bf28cec,Sample Business Label 2d85aff0,Purchased,28.00,,,1.00,0.206112,Sample Business Label 14d9bbad
321-000382,Sample Business Label 8a4bf928,Sample Business Label 8a4bf928,Sample Business Label 1674b06f,pcs,piece,Sample Business Label 17302eae,Sample Business Label cbf023bc,Purchased,90.00,,,1.00,23.391000,Sample Business Label 14d9bbad
539-000017,Sample Business Label b85ec631,"51K,1206,1%",Sample Business Label 887d7f95,pcs,piece,Sample Business Label 17302eae,Sample Business Label 5fe53d48,Purchased,84.00,,,1.00,0.009040,Sample Business Label 14d9bbad
849-001238,Sample Business Label ca62c604,Sample Business Label 03a32517,Sample Business Label 96053b3e,pcs,piece,Sample Business Label 4bf28cec,Sample Business Label 0f3d50d5,Purchased,1.00,,,1.00,19.000046,Sample Business Label 14d9bbad
165-000772,Sample Business Label 0f1fc188,Sample Business Label 0c615831,Autonomous Driving,pcs,piece,Sample Business Label 4bf28cec,Sample Business Label bde42e5a,Purchased,14.00,,,1.00,,Sample Business Label 14d9bbad
588-000777,YS410A_X5M_P0_S01_PCBA,YS410A_X5M_P0_S01_PCBA,Sample Business Label 1674b06f,pcs,piece,Sample Business Label f0207843,Sample Business Label 6ca8a46d,Outsourced,1.00,,,1.00,,Sample Business Label 14d9bbad
795-001179,Sample Business Label 44d1565e,Sample Business Label b686204d,Sample Business Label 96053b3e,pcs,piece,Sample Business Label 4bf28cec,Sample Business Label 2d85aff0,Purchased,28.00,,,1.00,14.125000,Sample Business Label 14d9bbad
527-000047,Sample Business Label 746e90e7,TX32Y008000B81T001,Sample Business Label 887d7f95,pcs,piece,Sample Business Label 17302eae,Sample Business Label f5e6f23a,Purchased,84.00,,,1.00,0.528049,Sample Business Label 14d9bbad
165-001158,Sample Business Label 72068dc7,Sample Business Label 6b332a12,Sample Business Label 7bdc2d0a,pcs,piece,Sample Business Label 4bf28cec,Sample Business Label bde42e5a,Purchased,21.00,,,1.00,,Sample Business Label 14d9bbad
725-000330,Sample Business Label 05087a91,"2.2uf,25V,0402,10%",Sample Business Label 887d7f95,pcs,piece,Sample Business Label 17302eae,Sample Business Label 07789cfe,Purchased,70.00,,,1.00,0.046443,Sample Business Label 14d9bbad
539-000018,Sample Business Label b85ec631,"100K,0402,1%",Sample Business Label 887d7f95,pcs,piece,Sample Business Label 17302eae,Sample Business Label 5fe53d48,Purchased,84.00,,,1.00,0.001921,Sample Business Label 14d9bbad
849-001237,Sample Business Label 98a430fb,Sample Business Label 03a32517,Sample Business Label 96053b3e,pcs,piece,Sample Business Label 4bf28cec,Sample Business Label 0f3d50d5,Purchased,1.00,,,1.00,25.000007,Sample Business Label 14d9bbad
454-000033,Sample Business Label a1d8cc22,OUP2105LT1G,Sample Business Label 887d7f95,pcs,piece,Sample Business Label 17302eae,Sample Business Label 5680b573,Purchased,140.00,,,1.00,0.299789,Sample Business Label 14d9bbad
539-000581,Sample Business Label 10c6b09c,"0.027R,2512,1%,3W",Sample Business Label 887d7f95,pcs,piece,Sample Business Label 17302eae,Sample Business Label 5fe53d48,Purchased,6.00,,,1.00,0.309959,Sample Business Label 14d9bbad
849-000094,Sample Business Label 1d7168bc,Sample Business Label 70fa0a47,Sample Business Label 887d7f95,pcs,piece,Sample Business Label 4bf28cec,Sample Business Label 0f3d50d5,Purchased,14.00,,,1.00,,Sample Business Label 14d9bbad
972-000316,Sample Business Label b2013021,VM3204Q,Sample Business Label 887d7f95,pcs,piece,Sample Business Label 17302eae,Sample Business Label 09caa247,Purchased,42.00,,,1.00,0.949991,Sample Business Label 14d9bbad
358-000167,Sample Business Label af8d9873,GMMT495,Sample Business Label 887d7f95,pcs,piece,Sample Business Label 17302eae,Sample Business Label 5bce86f3,Purchased,42.00,,,1.00,,Sample Business Label 14d9bbad
588-000829,YS508C_RADAR_FPGA_P1_VA_PCBA,YS508C_RADAR_FPGA_P1_VA_PCBA,Sample Business Label 1674b06f,pcs,piece,Sample Business Label f0207843,Sample Business Label 6ca8a46d,Outsourced,1.00,,,1.00,,Sample Business Label 14d9bbad
539-000104,Sample Business Label b85ec631,"200R,0603,1%",Sample Business Label 887d7f95,pcs,piece,Sample Business Label 17302eae,Sample Business Label 5fe53d48,Purchased,84.00,,,1.00,0.002825,Sample Business Label 14d9bbad
849-001279,Sample Business Label 0a3f5173,Sample Business Label 91a67adb,Sample Business Label 96053b3e,pcs,piece,Sample Business Label 4bf28cec,Sample Business Label 0f3d50d5,Purchased,1.00,,,1.00,0.044974,Sample Business Label 14d9bbad
725-000321,Sample Business Label 05087a91,"330nF,16V,0402,10%,X7R",Sample Business Label 887d7f95,pcs,piece,Sample Business Label 17302eae,Sample Business Label 07789cfe,Purchased,98.00,,,1.00,0.040002,Sample Business Label 14d9bbad
994-000606,Sample Business Label 2e9a4b26,Sample Business Label 2143bf33,Autonomous Driving,pcs,piece,Sample Business Label 4bf28cec,Sample Business Label d9643929,Purchased,35.00,,,1.00,18.800036,Sample Business Label 14d9bbad
165-000761,Sample Business Label f274f1d8,Sample Business Label a63230e0,Autonomous Driving,pcs,piece,Sample Business Label 4bf28cec,Sample Business Label bde42e5a,Purchased,21.00,,,1.00,,Sample Business Label 14d9bbad
359-000038,Sample Business Label 0cf5e761,Sample Business Label ea3744a2,Sample Business Label 96053b3e,pcs,piece,Sample Business Label 4bf28cec,Sample Business Label ddf8bc50,Purchased,1.00,,,1.00,10.509000,Sample Business Label 14d9bbad
454-000040,Sample Business Label e55eeeed,TZMMSZ5245BT1G,Sample Business Label 887d7f95,pcs,piece,Sample Business Label 17302eae,Sample Business Label 5680b573,Purchased,140.00,,,1.00,0.323745,Sample Business Label 14d9bbad
539-000411,Sample Business Label b85ec631,"30.1k,0402,1%",Sample Business Label 887d7f95,pcs,piece,Sample Business Label 17302eae,Sample Business Label 5fe53d48,Purchased,84.00,,,1.00,0.001469,Sample Business Label 14d9bbad
588-000835,YC302B_ESC_P4_PCBA,,Sample Business Label 887d7f95,pcs,piece,Sample Business Label f0207843,Sample Business Label 6ca8a46d,Outsourced,1.00,,,1.00,,Sample Business Label 14d9bbad
690-000047,Sample Business Label 87df3301,29-217/GHC-YR1S2/3T,Sample Business Label 887d7f95,pcs,piece,Sample Business Label 17302eae,Sample Business Label f3ac5013,Purchased,35.00,,,1.00,0.060003,Sample Business Label 14d9bbad
165-000897,Sample Business Label 5f86ca6e,Sample Business Label dd35e16d,Sample Business Label 1674b06f,pcs,piece,Sample Business Label 4bf28cec,Sample Business Label bde42e5a,Purchased,28.00,,,1.00,,Sample Business Label 14d9bbad
972-000535,CPU,U113-i,Sample Business Label 887d7f95,pcs,piece,Sample Business Label 17302eae,Sample Business Label 09caa247,Purchased,28.00,,,1.00,22.709949,Sample Business Label 14d9bbad
994-000416,Sample Business Label 5151ddc9,,Sample Business Label 1674b06f,pcs,piece,Sample Business Label 4bf28cec,Sample Business Label d9643929,Purchased,35.00,,,1.00,,Sample Business Label 14d9bbad
725-000450,Sample Business Label 05087a91,"1nF,250V,0805,10%,X7R",Sample Business Label 887d7f95,pcs,piece,Sample Business Label 17302eae,Sample Business Label 07789cfe,Purchased,112.00,,,1.00,0.023052,Sample Business Label 14d9bbad
165-003472,Sample Business Label 3eb9232a,Sample Business Label fe913264,Sample Business Label 96053b3e,pcs,piece,Sample Business Label 4bf28cec,Sample Business Label bde42e5a,Purchased,28.00,,,1.00,1.808000,Sample Business Label 14d9bbad
527-000054,Sample Business Label ab513f4b,OT2JI-211-33.3333M,Sample Business Label 887d7f95,pcs,piece,Sample Business Label 17302eae,Sample Business Label f5e6f23a,Purchased,42.00,,,1.00,1.399957,Sample Business Label 14d9bbad
725-000434,Sample Business Label 05087a91,4.7uf，6.3v，0201，20%，X5R,Sample Business Label 887d7f95,pcs,piece,Sample Business Label 17302eae,Sample Business Label 07789cfe,Purchased,126.00,,,1.00,0.145544,Sample Business Label 14d9bbad
539-000245,Sample Business Label b85ec631,"3.9K,0402,1%",Sample Business Label 887d7f95,pcs,piece,Sample Business Label 17302eae,Sample Business Label 5fe53d48,Purchased,84.00,,,1.00,0.001695,Sample Business Label 14d9bbad
539-000225,Sample Business Label b85ec631,"1M,0402,1%",Sample Business Label 887d7f95,pcs,piece,Sample Business Label 17302eae,Sample Business Label 5fe53d48,Purchased,35.00,,,1.00,0.001243,Sample Business Label 14d9bbad
165-002622,Sample Business Label b6722821,Sample Business Label 0b614dac,Sample Business Label 1674b06f,pcs,piece,Sample Business Label 4bf28cec,Sample Business Label bde42e5a,Purchased,28.00,,,1.00,,Sample Business Label 14d9bbad
588-000704,YN502_CAT4_CN_P0_S01_PCBA,YN502_CAT4_CN_P0_S01_PCBA,Autonomous Driving,pcs,piece,Sample Business Label f0207843,Sample Business Label 6ca8a46d,Outsourced,14.00,,,1.00,,Sample Business Label 14d9bbad
725-000090,Sample Business Label 05087a91,"220nF,100V,0805,10%",Sample Business Label 887d7f95,pcs,piece,Sample Business Label 17302eae,Sample Business Label 07789cfe,Purchased,126.00,,,1.00,0.156053,Sample Business Label 14d9bbad
321-000277,Sample Business Label 7ce4f352,YN408_TC200R_P1.2_PCB,Autonomous Driving,pcs,piece,Sample Business Label 17302eae,Sample Business Label cbf023bc,Purchased,45.00,,,1.00,19.499958,Sample Business Label 14d9bbad
454-000198,Sample Business Label 13a7d943,SMBJ6.5CAS,Sample Business Label 887d7f95,pcs,piece,Sample Business Label 17302eae,Sample Business Label 5680b573,Purchased,56.00,,,1.00,0.109949,Sample Business Label 14d9bbad
165-002282,Sample Business Label fcb24e50,Sample Business Label 0e1e4f6a,Sample Business Label 1674b06f,pcs,piece,Sample Business Label 4bf28cec,Sample Business Label bde42e5a,Purchased,28.00,,,1.00,,Sample Business Label 14d9bbad
306-000052,Sample Business Label 78369412,,Autonomous Driving,pcs,piece,Sample Business Label f0207843,Sample Business Label afdb7944,In-house,1.00,,,1.00,,Sample Business Label 14d9bbad
588-000702,Sample Business Label c427bf7a,Sample Business Label c427bf7a,Sample Business Label 1674b06f,pcs,piece,Sample Business Label f0207843,Sample Business Label 6ca8a46d,Outsourced,1.00,,,1.00,,Sample Business Label 14d9bbad
539-000515,Sample Business Label b85ec631,"120R,0201,1%",Sample Business Label 887d7f95,pcs,piece,Sample Business Label 17302eae,Sample Business Label 5fe53d48,Purchased,84.00,,,1.00,0.002034,Sample Business Label 14d9bbad
165-002062,Sample Business Label 06b6590f,Sample Business Label 794cf540,Sample Business Label 1674b06f,pcs,piece,Sample Business Label 4bf28cec,Sample Business Label bde42e5a,Purchased,14.00,,,1.00,,Sample Business Label 14d9bbad
539-000310,Sample Business Label b85ec631,"22R,0201,1%,1/20W",Sample Business Label 887d7f95,pcs,piece,Sample Business Label 17302eae,Sample Business Label 5fe53d48,Purchased,84.00,,,1.00,0.002034,Sample Business Label 14d9bbad
725-000438,Sample Business Label 05087a91,1402 X7R 470nF ±10% 10V,Sample Business Label 887d7f95,pcs,piece,Sample Business Label 17302eae,Sample Business Label 07789cfe,Purchased,105.00,,,1.00,0.051980,Sample Business Label 14d9bbad
849-000010,Sample Business Label 65b45af3,TMTSO2520CTS,Sample Business Label 887d7f95,pcs,piece,Sample Business Label 4bf28cec,Sample Business Label 0f3d50d5,Purchased,25.00,,,1.00,,Sample Business Label 14d9bbad
795-001186,Sample Business Label 70ae986b,Sample Business Label 6a833f63,Sample Business Label 96053b3e,pcs,piece,Sample Business Label 4bf28cec,Sample Business Label 2d85aff0,Purchased,28.00,,,1.00,20.326553,Sample Business Label 14d9bbad
849-001185,Sample Business Label 7d753753,Sample Business Label a95993fd,Sample Business Label 96053b3e,pcs,piece,Sample Business Label 4bf28cec,Sample Business Label 0f3d50d5,Purchased,1.00,,,1.00,432.080021,Sample Business Label 14d9bbad
539-000397,Sample Business Label b85ec631,"8.2K,0201,1%",Sample Business Label 887d7f95,pcs,piece,Sample Business Label 17302eae,Sample Business Label 5fe53d48,Purchased,126.00,,,1.00,0.069947,Sample Business Label 14d9bbad
356-000261,Sample Business Label d7a3cb8a,Sample Business Label ecf4a8c3,Sample Business Label 887d7f95,pcs,piece,Sample Business Label 4bf28cec,Sample Business Label db158135,Purchased,25.00,,,1.00,0.169952,Sample Business Label 14d9bbad
165-001970,Sample Business Label 7789b2bf,Sample Business Label 87e53353,Sample Business Label 1674b06f,pcs,piece,Sample Business Label 4bf28cec,Sample Business Label bde42e5a,Purchased,21.00,,,1.00,,Sample Business Label 14d9bbad
972-000368,Sample Business Label e485998c,BZ432ANTR-E1,Sample Business Label 887d7f95,pcs,piece,Sample Business Label 17302eae,Sample Business Label 09caa247,Purchased,112.00,,,1.00,0.529857,Sample Business Label 14d9bbad
165-002726,Sample Business Label 92958c38,Sample Business Label 8dbcecf5,Autonomous Driving,pcs,piece,Sample Business Label 4bf28cec,Sample Business Label bde42e5a,Purchased,14.00,,,1.00,0.089948,Sample Business Label 14d9bbad
849-000943,Sample Business Label de52d2ae,Sample Business Label d30c9920,Sample Business Label 887d7f95,pcs,piece,Sample Business Label 4bf28cec,Sample Business Label 0f3d50d5,Purchased,14.00,,,1.00,,Sample Business Label 14d9bbad
733-000197,Sample Business Label c16ef3b5,TDCL1005CR10JTDF,Sample Business Label 887d7f95,pcs,piece,Sample Business Label 17302eae,Sample Business Label f3f2ee9b,Purchased,84.00,,,1.00,0.009944,Sample Business Label 14d9bbad
539-000167,Sample Business Label b85ec631,"3.3K,0402,1%",Sample Business Label 887d7f95,pcs,piece,Sample Business Label 17302eae,Sample Business Label 5fe53d48,Purchased,98.00,,,1.00,0.003051,Sample Business Label 14d9bbad
321-000126,Sample Business Label 14630f25,601C_MODULE_P5,Sample Business Label 7bdc2d0a,pcs,piece,Sample Business Label 17302eae,Sample Business Label cbf023bc,Purchased,30.00,,,1.00,0.720036,Sample Business Label 14d9bbad
725-000144,Sample Business Label 05087a91,"6.8nf,50v,0402,10%",Sample Business Label 887d7f95,pcs,piece,Sample Business Label 17302eae,Sample Business Label 07789cfe,Purchased,98.00,,,1.00,0.002825,Sample Business Label 14d9bbad
725-000216,Sample Business Label 05087a91,"100UF,6.3V,0805,20%",Sample Business Label 887d7f95,pcs,piece,Sample Business Label 17302eae,Sample Business Label 07789cfe,Purchased,112.00,,,1.00,1.359955,Sample Business Label 14d9bbad
539-000014,Sample Business Label b85ec631,"47K,0402,1%",Sample Business Label 887d7f95,pcs,piece,Sample Business Label 17302eae,Sample Business Label 5fe53d48,Purchased,84.00,,,1.00,0.001469,Sample Business Label 14d9bbad
454-000094,Sample Business Label 13a7d943,OUP2105L,Sample Business Label 887d7f95,pcs,piece,Sample Business Label 17302eae,Sample Business Label 5680b573,Purchased,28.00,,,1.00,0.249956,Sample Business Label 14d9bbad
505-000030,Sample Business Label 7f73264b,Sample Business Label 5a8406ae,Sample Business Label 5c716e22,pcs,piece,Sample Business Label 4bf28cec,Sample Business Label 77afae54,Purchased,42.00,,,1.00,,Sample Business Label 14d9bbad
606-000922,Sample Business Label beab3554,,Autonomous Driving,pcs,piece,Sample Business Label 0e5444d0,Sample Business Label 84fc6382,Purchased,14.00,,,1.00,,Sample Business Label 14d9bbad
356-000257,Sample Business Label f5f07a84,Sample Business Label 6f71bd18,Sample Business Label 887d7f95,pcs,piece,Sample Business Label 4bf28cec,Sample Business Label db158135,Purchased,42.00,,,1.00,4.275016,Sample Business Label 14d9bbad
795-000730,Sample Business Label 239dfa4d,18.5x12.4x3mm,Sample Business Label 5c716e22,pcs,piece,Sample Business Label 4bf28cec,Sample Business Label 2d85aff0,Purchased,21.00,,,1.00,0.234023,Sample Business Label 14d9bbad
539-000582,Sample Business Label b85ec631,"180R,0402,1%",Sample Business Label 887d7f95,pcs,piece,Sample Business Label 17302eae,Sample Business Label 5fe53d48,Purchased,98.00,,,1.00,0.076049,Sample Business Label 14d9bbad
733-000052,Sample Business Label de3ed42c,CLM21PG121SN1D,Sample Business Label 887d7f95,pcs,piece,Sample Business Label 17302eae,Sample Business Label f3f2ee9b,Purchased,28.00,,,1.00,0.109949,Sample Business Label 14d9bbad
454-000212,Sample Business Label e55eeeed,CZD52C36,Sample Business Label 887d7f95,pcs,piece,Sample Business Label 17302eae,Sample Business Label 5680b573,Purchased,56.00,,,1.00,0.049946,Sample Business Label 14d9bbad
972-000250,Sample Business Label 66d870af,TIT1051T/3,Sample Business Label 887d7f95,pcs,piece,Sample Business Label 17302eae,Sample Business Label 09caa247,Purchased,33.00,,,1.00,1.049996,Sample Business Label 14d9bbad
454-000254,Sample Business Label ab1cea89,CZX884B15,Sample Business Label 887d7f95,pcs,piece,Sample Business Label 17302eae,Sample Business Label 5680b573,Purchased,24.00,,,1.00,0.060003,Sample Business Label 14d9bbad
972-000530,Sample Business Label 39763353,TGM823-SXN5G/TR,Sample Business Label 887d7f95,pcs,piece,Sample Business Label 17302eae,Sample Business Label 09caa247,Purchased,64.00,,,1.00,0.649976,Sample Business Label 14d9bbad
733-000036,Sample Business Label 26a99aed,BCM7060-801-2PL-TL01,Sample Business Label 887d7f95,pcs,piece,Sample Business Label 17302eae,Sample Business Label f3f2ee9b,Purchased,112.00,,,1.00,2.989076,Sample Business Label 14d9bbad
795-001193,Sample Business Label 9e42461b,32007,Sample Business Label 96053b3e,pcs,piece,Sample Business Label 4bf28cec,Sample Business Label 2d85aff0,Purchased,28.00,,,1.00,2.938000,Sample Business Label 14d9bbad
353-000191,Sample Business Label 91dfe270,,Sample Business Label 96053b3e,pcs,piece,Sample Business Label f0207843,Sample Business Label e1a5ffe2,In-house,,,,1.00,,Sample Business Label 14d9bbad
356-000119,Sample Business Label c62c8628,2-6447232-3,Sample Business Label 887d7f95,pcs,piece,Sample Business Label 4bf28cec,Sample Business Label db158135,Purchased,28.00,,,1.00,7.999948,Sample Business Label 14d9bbad
972-000308,Sample Business Label 09d18578,DP2156QN-A1,Sample Business Label 887d7f95,pcs,piece,Sample Business Label 17302eae,Sample Business Label 09caa247,Purchased,56.00,,,1.00,0.620031,Sample Business Label 14d9bbad
849-001302,Sample Business Label e7404da7,Sample Business Label 15f960a4,Sample Business Label 96053b3e,pcs,piece,Sample Business Label 4bf28cec,Sample Business Label 0f3d50d5,Purchased,1.00,,,1.00,0.202835,Sample Business Label 14d9bbad
539-000317,Sample Business Label b85ec631,"47R,0402,1%,1/16W",Sample Business Label 887d7f95,pcs,piece,Sample Business Label 17302eae,Sample Business Label 5fe53d48,Purchased,56.00,,,1.00,0.001243,Sample Business Label 14d9bbad
795-000948,Sample Business Label f645f977,Sample Business Label 2b986739,Autonomous Driving,pcs,piece,Sample Business Label 4bf28cec,Sample Business Label 2d85aff0,Purchased,21.00,,,1.00,0.449966,Sample Business Label 14d9bbad
588-000828,YS508C_RADAR_FPGA_P1_CE_PCBA,YS508C_RADAR_FPGA_P1_CE_PCBA,Sample Business Label 1674b06f,pcs,piece,Sample Business Label f0207843,Sample Business Label 6ca8a46d,Outsourced,1.00,,,1.00,,Sample Business Label 14d9bbad
165-003455,Sample Business Label 96548736,T2,Sample Business Label 96053b3e,pcs,piece,Sample Business Label 4bf28cec,Sample Business Label bde42e5a,Purchased,1.00,,,1.00,150.000042,Sample Business Label 14d9bbad
165-002675,Sample Business Label ce6188a9,Sample Business Label ed714899,Autonomous Driving,pcs,piece,Sample Business Label 4bf28cec,Sample Business Label bde42e5a,Purchased,35.00,,,1.00,3.999974,Sample Business Label 14d9bbad
554-000069,Sample Business Label 606c52f7,TGM2225-3.3XK3G/TR,Sample Business Label 887d7f95,pcs,piece,Sample Business Label 17302eae,Sample Business Label 042b653a,Purchased,98.00,,,1.00,0.820041,Sample Business Label 14d9bbad
733-000170,Sample Business Label be98a238,XPN201610U2R2MT,Sample Business Label 887d7f95,pcs,piece,Sample Business Label 17302eae,Sample Business Label f3f2ee9b,Purchased,42.00,,,1.00,0.117972,Sample Business Label 14d9bbad
972-000806,Sample Business Label fb9c1b1c,KW5070TSOTB#TRPBF,Sample Business Label 887d7f95,pcs,piece,Sample Business Label 17302eae,Sample Business Label 09caa247,Purchased,56.00,,,1.00,0.520026,Sample Business Label 14d9bbad
165-000737,Sample Business Label ff56436d,Sample Business Label 5bf4c9c1,Autonomous Driving,pcs,piece,Sample Business Label 4bf28cec,Sample Business Label bde42e5a,Purchased,28.00,,,1.00,,Sample Business Label 14d9bbad
815-000002,Sample Business Label ebfc96e4,Sample Business Label ebfc96e4,Sample Business Label 5c716e22,pcs,piece,Sample Business Label f0207843,Sample Business Label a17c4901,In-house,1.00,,,1.00,,Sample Business Label 14d9bbad
725-000176,Sample Business Label 05087a91,"10pF,50V,0402,5%,NP0",Sample Business Label 887d7f95,pcs,piece,Sample Business Label 17302eae,Sample Business Label 07789cfe,Purchased,98.00,,,1.00,0.002486,Sample Business Label 14d9bbad
849-000258,Sample Business Label 14a3e64e,Sample Business Label d8fde2a2,Sample Business Label 887d7f95,pcs,piece,Sample Business Label 4bf28cec,Sample Business Label 0f3d50d5,Purchased,17.00,,,1.00,0.009944,Sample Business Label 14d9bbad
454-000153,Sample Business Label e55eeeed,CZD52C13,Sample Business Label 887d7f95,pcs,piece,Sample Business Label 17302eae,Sample Business Label 5680b573,Purchased,56.00,,,1.00,0.056500,Sample Business Label 14d9bbad
588-000840,IVS400_DCAM_FPC_P0_S01_PCBA,IVS400_DCAM_FPC_P0_S01_PCBA,Sample Business Label 96053b3e,pcs,piece,Sample Business Label f0207843,Sample Business Label 6ca8a46d,Outsourced,1.00,,,1.00,,Sample Business Label 14d9bbad
165-001864,Sample Business Label d24a762e,Sample Business Label 35b74f2c,Sample Business Label 1674b06f,pcs,piece,Sample Business Label 4bf28cec,Sample Business Label bde42e5a,Purchased,28.00,,,1.00,,Sample Business Label 14d9bbad
364-000063,Sample Business Label 40d660f1,TMFF2410P1500,Sample Business Label 887d7f95,pcs,piece,Sample Business Label 17302eae,Sample Business Label d8af7f3d,Purchased,42.00,,,1.00,,Sample Business Label 14d9bbad
972-000673,Sample Business Label 66d870af,TIT1051AT/3,Sample Business Label 887d7f95,pcs,piece,Sample Business Label 17302eae,Sample Business Label 09caa247,Purchased,56.00,,,1.00,0.600030,Sample Business Label 14d9bbad
356-000385,Sample Business Label 3a7f1f5c,ZZKA1251WR-S-4P,Sample Business Label 887d7f95,pcs,piece,Sample Business Label 4bf28cec,Sample Business Label db158135,Purchased,25.00,,,1.00,0.149951,Sample Business Label 14d9bbad
356-000584,Sample Business Label 457006e4,Sample Business Label b69f903e,Sample Business Label 1674b06f,pcs,piece,Sample Business Label 4bf28cec,Sample Business Label db158135,Purchased,21.00,,,1.00,5.699946,Sample Business Label 14d9bbad
725-000103,Sample Business Label 05087a91,"220nF,10V,0402,10%",Sample Business Label 887d7f95,pcs,piece,Sample Business Label 17302eae,Sample Business Label 07789cfe,Purchased,126.00,,,1.00,0.009040,Sample Business Label 14d9bbad
527-000017,Sample Business Label 066ae8fd,UZ1006AC,Sample Business Label 887d7f95,pcs,piece,Sample Business Label 17302eae,Sample Business Label f5e6f23a,Purchased,70.00,,,1.00,,Sample Business Label 14d9bbad
165-001851,Sample Business Label ebca13ee,Sample Business Label 6955c218,Sample Business Label 1674b06f,pcs,piece,Sample Business Label 4bf28cec,Sample Business Label bde42e5a,Purchased,28.00,,,1.00,3.499949,Sample Business Label 14d9bbad
972-000462,Sample Business Label 69256eb5,TGM40560-4.2XTDI6G/TR,Sample Business Label 887d7f95,pcs,piece,Sample Business Label 17302eae,Sample Business Label 09caa247,Purchased,64.00,,,1.00,0.625003,Sample Business Label 14d9bbad
725-000275,Sample Business Label 05087a91,"33nf,50v,0402,10%,X7R",Sample Business Label 887d7f95,pcs,piece,Sample Business Label 17302eae,Sample Business Label 07789cfe,Purchased,98.00,,,1.00,0.005424,Sample Business Label 14d9bbad
539-000322,Sample Business Label b85ec631,"1K,0805,1%",Sample Business Label 887d7f95,pcs,piece,Sample Business Label 17302eae,Sample Business Label 5fe53d48,Purchased,84.00,,,1.00,0.005311,Sample Business Label 14d9bbad
725-000206,Sample Business Label 05087a91,"100nF,50V,0603,10%",Sample Business Label 887d7f95,pcs,piece,Sample Business Label 17302eae,Sample Business Label 07789cfe,Purchased,126.00,,,1.00,0.032544,Sample Business Label 14d9bbad
588-000550,Sample Business Label f32c2700,Sample Business Label f32c2700,Sample Business Label 1674b06f,pcs,piece,Sample Business Label f0207843,Sample Business Label 6ca8a46d,Outsourced,10.00,,,1.00,,Sample Business Label 14d9bbad
588-000858,Sample Business Label ff002e4e,Sample Business Label ff002e4e,Sample Business Label 7bdc2d0a,pcs,piece,Sample Business Label f0207843,Sample Business Label 6ca8a46d,Outsourced,1.00,,,1.00,,Sample Business Label 14d9bbad
165-001942,Sample Business Label 643f0aaa,Sample Business Label 1dd9f523,Sample Business Label 1674b06f,pcs,piece,Sample Business Label 4bf28cec,Sample Business Label bde42e5a,Purchased,21.00,,,1.00,,Sample Business Label 14d9bbad
165-003383,Sample Business Label e0062e24,Sample Business Label 588997da,Sample Business Label 96053b3e,pcs,piece,Sample Business Label 4bf28cec,Sample Business Label bde42e5a,Purchased,28.00,,,1.00,8.499973,Sample Business Label 14d9bbad
849-000215,Sample Business Label 9e9f1581,TPRFA93210081,Sample Business Label 887d7f95,pcs,piece,Sample Business Label 4bf28cec,Sample Business Label 0f3d50d5,Purchased,25.00,,,1.00,,Sample Business Label 14d9bbad
795-000895,Sample Business Label be51e968,Sample Business Label 261bc4b5,Sample Business Label 1674b06f,pcs,piece,Sample Business Label 4bf28cec,Sample Business Label 2d85aff0,Purchased,33.00,,,1.00,0.300354,Sample Business Label 14d9bbad
358-000194,PMOS,DJAC30P10,Sample Business Label 887d7f95,pcs,piece,Sample Business Label 17302eae,Sample Business Label 5bce86f3,Purchased,56.00,,,1.00,1.100055,Sample Business Label 14d9bbad
525-000141,Sample Business Label bdcc4949,Sample Business Label 2dd3709f,Sample Business Label 1674b06f,pcs,piece,Sample Business Label f0207843,Sample Business Label 8e427e07,In-house,1.00,,,1.00,,Sample Business Label 14d9bbad
165-001267,Sample Business Label 74ec2b9b,,Autonomous Driving,pcs,piece,Sample Business Label 4bf28cec,Sample Business Label bde42e5a,Purchased,28.00,,,1.00,,Sample Business Label 14d9bbad
972-000810,LPDDR4,K4F6E3S4HM-TFCL,Sample Business Label 887d7f95,pcs,piece,Sample Business Label 17302eae,Sample Business Label 09caa247,Purchased,112.00,,,1.00,299.999971,Sample Business Label 14d9bbad
539-000665,Sample Business Label b85ec631,Sample Business Label 7f0bde0b,Sample Business Label 887d7f95,pcs,piece,Sample Business Label 17302eae,Sample Business Label 5fe53d48,Purchased,120.00,,,1.00,,Sample Business Label 14d9bbad
543-000043,Sample Business Label 6a298e0f,Sample Business Label 94763411,Sample Business Label 5c716e22,pcs,piece,Sample Business Label f0207843,Sample Business Label 7c0d5039,In-house,1.00,,,1.00,,Sample Business Label 14d9bbad
321-000220,Sample Business Label dd4f998d,Sample Business Label db76dad9,Sample Business Label 735ac064,pcs,piece,Sample Business Label 17302eae,Sample Business Label cbf023bc,Purchased,35.00,,,1.00,,Sample Business Label 14d9bbad
849-001267,Sample Business Label de1822bf,Sample Business Label b0ce54fb,Sample Business Label 96053b3e,pcs,piece,Sample Business Label 4bf28cec,Sample Business Label 0f3d50d5,Purchased,1.00,,,1.00,2.589282,Sample Business Label 14d9bbad
725-000114,Sample Business Label 05087a91,"1uF,250v,2220,10%,X7R",Sample Business Label 887d7f95,pcs,piece,Sample Business Label 17302eae,Sample Business Label 07789cfe,Purchased,77.00,,,1.00,0.780039,Sample Business Label 14d9bbad
849-000928,Sample Business Label 65b45af3,TMTSO3040CTJ,Sample Business Label 887d7f95,pcs,piece,Sample Business Label 4bf28cec,Sample Business Label 0f3d50d5,Purchased,25.00,,,1.00,,Sample Business Label 14d9bbad
606-000217,Sample Business Label 32171ee1,318mm*515mm,Sample Business Label 5c716e22,pcs,piece,Sample Business Label 0e5444d0,Sample Business Label 84fc6382,Purchased,14.00,,,1.00,,Sample Business Label 14d9bbad
539-000663,Sample Business Label b85ec631,Sample Business Label bc709c98,Sample Business Label 887d7f95,pcs,piece,Sample Business Label 17302eae,Sample Business Label 5fe53d48,Purchased,120.00,,,1.00,,Sample Business Label 14d9bbad
972-000272,Sample Business Label 7d7ac043,CMP388,Sample Business Label 887d7f95,pcs,piece,Sample Business Label 17302eae,Sample Business Label 09caa247,Purchased,140.00,,,1.00,12.999972,Sample Business Label 14d9bbad
539-000598,Sample Business Label b85ec631,Sample Business Label dd030567,Sample Business Label 887d7f95,pcs,piece,Sample Business Label 17302eae,Sample Business Label 5fe53d48,Purchased,140.00,,,1.00,,Sample Business Label 14d9bbad
356-000601,Sample Business Label 0213d1b4,818024666_A,Autonomous Driving,pcs,piece,Sample Business Label 4bf28cec,Sample Business Label db158135,Purchased,1.00,,,1.00,0.220011,Sample Business Label 14d9bbad
539-000182,Sample Business Label b85ec631,"470R,0402,1%",Sample Business Label 887d7f95,pcs,piece,Sample Business Label 17302eae,Sample Business Label 5fe53d48,Purchased,56.00,,,1.00,0.001243,Sample Business Label 14d9bbad
725-000113,Sample Business Label 05087a91,"100PF,50V,0603,5%",Sample Business Label 887d7f95,pcs,piece,Sample Business Label 17302eae,Sample Business Label 07789cfe,Purchased,84.00,,,1.00,0.006554,Sample Business Label 14d9bbad
795-000472,Sample Business Label 609888b4,L*W*H=4*4*1.2mm，6W,Sample Business Label 1674b06f,pcs,piece,Sample Business Label 4bf28cec,Sample Business Label 2d85aff0,Purchased,14.00,,,1.00,,Sample Business Label 14d9bbad
321-000569,YC400_controler_P5_PCB,YC400_controler_P5_PCB,Sample Business Label 761a79a0,pcs,piece,Sample Business Label 17302eae,Sample Business Label cbf023bc,Purchased,35.00,,,1.00,1.729013,Sample Business Label 14d9bbad
795-000931,Sample Business Label 4489547b,Sample Business Label 2b1b9899,Sample Business Label 1674b06f,pcs,piece,Sample Business Label 4bf28cec,Sample Business Label 2d85aff0,Purchased,14.00,,,1.00,0.180009,Sample Business Label 14d9bbad
454-000049,Sample Business Label 2b176d5b,SB521S30T1G,Sample Business Label 887d7f95,pcs,piece,Sample Business Label 17302eae,Sample Business Label 5680b573,Purchased,140.00,,,1.00,0.324310,Sample Business Label 14d9bbad
849-001200,Sample Business Label 2bcebb11,Sample Business Label a95993fd,Sample Business Label 96053b3e,pcs,piece,Sample Business Label 4bf28cec,Sample Business Label 0f3d50d5,Purchased,1.00,,,1.00,37.999979,Sample Business Label 14d9bbad
725-000350,Sample Business Label 05087a91,"10nF,200V,0805,10%",Sample Business Label 887d7f95,pcs,piece,Sample Business Label 17302eae,Sample Business Label 07789cfe,Purchased,98.00,,,1.00,0.025990,Sample Business Label 14d9bbad
165-002065,Sample Business Label 8362100b,Sample Business Label 4477fbff,Sample Business Label 1674b06f,pcs,piece,Sample Business Label 4bf28cec,Sample Business Label bde42e5a,Purchased,14.00,,,1.00,,Sample Business Label 14d9bbad
539-000592,Sample Business Label b85ec631,"150mR,1206,1W",Sample Business Label 887d7f95,pcs,piece,Sample Business Label 17302eae,Sample Business Label 5fe53d48,Purchased,126.00,,,1.00,0.042036,Sample Business Label 14d9bbad
733-000231,Sample Business Label 61d43de5,TMDEP06-26UH,Sample Business Label 887d7f95,pcs,piece,Sample Business Label 17302eae,Sample Business Label f3f2ee9b,Purchased,45.00,,,1.00,3.499949,Sample Business Label 14d9bbad
795-000732,Sample Business Label 2f8e1071,Sample Business Label 98eaa03a,Sample Business Label 1674b06f,pcs,piece,Sample Business Label 4bf28cec,Sample Business Label 2d85aff0,Purchased,38.00,,,1.00,24.379976,Sample Business Label 14d9bbad
306-000102,Sample Business Label 4cc22b76,,Autonomous Driving,pcs,piece,Sample Business Label f0207843,Sample Business Label afdb7944,In-house,1.00,,,1.00,,Sample Business Label 14d9bbad
539-000267,Sample Business Label b85ec631,"60.4R,1206,1%",Sample Business Label 887d7f95,pcs,piece,Sample Business Label 17302eae,Sample Business Label 5fe53d48,Purchased,98.00,,,1.00,0.018984,Sample Business Label 14d9bbad
972-000688,IMU,ICM-42688-P,Sample Business Label 887d7f95,pcs,piece,Sample Business Label 17302eae,Sample Business Label 09caa247,Purchased,210.00,,,1.00,10.699970,Sample Business Label 14d9bbad
165-000769,Sample Business Label d488009b,Sample Business Label 25c1f8cb,Autonomous Driving,pcs,piece,Sample Business Label 4bf28cec,Sample Business Label bde42e5a,Purchased,21.00,,,1.00,,Sample Business Label 14d9bbad
165-000806,Sample Business Label defd6a6b,Sample Business Label 31c08dbd,Sample Business Label 1674b06f,pcs,piece,Sample Business Label 4bf28cec,Sample Business Label bde42e5a,Purchased,21.00,,,1.00,,Sample Business Label 14d9bbad
725-000420,Sample Business Label 05087a91,"1.2nf,25v,0201,10%,X7R",Sample Business Label 887d7f95,pcs,piece,Sample Business Label 17302eae,Sample Business Label 07789cfe,Purchased,112.00,,,1.00,0.017967,Sample Business Label 14d9bbad
725-000309,Sample Business Label 05087a91,"22uF,25V,1210,10%,X7R",Sample Business Label 887d7f95,pcs,piece,Sample Business Label 17302eae,Sample Business Label 07789cfe,Purchased,126.00,,,1.00,0.329960,Sample Business Label 14d9bbad
454-000173,Sample Business Label 0c135faf,LESD5Z5.0T1G,Sample Business Label 887d7f95,pcs,piece,Sample Business Label 17302eae,Sample Business Label 5680b573,Purchased,84.00,,,1.00,0.045200,Sample Business Label 14d9bbad
321-000580,Sample Business Label bce03304,Sample Business Label bce03304,Sample Business Label 1674b06f,pcs,piece,Sample Business Label 17302eae,Sample Business Label cbf023bc,Purchased,90.00,,,1.00,55.220049,Sample Business Label 14d9bbad
733-000070,Sample Business Label 26a99aed,JCMF062P900MFR,Sample Business Label 887d7f95,pcs,piece,Sample Business Label 17302eae,Sample Business Label f3f2ee9b,Purchased,28.00,,,1.00,0.069947,Sample Business Label 14d9bbad
454-000178,Sample Business Label e55eeeed,NMSZ5248B,Sample Business Label 887d7f95,pcs,piece,Sample Business Label 17302eae,Sample Business Label 5680b573,Purchased,28.00,,,1.00,0.047008,Sample Business Label 14d9bbad
972-000650,LORA,F22-400T30S-V2,Sample Business Label 887d7f95,pcs,piece,Sample Business Label 17302eae,Sample Business Label 09caa247,Purchased,42.00,,,1.00,39.999966,Sample Business Label 14d9bbad
849-000191,Sample Business Label 1ba2ea17,Sample Business Label 47fbafa6,Sample Business Label 887d7f95,pcs,piece,Sample Business Label 4bf28cec,Sample Business Label 0f3d50d5,Purchased,13.00,,,1.00,,Sample Business Label 14d9bbad
356-000389,Sample Business Label add38c6b,VB20M1-04R038-BTR-GF,Sample Business Label 887d7f95,pcs,piece,Sample Business Label 4bf28cec,Sample Business Label db158135,Purchased,25.00,,,1.00,0.280014,Sample Business Label 14d9bbad
539-000039,Sample Business Label b85ec631,"12K,0402,1%",Sample Business Label 887d7f95,pcs,piece,Sample Business Label 17302eae,Sample Business Label 5fe53d48,Purchased,84.00,,,1.00,0.001469,Sample Business Label 14d9bbad
733-000205,Sample Business Label de3ed42c,TZ1005K601CTF,Sample Business Label 887d7f95,pcs,piece,Sample Business Label 17302eae,Sample Business Label f3f2ee9b,Purchased,77.00,,,1.00,0.007006,Sample Business Label 14d9bbad
358-000119,Sample Business Label 7212157d,NMBT3906,Sample Business Label 887d7f95,pcs,piece,Sample Business Label 17302eae,Sample Business Label 5bce86f3,Purchased,56.00,,,1.00,0.024747,Sample Business Label 14d9bbad
994-000411,Sample Business Label 3315131b,,Sample Business Label 1674b06f,pcs,piece,Sample Business Label 4bf28cec,Sample Business Label d9643929,Purchased,35.00,,,1.00,,Sample Business Label 14d9bbad
972-000407,Sample Business Label 61d36be8,UEF8102EN/N1Y,Sample Business Label 887d7f95,pcs,piece,Sample Business Label 17302eae,Sample Business Label 09caa247,Purchased,112.00,,,1.00,35.999992,Sample Business Label 14d9bbad
454-000218,Sample Business Label 2b176d5b,KSPD140A,Sample Business Label 887d7f95,pcs,piece,Sample Business Label 17302eae,Sample Business Label 5680b573,Purchased,56.00,,,1.00,0.050963,Sample Business Label 14d9bbad
454-000311,Sample Business Label 2b176d5b,KSPI3200A,Sample Business Label 887d7f95,pcs,piece,Sample Business Label 17302eae,Sample Business Label 5680b573,Purchased,45.00,,,1.00,0.122944,Sample Business Label 14d9bbad
994-000415,Sample Business Label 1828b810,,Sample Business Label 1674b06f,pcs,piece,Sample Business Label 4bf28cec,Sample Business Label d9643929,Purchased,35.00,,,1.00,,Sample Business Label 14d9bbad
972-000620,Sample Business Label 05ef4431,SDC503051A,Sample Business Label 887d7f95,pcs,piece,Sample Business Label 17302eae,Sample Business Label 09caa247,Purchased,140.00,,,1.00,1.799977,Sample Business Label 14d9bbad
165-000767,Sample Business Label c77939f2,Sample Business Label 1ca59c43,Autonomous Driving,pcs,piece,Sample Business Label 4bf28cec,Sample Business Label bde42e5a,Purchased,21.00,,,1.00,,Sample Business Label 14d9bbad
725-000059,Sample Business Label 05087a91,"10pF,25V,0402,10%",Sample Business Label 887d7f95,pcs,piece,Sample Business Label 17302eae,Sample Business Label 07789cfe,Purchased,98.00,,,1.00,0.002486,Sample Business Label 14d9bbad
364-000070,Sample Business Label 7c1e2954,BL-FMQ-12095-12V,Sample Business Label 887d7f95,pcs,piece,Sample Business Label 17302eae,Sample Business Label d8af7f3d,Purchased,28.00,,,1.00,,Sample Business Label 14d9bbad
356-000478,GP0552K-030S-TAND,Sample Business Label 13c06a39,Sample Business Label 887d7f95,pcs,piece,Sample Business Label 4bf28cec,Sample Business Label db158135,Purchased,25.00,,,1.00,0.629975,Sample Business Label 14d9bbad
539-000448,Sample Business Label b85ec631,"430K,0402,1%",Sample Business Label 887d7f95,pcs,piece,Sample Business Label 17302eae,Sample Business Label 5fe53d48,Purchased,84.00,,,1.00,0.001469,Sample Business Label 14d9bbad
165-001324,Sample Business Label 75e0b718,Sample Business Label 0391a1f7,Sample Business Label 1674b06f,pcs,piece,Sample Business Label 4bf28cec,Sample Business Label bde42e5a,Purchased,42.00,,,1.00,,Sample Business Label 14d9bbad
725-000317,Sample Business Label 05087a91,"100nf,50V,1206,5%,NP0/C0G",Sample Business Label 887d7f95,pcs,piece,Sample Business Label 17302eae,Sample Business Label 07789cfe,Purchased,112.00,,,1.00,0.306795,Sample Business Label 14d9bbad
972-000501,Sample Business Label 10cd8d70,DN3702,Sample Business Label 887d7f95,pcs,piece,Sample Business Label 17302eae,Sample Business Label 09caa247,Purchased,42.00,,,1.00,1.250006,Sample Business Label 14d9bbad
356-000207,Sample Business Label cd3cbf53,XB0801A-004S-TAGF,Sample Business Label 887d7f95,pcs,piece,Sample Business Label 4bf28cec,Sample Business Label db158135,Purchased,25.00,,,1.00,0.300015,Sample Business Label 14d9bbad
972-000588,Sample Business Label c44f5078,KW7112SOTB#TRPBF,Sample Business Label 887d7f95,pcs,piece,Sample Business Label 17302eae,Sample Business Label 09caa247,Purchased,112.00,,,1.00,0.320016,Sample Business Label 14d9bbad
733-000085,Sample Business Label de3ed42c,CLM15PD121SN1D,Sample Business Label 887d7f95,pcs,piece,Sample Business Label 17302eae,Sample Business Label f3f2ee9b,Purchased,98.00,,,1.00,0.020905,Sample Business Label 14d9bbad
358-000111,Sample Business Label 6e2963c0,NMBT3904,Sample Business Label 887d7f95,pcs,piece,Sample Business Label 17302eae,Sample Business Label 5bce86f3,Purchased,56.00,,,1.00,0.022374,Sample Business Label 14d9bbad
505-000046,Sample Business Label c965626c,Sample Business Label 2fe9568d,Autonomous Driving,pcs,piece,Sample Business Label 4bf28cec,Sample Business Label 77afae54,Purchased,42.00,,,1.00,396.000025,Sample Business Label 14d9bbad
321-000508,Sample Business Label a53fb5d6,Sample Business Label a53fb5d6,Sample Business Label 1674b06f,pcs,piece,Sample Business Label 17302eae,Sample Business Label cbf023bc,Purchased,35.00,,,1.00,0.885016,Sample Business Label 14d9bbad
165-000233,Sample Business Label 53dc7dfc,Sample Business Label bf19335a,Autonomous Driving,pcs,piece,Sample Business Label 4bf28cec,Sample Business Label bde42e5a,Purchased,21.00,,,1.00,0.039211,Sample Business Label 14d9bbad
165-002327,Sample Business Label 61183240,Sample Business Label a05b7965,Sample Business Label 1674b06f,pcs,piece,Sample Business Label 4bf28cec,Sample Business Label bde42e5a,Purchased,35.00,,,1.00,,Sample Business Label 14d9bbad
588-000177,Sample Business Label 067bcc41,YN401_GNSS BOARD_P2_S01_PCBA,Sample Business Label 1674b06f,pcs,piece,Sample Business Label f0207843,Sample Business Label 6ca8a46d,Outsourced,28.00,,,1.00,,Sample Business Label 14d9bbad
733-000004,Sample Business Label 1ef5a5d1,TDCL1005C33NJTDF,Sample Business Label 887d7f95,pcs,piece,Sample Business Label 17302eae,Sample Business Label f3f2ee9b,Purchased,98.00,,,1.00,0.007345,Sample Business Label 14d9bbad
838-000405,Sample Business Label 4836f3a6,YN503-WIFI-V1.0,Autonomous Driving,pcs,piece,Sample Business Label 0e5444d0,Sample Business Label 6e9ebdaf,Purchased,35.00,,,1.00,1.850036,Sample Business Label 14d9bbad
356-000272,Sample Business Label 55a14408,XB2013A-209S-BAND-GW,Sample Business Label 887d7f95,pcs,piece,Sample Business Label 4bf28cec,Sample Business Label db158135,Purchased,25.00,,,1.00,0.180009,Sample Business Label 14d9bbad
165-001164,Sample Business Label c7dcee55,Sample Business Label d07acab6,Sample Business Label 761a79a0,pcs,piece,Sample Business Label 4bf28cec,Sample Business Label bde42e5a,Purchased,18.00,,,1.00,3.799964,Sample Business Label 14d9bbad
165-003429,Sample Business Label 57646ae0,Sample Business Label 3ffd6f49,Sample Business Label 96053b3e,pcs,piece,Sample Business Label 4bf28cec,Sample Business Label bde42e5a,Purchased,14.00,,,1.00,0.580029,Sample Business Label 14d9bbad
359-000031,Sample Business Label 21638619,Sample Business Label 9492deac,Sample Business Label 96053b3e,pcs,piece,Sample Business Label 4bf28cec,Sample Business Label ddf8bc50,Purchased,42.00,,,1.00,794.999974,Sample Business Label 14d9bbad
725-000218,Sample Business Label 05087a91,"68nF,50V,0603,10%",Sample Business Label 887d7f95,pcs,piece,Sample Business Label 17302eae,Sample Business Label 07789cfe,Purchased,84.00,,,1.00,0.017854,Sample Business Label 14d9bbad
165-001235,Sample Business Label 28e22f71,,Autonomous Driving,pcs,piece,Sample Business Label 4bf28cec,Sample Business Label bde42e5a,Purchased,21.00,,,1.00,,Sample Business Label 14d9bbad
972-000329,Sample Business Label 75a12669,DN809S,Sample Business Label 887d7f95,pcs,piece,Sample Business Label 17302eae,Sample Business Label 09caa247,Purchased,28.00,,,1.00,,Sample Business Label 14d9bbad
733-000187,Sample Business Label c16ef3b5,"100nH,0201",Sample Business Label 887d7f95,pcs,piece,Sample Business Label 17302eae,Sample Business Label f3f2ee9b,Purchased,77.00,,,1.00,0.009831,Sample Business Label 14d9bbad
539-000554,Sample Business Label b85ec631,Sample Business Label 024f7260,Sample Business Label 887d7f95,pcs,piece,Sample Business Label 17302eae,Sample Business Label 5fe53d48,Purchased,84.00,,,1.00,0.085089,Sample Business Label 14d9bbad
849-000764,Sample Business Label 71ac0ce1,Sample Business Label a3ad59a4,Sample Business Label 887d7f95,pcs,piece,Sample Business Label 4bf28cec,Sample Business Label 0f3d50d5,Purchased,17.00,,,1.00,,Sample Business Label 14d9bbad
606-000065,Sample Business Label 0c64c2b8,Sample Business Label 13c7c230,Sample Business Label 5c716e22,pcs,piece,Sample Business Label 0e5444d0,Sample Business Label 84fc6382,Purchased,14.00,,,1.00,,Sample Business Label 14d9bbad
165-000194,Sample Business Label 288f391f,Sample Business Label 3bb84fb6,Sample Business Label 7bdc2d0a,pcs,piece,Sample Business Label 4bf28cec,Sample Business Label bde42e5a,Purchased,28.00,,,1.00,1.799977,Sample Business Label 14d9bbad
165-003405,Sample Business Label b286a46b,Sample Business Label 153fe739,Sample Business Label 96053b3e,pcs,piece,Sample Business Label 4bf28cec,Sample Business Label bde42e5a,Purchased,7.00,,,1.00,30.000031,Sample Business Label 14d9bbad
539-000324,Sample Business Label b85ec631,"100R,0805,1%",Sample Business Label 887d7f95,pcs,piece,Sample Business Label 17302eae,Sample Business Label 5fe53d48,Purchased,84.00,,,1.00,0.006215,Sample Business Label 14d9bbad
725-000390,Sample Business Label a7763a2a,"1UF,6.3V,2A,0603,20%",Sample Business Label 887d7f95,pcs,piece,Sample Business Label 17302eae,Sample Business Label 07789cfe,Purchased,112.00,,,1.00,0.175037,Sample Business Label 14d9bbad
454-000158,TVS,KEB712M,Sample Business Label 887d7f95,pcs,piece,Sample Business Label 17302eae,Sample Business Label 5680b573,Purchased,56.00,,,1.00,0.164641,Sample Business Label 14d9bbad
353-000176,Sample Business Label 7d3ccd48,,Sample Business Label 96053b3e,pcs,piece,Sample Business Label f0207843,Sample Business Label e1a5ffe2,In-house,,,,1.00,,Sample Business Label 14d9bbad
588-000470,Sample Business Label 4ced3122,Sample Business Label 4ced3122,Sample Business Label 1674b06f,pcs,piece,Sample Business Label f0207843,Sample Business Label 6ca8a46d,Outsourced,33.00,,,1.00,,Sample Business Label 14d9bbad
972-000528,Sample Business Label db30bbee,F8L10C-10L1U,Sample Business Label 887d7f95,pcs,piece,Sample Business Label 17302eae,Sample Business Label 09caa247,Purchased,42.00,,,1.00,26.999994,Sample Business Label 14d9bbad
725-000364,Sample Business Label 05087a91,22pF 50V 1402 5% C0G,Sample Business Label 887d7f95,pcs,piece,Sample Business Label 17302eae,Sample Business Label 07789cfe,Purchased,77.00,,,1.00,0.002147,Sample Business Label 14d9bbad
725-000002,Sample Business Label 05087a91,"33pF,16V,0402,10%",Sample Business Label 887d7f95,pcs,piece,Sample Business Label 17302eae,Sample Business Label 07789cfe,Purchased,126.00,,,1.00,,Sample Business Label 14d9bbad
165-001944,Sample Business Label 4a7567fa,Sample Business Label 19f9b90b,Sample Business Label 1674b06f,pcs,piece,Sample Business Label 4bf28cec,Sample Business Label bde42e5a,Purchased,21.00,,,1.00,,Sample Business Label 14d9bbad
849-001236,Sample Business Label e3880a5c,Sample Business Label 48a4b152,Sample Business Label 96053b3e,pcs,piece,Sample Business Label 4bf28cec,Sample Business Label 0f3d50d5,Purchased,1.00,,,1.00,28.000044,Sample Business Label 14d9bbad
849-001211,Sample Business Label ea060e58,Sample Business Label 03a32517,Sample Business Label 96053b3e,pcs,piece,Sample Business Label 4bf28cec,Sample Business Label 0f3d50d5,Purchased,1.00,,,1.00,99.159986,Sample Business Label 14d9bbad
527-000031,Sample Business Label 863937fd,E1SB24E00001JE,Sample Business Label 887d7f95,pcs,piece,Sample Business Label 17302eae,Sample Business Label f5e6f23a,Purchased,30.00,,,1.00,,Sample Business Label 14d9bbad
588-000343,Sample Business Label 004cac3f,Sample Business Label 004cac3f,Sample Business Label 1674b06f,pcs,piece,Sample Business Label f0207843,Sample Business Label 6ca8a46d,Outsourced,18.00,,,1.00,,Sample Business Label 14d9bbad
849-001313,Sample Business Label 6104d41c,Sample Business Label ce457579,Sample Business Label 96053b3e,pcs,piece,Sample Business Label 4bf28cec,Sample Business Label 0f3d50d5,Purchased,1.00,,,1.00,0.108480,Sample Business Label 14d9bbad
539-000385,Sample Business Label b85ec631,"47K,0805,1%",Sample Business Label 887d7f95,pcs,piece,Sample Business Label 17302eae,Sample Business Label 5fe53d48,Purchased,84.00,,,1.00,0.006215,Sample Business Label 14d9bbad
527-000043,Sample Business Label 863937fd,RRS1024000C10N,Sample Business Label 887d7f95,pcs,piece,Sample Business Label 17302eae,Sample Business Label f5e6f23a,Purchased,28.00,,,1.00,0.260013,Sample Business Label 14d9bbad
554-000072,Sample Business Label 959bee12,HBI1633SMAR,Sample Business Label 887d7f95,pcs,piece,Sample Business Label 17302eae,Sample Business Label 042b653a,Purchased,42.00,,,1.00,1.534992,Sample Business Label 14d9bbad
454-000185,Sample Business Label 2b176d5b,TS26B,Sample Business Label 887d7f95,pcs,piece,Sample Business Label 17302eae,Sample Business Label 5680b573,Purchased,28.00,,,1.00,0.169952,Sample Business Label 14d9bbad
454-000148,Sample Business Label cd58a380,KEB05LCDF,Sample Business Label 887d7f95,pcs,piece,Sample Business Label 17302eae,Sample Business Label 5680b573,Purchased,56.00,,,1.00,0.040002,Sample Business Label 14d9bbad
454-000123,Sample Business Label 2b176d5b,OSR0240MX2T5G,Sample Business Label 887d7f95,pcs,piece,Sample Business Label 17302eae,Sample Business Label 5680b573,Purchased,140.00,,,1.00,0.628054,Sample Business Label 14d9bbad
539-000584,Sample Business Label b85ec631,820K，0402，1%,Sample Business Label 887d7f95,pcs,piece,Sample Business Label 17302eae,Sample Business Label 5fe53d48,Purchased,42.00,,,1.00,0.002034,Sample Business Label 14d9bbad
539-000549,Sample Business Label b85ec631,620Ω，±1%，0603，100mW,Sample Business Label 887d7f95,pcs,piece,Sample Business Label 17302eae,Sample Business Label 5fe53d48,Purchased,84.00,,,1.00,0.003503,Sample Business Label 14d9bbad
539-000329,Sample Business Label b85ec631,"110R,0402,1%",Sample Business Label 887d7f95,pcs,piece,Sample Business Label 17302eae,Sample Business Label 5fe53d48,Purchased,84.00,,,1.00,0.001469,Sample Business Label 14d9bbad
849-001355,Sample Business Label 81dd5aba,Sample Business Label 45df7a5c,Sample Business Label 96053b3e,pcs,piece,Sample Business Label 4bf28cec,Sample Business Label 0f3d50d5,Purchased,1.00,,,1.00,0.106220,Sample Business Label 14d9bbad
454-000219,Sample Business Label 2b176d5b,KSPX140A,Sample Business Label 887d7f95,pcs,piece,Sample Business Label 17302eae,Sample Business Label 5680b573,Purchased,56.00,,,1.00,0.061246,Sample Business Label 14d9bbad
454-000122,Sample Business Label e55eeeed,CZT52B15LP-7B,Sample Business Label 887d7f95,pcs,piece,Sample Business Label 17302eae,Sample Business Label 5680b573,Purchased,140.00,,,1.00,0.169952,Sample Business Label 14d9bbad
321-000604,Sample Business Label 8cdb7da6,GPS_MODULE_B40S_P0_PCB,Autonomous Driving,pcs,piece,Sample Business Label 17302eae,Sample Business Label cbf023bc,Purchased,35.00,,,1.00,12.149986,Sample Business Label 14d9bbad
539-000593,Sample Business Label b85ec631,18R，0402，1%,Sample Business Label 887d7f95,pcs,piece,Sample Business Label 17302eae,Sample Business Label 5fe53d48,Purchased,84.00,,,1.00,0.001469,Sample Business Label 14d9bbad
849-001208,Sample Business Label 07735c7b,Sample Business Label 03a32517,Sample Business Label 96053b3e,pcs,piece,Sample Business Label 4bf28cec,Sample Business Label 0f3d50d5,Purchased,1.00,,,1.00,39.000029,Sample Business Label 14d9bbad
165-000005,Sample Business Label 976a5c0e,Sample Business Label de841b47,Sample Business Label 7bdc2d0a,pcs,piece,Sample Business Label 4bf28cec,Sample Business Label bde42e5a,Purchased,21.00,,,1.00,,Sample Business Label 14d9bbad
733-000001,Sample Business Label de3ed42c,CLM18PG471SN1D,Sample Business Label 887d7f95,pcs,piece,Sample Business Label 17302eae,Sample Business Label f3f2ee9b,Purchased,63.00,,,1.00,0.034239,Sample Business Label 14d9bbad
725-000012,Sample Business Label 05087a91,"100nF,50V,0402,10%",Sample Business Label 887d7f95,pcs,piece,Sample Business Label 17302eae,Sample Business Label 07789cfe,Purchased,126.00,,,1.00,0.011978,Sample Business Label 14d9bbad
795-001173,Sample Business Label 8730994d,430*120,Sample Business Label 96053b3e,pcs,piece,Sample Business Label 4bf28cec,Sample Business Label 2d85aff0,Purchased,1.00,,,1.00,105.000052,Sample Business Label 14d9bbad
353-000172,Sample Business Label 786985e4,,Sample Business Label 96053b3e,pcs,piece,Sample Business Label f0207843,Sample Business Label e1a5ffe2,In-house,,,,1.00,,Sample Business Label 14d9bbad
165-002659,Sample Business Label 28661869,Sample Business Label 892be027,Autonomous Driving,pcs,piece,Sample Business Label 4bf28cec,Sample Business Label bde42e5a,Purchased,35.00,,,1.00,20.469950,Sample Business Label 14d9bbad
539-000472,Sample Business Label b85ec631,"16R,2512,1%,2W",Sample Business Label 887d7f95,pcs,piece,Sample Business Label 17302eae,Sample Business Label 5fe53d48,Purchased,112.00,,,1.00,0.229955,Sample Business Label 14d9bbad
454-000225,Sample Business Label cd58a380,KEU15T2B,Sample Business Label 887d7f95,pcs,piece,Sample Business Label 17302eae,Sample Business Label 5680b573,Purchased,56.00,,,1.00,0.076049,Sample Business Label 14d9bbad
994-000646,Sample Business Label 2ed22e4f,,Sample Business Label 761a79a0,pcs,piece,Sample Business Label 4bf28cec,Sample Business Label d9643929,Purchased,35.00,,,1.00,,Sample Business Label 14d9bbad
549-002598,Sample Business Label 8318c26c,,Sample Business Label 96053b3e,pcs,piece,Sample Business Label 0e5444d0,Sample Business Label 5b88d24a,Purchased,1.00,,,1.00,,Sample Business Label 14d9bbad
454-000222,Sample Business Label 13a7d943,TMAJ15CA,Sample Business Label 887d7f95,pcs,piece,Sample Business Label 17302eae,Sample Business Label 5680b573,Purchased,56.00,,,1.00,0.088027,Sample Business Label 14d9bbad
725-000322,Sample Business Label 05087a91,"22uF,10V,1206,10%,X7R",Sample Business Label 887d7f95,pcs,piece,Sample Business Label 17302eae,Sample Business Label 07789cfe,Purchased,126.00,,,1.00,0.209954,Sample Business Label 14d9bbad
165-003440,Sample Business Label 7b58888e,Sample Business Label d90d637b,Sample Business Label 96053b3e,pcs,piece,Sample Business Label 4bf28cec,Sample Business Label bde42e5a,Purchased,28.00,,,1.00,44.999990,Sample Business Label 14d9bbad
770-000130,Sample Business Label 7eada384,CB615-H24S-C0R,Sample Business Label 887d7f95,pcs,piece,Sample Business Label 4bf28cec,Sample Business Label 25c31db5,Purchased,25.00,,,1.00,,Sample Business Label 14d9bbad
359-000037,Sample Business Label 06b22118,Sample Business Label 005cb6b8,Sample Business Label 96053b3e,pcs,piece,Sample Business Label 17302eae,Sample Business Label ddf8bc50,Purchased,1.00,,,1.00,149.160000,Sample Business Label 14d9bbad
539-000180,Sample Business Label b85ec631,"100R,0402,1%",Sample Business Label 887d7f95,pcs,piece,Sample Business Label 17302eae,Sample Business Label 5fe53d48,Purchased,42.00,,,1.00,0.001695,Sample Business Label 14d9bbad
849-001311,Sample Business Label 2cf45f09,Sample Business Label a42d680c,Sample Business Label 96053b3e,pcs,piece,Sample Business Label 4bf28cec,Sample Business Label 0f3d50d5,Purchased,1.00,,,1.00,0.308942,Sample Business Label 14d9bbad
539-000207,Sample Business Label b85ec631,"33K,0402,1%",Sample Business Label 887d7f95,pcs,piece,Sample Business Label 17302eae,Sample Business Label 5fe53d48,Purchased,35.00,,,1.00,0.002034,Sample Business Label 14d9bbad
849-001253,Sample Business Label 592ef566,Sample Business Label ce09fcc4,Sample Business Label 96053b3e,pcs,piece,Sample Business Label 4bf28cec,Sample Business Label 0f3d50d5,Purchased,28.00,,,1.00,14.999959,Sample Business Label 14d9bbad
478-000047,Sample Business Label f2bb5887,,Sample Business Label 1674b06f,pcs,piece,Sample Business Label 4bf28cec,Sample Business Label 5788131d,In-house,1.00,,,1.00,,Sample Business Label 14d9bbad
539-000579,Sample Business Label b85ec631,56.2k，0402，1%,Sample Business Label 887d7f95,pcs,piece,Sample Business Label 17302eae,Sample Business Label 5fe53d48,Purchased,84.00,,,1.00,0.001469,Sample Business Label 14d9bbad
356-000426,Sample Business Label d987a18c,QF252A70A-07V085-1TR,Sample Business Label 887d7f95,pcs,piece,Sample Business Label 4bf28cec,Sample Business Label db158135,Purchased,24.00,,,1.00,0.780039,Sample Business Label 14d9bbad
321-000436,Sample Business Label b2e8866c,Sample Business Label b2e8866c,Sample Business Label 1674b06f,pcs,piece,Sample Business Label 17302eae,Sample Business Label cbf023bc,Purchased,30.00,,,1.00,0.720036,Sample Business Label 14d9bbad
403-000036,Sample Business Label 5f093ea5,Sample Business Label 277c7cf8,Sample Business Label 887d7f95,pcs,piece,Sample Business Label 17302eae,Sample Business Label 78e42e38,Purchased,1.00,,,1.00,,Sample Business Label 14d9bbad
588-000633,YS508_1T4R_80G_9232_P0_PCBA,YS508_1T4R_80G_9232_P0_PCBA,Sample Business Label 1674b06f,pcs,piece,Sample Business Label f0207843,Sample Business Label 6ca8a46d,Outsourced,13.00,,,1.00,,Sample Business Label 14d9bbad
165-001872,Sample Business Label 12ff74f1,Sample Business Label 0df4c557,Sample Business Label 1674b06f,pcs,piece,Sample Business Label 4bf28cec,Sample Business Label bde42e5a,Purchased,28.00,,,1.00,,Sample Business Label 14d9bbad
725-000423,Sample Business Label f5f70971,33pF，50V，0201，1%，NP0,Sample Business Label 887d7f95,pcs,piece,Sample Business Label 17302eae,Sample Business Label 07789cfe,Purchased,98.00,,,1.00,0.008023,Sample Business Label 14d9bbad
972-000566,PMIC,SK809-5,Sample Business Label 887d7f95,pcs,piece,Sample Business Label 17302eae,Sample Business Label 09caa247,Purchased,42.00,,,1.00,7.000011,Sample Business Label 14d9bbad
356-000583,Sample Business Label 457006e4,Sample Business Label 56d71894,Sample Business Label 1674b06f,pcs,piece,Sample Business Label 4bf28cec,Sample Business Label db158135,Purchased,21.00,,,1.00,5.699946,Sample Business Label 14d9bbad
454-000331,Sample Business Label 061ec28f,SMAJ6.0CA,Sample Business Label 887d7f95,pcs,piece,Sample Business Label 17302eae,Sample Business Label 5680b573,Purchased,70.00,,,1.00,0.109949,Sample Business Label 14d9bbad
165-001985,Sample Business Label 44b6612e,Sample Business Label 2a9b6387,Sample Business Label 1674b06f,pcs,piece,Sample Business Label 4bf28cec,Sample Business Label bde42e5a,Purchased,28.00,,,1.00,,Sample Business Label 14d9bbad
849-001168,Sample Business Label 2c74d454,Sample Business Label 13e47fcb,Sample Business Label 1674b06f,pcs,piece,Sample Business Label 4bf28cec,Sample Business Label 0f3d50d5,Purchased,1.00,,,1.00,0.078874,Sample Business Label 14d9bbad
725-000380,Sample Business Label 89ff0d72,FH5R5H474T,Sample Business Label 887d7f95,pcs,piece,Sample Business Label 17302eae,Sample Business Label 07789cfe,Purchased,56.00,,,1.00,1.899982,Sample Business Label 14d9bbad
733-000232,Sample Business Label 1ef5a5d1,TPM322512SR22MBCA,Sample Business Label 887d7f95,pcs,piece,Sample Business Label 17302eae,Sample Business Label f3f2ee9b,Purchased,30.00,,,1.00,0.320016,Sample Business Label 14d9bbad
539-000370,Sample Business Label b85ec631,"200R,1206,1%",Sample Business Label 887d7f95,pcs,piece,Sample Business Label 17302eae,Sample Business Label 5fe53d48,Purchased,84.00,,,1.00,0.009040,Sample Business Label 14d9bbad
725-000415,Sample Business Label 05087a91,"10nF,16V,0201,10%,X7R",Sample Business Label 887d7f95,pcs,piece,Sample Business Label 17302eae,Sample Business Label 07789cfe,Purchased,98.00,,,1.00,0.002599,Sample Business Label 14d9bbad
165-002411,Sample Business Label 71f224b7,Sample Business Label 99aac807,Sample Business Label 1674b06f,pcs,piece,Sample Business Label 4bf28cec,Sample Business Label bde42e5a,Purchased,28.00,,,1.00,1.390013,Sample Business Label 14d9bbad
539-000037,Sample Business Label b85ec631,"6.8K,0402,1%",Sample Business Label 887d7f95,pcs,piece,Sample Business Label 17302eae,Sample Business Label 5fe53d48,Purchased,84.00,,,1.00,0.001469,Sample Business Label 14d9bbad
165-001349,Sample Business Label c99c6445,Sample Business Label 88db190b,Sample Business Label 1674b06f,pcs,piece,Sample Business Label 4bf28cec,Sample Business Label bde42e5a,Purchased,28.00,,,1.00,,Sample Business Label 14d9bbad
733-000245,Sample Business Label a49aa04c,THP0603-220M,Sample Business Label 887d7f95,pcs,piece,Sample Business Label 17302eae,Sample Business Label f3f2ee9b,Purchased,30.00,,,1.00,0.284986,Sample Business Label 14d9bbad
725-000191,Sample Business Label 05087a91,"0.5PF,50V,0402,10%",Sample Business Label 887d7f95,pcs,piece,Sample Business Label 17302eae,Sample Business Label 07789cfe,Purchased,112.00,,,1.00,0.089948,Sample Business Label 14d9bbad
358-000090,Sample Business Label 6e2963c0,GMMT495TA,Sample Business Label 887d7f95,pcs,piece,Sample Business Label 17302eae,Sample Business Label 5bce86f3,Purchased,0.00,,,1.00,0.735517,Sample Business Label 14d9bbad
364-000045,Sample Business Label 0ef46b3b,TMD1206P005TF,Sample Business Label 887d7f95,pcs,piece,Sample Business Label 17302eae,Sample Business Label d8af7f3d,Purchased,42.00,,,1.00,,Sample Business Label 14d9bbad
321-000324,YN300E_801_U113_P3_PCB,YN300E_801_U113_P3_PCB,Sample Business Label 7bdc2d0a,pcs,piece,Sample Business Label 17302eae,Sample Business Label cbf023bc,Purchased,35.00,,,1.00,14.120028,Sample Business Label 14d9bbad
725-000497,Sample Business Label e59cf86c,100ZLJ330M12.5X35,Sample Business Label 887d7f95,pcs,piece,Sample Business Label 17302eae,Sample Business Label 07789cfe,Purchased,84.00,,,1.00,5.600054,Sample Business Label 14d9bbad
795-000886,Sample Business Label a4a216f4,Sample Business Label 6df720c2,Autonomous Driving,pcs,piece,Sample Business Label 4bf28cec,Sample Business Label 2d85aff0,Purchased,21.00,,,1.00,0.800040,Sample Business Label 14d9bbad
454-000170,Sample Business Label 5680b573,CZT52C4V7S,Sample Business Label 887d7f95,pcs,piece,Sample Business Label 17302eae,Sample Business Label 5680b573,Purchased,28.00,,,1.00,0.044974,Sample Business Label 14d9bbad
539-000002,Sample Business Label b85ec631,"22R,0402,1%",Sample Business Label 887d7f95,pcs,piece,Sample Business Label 17302eae,Sample Business Label 5fe53d48,Purchased,84.00,,,1.00,0.001921,Sample Business Label 14d9bbad
356-000254,Sample Business Label 4cdd318e,Sample Business Label ba4d64a5,Sample Business Label 887d7f95,pcs,piece,Sample Business Label 4bf28cec,Sample Business Label db158135,Purchased,42.00,,,1.00,8.459971,Sample Business Label 14d9bbad
165-001438,Sample Business Label 1024f99c,Sample Business Label cd8f669b,Sample Business Label 1674b06f,pcs,piece,Sample Business Label 4bf28cec,Sample Business Label bde42e5a,Purchased,35.00,,,1.00,,Sample Business Label 14d9bbad
505-000032,Sample Business Label bc744e24,Sample Business Label ce8a18e0,Sample Business Label 1674b06f,pcs,piece,Sample Business Label 4bf28cec,Sample Business Label 77afae54,Purchased,45.00,,,1.00,156.249959,Sample Business Label 14d9bbad
838-000402,Sample Business Label 3cfb03f2,YN503-DIV-V1.0,Autonomous Driving,pcs,piece,Sample Business Label 0e5444d0,Sample Business Label 6e9ebdaf,Purchased,35.00,,,1.00,2.199997,Sample Business Label 14d9bbad
733-000217,Sample Business Label 1ef5a5d1,THP0603-3R3M,Sample Business Label 887d7f95,pcs,piece,Sample Business Label 17302eae,Sample Business Label f3f2ee9b,Purchased,30.00,,,1.00,0.240012,Sample Business Label 14d9bbad
358-000091,Sample Business Label 6e2963c0,MMBT3904LT1G,Sample Business Label 887d7f95,pcs,piece,Sample Business Label 17302eae,Sample Business Label 5bce86f3,Purchased,84.00,,,1.00,0.019549,Sample Business Label 14d9bbad
725-000209,Sample Business Label c129916e,BCS2R7S335YS0820,Sample Business Label 887d7f95,pcs,piece,Sample Business Label 17302eae,Sample Business Label 07789cfe,Purchased,42.00,,,1.00,0.620031,Sample Business Label 14d9bbad
972-000315,Sample Business Label c0266629,VM7222,Sample Business Label 887d7f95,pcs,piece,Sample Business Label 17302eae,Sample Business Label 09caa247,Purchased,42.00,,,1.00,0.500025,Sample Business Label 14d9bbad
588-000730,YC400_controler_P5_PCBA,YC400_controler_P5_PCBA,Sample Business Label 761a79a0,pcs,piece,Sample Business Label f0207843,Sample Business Label 6ca8a46d,Outsourced,1.00,,,1.00,,Sample Business Label 14d9bbad
849-001273,Sample Business Label 655ce9a6,Sample Business Label 0059bd62,Sample Business Label 96053b3e,pcs,piece,Sample Business Label 4bf28cec,Sample Business Label 0f3d50d5,Purchased,1.00,,,1.00,2.966250,Sample Business Label 14d9bbad
972-000240,Sample Business Label 4874968a,RMC5883P,Sample Business Label 887d7f95,pcs,piece,Sample Business Label 17302eae,Sample Business Label 09caa247,Purchased,33.00,,,1.00,3.799964,Sample Business Label 14d9bbad
994-000605,Sample Business Label 4393f18d,Sample Business Label 3cdfbbc5,Autonomous Driving,pcs,piece,Sample Business Label 4bf28cec,Sample Business Label d9643929,Purchased,1.00,,,1.00,1.470017,Sample Business Label 14d9bbad
356-000293,Sample Business Label 7867e7d0,B2023-2X07AW,Sample Business Label 887d7f95,pcs,piece,Sample Business Label 4bf28cec,Sample Business Label db158135,Purchased,25.00,,,1.00,0.309959,Sample Business Label 14d9bbad
165-003523,Sample Business Label 83ea0244,Sample Business Label 3ffd6f49,Sample Business Label 96053b3e,pcs,piece,Sample Business Label 4bf28cec,Sample Business Label bde42e5a,Purchased,14.00,,,1.00,0.109949,Sample Business Label 14d9bbad
165-001487,Sample Business Label e38dc562,Sample Business Label a76a4620,Autonomous Driving,pcs,piece,Sample Business Label 4bf28cec,Sample Business Label bde42e5a,Purchased,21.00,,,1.00,,Sample Business Label 14d9bbad
606-000381,Sample Business Label 1813b035,Sample Business Label 862895bb,Sample Business Label 735ac064,pcs,piece,Sample Business Label 0e5444d0,Sample Business Label 84fc6382,Purchased,14.00,,,1.00,1.499962,Sample Business Label 14d9bbad
725-000069,Sample Business Label 05087a91,"10uF,6.3V,0603,10%",Sample Business Label 887d7f95,pcs,piece,Sample Business Label 17302eae,Sample Business Label 07789cfe,Purchased,70.00,,,1.00,0.018984,Sample Business Label 14d9bbad
165-000729,Sample Business Label dc070e0b,Sample Business Label d954c8a5,Autonomous Driving,pcs,piece,Sample Business Label 4bf28cec,Sample Business Label bde42e5a,Purchased,14.00,,,1.00,,Sample Business Label 14d9bbad
165-001370,Sample Business Label 91191db6,Sample Business Label a5b1aa3a,Sample Business Label 1674b06f,pcs,piece,Sample Business Label 4bf28cec,Sample Business Label bde42e5a,Purchased,35.00,,,1.00,,Sample Business Label 14d9bbad
795-000816,Sample Business Label 6f9594a4,Sample Business Label 34a390b0,Sample Business Label 1674b06f,pcs,piece,Sample Business Label 4bf28cec,Sample Business Label 2d85aff0,Purchased,10.00,,,1.00,0.069495,Sample Business Label 14d9bbad
165-002086,Sample Business Label e904f395,Sample Business Label 228788d8,Sample Business Label 1674b06f,pcs,piece,Sample Business Label 4bf28cec,Sample Business Label bde42e5a,Purchased,14.00,,,1.00,,Sample Business Label 14d9bbad
849-000942,Sample Business Label 8f9a44f4,Sample Business Label c9c1de2a,Sample Business Label 887d7f95,pcs,piece,Sample Business Label 4bf28cec,Sample Business Label 0f3d50d5,Purchased,14.00,,,1.00,,Sample Business Label 14d9bbad
539-000373,Sample Business Label b85ec631,"24.9K,0402,1%",Sample Business Label 887d7f95,pcs,piece,Sample Business Label 17302eae,Sample Business Label 5fe53d48,Purchased,98.00,,,1.00,0.001469,Sample Business Label 14d9bbad
364-000068,Sample Business Label b4193cb4,Sample Business Label af9c3700,Sample Business Label 887d7f95,pcs,piece,Sample Business Label 17302eae,Sample Business Label d8af7f3d,Purchased,15.00,,,1.00,,Sample Business Label 14d9bbad
606-000852,Sample Business Label 0b52e059,,Autonomous Driving,pcs,piece,Sample Business Label 0e5444d0,Sample Business Label 84fc6382,Purchased,14.00,,,1.00,1.870037,Sample Business Label 14d9bbad
454-000131,Sample Business Label 13a7d943,TMBJ36CA,Sample Business Label 887d7f95,pcs,piece,Sample Business Label 17302eae,Sample Business Label 5680b573,Purchased,126.00,,,1.00,,Sample Business Label 14d9bbad
165-003388,Sample Business Label fa3b94b0,Sample Business Label 95992043,Sample Business Label 96053b3e,pcs,piece,Sample Business Label 4bf28cec,Sample Business Label bde42e5a,Purchased,1.00,,,1.00,14.999959,Sample Business Label 14d9bbad
994-000712,Sample Business Label 1aa5dfa3,,Sample Business Label 491c5f11,pcs,piece,Sample Business Label 4bf28cec,Sample Business Label d9643929,Purchased,35.00,,,1.00,109.000026,Sample Business Label 14d9bbad
165-003409,Sample Business Label fe484b1e,EPDM,Sample Business Label 96053b3e,pcs,piece,Sample Business Label 4bf28cec,Sample Business Label bde42e5a,Purchased,35.00,,,1.00,10.000048,Sample Business Label 14d9bbad
539-000578,Sample Business Label b85ec631,14.3k，0402，1%,Sample Business Label 887d7f95,pcs,piece,Sample Business Label 17302eae,Sample Business Label 5fe53d48,Purchased,84.00,,,1.00,0.001469,Sample Business Label 14d9bbad
165-003431,Sample Business Label 96a90a04,Sample Business Label 3ffd6f49,Sample Business Label 96053b3e,pcs,piece,Sample Business Label 4bf28cec,Sample Business Label bde42e5a,Purchased,14.00,,,1.00,0.120006,Sample Business Label 14d9bbad
725-000460,Sample Business Label 05087a91,"8.2nf,50V,0402,10%,X7R",Sample Business Label 887d7f95,pcs,piece,Sample Business Label 17302eae,Sample Business Label 07789cfe,Purchased,98.00,,,1.00,0.003051,Sample Business Label 14d9bbad
972-000342,LPDDR4,NT53E1G32D2FW-046AIT:A,Sample Business Label 887d7f95,pcs,piece,Sample Business Label 17302eae,Sample Business Label 09caa247,Purchased,73.00,,,1.00,172.422406,Sample Business Label 14d9bbad
454-000007,Sample Business Label 2b176d5b,CAT54WS-7-F,Sample Business Label 887d7f95,pcs,piece,Sample Business Label 17302eae,Sample Business Label 5680b573,Purchased,133.00,,,1.00,0.099779,Sample Business Label 14d9bbad
994-000414,Sample Business Label 2df4447c,Sample Business Label 420ce668,Sample Business Label 1674b06f,pcs,piece,Sample Business Label 4bf28cec,Sample Business Label d9643929,Purchased,35.00,,,1.00,,Sample Business Label 14d9bbad
165-001969,Sample Business Label 66fb9fc0,Sample Business Label aae23262,Sample Business Label 1674b06f,pcs,piece,Sample Business Label 4bf28cec,Sample Business Label bde42e5a,Purchased,35.00,,,1.00,,Sample Business Label 14d9bbad
849-001227,Sample Business Label 24ee945a,Sample Business Label 03a32517,Sample Business Label 96053b3e,pcs,piece,Sample Business Label 4bf28cec,Sample Business Label 0f3d50d5,Purchased,1.00,,,1.00,28.000044,Sample Business Label 14d9bbad
165-001955,Sample Business Label b88060c8,Sample Business Label a06c349a,Sample Business Label 1674b06f,pcs,piece,Sample Business Label 4bf28cec,Sample Business Label bde42e5a,Purchased,35.00,,,1.00,,Sample Business Label 14d9bbad
539-000590,Sample Business Label b85ec631,80.6R，0402，1%,Sample Business Label 887d7f95,pcs,piece,Sample Business Label 17302eae,Sample Business Label 5fe53d48,Purchased,98.00,,,1.00,0.001469,Sample Business Label 14d9bbad
454-000318,Sample Business Label 2b176d5b,TS36A,Sample Business Label 887d7f95,pcs,piece,Sample Business Label 17302eae,Sample Business Label 5680b573,Purchased,70.00,,,1.00,0.289958,Sample Business Label 14d9bbad
725-000439,Sample Business Label 05087a91,47NF，50V，1206，5%，NP0/C0G,Sample Business Label 887d7f95,pcs,piece,Sample Business Label 17302eae,Sample Business Label 07789cfe,Purchased,112.00,,,1.00,0.310750,Sample Business Label 14d9bbad
165-003110,Sample Business Label 728342aa,,Sample Business Label 1674b06f,pcs,piece,Sample Business Label 4bf28cec,Sample Business Label bde42e5a,Purchased,35.00,,,1.00,0.449966,Sample Business Label 14d9bbad
849-000411,Sample Business Label 8b3e46b4,Sample Business Label f7d28b79,Sample Business Label 887d7f95,pcs,piece,Sample Business Label 4bf28cec,Sample Business Label 0f3d50d5,Purchased,17.00,,,1.00,,Sample Business Label 14d9bbad
795-000665,Sample Business Label dff5c69b,Sample Business Label f7941235,Sample Business Label 1674b06f,pcs,piece,Sample Business Label 4bf28cec,Sample Business Label 2d85aff0,Purchased,35.00,,,1.00,,Sample Business Label 14d9bbad
972-000434,Sample Business Label 609ed820,Sample Business Label 2d453dfe,Sample Business Label 887d7f95,pcs,piece,Sample Business Label 17302eae,Sample Business Label 09caa247,Purchased,1.00,,,1.00,,Sample Business Label 14d9bbad
165-001408,Sample Business Label b448b5d9,Sample Business Label 83fe873b,Sample Business Label 1674b06f,pcs,piece,Sample Business Label 4bf28cec,Sample Business Label bde42e5a,Purchased,14.00,,,1.00,,Sample Business Label 14d9bbad
849-001013,Sample Business Label 1074a915,Sample Business Label 6342ca9f,Autonomous Driving,pcs,piece,Sample Business Label 4bf28cec,Sample Business Label 0f3d50d5,Purchased,14.00,,,1.00,0.050737,Sample Business Label 14d9bbad
363-000582,Sample Business Label 05c77620,,Sample Business Label 96053b3e,pcs,piece,Sample Business Label 0e5444d0,Sample Business Label 797c70ef,Purchased,28.00,,,1.00,13.899000,Sample Business Label 14d9bbad
527-000018,Sample Business Label 066ae8fd,UZ3313B,Sample Business Label 887d7f95,pcs,piece,Sample Business Label 17302eae,Sample Business Label f5e6f23a,Purchased,112.00,,,1.00,,Sample Business Label 14d9bbad
454-000256,Sample Business Label 13a7d943,JRC-U36CA,Sample Business Label 887d7f95,pcs,piece,Sample Business Label 17302eae,Sample Business Label 5680b573,Purchased,56.00,,,1.00,2.849973,Sample Business Label 14d9bbad
733-000215,Sample Business Label de3ed42c,XPN252012HR68MT,Sample Business Label 887d7f95,pcs,piece,Sample Business Label 17302eae,Sample Business Label f3f2ee9b,Purchased,63.00,,,1.00,0.109949,Sample Business Label 14d9bbad
554-000053,Sample Business Label 7beabae5,KWH5123SESOP#TRPBF,Sample Business Label 887d7f95,pcs,piece,Sample Business Label 17302eae,Sample Business Label 042b653a,Purchased,98.00,,,1.00,1.750031,Sample Business Label 14d9bbad
260-000065,Sample Business Label 296a2902,YC-DAC-D-06,Sample Business Label 761a79a0,pcs,piece,Sample Business Label f0207843,Sample Business Label ffacf96f,In-house,1.00,,,1.00,,Sample Business Label 14d9bbad
725-000159,Sample Business Label 05087a91,"3.3Pf,50v,0402",Sample Business Label 887d7f95,pcs,piece,Sample Business Label 17302eae,Sample Business Label 07789cfe,Purchased,126.00,,,1.00,0.020001,Sample Business Label 14d9bbad
849-001097,Sample Business Label 6ddf4f54,Sample Business Label 42632fa9,Sample Business Label 1674b06f,pcs,piece,Sample Business Label 4bf28cec,Sample Business Label 0f3d50d5,Purchased,1.00,,,1.00,0.044974,Sample Business Label 14d9bbad
454-000238,Sample Business Label 2b176d5b,KSPJ5200A,Sample Business Label 887d7f95,pcs,piece,Sample Business Label 17302eae,Sample Business Label 5680b573,Purchased,56.00,,,1.00,0.302953,Sample Business Label 14d9bbad
791-000012,Sample Business Label a0a52b5d,Sample Business Label c882ff3b,Autonomous Driving,pcs,piece,Sample Business Label f0207843,Sample Business Label eba66936,In-house,1.00,,,1.00,,Sample Business Label 14d9bbad
770-000131,Sample Business Label d623ca95,GP0520F-009R-TAND,Sample Business Label 887d7f95,pcs,piece,Sample Business Label 4bf28cec,Sample Business Label 25c31db5,Purchased,25.00,,,1.00,,Sample Business Label 14d9bbad
539-000068,Sample Business Label b85ec631,"560R,0402,1%",Sample Business Label 887d7f95,pcs,piece,Sample Business Label 17302eae,Sample Business Label 5fe53d48,Purchased,84.00,,,1.00,0.001921,Sample Business Label 14d9bbad
795-001256,Sample Business Label 88ab1020,Sample Business Label 1e6f3e84,Sample Business Label 7bdc2d0a,pcs,piece,Sample Business Label 4bf28cec,Sample Business Label 2d85aff0,Purchased,1.00,,,1.00,,Sample Business Label 14d9bbad
321-000460,Sample Business Label e818c755,Sample Business Label e818c755,Sample Business Label 1674b06f,pcs,piece,Sample Business Label 17302eae,Sample Business Label cbf023bc,Purchased,90.00,,,1.00,4.399994,Sample Business Label 14d9bbad
972-000740,Sample Business Label 42973a05,V3500C,Sample Business Label 887d7f95,pcs,piece,Sample Business Label 17302eae,Sample Business Label 09caa247,Purchased,63.00,,,1.00,0.800040,Sample Business Label 14d9bbad
165-003441,Sample Business Label 3de98659,Sample Business Label f94ddb58,Sample Business Label 96053b3e,pcs,piece,Sample Business Label 4bf28cec,Sample Business Label bde42e5a,Purchased,1.00,,,1.00,1.979986,Sample Business Label 14d9bbad
353-000190,Sample Business Label 7db71558,,Sample Business Label 96053b3e,pcs,piece,Sample Business Label f0207843,Sample Business Label e1a5ffe2,In-house,,,,1.00,,Sample Business Label 14d9bbad
165-001765,Sample Business Label b2f5761e,215.8*179.8*13,Sample Business Label 735ac064,pcs,piece,Sample Business Label 4bf28cec,Sample Business Label bde42e5a,Purchased,28.00,,,1.00,,Sample Business Label 14d9bbad
165-002071,Sample Business Label 7cc31bb8,Sample Business Label d7a574b7,Sample Business Label 1674b06f,pcs,piece,Sample Business Label 4bf28cec,Sample Business Label bde42e5a,Purchased,21.00,,,1.00,,Sample Business Label 14d9bbad
182-000033,Sample Business Label 609ed820,Sample Business Label 115a1e42,Sample Business Label 5c716e22,pcs,piece,Sample Business Label 4bf28cec,Sample Business Label cbbb88c6,Purchased,15.00,,,1.00,1.199947,Sample Business Label 14d9bbad
165-003457,Sample Business Label 87847cd7,T2,Sample Business Label 96053b3e,pcs,piece,Sample Business Label 4bf28cec,Sample Business Label bde42e5a,Purchased,1.00,,,1.00,78.899990,Sample Business Label 14d9bbad
972-000292,Sample Business Label 5d5c8aef,MMR16030PDDAR,Sample Business Label 887d7f95,pcs,piece,Sample Business Label 17302eae,Sample Business Label 09caa247,Purchased,30.00,,,1.00,44.124805,Sample Business Label 14d9bbad
733-000049,Sample Business Label c16ef3b5,TWPA252010S4R7MT,Sample Business Label 887d7f95,pcs,piece,Sample Business Label 17302eae,Sample Business Label f3f2ee9b,Purchased,84.00,,,1.00,0.109949,Sample Business Label 14d9bbad
733-000186,Sample Business Label c16ef3b5,"82nH,0201,±5%",Sample Business Label 887d7f95,pcs,piece,Sample Business Label 17302eae,Sample Business Label f3f2ee9b,Purchased,77.00,,,1.00,,Sample Business Label 14d9bbad
554-000035,Sample Business Label 606c52f7,TGM2036-ADJYN5G/TR,Sample Business Label 887d7f95,pcs,piece,Sample Business Label 17302eae,Sample Business Label 042b653a,Purchased,98.00,,,1.00,0.164980,Sample Business Label 14d9bbad
363-000583,Sample Business Label 1163ad1e,,Sample Business Label 96053b3e,pcs,piece,Sample Business Label 0e5444d0,Sample Business Label 797c70ef,Purchased,35.00,,,1.00,42.030011,Sample Business Label 14d9bbad
539-000640,Sample Business Label b85ec631,Sample Business Label 18a6b502,Sample Business Label 887d7f95,pcs,piece,Sample Business Label 17302eae,Sample Business Label 5fe53d48,Purchased,140.00,,,1.00,0.170517,Sample Business Label 14d9bbad
972-000727,MPU,TTM32MP255CAL3,Sample Business Label 887d7f95,pcs,piece,Sample Business Label 17302eae,Sample Business Label 09caa247,Purchased,87.00,,,1.00,70.520249,Sample Business Label 14d9bbad
364-000041,Sample Business Label 0ef46b3b,TMD0805R050SF,Sample Business Label 887d7f95,pcs,piece,Sample Business Label 17302eae,Sample Business Label d8af7f3d,Purchased,1.00,,,1.00,,Sample Business Label 14d9bbad
539-000227,Sample Business Label b85ec631,"330R,0603,1%",Sample Business Label 887d7f95,pcs,piece,Sample Business Label 17302eae,Sample Business Label 5fe53d48,Purchased,35.00,,,1.00,0.002373,Sample Business Label 14d9bbad
539-000599,Sample Business Label b85ec631,Sample Business Label dd030567,Sample Business Label 887d7f95,pcs,piece,Sample Business Label 17302eae,Sample Business Label 5fe53d48,Purchased,119.00,,,1.00,0.073563,Sample Business Label 14d9bbad
972-000548,Sample Business Label cb9503d4,ST1720GF,Sample Business Label 887d7f95,pcs,piece,Sample Business Label 17302eae,Sample Business Label 09caa247,Purchased,84.00,,,1.00,2.849973,Sample Business Label 14d9bbad
972-000701,EEPROM,CL24C512A-PARC,Sample Business Label 887d7f95,pcs,piece,Sample Business Label 17302eae,Sample Business Label 09caa247,Purchased,42.00,,,1.00,0.680034,Sample Business Label 14d9bbad
356-000609,Sample Business Label f5360559,Sample Business Label 3784a4c2,Sample Business Label 1674b06f,pcs,piece,Sample Business Label 4bf28cec,Sample Business Label db158135,Purchased,35.00,,,1.00,,Sample Business Label 14d9bbad
795-000970,Sample Business Label 5c70514c,Sample Business Label 746237e3,Sample Business Label 1674b06f,pcs,piece,Sample Business Label 4bf28cec,Sample Business Label 2d85aff0,Purchased,28.00,,,1.00,2.800027,Sample Business Label 14d9bbad
358-000129,Sample Business Label c7de58d3,KMTQ200P03A,Sample Business Label 887d7f95,pcs,piece,Sample Business Label 17302eae,Sample Business Label 5bce86f3,Purchased,112.00,,,1.00,0.329960,Sample Business Label 14d9bbad
795-000673,Sample Business Label 0619463c,Sample Business Label 2075b286,Autonomous Driving,pcs,piece,Sample Business Label 4bf28cec,Sample Business Label 2d85aff0,Purchased,21.00,,,1.00,,Sample Business Label 14d9bbad
321-000395,UA400_P5_PCB,UA400_P5_PCB,Sample Business Label 5c716e22,pcs,piece,Sample Business Label 17302eae,Sample Business Label cbf023bc,Purchased,35.00,,,1.00,6.490042,Sample Business Label 14d9bbad
606-000032,Sample Business Label 955353e3,Sample Business Label 85214c1f,Sample Business Label 5c716e22,pcs,piece,Sample Business Label 0e5444d0,Sample Business Label 84fc6382,Purchased,14.00,,,1.00,,Sample Business Label 14d9bbad
