billno,materialplanid_number,materialplanid_name,materialattr_title,dropbilltype_name,dropstatus_title,adviseorderqty,bizorderqty,orderdate,advisestartdate,startdate,adviseenddate,enddate,availabledate,planoperatenum,bizdropqty,advisedroptime,droptime,creator_name,rootdemandbillno,closestatus_title,createtime
JHJY-20260421-00046607,525-000135,Sample Business Label 2bd248f3,In-house,Sample Business Label 68d7a178,Sample Business Label 14d1364a,0.0000,60.0000,2026-04-21,,2026-04-21,,2026-04-22,2026-04-22,,60.0000,,2026-04-21 11:23:12,Zhu Jieqian,,Sample Business Label ae093165,2026-04-21 11:22:41
JHJY-20251218-00035142,994-000592,Sample Business Label 06823166,Purchased,Production Project Purchase Request,Sample Business Label 14d1364a,2076.0000,2076.0000,2025-12-26,2025-12-26,2025-12-26,2026-01-30,2026-01-30,2026-01-30,MRP-20251218-00000100,2076.0000,,2025-12-19 21:21:17,Zhu Jieqian,YCD2025121600000033,Sample Business Label ae093165,2025-12-18 20:23:17
JHJY-20251218-00035143,994-000592,Sample Business Label 06823166,Purchased,Production Project Purchase Request,Sample Business Label 14d1364a,60.0000,60.0000,2025-12-26,2025-12-26,2025-12-26,2026-01-30,2026-01-30,2026-01-30,MRP-20251218-00000100,60.0000,,2025-12-19 21:21:17,Zhu Jieqian,YCD2025121600000033,Sample Business Label ae093165,2025-12-18 20:23:17
JHJY-20251218-00035144,994-000592,Sample Business Label 06823166,Purchased,Production Project Purchase Request,Sample Business Label 14d1364a,24.0000,24.0000,2025-12-26,2025-12-26,2025-12-26,2026-01-30,2026-01-30,2026-01-30,MRP-20251218-00000100,24.0000,,2025-12-19 21:21:17,Zhu Jieqian,YCD2025121600000033,Sample Business Label ae093165,2025-12-18 20:23:17
JHJY-20251218-00035145,994-000592,Sample Business Label 06823166,Purchased,Production Project Purchase Request,Sample Business Label 14d1364a,1284.0000,1284.0000,2026-01-23,2026-01-23,2026-01-23,2026-02-27,2026-02-27,2026-02-27,MRP-20251218-00000100,1284.0000,,2025-12-19 21:21:17,Zhu Jieqian,YCD2025121600000034,Sample Business Label ae093165,2025-12-18 20:23:17
JHJY-20251218-00035146,994-000592,Sample Business Label 06823166,Purchased,Production Project Purchase Request,Sample Business Label 14d1364a,192.0000,192.0000,2026-01-23,2026-01-23,2026-01-23,2026-02-27,2026-02-27,2026-02-27,MRP-20251218-00000100,192.0000,,2025-12-19 21:21:17,Zhu Jieqian,YCD2025121600000034,Sample Business Label ae093165,2025-12-18 20:23:17
JHJY-20251218-00035147,994-000592,Sample Business Label 06823166,Purchased,Production Project Purchase Request,Sample Business Label 14d1364a,48.0000,48.0000,2026-01-23,2026-01-23,2026-01-23,2026-02-27,2026-02-27,2026-02-27,MRP-20251218-00000100,48.0000,,2025-12-19 21:21:17,Zhu Jieqian,YCD2025121600000034,Sample Business Label ae093165,2025-12-18 20:23:17
JHJY-20251218-00035189,468-000560,Sample Business Label 6726f7b1,Purchased,Production Project Purchase Request,Sample Business Label 14d1364a,1098.0000,1098.0000,2026-02-20,2026-02-20,2026-02-20,2026-02-27,2026-02-27,2026-02-27,MRP-20251218-00000100,1098.0000,,2025-12-19 21:21:17,Zhu Jieqian,YCD2025121600000034,Sample Business Label ae093165,2025-12-18 20:23:17
JHJY-20251218-00035190,468-000560,Sample Business Label 6726f7b1,Purchased,Production Project Purchase Request,Sample Business Label 14d1364a,228.0000,228.0000,2026-02-20,2026-02-20,2026-02-20,2026-02-27,2026-02-27,2026-02-27,MRP-20251218-00000100,228.0000,,2025-12-19 21:21:17,Zhu Jieqian,YCD2025121600000034,Sample Business Label ae093165,2025-12-18 20:23:17
JHJY-20251218-00035280,838-000128,Sample Business Label b693d72a,Purchased,Production Project Purchase Request,Sample Business Label 14d1364a,771.0000,771.0000,2026-02-03,2026-02-03,2026-02-03,2026-02-27,2026-02-27,2026-02-27,MRP-20251218-00000100,771.0000,,2025-12-19 21:21:17,Zhu Jieqian,YCD2025121600000034,Sample Business Label ae093165,2025-12-18 20:23:17
JHJY-20251218-00035282,838-000128,Sample Business Label b693d72a,Purchased,Production Project Purchase Request,Sample Business Label 14d1364a,228.0000,228.0000,2026-02-03,2026-02-03,2026-02-03,2026-02-27,2026-02-27,2026-02-27,MRP-20251218-00000100,228.0000,,2025-12-19 21:21:17,Zhu Jieqian,YCD2025121600000034,Sample Business Label ae093165,2025-12-18 20:23:17
JHJY-20251218-00035281,838-000128,Sample Business Label b693d72a,Purchased,Production Project Purchase Request,Sample Business Label 14d1364a,42.0000,42.0000,2026-02-03,2026-02-03,2026-02-03,2026-02-27,2026-02-27,2026-02-27,MRP-20251218-00000100,42.0000,,2025-12-19 21:21:17,Zhu Jieqian,YCD2025121600000034,Sample Business Label ae093165,2025-12-18 20:23:17
JHJY-20251218-00035285,795-000133,Sample Business Label 567d223e,Purchased,Production Project Purchase Request,Sample Business Label 14d1364a,18673.0000,18673.0000,2026-01-20,2026-01-20,2026-01-20,2026-01-30,2026-01-30,2026-01-30,MRP-20251218-00000100,18673.0000,,2025-12-19 21:21:17,Zhu Jieqian,YCD2025121600000033,Sample Business Label ae093165,2025-12-18 20:23:17
JHJY-20251218-00035287,795-000133,Sample Business Label 567d223e,Purchased,Production Project Purchase Request,Sample Business Label 14d1364a,240.0000,240.0000,2026-01-20,2026-01-20,2026-01-20,2026-01-30,2026-01-30,2026-01-30,MRP-20251218-00000100,240.0000,,2025-12-19 21:21:17,Zhu Jieqian,YCD2025121600000033,Sample Business Label ae093165,2025-12-18 20:23:17
JHJY-20251218-00035286,795-000133,Sample Business Label 567d223e,Purchased,Production Project Purchase Request,Sample Business Label 14d1364a,600.0000,600.0000,2026-01-20,2026-01-20,2026-01-20,2026-01-30,2026-01-30,2026-01-30,MRP-20251218-00000100,600.0000,,2025-12-19 21:21:17,Zhu Jieqian,YCD2025121600000033,Sample Business Label ae093165,2025-12-18 20:23:17
JHJY-20251218-00035288,795-000133,Sample Business Label 567d223e,Purchased,Production Project Purchase Request,Sample Business Label 14d1364a,320.0000,320.0000,2026-01-20,2026-01-20,2026-01-20,2026-01-30,2026-01-30,2026-01-30,MRP-20251218-00000100,320.0000,,2025-12-19 21:21:17,Zhu Jieqian,YCD2025121600000033,Sample Business Label ae093165,2025-12-18 20:23:17
JHJY-20251218-00035289,795-000133,Sample Business Label 567d223e,Purchased,Production Project Purchase Request,Sample Business Label 14d1364a,80.0000,80.0000,2026-01-20,2026-01-20,2026-01-20,2026-01-30,2026-01-30,2026-01-30,MRP-20251218-00000100,80.0000,,2025-12-19 21:21:17,Zhu Jieqian,YCD2025121600000033,Sample Business Label ae093165,2025-12-18 20:23:17
JHJY-20251218-00035290,795-000133,Sample Business Label 567d223e,Purchased,Production Project Purchase Request,Sample Business Label 14d1364a,480.0000,480.0000,2026-01-20,2026-01-20,2026-01-20,2026-01-30,2026-01-30,2026-01-30,MRP-20251218-00000100,480.0000,,2025-12-19 21:21:17,Zhu Jieqian,YCD2025121600000033,Sample Business Label ae093165,2025-12-18 20:23:17
JHJY-20251218-00035291,795-000133,Sample Business Label 567d223e,Purchased,Production Project Purchase Request,Sample Business Label 14d1364a,12840.0000,12840.0000,2026-02-17,2026-02-17,2026-02-17,2026-02-27,2026-02-27,2026-02-27,MRP-20251218-00000100,12840.0000,,2025-12-19 21:21:17,Zhu Jieqian,YCD2025121600000034,Sample Business Label ae093165,2025-12-18 20:23:17
JHJY-20251218-00035292,795-000133,Sample Business Label 567d223e,Purchased,Production Project Purchase Request,Sample Business Label 14d1364a,1920.0000,1920.0000,2026-02-17,2026-02-17,2026-02-17,2026-02-27,2026-02-27,2026-02-27,MRP-20251218-00000100,1920.0000,,2025-12-19 21:21:17,Zhu Jieqian,YCD2025121600000034,Sample Business Label ae093165,2025-12-18 20:23:17
JHJY-20251218-00035293,795-000133,Sample Business Label 567d223e,Purchased,Production Project Purchase Request,Sample Business Label 14d1364a,480.0000,480.0000,2026-02-17,2026-02-17,2026-02-17,2026-02-27,2026-02-27,2026-02-27,MRP-20251218-00000100,480.0000,,2025-12-19 21:21:17,Zhu Jieqian,YCD2025121600000034,Sample Business Label ae093165,2025-12-18 20:23:17
JHJY-20251218-00035328,165-002976,Sample Business Label 57558a04,Purchased,Production Project Purchase Request,Sample Business Label 14d1364a,80.0000,80.0000,2026-01-09,2026-01-09,2026-01-09,2026-01-30,2026-01-30,2026-01-30,MRP-20251218-00000100,80.0000,,2025-12-18 21:32:27,Zhu Jieqian,YCD2025121600000033,Sample Business Label ae093165,2025-12-18 20:23:17
JHJY-20251218-00035329,165-002976,Sample Business Label 57558a04,Purchased,Production Project Purchase Request,Sample Business Label 14d1364a,1344.0000,1344.0000,2026-02-06,2026-02-06,2026-02-06,2026-02-27,2026-02-27,2026-02-27,MRP-20251218-00000100,1344.0000,,2025-12-18 21:32:27,Zhu Jieqian,YCD2025121600000034,Sample Business Label ae093165,2025-12-18 20:23:17
JHJY-20251218-00035354,838-000294,Sample Business Label 5e5cd7f4,Purchased,Production Project Purchase Request,Sample Business Label 14d1364a,864.0000,864.0000,2025-12-25,2025-12-25,2025-12-25,2026-01-29,2026-01-29,2026-01-29,MRP-20251218-00000100,864.0000,,2025-12-19 21:21:17,Zhu Jieqian,YCD2025121600000033,Sample Business Label ae093165,2025-12-18 20:23:17
JHJY-20251218-00035355,838-000294,Sample Business Label 5e5cd7f4,Purchased,Production Project Purchase Request,Sample Business Label 14d1364a,32.0000,32.0000,2025-12-25,2025-12-25,2025-12-25,2026-01-29,2026-01-29,2026-01-29,MRP-20251218-00000100,32.0000,,2025-12-19 21:21:17,Zhu Jieqian,YCD2025121600000033,Sample Business Label ae093165,2025-12-18 20:23:17
JHJY-20251218-00035356,838-000294,Sample Business Label 5e5cd7f4,Purchased,Production Project Purchase Request,Sample Business Label 14d1364a,8.0000,8.0000,2025-12-25,2025-12-25,2025-12-25,2026-01-29,2026-01-29,2026-01-29,MRP-20251218-00000100,8.0000,,2025-12-19 21:21:17,Zhu Jieqian,YCD2025121600000033,Sample Business Label ae093165,2025-12-18 20:23:17
JHJY-20251218-00035357,838-000294,Sample Business Label 5e5cd7f4,Purchased,Production Project Purchase Request,Sample Business Label 14d1364a,48.0000,48.0000,2025-12-25,2025-12-25,2025-12-25,2026-01-29,2026-01-29,2026-01-29,MRP-20251218-00000100,48.0000,,2025-12-19 21:21:17,Zhu Jieqian,YCD2025121600000033,Sample Business Label ae093165,2025-12-18 20:23:17
JHJY-20251218-00035358,838-000294,Sample Business Label 5e5cd7f4,Purchased,Production Project Purchase Request,Sample Business Label 14d1364a,1284.0000,1284.0000,2026-01-22,2026-01-22,2026-01-22,2026-02-26,2026-02-26,2026-02-26,MRP-20251218-00000100,1284.0000,,2025-12-19 21:21:17,Zhu Jieqian,YCD2025121600000034,Sample Business Label ae093165,2025-12-18 20:23:17
JHJY-20251218-00035362,838-000213,Sample Business Label 9161621f,Purchased,Production Project Purchase Request,Sample Business Label 14d1364a,1211.0000,1211.0000,2025-12-25,2025-12-25,2025-12-25,2026-01-29,2026-01-29,2026-01-29,MRP-20251218-00000100,1211.0000,,2025-12-19 21:21:17,Zhu Jieqian,YCD2025121600000033,Sample Business Label ae093165,2025-12-18 20:23:17
JHJY-20251218-00035364,838-000213,Sample Business Label 9161621f,Purchased,Production Project Purchase Request,Sample Business Label 14d1364a,8.0000,8.0000,2025-12-25,2025-12-25,2025-12-25,2026-01-29,2026-01-29,2026-01-29,MRP-20251218-00000100,8.0000,,2025-12-19 21:21:17,Zhu Jieqian,YCD2025121600000033,Sample Business Label ae093165,2025-12-18 20:23:17
JHJY-20251218-00035363,838-000213,Sample Business Label 9161621f,Purchased,Production Project Purchase Request,Sample Business Label 14d1364a,32.0000,32.0000,2025-12-25,2025-12-25,2025-12-25,2026-01-29,2026-01-29,2026-01-29,MRP-20251218-00000100,32.0000,,2025-12-19 21:21:17,Zhu Jieqian,YCD2025121600000033,Sample Business Label ae093165,2025-12-18 20:23:17
JHJY-20251218-00035366,838-000213,Sample Business Label 9161621f,Purchased,Production Project Purchase Request,Sample Business Label 14d1364a,1284.0000,1284.0000,2026-01-22,2026-01-22,2026-01-22,2026-02-26,2026-02-26,2026-02-26,MRP-20251218-00000100,1284.0000,,2025-12-19 21:21:17,Zhu Jieqian,YCD2025121600000034,Sample Business Label ae093165,2025-12-18 20:23:17
JHJY-20251218-00035365,838-000213,Sample Business Label 9161621f,Purchased,Production Project Purchase Request,Sample Business Label 14d1364a,48.0000,48.0000,2025-12-25,2025-12-25,2025-12-25,2026-01-29,2026-01-29,2026-01-29,MRP-20251218-00000100,48.0000,,2025-12-19 21:21:17,Zhu Jieqian,YCD2025121600000033,Sample Business Label ae093165,2025-12-18 20:23:17
JHJY-20251218-00035385,165-002528,Sample Business Label 78398dc4,Purchased,Production Project Purchase Request,Sample Business Label 14d1364a,334.0000,334.0000,2026-02-25,2026-02-25,2026-02-25,2026-02-26,2026-02-26,2026-02-26,MRP-20251218-00000100,334.0000,,2025-12-19 21:21:17,Zhu Jieqian,YCD2025121600000034,Sample Business Label ae093165,2025-12-18 20:23:17
JHJY-20251218-00035386,165-002117,Sample Business Label 1ffd3660,Purchased,Production Project Purchase Request,Sample Business Label 14d1364a,770.0000,770.0000,2026-02-05,2026-02-05,2026-02-05,2026-02-26,2026-02-26,2026-02-26,MRP-20251218-00000100,770.0000,,2025-12-19 21:21:17,Zhu Jieqian,YCD2025121600000034,Sample Business Label ae093165,2025-12-18 20:23:17
JHJY-20251218-00035407,165-000120,Sample Business Label e5c6b6f7,Purchased,Production Project Purchase Request,Sample Business Label 14d1364a,748.0000,748.0000,2026-01-28,2026-01-28,2026-01-28,2026-02-27,2026-02-27,2026-02-27,MRP-20251218-00000100,748.0000,,2025-12-19 21:21:17,Zhu Jieqian,YCD2025121600000034,Sample Business Label ae093165,2025-12-18 20:23:17
JHJY-20251218-00035408,165-000120,Sample Business Label e5c6b6f7,Purchased,Production Project Purchase Request,Sample Business Label 14d1364a,192.0000,192.0000,2026-01-28,2026-01-28,2026-01-28,2026-02-27,2026-02-27,2026-02-27,MRP-20251218-00000100,192.0000,,2025-12-19 21:21:17,Zhu Jieqian,YCD2025121600000034,Sample Business Label ae093165,2025-12-18 20:23:17
JHJY-20251218-00035409,165-000120,Sample Business Label e5c6b6f7,Purchased,Production Project Purchase Request,Sample Business Label 14d1364a,1429.0000,1429.0000,2026-01-28,2026-01-28,2026-01-28,2026-02-27,2026-02-27,2026-02-27,MRP-20251218-00000100,1429.0000,,2025-12-19 21:21:17,Zhu Jieqian,YCD2025121600000034,Sample Business Label ae093165,2025-12-18 20:23:17
JHJY-20251218-00035410,165-000120,Sample Business Label e5c6b6f7,Purchased,Production Project Purchase Request,Sample Business Label 14d1364a,48.0000,48.0000,2026-01-28,2026-01-28,2026-01-28,2026-02-27,2026-02-27,2026-02-27,MRP-20251218-00000100,48.0000,,2025-12-19 21:21:17,Zhu Jieqian,YCD2025121600000034,Sample Business Label ae093165,2025-12-18 20:23:17
JHJY-20251218-00035415,606-000853,Sample Business Label 7cca7cd3,Purchased,Production Project Purchase Request,Sample Business Label 14d1364a,480.0000,480.0000,2026-01-15,2026-01-15,2026-01-15,2026-01-29,2026-01-29,2026-01-29,MRP-20251218-00000100,480.0000,,2025-12-18 21:32:27,Zhu Jieqian,YCD2025121600000033,Sample Business Label ae093165,2025-12-18 20:23:17
JHJY-20251218-00035416,606-000853,Sample Business Label 7cca7cd3,Purchased,Production Project Purchase Request,Sample Business Label 14d1364a,1344.0000,1344.0000,2026-02-12,2026-02-12,2026-02-12,2026-02-26,2026-02-26,2026-02-26,MRP-20251218-00000100,1344.0000,,2025-12-18 21:32:27,Zhu Jieqian,YCD2025121600000034,Sample Business Label ae093165,2025-12-18 20:23:17
JHJY-20251218-00035431,795-000349,Sample Business Label 6c5be681,Purchased,Production Project Purchase Request,Sample Business Label 14d1364a,557.0000,557.0000,2026-02-11,2026-02-11,2026-02-11,2026-02-26,2026-02-26,2026-02-26,MRP-20251218-00000100,557.0000,,2025-12-19 21:21:17,Zhu Jieqian,YCD2025121600000034,Sample Business Label ae093165,2025-12-18 20:23:17
JHJY-20251218-00035432,795-000349,Sample Business Label 6c5be681,Purchased,Production Project Purchase Request,Sample Business Label 14d1364a,42.0000,42.0000,2026-02-11,2026-02-11,2026-02-11,2026-02-26,2026-02-26,2026-02-26,MRP-20251218-00000100,42.0000,,2025-12-19 21:21:17,Zhu Jieqian,YCD2025121600000034,Sample Business Label ae093165,2025-12-18 20:23:17
JHJY-20251218-00035433,795-000349,Sample Business Label 6c5be681,Purchased,Production Project Purchase Request,Sample Business Label 14d1364a,1284.0000,1284.0000,2026-02-12,2026-02-12,2026-02-12,2026-02-27,2026-02-27,2026-02-27,MRP-20251218-00000100,1284.0000,,2025-12-19 21:21:17,Zhu Jieqian,YCD2025121600000034,Sample Business Label ae093165,2025-12-18 20:23:17
JHJY-20251218-00035434,795-000349,Sample Business Label 6c5be681,Purchased,Production Project Purchase Request,Sample Business Label 14d1364a,192.0000,192.0000,2026-02-12,2026-02-12,2026-02-12,2026-02-27,2026-02-27,2026-02-27,MRP-20251218-00000100,192.0000,,2025-12-19 21:21:17,Zhu Jieqian,YCD2025121600000034,Sample Business Label ae093165,2025-12-18 20:23:17
JHJY-20251218-00035435,795-000349,Sample Business Label 6c5be681,Purchased,Production Project Purchase Request,Sample Business Label 14d1364a,48.0000,48.0000,2026-02-12,2026-02-12,2026-02-12,2026-02-27,2026-02-27,2026-02-27,MRP-20251218-00000100,48.0000,,2025-12-19 21:21:17,Zhu Jieqian,YCD2025121600000034,Sample Business Label ae093165,2025-12-18 20:23:17
JHJY-20251218-00035440,165-000257,Sample Business Label 8e22ee06,Purchased,Production Project Purchase Request,Sample Business Label 14d1364a,2307.0000,2307.0000,2026-01-02,2026-01-02,2026-01-02,2026-01-30,2026-01-30,2026-01-30,MRP-20251218-00000100,2307.0000,,2025-12-19 21:21:17,Zhu Jieqian,YCD2025121600000033,Sample Business Label ae093165,2025-12-18 20:23:17
JHJY-20251218-00035441,165-000257,Sample Business Label 8e22ee06,Purchased,Production Project Purchase Request,Sample Business Label 14d1364a,60.0000,60.0000,2026-01-02,2026-01-02,2026-01-02,2026-01-30,2026-01-30,2026-01-30,MRP-20251218-00000100,60.0000,,2025-12-19 21:21:17,Zhu Jieqian,YCD2025121600000033,Sample Business Label ae093165,2025-12-18 20:23:17
JHJY-20251218-00035442,165-000257,Sample Business Label 8e22ee06,Purchased,Production Project Purchase Request,Sample Business Label 14d1364a,24.0000,24.0000,2026-01-02,2026-01-02,2026-01-02,2026-01-30,2026-01-30,2026-01-30,MRP-20251218-00000100,24.0000,,2025-12-19 21:21:17,Zhu Jieqian,YCD2025121600000033,Sample Business Label ae093165,2025-12-18 20:23:17
JHJY-20251218-00035443,165-000257,Sample Business Label 8e22ee06,Purchased,Production Project Purchase Request,Sample Business Label 14d1364a,48.0000,48.0000,2026-01-02,2026-01-02,2026-01-02,2026-01-30,2026-01-30,2026-01-30,MRP-20251218-00000100,48.0000,,2025-12-19 21:21:17,Zhu Jieqian,YCD2025121600000033,Sample Business Label ae093165,2025-12-18 20:23:17
JHJY-20251218-00035444,165-000257,Sample Business Label 8e22ee06,Purchased,Production Project Purchase Request,Sample Business Label 14d1364a,228.0000,228.0000,2026-01-29,2026-01-29,2026-01-29,2026-02-26,2026-02-26,2026-02-26,MRP-20251218-00000100,228.0000,,2025-12-19 21:21:17,Zhu Jieqian,YCD2025121600000034,Sample Business Label ae093165,2025-12-18 20:23:17
JHJY-20251218-00035446,165-000257,Sample Business Label 8e22ee06,Purchased,Production Project Purchase Request,Sample Business Label 14d1364a,42.0000,42.0000,2026-01-29,2026-01-29,2026-01-29,2026-02-26,2026-02-26,2026-02-26,MRP-20251218-00000100,42.0000,,2025-12-19 21:21:17,Zhu Jieqian,YCD2025121600000034,Sample Business Label ae093165,2025-12-18 20:23:17
JHJY-20251218-00035447,165-000257,Sample Business Label 8e22ee06,Purchased,Production Project Purchase Request,Sample Business Label 14d1364a,1284.0000,1284.0000,2026-01-30,2026-01-30,2026-01-30,2026-02-27,2026-02-27,2026-02-27,MRP-20251218-00000100,1284.0000,,2025-12-19 21:21:17,Zhu Jieqian,YCD2025121600000034,Sample Business Label ae093165,2025-12-18 20:23:17
JHJY-20251218-00035445,165-000257,Sample Business Label 8e22ee06,Purchased,Production Project Purchase Request,Sample Business Label 14d1364a,2047.0000,2047.0000,2026-01-29,2026-01-29,2026-01-29,2026-02-26,2026-02-26,2026-02-26,MRP-20251218-00000100,2047.0000,,2025-12-19 21:21:17,Zhu Jieqian,YCD2025121600000034,Sample Business Label ae093165,2025-12-18 20:23:17
JHJY-20251218-00035449,165-000257,Sample Business Label 8e22ee06,Purchased,Production Project Purchase Request,Sample Business Label 14d1364a,48.0000,48.0000,2026-01-30,2026-01-30,2026-01-30,2026-02-27,2026-02-27,2026-02-27,MRP-20251218-00000100,48.0000,,2025-12-19 21:21:17,Zhu Jieqian,YCD2025121600000034,Sample Business Label ae093165,2025-12-18 20:23:17
JHJY-20251218-00035448,165-000257,Sample Business Label 8e22ee06,Purchased,Production Project Purchase Request,Sample Business Label 14d1364a,192.0000,192.0000,2026-01-30,2026-01-30,2026-01-30,2026-02-27,2026-02-27,2026-02-27,MRP-20251218-00000100,192.0000,,2025-12-19 21:21:17,Zhu Jieqian,YCD2025121600000034,Sample Business Label ae093165,2025-12-18 20:23:17
JHJY-20251218-00035468,795-000865,Sample Business Label b87f5582,Purchased,Production Project Purchase Request,Sample Business Label 14d1364a,71.0000,71.0000,2025-12-19,2025-12-19,2025-12-19,2025-12-29,2025-12-29,2025-12-29,MRP-20251218-00000100,71.0000,,2025-12-19 21:21:17,Zhu Jieqian,YCD2025120300000014,Sample Business Label ae093165,2025-12-18 20:23:17
JHJY-20251218-00035469,795-000865,Sample Business Label b87f5582,Purchased,Production Project Purchase Request,Sample Business Label 14d1364a,1675.0000,1675.0000,2026-01-19,2026-01-19,2026-01-19,2026-01-29,2026-01-29,2026-01-29,MRP-20251218-00000100,1675.0000,,2025-12-19 21:21:17,Zhu Jieqian,YCD2025121600000033,Sample Business Label ae093165,2025-12-18 20:23:17
JHJY-20251218-00035470,795-000865,Sample Business Label b87f5582,Purchased,Production Project Purchase Request,Sample Business Label 14d1364a,144.0000,144.0000,2026-01-19,2026-01-19,2026-01-19,2026-01-29,2026-01-29,2026-01-29,MRP-20251218-00000100,144.0000,,2025-12-19 21:21:17,Zhu Jieqian,YCD2025121600000033,Sample Business Label ae093165,2025-12-18 20:23:17
JHJY-20251218-00035471,795-000865,Sample Business Label b87f5582,Purchased,Production Project Purchase Request,Sample Business Label 14d1364a,480.0000,480.0000,2026-01-19,2026-01-19,2026-01-19,2026-01-29,2026-01-29,2026-01-29,MRP-20251218-00000100,480.0000,,2025-12-19 21:21:17,Zhu Jieqian,YCD2025121600000033,Sample Business Label ae093165,2025-12-18 20:23:17
JHJY-20251218-00035472,795-000865,Sample Business Label b87f5582,Purchased,Production Project Purchase Request,Sample Business Label 14d1364a,70.0000,70.0000,2026-01-19,2026-01-19,2026-01-19,2026-01-29,2026-01-29,2026-01-29,MRP-20251218-00000100,70.0000,,2025-12-19 21:21:17,Zhu Jieqian,YCD2025121600000033,Sample Business Label ae093165,2025-12-18 20:23:17
JHJY-20251218-00035473,795-000865,Sample Business Label b87f5582,Purchased,Production Project Purchase Request,Sample Business Label 14d1364a,228.0000,228.0000,2026-02-16,2026-02-16,2026-02-16,2026-02-26,2026-02-26,2026-02-26,MRP-20251218-00000100,228.0000,,2025-12-19 21:21:17,Zhu Jieqian,YCD2025121600000034,Sample Business Label ae093165,2025-12-18 20:23:17
JHJY-20251218-00035474,795-000865,Sample Business Label b87f5582,Purchased,Production Project Purchase Request,Sample Business Label 14d1364a,2047.0000,2047.0000,2026-02-16,2026-02-16,2026-02-16,2026-02-26,2026-02-26,2026-02-26,MRP-20251218-00000100,2047.0000,,2025-12-19 21:21:17,Zhu Jieqian,YCD2025121600000034,Sample Business Label ae093165,2025-12-18 20:23:17
JHJY-20251218-00035475,795-000865,Sample Business Label b87f5582,Purchased,Production Project Purchase Request,Sample Business Label 14d1364a,1344.0000,1344.0000,2026-02-16,2026-02-16,2026-02-16,2026-02-26,2026-02-26,2026-02-26,MRP-20251218-00000100,1344.0000,,2025-12-19 21:21:17,Zhu Jieqian,YCD2025121600000034,Sample Business Label ae093165,2025-12-18 20:23:17
JHJY-20251218-00035476,795-000865,Sample Business Label b87f5582,Purchased,Production Project Purchase Request,Sample Business Label 14d1364a,42.0000,42.0000,2026-02-16,2026-02-16,2026-02-16,2026-02-26,2026-02-26,2026-02-26,MRP-20251218-00000100,42.0000,,2025-12-19 21:21:17,Zhu Jieqian,YCD2025121600000034,Sample Business Label ae093165,2025-12-18 20:23:17
JHJY-20251218-00035480,795-000302,Sample Business Label 053827ce,Purchased,Production Project Purchase Request,Sample Business Label 14d1364a,1974.0000,1974.0000,2026-01-16,2026-01-16,2026-01-16,2026-01-30,2026-01-30,2026-01-30,MRP-20251218-00000100,1974.0000,,2025-12-19 21:21:17,Zhu Jieqian,YCD2025121600000033,Sample Business Label ae093165,2025-12-18 20:23:17
JHJY-20251218-00035481,795-000302,Sample Business Label 053827ce,Purchased,Production Project Purchase Request,Sample Business Label 14d1364a,60.0000,60.0000,2026-01-16,2026-01-16,2026-01-16,2026-01-30,2026-01-30,2026-01-30,MRP-20251218-00000100,60.0000,,2025-12-19 21:21:17,Zhu Jieqian,YCD2025121600000033,Sample Business Label ae093165,2025-12-18 20:23:17
JHJY-20251218-00035482,795-000302,Sample Business Label 053827ce,Purchased,Production Project Purchase Request,Sample Business Label 14d1364a,24.0000,24.0000,2026-01-16,2026-01-16,2026-01-16,2026-01-30,2026-01-30,2026-01-30,MRP-20251218-00000100,24.0000,,2025-12-19 21:21:17,Zhu Jieqian,YCD2025121600000033,Sample Business Label ae093165,2025-12-18 20:23:17
JHJY-20251218-00035483,795-000302,Sample Business Label 053827ce,Purchased,Production Project Purchase Request,Sample Business Label 14d1364a,48.0000,48.0000,2026-01-16,2026-01-16,2026-01-16,2026-01-30,2026-01-30,2026-01-30,MRP-20251218-00000100,48.0000,,2025-12-19 21:21:17,Zhu Jieqian,YCD2025121600000033,Sample Business Label ae093165,2025-12-18 20:23:17
JHJY-20251218-00035484,795-000302,Sample Business Label 053827ce,Purchased,Production Project Purchase Request,Sample Business Label 14d1364a,1344.0000,1344.0000,2026-02-12,2026-02-12,2026-02-12,2026-02-26,2026-02-26,2026-02-26,MRP-20251218-00000100,1344.0000,,2025-12-19 21:21:17,Zhu Jieqian,YCD2025121600000034,Sample Business Label ae093165,2025-12-18 20:23:17
JHJY-20251218-00035486,795-000302,Sample Business Label 053827ce,Purchased,Production Project Purchase Request,Sample Business Label 14d1364a,1284.0000,1284.0000,2026-02-13,2026-02-13,2026-02-13,2026-02-27,2026-02-27,2026-02-27,MRP-20251218-00000100,1284.0000,,2025-12-19 21:21:17,Zhu Jieqian,YCD2025121600000034,Sample Business Label ae093165,2025-12-18 20:23:17
JHJY-20251218-00035487,795-000302,Sample Business Label 053827ce,Purchased,Production Project Purchase Request,Sample Business Label 14d1364a,192.0000,192.0000,2026-02-13,2026-02-13,2026-02-13,2026-02-27,2026-02-27,2026-02-27,MRP-20251218-00000100,192.0000,,2025-12-19 21:21:17,Zhu Jieqian,YCD2025121600000034,Sample Business Label ae093165,2025-12-18 20:23:17
JHJY-20251218-00035485,795-000302,Sample Business Label 053827ce,Purchased,Production Project Purchase Request,Sample Business Label 14d1364a,120.0000,120.0000,2026-02-13,2026-02-13,2026-02-13,2026-02-27,2026-02-27,2026-02-27,MRP-20251218-00000100,120.0000,,2025-12-19 21:21:17,Zhu Jieqian,YCD2025121600000034,Sample Business Label ae093165,2025-12-18 20:23:17
JHJY-20251218-00035488,795-000302,Sample Business Label 053827ce,Purchased,Production Project Purchase Request,Sample Business Label 14d1364a,48.0000,48.0000,2026-02-13,2026-02-13,2026-02-13,2026-02-27,2026-02-27,2026-02-27,MRP-20251218-00000100,48.0000,,2025-12-19 21:21:17,Zhu Jieqian,YCD2025121600000034,Sample Business Label ae093165,2025-12-18 20:23:17
JHJY-20251218-00035494,795-000728,Sample Business Label ceff8842,Purchased,Production Project Purchase Request,Sample Business Label 14d1364a,275.0000,275.0000,2025-12-18,2025-12-18,2025-12-18,2025-12-29,2025-12-29,2025-12-29,MRP-20251218-00000100,275.0000,,2025-12-19 21:21:17,Zhu Jieqian,YCD2025120300000014,Sample Business Label ae093165,2025-12-18 20:23:17
JHJY-20251218-00035495,795-000728,Sample Business Label ceff8842,Purchased,Production Project Purchase Request,Sample Business Label 14d1364a,1675.0000,1675.0000,2025-12-30,2025-12-30,2025-12-30,2026-01-29,2026-01-29,2026-01-29,MRP-20251218-00000100,1675.0000,,2025-12-19 21:21:17,Zhu Jieqian,YCD2025121600000033,Sample Business Label ae093165,2025-12-18 20:23:17
JHJY-20251218-00035496,795-000728,Sample Business Label ceff8842,Purchased,Production Project Purchase Request,Sample Business Label 14d1364a,144.0000,144.0000,2025-12-30,2025-12-30,2025-12-30,2026-01-29,2026-01-29,2026-01-29,MRP-20251218-00000100,144.0000,,2025-12-19 21:21:17,Zhu Jieqian,YCD2025121600000033,Sample Business Label ae093165,2025-12-18 20:23:17
JHJY-20251218-00035497,795-000728,Sample Business Label ceff8842,Purchased,Production Project Purchase Request,Sample Business Label 14d1364a,480.0000,480.0000,2025-12-30,2025-12-30,2025-12-30,2026-01-29,2026-01-29,2026-01-29,MRP-20251218-00000100,480.0000,,2025-12-19 21:21:17,Zhu Jieqian,YCD2025121600000033,Sample Business Label ae093165,2025-12-18 20:23:17
JHJY-20251218-00035498,795-000728,Sample Business Label ceff8842,Purchased,Production Project Purchase Request,Sample Business Label 14d1364a,70.0000,70.0000,2025-12-30,2025-12-30,2025-12-30,2026-01-29,2026-01-29,2026-01-29,MRP-20251218-00000100,70.0000,,2025-12-19 21:21:17,Zhu Jieqian,YCD2025121600000033,Sample Business Label ae093165,2025-12-18 20:23:17
JHJY-20251218-00035499,795-000728,Sample Business Label ceff8842,Purchased,Production Project Purchase Request,Sample Business Label 14d1364a,60.0000,60.0000,2025-12-31,2025-12-31,2025-12-31,2026-01-30,2026-01-30,2026-01-30,MRP-20251218-00000100,60.0000,,2025-12-19 21:21:17,Zhu Jieqian,YCD2025121600000033,Sample Business Label ae093165,2025-12-18 20:23:17
JHJY-20251218-00035501,795-000728,Sample Business Label ceff8842,Purchased,Production Project Purchase Request,Sample Business Label 14d1364a,60.0000,60.0000,2025-12-31,2025-12-31,2025-12-31,2026-01-30,2026-01-30,2026-01-30,MRP-20251218-00000100,60.0000,,2025-12-19 21:21:17,Zhu Jieqian,YCD2025121600000033,Sample Business Label ae093165,2025-12-18 20:23:17
JHJY-20251218-00035500,795-000728,Sample Business Label ceff8842,Purchased,Production Project Purchase Request,Sample Business Label 14d1364a,2400.0000,2400.0000,2025-12-31,2025-12-31,2025-12-31,2026-01-30,2026-01-30,2026-01-30,MRP-20251218-00000100,2400.0000,,2025-12-19 21:21:17,Zhu Jieqian,YCD2025121600000033,Sample Business Label ae093165,2025-12-18 20:23:17
JHJY-20251218-00035502,795-000728,Sample Business Label ceff8842,Purchased,Production Project Purchase Request,Sample Business Label 14d1364a,24.0000,24.0000,2025-12-31,2025-12-31,2025-12-31,2026-01-30,2026-01-30,2026-01-30,MRP-20251218-00000100,24.0000,,2025-12-19 21:21:17,Zhu Jieqian,YCD2025121600000033,Sample Business Label ae093165,2025-12-18 20:23:17
JHJY-20251218-00035503,795-000728,Sample Business Label ceff8842,Purchased,Production Project Purchase Request,Sample Business Label 14d1364a,48.0000,48.0000,2025-12-31,2025-12-31,2025-12-31,2026-01-30,2026-01-30,2026-01-30,MRP-20251218-00000100,48.0000,,2025-12-19 21:21:17,Zhu Jieqian,YCD2025121600000033,Sample Business Label ae093165,2025-12-18 20:23:17
JHJY-20251218-00035504,795-000728,Sample Business Label ceff8842,Purchased,Production Project Purchase Request,Sample Business Label 14d1364a,228.0000,228.0000,2026-01-27,2026-01-27,2026-01-27,2026-02-26,2026-02-26,2026-02-26,MRP-20251218-00000100,228.0000,,2025-12-19 21:21:17,Zhu Jieqian,YCD2025121600000034,Sample Business Label ae093165,2025-12-18 20:23:17
JHJY-20251218-00035505,795-000728,Sample Business Label ceff8842,Purchased,Production Project Purchase Request,Sample Business Label 14d1364a,2047.0000,2047.0000,2026-01-27,2026-01-27,2026-01-27,2026-02-26,2026-02-26,2026-02-26,MRP-20251218-00000100,2047.0000,,2025-12-19 21:21:17,Zhu Jieqian,YCD2025121600000034,Sample Business Label ae093165,2025-12-18 20:23:17
JHJY-20251218-00035506,795-000728,Sample Business Label ceff8842,Purchased,Production Project Purchase Request,Sample Business Label 14d1364a,1344.0000,1344.0000,2026-01-27,2026-01-27,2026-01-27,2026-02-26,2026-02-26,2026-02-26,MRP-20251218-00000100,1344.0000,,2025-12-19 21:21:17,Zhu Jieqian,YCD2025121600000034,Sample Business Label ae093165,2025-12-18 20:23:17
JHJY-20251218-00035507,795-000728,Sample Business Label ceff8842,Purchased,Production Project Purchase Request,Sample Business Label 14d1364a,42.0000,42.0000,2026-01-27,2026-01-27,2026-01-27,2026-02-26,2026-02-26,2026-02-26,MRP-20251218-00000100,42.0000,,2025-12-19 21:21:17,Zhu Jieqian,YCD2025121600000034,Sample Business Label ae093165,2025-12-18 20:23:17
JHJY-20251218-00035511,795-000728,Sample Business Label ceff8842,Purchased,Production Project Purchase Request,Sample Business Label 14d1364a,48.0000,48.0000,2026-01-28,2026-01-28,2026-01-28,2026-02-27,2026-02-27,2026-02-27,MRP-20251218-00000100,48.0000,,2025-12-19 21:21:17,Zhu Jieqian,YCD2025121600000034,Sample Business Label ae093165,2025-12-18 20:23:17
JHJY-20251218-00035508,795-000728,Sample Business Label ceff8842,Purchased,Production Project Purchase Request,Sample Business Label 14d1364a,120.0000,120.0000,2026-01-28,2026-01-28,2026-01-28,2026-02-27,2026-02-27,2026-02-27,MRP-20251218-00000100,120.0000,,2025-12-19 21:21:17,Zhu Jieqian,YCD2025121600000034,Sample Business Label ae093165,2025-12-18 20:23:17
JHJY-20251218-00035509,795-000728,Sample Business Label ceff8842,Purchased,Production Project Purchase Request,Sample Business Label 14d1364a,1284.0000,1284.0000,2026-01-28,2026-01-28,2026-01-28,2026-02-27,2026-02-27,2026-02-27,MRP-20251218-00000100,1284.0000,,2025-12-19 21:21:17,Zhu Jieqian,YCD2025121600000034,Sample Business Label ae093165,2025-12-18 20:23:17
JHJY-20251218-00035510,795-000728,Sample Business Label ceff8842,Purchased,Production Project Purchase Request,Sample Business Label 14d1364a,192.0000,192.0000,2026-01-28,2026-01-28,2026-01-28,2026-02-27,2026-02-27,2026-02-27,MRP-20251218-00000100,192.0000,,2025-12-19 21:21:17,Zhu Jieqian,YCD2025121600000034,Sample Business Label ae093165,2025-12-18 20:23:17
JHJY-20251218-00035512,606-000852,Sample Business Label 0b52e059,Purchased,Production Project Purchase Request,Sample Business Label 14d1364a,480.0000,480.0000,2026-01-15,2026-01-15,2026-01-15,2026-01-29,2026-01-29,2026-01-29,MRP-20251218-00000100,480.0000,,2025-12-18 21:32:27,Zhu Jieqian,YCD2025121600000033,Sample Business Label ae093165,2025-12-18 20:23:17
JHJY-20251218-00035513,606-000852,Sample Business Label 0b52e059,Purchased,Production Project Purchase Request,Sample Business Label 14d1364a,1344.0000,1344.0000,2026-02-12,2026-02-12,2026-02-12,2026-02-26,2026-02-26,2026-02-26,MRP-20251218-00000100,1344.0000,,2025-12-18 21:32:27,Zhu Jieqian,YCD2025121600000034,Sample Business Label ae093165,2025-12-18 20:23:17
JHJY-20251218-00035514,849-001021,Sample Business Label 9c4fb4e8,Purchased,Production Project Purchase Request,Sample Business Label 14d1364a,865.0000,865.0000,2026-02-12,2026-02-12,2026-02-12,2026-02-26,2026-02-26,2026-02-26,MRP-20251218-00000100,865.0000,,2025-12-19 21:21:17,Zhu Jieqian,YCD2025121600000034,Sample Business Label ae093165,2025-12-18 20:23:17
JHJY-20251218-00035515,849-001021,Sample Business Label 9c4fb4e8,Purchased,Production Project Purchase Request,Sample Business Label 14d1364a,168.0000,168.0000,2026-02-12,2026-02-12,2026-02-12,2026-02-26,2026-02-26,2026-02-26,MRP-20251218-00000100,168.0000,,2025-12-19 21:21:17,Zhu Jieqian,YCD2025121600000034,Sample Business Label ae093165,2025-12-18 20:23:17
JHJY-20251218-00035516,849-001021,Sample Business Label 9c4fb4e8,Purchased,Production Project Purchase Request,Sample Business Label 14d1364a,912.0000,912.0000,2026-02-12,2026-02-12,2026-02-12,2026-02-26,2026-02-26,2026-02-26,MRP-20251218-00000100,912.0000,,2025-12-19 21:21:17,Zhu Jieqian,YCD2025121600000034,Sample Business Label ae093165,2025-12-18 20:23:17
JHJY-20251218-00035517,849-001021,Sample Business Label 9c4fb4e8,Purchased,Production Project Purchase Request,Sample Business Label 14d1364a,5376.0000,5376.0000,2026-02-13,2026-02-13,2026-02-13,2026-02-27,2026-02-27,2026-02-27,MRP-20251218-00000100,5376.0000,,2025-12-19 21:21:17,Zhu Jieqian,YCD2025121600000034,Sample Business Label ae093165,2025-12-18 20:23:17
JHJY-20251218-00035518,795-000303,Sample Business Label 38e5e276,Purchased,Production Project Purchase Request,Sample Business Label 14d1364a,576.0000,576.0000,2026-02-11,2026-02-11,2026-02-11,2026-02-26,2026-02-26,2026-02-26,MRP-20251218-00000100,576.0000,,2025-12-19 21:21:17,Zhu Jieqian,YCD2025121600000034,Sample Business Label ae093165,2025-12-18 20:23:17
JHJY-20251218-00035519,795-000303,Sample Business Label 38e5e276,Purchased,Production Project Purchase Request,Sample Business Label 14d1364a,42.0000,42.0000,2026-02-11,2026-02-11,2026-02-11,2026-02-26,2026-02-26,2026-02-26,MRP-20251218-00000100,42.0000,,2025-12-19 21:21:17,Zhu Jieqian,YCD2025121600000034,Sample Business Label ae093165,2025-12-18 20:23:17
JHJY-20251218-00035520,795-000303,Sample Business Label 38e5e276,Purchased,Production Project Purchase Request,Sample Business Label 14d1364a,120.0000,120.0000,2026-02-12,2026-02-12,2026-02-12,2026-02-27,2026-02-27,2026-02-27,MRP-20251218-00000100,120.0000,,2025-12-19 21:21:17,Zhu Jieqian,YCD2025121600000034,Sample Business Label ae093165,2025-12-18 20:23:17
JHJY-20251218-00035521,795-000303,Sample Business Label 38e5e276,Purchased,Production Project Purchase Request,Sample Business Label 14d1364a,1284.0000,1284.0000,2026-02-12,2026-02-12,2026-02-12,2026-02-27,2026-02-27,2026-02-27,MRP-20251218-00000100,1284.0000,,2025-12-19 21:21:17,Zhu Jieqian,YCD2025121600000034,Sample Business Label ae093165,2025-12-18 20:23:17
JHJY-20251218-00035522,795-000303,Sample Business Label 38e5e276,Purchased,Production Project Purchase Request,Sample Business Label 14d1364a,192.0000,192.0000,2026-02-12,2026-02-12,2026-02-12,2026-02-27,2026-02-27,2026-02-27,MRP-20251218-00000100,192.0000,,2025-12-19 21:21:17,Zhu Jieqian,YCD2025121600000034,Sample Business Label ae093165,2025-12-18 20:23:17
JHJY-20251218-00035523,795-000303,Sample Business Label 38e5e276,Purchased,Production Project Purchase Request,Sample Business Label 14d1364a,48.0000,48.0000,2026-02-12,2026-02-12,2026-02-12,2026-02-27,2026-02-27,2026-02-27,MRP-20251218-00000100,48.0000,,2025-12-19 21:21:17,Zhu Jieqian,YCD2025121600000034,Sample Business Label ae093165,2025-12-18 20:23:17
JHJY-20251218-00035542,165-000298,Sample Business Label 48c032b9,Purchased,Production Project Purchase Request,Sample Business Label 14d1364a,1091.0000,1091.0000,2026-02-17,2026-02-17,2026-02-17,2026-02-27,2026-02-27,2026-02-27,MRP-20251218-00000100,1091.0000,,2025-12-19 21:21:17,Zhu Jieqian,YCD2025121600000034,Sample Business Label ae093165,2025-12-18 20:23:17
JHJY-20251218-00035543,165-000298,Sample Business Label 48c032b9,Purchased,Production Project Purchase Request,Sample Business Label 14d1364a,42.0000,42.0000,2026-02-17,2026-02-17,2026-02-17,2026-02-27,2026-02-27,2026-02-27,MRP-20251218-00000100,42.0000,,2025-12-19 21:21:17,Zhu Jieqian,YCD2025121600000034,Sample Business Label ae093165,2025-12-18 20:23:17
JHJY-20251218-00035550,849-000458,Sample Business Label 6621c6e4,Purchased,Production Project Purchase Request,Sample Business Label 14d1364a,40.0000,40.0000,2025-12-18,2025-12-18,2025-12-18,2025-12-18,2025-12-18,2025-12-18,MRP-20251218-00000100,40.0000,,2025-12-19 21:21:17,Zhu Jieqian,YCD2025120300000014,Sample Business Label ae093165,2025-12-18 20:23:17
JHJY-20251218-00035552,849-000458,Sample Business Label 6621c6e4,Purchased,Production Project Purchase Request,Sample Business Label 14d1364a,800.0000,800.0000,2025-12-18,2025-12-18,2025-12-18,2025-12-29,2025-12-29,2025-12-29,MRP-20251218-00000100,800.0000,,2025-12-19 21:21:17,Zhu Jieqian,YCD2025120300000014,Sample Business Label ae093165,2025-12-18 20:23:17
JHJY-20251218-00035551,849-000458,Sample Business Label 6621c6e4,Purchased,Production Project Purchase Request,Sample Business Label 14d1364a,176.0000,176.0000,2025-12-18,2025-12-18,2025-12-18,2025-12-18,2025-12-18,2025-12-18,MRP-20251218-00000100,176.0000,,2025-12-19 21:21:17,Zhu Jieqian,YCD2025120300000014,Sample Business Label ae093165,2025-12-18 20:23:17
JHJY-20251218-00035553,849-000458,Sample Business Label 6621c6e4,Purchased,Production Project Purchase Request,Sample Business Label 14d1364a,480.0000,480.0000,2026-01-15,2026-01-15,2026-01-15,2026-01-30,2026-01-30,2026-01-30,MRP-20251218-00000100,480.0000,,2025-12-19 21:21:17,Zhu Jieqian,YCD2025121600000033,Sample Business Label ae093165,2025-12-18 20:23:17
JHJY-20251218-00035554,849-000458,Sample Business Label 6621c6e4,Purchased,Production Project Purchase Request,Sample Business Label 14d1364a,9600.0000,9600.0000,2026-01-15,2026-01-15,2026-01-15,2026-01-30,2026-01-30,2026-01-30,MRP-20251218-00000100,9600.0000,,2025-12-19 21:21:17,Zhu Jieqian,YCD2025121600000033,Sample Business Label ae093165,2025-12-18 20:23:17
JHJY-20251218-00035555,849-000458,Sample Business Label 6621c6e4,Purchased,Production Project Purchase Request,Sample Business Label 14d1364a,240.0000,240.0000,2026-01-15,2026-01-15,2026-01-15,2026-01-30,2026-01-30,2026-01-30,MRP-20251218-00000100,240.0000,,2025-12-19 21:21:17,Zhu Jieqian,YCD2025121600000033,Sample Business Label ae093165,2025-12-18 20:23:17
JHJY-20251218-00035557,849-000458,Sample Business Label 6621c6e4,Purchased,Production Project Purchase Request,Sample Business Label 14d1364a,32.0000,32.0000,2026-01-15,2026-01-15,2026-01-15,2026-01-30,2026-01-30,2026-01-30,MRP-20251218-00000100,32.0000,,2025-12-19 21:21:17,Zhu Jieqian,YCD2025121600000033,Sample Business Label ae093165,2025-12-18 20:23:17
JHJY-20251218-00035556,849-000458,Sample Business Label 6621c6e4,Purchased,Production Project Purchase Request,Sample Business Label 14d1364a,96.0000,96.0000,2026-01-15,2026-01-15,2026-01-15,2026-01-30,2026-01-30,2026-01-30,MRP-20251218-00000100,96.0000,,2025-12-19 21:21:17,Zhu Jieqian,YCD2025121600000033,Sample Business Label ae093165,2025-12-18 20:23:17
JHJY-20251218-00035558,849-000458,Sample Business Label 6621c6e4,Purchased,Production Project Purchase Request,Sample Business Label 14d1364a,192.0000,192.0000,2026-01-15,2026-01-15,2026-01-15,2026-01-30,2026-01-30,2026-01-30,MRP-20251218-00000100,192.0000,,2025-12-19 21:21:17,Zhu Jieqian,YCD2025121600000033,Sample Business Label ae093165,2025-12-18 20:23:17
JHJY-20251218-00035559,849-000458,Sample Business Label 6621c6e4,Purchased,Production Project Purchase Request,Sample Business Label 14d1364a,960.0000,960.0000,2026-02-12,2026-02-12,2026-02-12,2026-02-27,2026-02-27,2026-02-27,MRP-20251218-00000100,960.0000,,2025-12-19 21:21:17,Zhu Jieqian,YCD2025121600000034,Sample Business Label ae093165,2025-12-18 20:23:17
JHJY-20251218-00035561,849-000458,Sample Business Label 6621c6e4,Purchased,Production Project Purchase Request,Sample Business Label 14d1364a,768.0000,768.0000,2026-02-12,2026-02-12,2026-02-12,2026-02-27,2026-02-27,2026-02-27,MRP-20251218-00000100,768.0000,,2025-12-19 21:21:17,Zhu Jieqian,YCD2025121600000034,Sample Business Label ae093165,2025-12-18 20:23:17
JHJY-20251218-00035560,849-000458,Sample Business Label 6621c6e4,Purchased,Production Project Purchase Request,Sample Business Label 14d1364a,5136.0000,5136.0000,2026-02-12,2026-02-12,2026-02-12,2026-02-27,2026-02-27,2026-02-27,MRP-20251218-00000100,5136.0000,,2025-12-19 21:21:17,Zhu Jieqian,YCD2025121600000034,Sample Business Label ae093165,2025-12-18 20:23:17
JHJY-20251218-00035562,849-000458,Sample Business Label 6621c6e4,Purchased,Production Project Purchase Request,Sample Business Label 14d1364a,192.0000,192.0000,2026-02-12,2026-02-12,2026-02-12,2026-02-27,2026-02-27,2026-02-27,MRP-20251218-00000100,192.0000,,2025-12-19 21:21:17,Zhu Jieqian,YCD2025121600000034,Sample Business Label ae093165,2025-12-18 20:23:17
JHJY-20251218-00035571,165-002405,Sample Business Label e66286ee,Purchased,Production Project Purchase Request,Sample Business Label 14d1364a,949.0000,949.0000,2026-02-12,2026-02-12,2026-02-12,2026-02-26,2026-02-26,2026-02-26,MRP-20251218-00000100,949.0000,,2025-12-19 21:21:17,Zhu Jieqian,YCD2025121600000034,Sample Business Label ae093165,2025-12-18 20:23:17
JHJY-20251218-00035572,165-002405,Sample Business Label e66286ee,Purchased,Production Project Purchase Request,Sample Business Label 14d1364a,1429.0000,1429.0000,2026-02-12,2026-02-12,2026-02-12,2026-02-26,2026-02-26,2026-02-26,MRP-20251218-00000100,1429.0000,,2025-12-19 21:21:17,Zhu Jieqian,YCD2025121600000034,Sample Business Label ae093165,2025-12-18 20:23:17
JHJY-20251218-00035681,994-000606,Sample Business Label 2e9a4b26,Purchased,Production Project Purchase Request,Sample Business Label 14d1364a,1973.0000,1973.0000,2026-01-21,2026-01-21,2026-01-21,2026-02-25,2026-02-25,2026-02-25,MRP-20251218-00000100,1973.0000,,2025-12-19 21:21:17,Zhu Jieqian,YCD2025121600000034,Sample Business Label ae093165,2025-12-18 20:23:17
JHJY-20251218-00035682,994-000606,Sample Business Label 2e9a4b26,Purchased,Production Project Purchase Request,Sample Business Label 14d1364a,42.0000,42.0000,2026-01-21,2026-01-21,2026-01-21,2026-02-25,2026-02-25,2026-02-25,MRP-20251218-00000100,42.0000,,2025-12-19 21:21:17,Zhu Jieqian,YCD2025121600000034,Sample Business Label ae093165,2025-12-18 20:23:17
JHJY-20251218-00035684,994-000606,Sample Business Label 2e9a4b26,Purchased,Production Project Purchase Request,Sample Business Label 14d1364a,1344.0000,1344.0000,2026-01-22,2026-01-22,2026-01-22,2026-02-26,2026-02-26,2026-02-26,MRP-20251218-00000100,1344.0000,,2025-12-19 21:21:17,Zhu Jieqian,YCD2025121600000034,Sample Business Label ae093165,2025-12-18 20:23:17
JHJY-20251218-00035683,994-000606,Sample Business Label 2e9a4b26,Purchased,Production Project Purchase Request,Sample Business Label 14d1364a,228.0000,228.0000,2026-01-21,2026-01-21,2026-01-21,2026-02-25,2026-02-25,2026-02-25,MRP-20251218-00000100,228.0000,,2025-12-19 21:21:17,Zhu Jieqian,YCD2025121600000034,Sample Business Label ae093165,2025-12-18 20:23:17
JHJY-20251218-00035690,165-001226,Sample Business Label 2a81fe88,Purchased,Production Project Purchase Request,Sample Business Label 14d1364a,2811.0000,2811.0000,2026-01-15,2026-01-15,2026-01-15,2026-01-29,2026-01-29,2026-01-29,MRP-20251218-00000100,2811.0000,,2025-12-19 21:21:17,Zhu Jieqian,YCD2025121600000033,Sample Business Label ae093165,2025-12-18 20:23:17
JHJY-20251218-00035691,165-001226,Sample Business Label 2a81fe88,Purchased,Production Project Purchase Request,Sample Business Label 14d1364a,12.0000,12.0000,2026-01-15,2026-01-15,2026-01-15,2026-01-29,2026-01-29,2026-01-29,MRP-20251218-00000100,12.0000,,2025-12-19 21:21:17,Zhu Jieqian,YCD2025121600000033,Sample Business Label ae093165,2025-12-18 20:23:17
JHJY-20251218-00035692,165-001226,Sample Business Label 2a81fe88,Purchased,Production Project Purchase Request,Sample Business Label 14d1364a,96.0000,96.0000,2026-01-15,2026-01-15,2026-01-15,2026-01-29,2026-01-29,2026-01-29,MRP-20251218-00000100,96.0000,,2025-12-19 21:21:17,Zhu Jieqian,YCD2025121600000033,Sample Business Label ae093165,2025-12-18 20:23:17
JHJY-20251218-00035693,165-001226,Sample Business Label 2a81fe88,Purchased,Production Project Purchase Request,Sample Business Label 14d1364a,96.0000,96.0000,2026-02-12,2026-02-12,2026-02-12,2026-02-26,2026-02-26,2026-02-26,MRP-20251218-00000100,96.0000,,2025-12-19 21:21:17,Zhu Jieqian,YCD2025121600000034,Sample Business Label ae093165,2025-12-18 20:23:17
JHJY-20251218-00035694,165-001226,Sample Business Label 2a81fe88,Purchased,Production Project Purchase Request,Sample Business Label 14d1364a,2568.0000,2568.0000,2026-02-12,2026-02-12,2026-02-12,2026-02-26,2026-02-26,2026-02-26,MRP-20251218-00000100,2568.0000,,2025-12-19 21:21:17,Zhu Jieqian,YCD2025121600000034,Sample Business Label ae093165,2025-12-18 20:23:17
JHJY-20251218-00035695,165-001226,Sample Business Label 2a81fe88,Purchased,Production Project Purchase Request,Sample Business Label 14d1364a,384.0000,384.0000,2026-02-12,2026-02-12,2026-02-12,2026-02-26,2026-02-26,2026-02-26,MRP-20251218-00000100,384.0000,,2025-12-19 21:21:17,Zhu Jieqian,YCD2025121600000034,Sample Business Label ae093165,2025-12-18 20:23:17
JHJY-20251218-00035707,165-002646,Sample Business Label dfdf013b,Purchased,Production Project Purchase Request,Sample Business Label 14d1364a,1965.0000,1965.0000,2026-02-04,2026-02-04,2026-02-04,2026-02-25,2026-02-25,2026-02-25,MRP-20251218-00000100,1965.0000,,2025-12-19 21:21:17,Zhu Jieqian,YCD2025121600000034,Sample Business Label ae093165,2025-12-18 20:23:17
JHJY-20251218-00035708,165-002646,Sample Business Label dfdf013b,Purchased,Production Project Purchase Request,Sample Business Label 14d1364a,42.0000,42.0000,2026-02-04,2026-02-04,2026-02-04,2026-02-25,2026-02-25,2026-02-25,MRP-20251218-00000100,42.0000,,2025-12-19 21:21:17,Zhu Jieqian,YCD2025121600000034,Sample Business Label ae093165,2025-12-18 20:23:17
JHJY-20251218-00035710,165-002646,Sample Business Label dfdf013b,Purchased,Production Project Purchase Request,Sample Business Label 14d1364a,1344.0000,1344.0000,2026-02-05,2026-02-05,2026-02-05,2026-02-26,2026-02-26,2026-02-26,MRP-20251218-00000100,1344.0000,,2025-12-19 21:21:17,Zhu Jieqian,YCD2025121600000034,Sample Business Label ae093165,2025-12-18 20:23:17
JHJY-20251218-00035709,165-002646,Sample Business Label dfdf013b,Purchased,Production Project Purchase Request,Sample Business Label 14d1364a,228.0000,228.0000,2026-02-04,2026-02-04,2026-02-04,2026-02-25,2026-02-25,2026-02-25,MRP-20251218-00000100,228.0000,,2025-12-19 21:21:17,Zhu Jieqian,YCD2025121600000034,Sample Business Label ae093165,2025-12-18 20:23:17
JHJY-20251218-00035729,838-000403,Sample Business Label 99841fd2,Purchased,Production Project Purchase Request,Sample Business Label 14d1364a,1602.0000,1602.0000,2026-01-28,2026-01-28,2026-01-28,2026-02-25,2026-02-25,2026-02-25,MRP-20251218-00000100,1602.0000,,2025-12-19 21:21:17,Zhu Jieqian,YCD2025121600000034,Sample Business Label ae093165,2025-12-18 20:23:17
JHJY-20251218-00035731,838-000403,Sample Business Label 99841fd2,Purchased,Production Project Purchase Request,Sample Business Label 14d1364a,1344.0000,1344.0000,2026-01-29,2026-01-29,2026-01-29,2026-02-26,2026-02-26,2026-02-26,MRP-20251218-00000100,1344.0000,,2025-12-19 21:21:17,Zhu Jieqian,YCD2025121600000034,Sample Business Label ae093165,2025-12-18 20:23:17
JHJY-20251218-00035730,838-000403,Sample Business Label 99841fd2,Purchased,Production Project Purchase Request,Sample Business Label 14d1364a,42.0000,42.0000,2026-01-28,2026-01-28,2026-01-28,2026-02-25,2026-02-25,2026-02-25,MRP-20251218-00000100,42.0000,,2025-12-19 21:21:17,Zhu Jieqian,YCD2025121600000034,Sample Business Label ae093165,2025-12-18 20:23:17
JHJY-20251218-00035740,165-002647,Sample Business Label 75b02961,Purchased,Production Project Purchase Request,Sample Business Label 14d1364a,1964.0000,1964.0000,2026-02-11,2026-02-11,2026-02-11,2026-02-25,2026-02-25,2026-02-25,MRP-20251218-00000100,1964.0000,,2025-12-19 21:21:17,Zhu Jieqian,YCD2025121600000034,Sample Business Label ae093165,2025-12-18 20:23:17
JHJY-20251218-00035741,165-002647,Sample Business Label 75b02961,Purchased,Production Project Purchase Request,Sample Business Label 14d1364a,42.0000,42.0000,2026-02-11,2026-02-11,2026-02-11,2026-02-25,2026-02-25,2026-02-25,MRP-20251218-00000100,42.0000,,2025-12-19 21:21:17,Zhu Jieqian,YCD2025121600000034,Sample Business Label ae093165,2025-12-18 20:23:17
JHJY-20251218-00035742,165-002647,Sample Business Label 75b02961,Purchased,Production Project Purchase Request,Sample Business Label 14d1364a,228.0000,228.0000,2026-02-11,2026-02-11,2026-02-11,2026-02-25,2026-02-25,2026-02-25,MRP-20251218-00000100,228.0000,,2025-12-19 21:21:17,Zhu Jieqian,YCD2025121600000034,Sample Business Label ae093165,2025-12-18 20:23:17
JHJY-20251218-00035743,165-002647,Sample Business Label 75b02961,Purchased,Production Project Purchase Request,Sample Business Label 14d1364a,1344.0000,1344.0000,2026-02-12,2026-02-12,2026-02-12,2026-02-26,2026-02-26,2026-02-26,MRP-20251218-00000100,1344.0000,,2025-12-19 21:21:17,Zhu Jieqian,YCD2025121600000034,Sample Business Label ae093165,2025-12-18 20:23:17
JHJY-20251218-00035744,468-000565,Sample Business Label 50c2097d,Purchased,Production Project Purchase Request,Sample Business Label 14d1364a,497.0000,497.0000,2026-02-18,2026-02-18,2026-02-18,2026-02-25,2026-02-25,2026-02-25,MRP-20251218-00000100,497.0000,,2025-12-19 21:21:17,Zhu Jieqian,YCD2025121600000034,Sample Business Label ae093165,2025-12-18 20:23:17
JHJY-20251218-00035745,468-000565,Sample Business Label 50c2097d,Purchased,Production Project Purchase Request,Sample Business Label 14d1364a,2047.0000,2047.0000,2026-02-18,2026-02-18,2026-02-18,2026-02-25,2026-02-25,2026-02-25,MRP-20251218-00000100,2047.0000,,2025-12-19 21:21:17,Zhu Jieqian,YCD2025121600000034,Sample Business Label ae093165,2025-12-18 20:23:17
JHJY-20251218-00035746,468-000565,Sample Business Label 50c2097d,Purchased,Production Project Purchase Request,Sample Business Label 14d1364a,42.0000,42.0000,2026-02-18,2026-02-18,2026-02-18,2026-02-25,2026-02-25,2026-02-25,MRP-20251218-00000100,42.0000,,2025-12-19 21:21:17,Zhu Jieqian,YCD2025121600000034,Sample Business Label ae093165,2025-12-18 20:23:17
JHJY-20251218-00035747,468-000565,Sample Business Label 50c2097d,Purchased,Production Project Purchase Request,Sample Business Label 14d1364a,228.0000,228.0000,2026-02-18,2026-02-18,2026-02-18,2026-02-25,2026-02-25,2026-02-25,MRP-20251218-00000100,228.0000,,2025-12-19 21:21:17,Zhu Jieqian,YCD2025121600000034,Sample Business Label ae093165,2025-12-18 20:23:17
JHJY-20251218-00035748,468-000565,Sample Business Label 50c2097d,Purchased,Production Project Purchase Request,Sample Business Label 14d1364a,1344.0000,1344.0000,2026-02-19,2026-02-19,2026-02-19,2026-02-26,2026-02-26,2026-02-26,MRP-20251218-00000100,1344.0000,,2025-12-19 21:21:17,Zhu Jieqian,YCD2025121600000034,Sample Business Label ae093165,2025-12-18 20:23:17
JHJY-20251218-00035751,165-002702,Sample Business Label a36f7c4e,Purchased,Production Project Purchase Request,Sample Business Label 14d1364a,699.0000,699.0000,2026-01-21,2026-01-21,2026-01-21,2026-02-25,2026-02-25,2026-02-25,MRP-20251218-00000100,699.0000,,2025-12-19 21:21:17,Zhu Jieqian,YCD2025121600000034,Sample Business Label ae093165,2025-12-18 20:23:17
JHJY-20251218-00035752,165-002702,Sample Business Label a36f7c4e,Purchased,Production Project Purchase Request,Sample Business Label 14d1364a,2047.0000,2047.0000,2026-01-21,2026-01-21,2026-01-21,2026-02-25,2026-02-25,2026-02-25,MRP-20251218-00000100,2047.0000,,2025-12-19 21:21:17,Zhu Jieqian,YCD2025121600000034,Sample Business Label ae093165,2025-12-18 20:23:17
JHJY-20251218-00035753,165-002702,Sample Business Label a36f7c4e,Purchased,Production Project Purchase Request,Sample Business Label 14d1364a,42.0000,42.0000,2026-01-21,2026-01-21,2026-01-21,2026-02-25,2026-02-25,2026-02-25,MRP-20251218-00000100,42.0000,,2025-12-19 21:21:17,Zhu Jieqian,YCD2025121600000034,Sample Business Label ae093165,2025-12-18 20:23:17
JHJY-20251218-00035754,165-002702,Sample Business Label a36f7c4e,Purchased,Production Project Purchase Request,Sample Business Label 14d1364a,228.0000,228.0000,2026-01-21,2026-01-21,2026-01-21,2026-02-25,2026-02-25,2026-02-25,MRP-20251218-00000100,228.0000,,2025-12-19 21:21:17,Zhu Jieqian,YCD2025121600000034,Sample Business Label ae093165,2025-12-18 20:23:17
JHJY-20251218-00035755,165-002702,Sample Business Label a36f7c4e,Purchased,Production Project Purchase Request,Sample Business Label 14d1364a,1344.0000,1344.0000,2026-01-22,2026-01-22,2026-01-22,2026-02-26,2026-02-26,2026-02-26,MRP-20251218-00000100,1344.0000,,2025-12-19 21:21:17,Zhu Jieqian,YCD2025121600000034,Sample Business Label ae093165,2025-12-18 20:23:17
JHJY-20251218-00035764,468-000559,Sample Business Label 035e282b,Purchased,Production Project Purchase Request,Sample Business Label 14d1364a,1000.0000,1000.0000,2025-12-18,2025-12-18,2025-12-18,2025-12-18,2025-12-18,2025-12-18,MRP-20251218-00000100,1000.0000,,2025-12-19 21:21:17,Zhu Jieqian,HDKJ-20251214-003,Sample Business Label ae093165,2025-12-18 20:23:17
JHJY-20251218-00035765,468-000559,Sample Business Label 035e282b,Purchased,Production Project Purchase Request,Sample Business Label 14d1364a,1000.0000,1000.0000,2025-12-18,2025-12-18,2025-12-18,2025-12-18,2025-12-18,2025-12-18,MRP-20251218-00000100,1000.0000,,2025-12-19 21:21:17,Zhu Jieqian,HDKJ-20251218-008,Sample Business Label ae093165,2025-12-18 20:23:17
JHJY-20251218-00035766,468-000559,Sample Business Label 035e282b,Purchased,Production Project Purchase Request,Sample Business Label 14d1364a,14.0000,14.0000,2025-12-20,2025-12-20,2025-12-20,2025-12-27,2025-12-27,2025-12-27,MRP-20251218-00000100,14.0000,,2025-12-19 21:21:17,Zhu Jieqian,YCD2025120300000014,Sample Business Label ae093165,2025-12-18 20:23:17
JHJY-20251218-00035767,468-000559,Sample Business Label 035e282b,Purchased,Production Project Purchase Request,Sample Business Label 14d1364a,198.0000,198.0000,2025-12-20,2025-12-20,2025-12-20,2025-12-27,2025-12-27,2025-12-27,MRP-20251218-00000100,198.0000,,2025-12-19 21:21:17,Zhu Jieqian,YCD2025120300000014,Sample Business Label ae093165,2025-12-18 20:23:17
JHJY-20251218-00035768,468-000559,Sample Business Label 035e282b,Purchased,Production Project Purchase Request,Sample Business Label 14d1364a,144.0000,144.0000,2026-01-21,2026-01-21,2026-01-21,2026-01-28,2026-01-28,2026-01-28,MRP-20251218-00000100,144.0000,,2025-12-19 21:21:17,Zhu Jieqian,YCD2025121600000033,Sample Business Label ae093165,2025-12-18 20:23:17
JHJY-20251218-00035769,468-000559,Sample Business Label 035e282b,Purchased,Production Project Purchase Request,Sample Business Label 14d1364a,1675.0000,1675.0000,2026-01-21,2026-01-21,2026-01-21,2026-01-28,2026-01-28,2026-01-28,MRP-20251218-00000100,1675.0000,,2025-12-19 21:21:17,Zhu Jieqian,YCD2025121600000033,Sample Business Label ae093165,2025-12-18 20:23:17
JHJY-20251218-00035770,468-000559,Sample Business Label 035e282b,Purchased,Production Project Purchase Request,Sample Business Label 14d1364a,300.0000,300.0000,2026-01-23,2026-01-23,2026-01-23,2026-01-30,2026-01-30,2026-01-30,MRP-20251218-00000100,300.0000,,2025-12-19 21:21:17,Zhu Jieqian,YCD2025121600000033,Sample Business Label ae093165,2025-12-18 20:23:17
JHJY-20251218-00035772,468-000559,Sample Business Label 035e282b,Purchased,Production Project Purchase Request,Sample Business Label 14d1364a,228.0000,228.0000,2026-02-18,2026-02-18,2026-02-18,2026-02-25,2026-02-25,2026-02-25,MRP-20251218-00000100,228.0000,,2025-12-19 21:21:17,Zhu Jieqian,YCD2025121600000034,Sample Business Label ae093165,2025-12-18 20:23:17
JHJY-20251218-00035771,468-000559,Sample Business Label 035e282b,Purchased,Production Project Purchase Request,Sample Business Label 14d1364a,2047.0000,2047.0000,2026-02-18,2026-02-18,2026-02-18,2026-02-25,2026-02-25,2026-02-25,MRP-20251218-00000100,2047.0000,,2025-12-19 21:21:17,Zhu Jieqian,YCD2025121600000034,Sample Business Label ae093165,2025-12-18 20:23:17
JHJY-20251218-00035787,165-002708,Sample Business Label e5cb4334,Purchased,Production Project Purchase Request,Sample Business Label 14d1364a,1104.0000,1104.0000,2026-01-28,2026-01-28,2026-01-28,2026-02-25,2026-02-25,2026-02-25,MRP-20251218-00000100,1104.0000,,2025-12-19 21:21:17,Zhu Jieqian,YCD2025121600000034,Sample Business Label ae093165,2025-12-18 20:23:17
JHJY-20251218-00035788,165-002708,Sample Business Label e5cb4334,Purchased,Production Project Purchase Request,Sample Business Label 14d1364a,42.0000,42.0000,2026-01-28,2026-01-28,2026-01-28,2026-02-25,2026-02-25,2026-02-25,MRP-20251218-00000100,42.0000,,2025-12-19 21:21:17,Zhu Jieqian,YCD2025121600000034,Sample Business Label ae093165,2025-12-18 20:23:17
JHJY-20251218-00035789,165-002708,Sample Business Label e5cb4334,Purchased,Production Project Purchase Request,Sample Business Label 14d1364a,228.0000,228.0000,2026-01-28,2026-01-28,2026-01-28,2026-02-25,2026-02-25,2026-02-25,MRP-20251218-00000100,228.0000,,2025-12-19 21:21:17,Zhu Jieqian,YCD2025121600000034,Sample Business Label ae093165,2025-12-18 20:23:17
JHJY-20251218-00035790,165-002708,Sample Business Label e5cb4334,Purchased,Production Project Purchase Request,Sample Business Label 14d1364a,1344.0000,1344.0000,2026-01-29,2026-01-29,2026-01-29,2026-02-26,2026-02-26,2026-02-26,MRP-20251218-00000100,1344.0000,,2025-12-19 21:21:17,Zhu Jieqian,YCD2025121600000034,Sample Business Label ae093165,2025-12-18 20:23:17
JHJY-20251218-00035802,165-002644,Sample Business Label a5ff14e7,Purchased,Production Project Purchase Request,Sample Business Label 14d1364a,1964.0000,1964.0000,2026-02-24,2026-02-24,2026-02-24,2026-02-25,2026-02-25,2026-02-25,MRP-20251218-00000100,1964.0000,,2025-12-19 21:21:17,Zhu Jieqian,YCD2025121600000034,Sample Business Label ae093165,2025-12-18 20:23:17
JHJY-20251218-00035803,165-002644,Sample Business Label a5ff14e7,Purchased,Production Project Purchase Request,Sample Business Label 14d1364a,42.0000,42.0000,2026-02-24,2026-02-24,2026-02-24,2026-02-25,2026-02-25,2026-02-25,MRP-20251218-00000100,42.0000,,2025-12-19 21:21:17,Zhu Jieqian,YCD2025121600000034,Sample Business Label ae093165,2025-12-18 20:23:17
JHJY-20251218-00035804,165-002644,Sample Business Label a5ff14e7,Purchased,Production Project Purchase Request,Sample Business Label 14d1364a,228.0000,228.0000,2026-02-24,2026-02-24,2026-02-24,2026-02-25,2026-02-25,2026-02-25,MRP-20251218-00000100,228.0000,,2025-12-19 21:21:17,Zhu Jieqian,YCD2025121600000034,Sample Business Label ae093165,2025-12-18 20:23:17
JHJY-20251218-00035805,165-002644,Sample Business Label a5ff14e7,Purchased,Production Project Purchase Request,Sample Business Label 14d1364a,1344.0000,1344.0000,2026-02-25,2026-02-25,2026-02-25,2026-02-26,2026-02-26,2026-02-26,MRP-20251218-00000100,1344.0000,,2025-12-19 21:21:17,Zhu Jieqian,YCD2025121600000034,Sample Business Label ae093165,2025-12-18 20:23:17
JHJY-20251218-00035813,364-000068,Sample Business Label b4193cb4,Purchased,Production Project Purchase Request,Sample Business Label 14d1364a,1000.0000,1000.0000,2025-12-18,2025-12-18,2025-12-18,2025-12-18,2025-12-18,2025-12-18,MRP-20251218-00000100,1000.0000,,2025-12-19 21:21:17,Zhu Jieqian,HDKJ-20251218-008,Sample Business Label ae093165,2025-12-18 20:23:17
JHJY-20251218-00035814,364-000068,Sample Business Label b4193cb4,Purchased,Production Project Purchase Request,Sample Business Label 14d1364a,14.0000,14.0000,2025-12-18,2025-12-18,2025-12-18,2025-12-27,2025-12-27,2025-12-27,MRP-20251218-00000100,14.0000,,2025-12-19 21:21:17,Zhu Jieqian,YCD2025120300000014,Sample Business Label ae093165,2025-12-18 20:23:17
JHJY-20251218-00035815,364-000068,Sample Business Label b4193cb4,Purchased,Production Project Purchase Request,Sample Business Label 14d1364a,198.0000,198.0000,2025-12-18,2025-12-18,2025-12-18,2025-12-27,2025-12-27,2025-12-27,MRP-20251218-00000100,198.0000,,2025-12-19 21:21:17,Zhu Jieqian,YCD2025120300000014,Sample Business Label ae093165,2025-12-18 20:23:17
JHJY-20251218-00035816,364-000068,Sample Business Label b4193cb4,Purchased,Production Project Purchase Request,Sample Business Label 14d1364a,240.0000,240.0000,2025-12-18,2025-12-18,2025-12-18,2025-12-27,2025-12-27,2025-12-27,MRP-20251218-00000100,240.0000,,2025-12-19 21:21:17,Zhu Jieqian,YCD2025120300000014,Sample Business Label ae093165,2025-12-18 20:23:17
JHJY-20251218-00035818,364-000068,Sample Business Label b4193cb4,Purchased,Production Project Purchase Request,Sample Business Label 14d1364a,1675.0000,1675.0000,2026-01-13,2026-01-13,2026-01-13,2026-01-28,2026-01-28,2026-01-28,MRP-20251218-00000100,1675.0000,,2025-12-19 21:21:17,Zhu Jieqian,YCD2025121600000033,Sample Business Label ae093165,2025-12-18 20:23:17
JHJY-20251218-00035817,364-000068,Sample Business Label b4193cb4,Purchased,Production Project Purchase Request,Sample Business Label 14d1364a,144.0000,144.0000,2026-01-13,2026-01-13,2026-01-13,2026-01-28,2026-01-28,2026-01-28,MRP-20251218-00000100,144.0000,,2025-12-19 21:21:17,Zhu Jieqian,YCD2025121600000033,Sample Business Label ae093165,2025-12-18 20:23:17
JHJY-20251218-00035819,364-000068,Sample Business Label b4193cb4,Purchased,Production Project Purchase Request,Sample Business Label 14d1364a,300.0000,300.0000,2026-01-15,2026-01-15,2026-01-15,2026-01-30,2026-01-30,2026-01-30,MRP-20251218-00000100,300.0000,,2025-12-19 21:21:17,Zhu Jieqian,YCD2025121600000033,Sample Business Label ae093165,2025-12-18 20:23:17
JHJY-20251218-00035820,364-000068,Sample Business Label b4193cb4,Purchased,Production Project Purchase Request,Sample Business Label 14d1364a,50.0000,50.0000,2026-01-15,2026-01-15,2026-01-15,2026-01-30,2026-01-30,2026-01-30,MRP-20251218-00000100,50.0000,,2025-12-19 21:21:17,Zhu Jieqian,YCD2025121600000033,Sample Business Label ae093165,2025-12-18 20:23:17
JHJY-20251218-00035821,364-000068,Sample Business Label b4193cb4,Purchased,Production Project Purchase Request,Sample Business Label 14d1364a,2047.0000,2047.0000,2026-02-10,2026-02-10,2026-02-10,2026-02-25,2026-02-25,2026-02-25,MRP-20251218-00000100,2047.0000,,2025-12-19 21:21:17,Zhu Jieqian,YCD2025121600000034,Sample Business Label ae093165,2025-12-18 20:23:17
JHJY-20251218-00035822,364-000068,Sample Business Label b4193cb4,Purchased,Production Project Purchase Request,Sample Business Label 14d1364a,228.0000,228.0000,2026-02-10,2026-02-10,2026-02-10,2026-02-25,2026-02-25,2026-02-25,MRP-20251218-00000100,228.0000,,2025-12-19 21:21:17,Zhu Jieqian,YCD2025121600000034,Sample Business Label ae093165,2025-12-18 20:23:17
JHJY-20251218-00035868,505-000036,Sample Business Label c0cad42a,Purchased,Production Project Purchase Request,Sample Business Label 14d1364a,1697.0000,1697.0000,2025-12-18,2025-12-18,2025-12-18,2026-01-29,2026-01-29,2026-01-29,MRP-20251218-00000100,1697.0000,,2025-12-19 21:32:44,Zhu Jieqian,YCD2025121600000033,Sample Business Label ae093165,2025-12-18 20:23:17
JHJY-20251218-00035869,505-000036,Sample Business Label c0cad42a,Purchased,Production Project Purchase Request,Sample Business Label 14d1364a,48.0000,48.0000,2026-01-12,2026-01-12,2026-01-12,2026-02-26,2026-02-26,2026-02-26,MRP-20251218-00000100,48.0000,,2025-12-19 21:32:44,Zhu Jieqian,YCD2025121600000034,Sample Business Label ae093165,2025-12-18 20:23:17
JHJY-20251218-00035870,505-000036,Sample Business Label c0cad42a,Purchased,Production Project Purchase Request,Sample Business Label 14d1364a,1284.0000,1284.0000,2026-01-12,2026-01-12,2026-01-12,2026-02-26,2026-02-26,2026-02-26,MRP-20251218-00000100,1284.0000,,2025-12-19 21:32:44,Zhu Jieqian,YCD2025121600000034,Sample Business Label ae093165,2025-12-18 20:23:17
JHJY-20251218-00035871,505-000036,Sample Business Label c0cad42a,Purchased,Production Project Purchase Request,Sample Business Label 14d1364a,192.0000,192.0000,2026-01-12,2026-01-12,2026-01-12,2026-02-26,2026-02-26,2026-02-26,MRP-20251218-00000100,192.0000,,2025-12-19 21:32:44,Zhu Jieqian,YCD2025121600000034,Sample Business Label ae093165,2025-12-18 20:23:17
JHJY-20251218-00035878,838-000184,Sample Business Label 189d2cd8,Purchased,Production Project Purchase Request,Sample Business Label 14d1364a,3341.0000,3341.0000,2026-01-28,2026-01-28,2026-01-28,2026-01-29,2026-01-29,2026-01-29,MRP-20251218-00000100,3341.0000,,2025-12-19 21:21:17,Zhu Jieqian,YCD2025121600000033,Sample Business Label ae093165,2025-12-18 20:23:17
JHJY-20251218-00035880,838-000184,Sample Business Label 189d2cd8,Purchased,Production Project Purchase Request,Sample Business Label 14d1364a,2568.0000,2568.0000,2026-02-25,2026-02-25,2026-02-25,2026-02-26,2026-02-26,2026-02-26,MRP-20251218-00000100,2568.0000,,2025-12-19 21:21:17,Zhu Jieqian,YCD2025121600000034,Sample Business Label ae093165,2025-12-18 20:23:17
JHJY-20251218-00035879,838-000184,Sample Business Label 189d2cd8,Purchased,Production Project Purchase Request,Sample Business Label 14d1364a,96.0000,96.0000,2026-02-25,2026-02-25,2026-02-25,2026-02-26,2026-02-26,2026-02-26,MRP-20251218-00000100,96.0000,,2025-12-19 21:21:17,Zhu Jieqian,YCD2025121600000034,Sample Business Label ae093165,2025-12-18 20:23:17
JHJY-20251218-00035881,838-000184,Sample Business Label 189d2cd8,Purchased,Production Project Purchase Request,Sample Business Label 14d1364a,384.0000,384.0000,2026-02-25,2026-02-25,2026-02-25,2026-02-26,2026-02-26,2026-02-26,MRP-20251218-00000100,384.0000,,2025-12-19 21:21:17,Zhu Jieqian,YCD2025121600000034,Sample Business Label ae093165,2025-12-18 20:23:17
JHJY-20251218-00035900,165-001267,Sample Business Label 74ec2b9b,Purchased,Production Project Purchase Request,Sample Business Label 14d1364a,1047.0000,1047.0000,2026-01-08,2026-01-08,2026-01-08,2026-01-29,2026-01-29,2026-01-29,MRP-20251218-00000100,1047.0000,,2025-12-19 19:50:23,Zhu Jieqian,YCD2025121600000033,Sample Business Label ae093165,2025-12-18 20:23:17
JHJY-20251218-00035901,165-001267,Sample Business Label 74ec2b9b,Purchased,Production Project Purchase Request,Sample Business Label 14d1364a,48.0000,48.0000,2026-02-05,2026-02-05,2026-02-05,2026-02-26,2026-02-26,2026-02-26,MRP-20251218-00000100,48.0000,,2025-12-19 19:50:23,Zhu Jieqian,YCD2025121600000034,Sample Business Label ae093165,2025-12-18 20:23:17
JHJY-20251218-00035902,165-001267,Sample Business Label 74ec2b9b,Purchased,Production Project Purchase Request,Sample Business Label 14d1364a,1284.0000,1284.0000,2026-02-05,2026-02-05,2026-02-05,2026-02-26,2026-02-26,2026-02-26,MRP-20251218-00000100,1284.0000,,2025-12-19 19:50:23,Zhu Jieqian,YCD2025121600000034,Sample Business Label ae093165,2025-12-18 20:23:17
JHJY-20251218-00035903,165-001267,Sample Business Label 74ec2b9b,Purchased,Production Project Purchase Request,Sample Business Label 14d1364a,192.0000,192.0000,2026-02-05,2026-02-05,2026-02-05,2026-02-26,2026-02-26,2026-02-26,MRP-20251218-00000100,192.0000,,2025-12-19 19:50:23,Zhu Jieqian,YCD2025121600000034,Sample Business Label ae093165,2025-12-18 20:23:17
JHJY-20251218-00035913,838-000178,Sample Business Label abd4fe4b,Purchased,Production Project Purchase Request,Sample Business Label 14d1364a,2053.0000,2053.0000,2026-01-28,2026-01-28,2026-01-28,2026-01-29,2026-01-29,2026-01-29,MRP-20251218-00000100,2053.0000,,2025-12-19 19:50:23,Zhu Jieqian,YCD2025121600000033,Sample Business Label ae093165,2025-12-18 20:23:17
JHJY-20251218-00035914,838-000178,Sample Business Label abd4fe4b,Purchased,Production Project Purchase Request,Sample Business Label 14d1364a,48.0000,48.0000,2026-02-25,2026-02-25,2026-02-25,2026-02-26,2026-02-26,2026-02-26,MRP-20251218-00000100,48.0000,,2025-12-19 19:50:23,Zhu Jieqian,YCD2025121600000034,Sample Business Label ae093165,2025-12-18 20:23:17
JHJY-20251218-00035916,838-000178,Sample Business Label abd4fe4b,Purchased,Production Project Purchase Request,Sample Business Label 14d1364a,192.0000,192.0000,2026-02-25,2026-02-25,2026-02-25,2026-02-26,2026-02-26,2026-02-26,MRP-20251218-00000100,192.0000,,2025-12-19 19:50:23,Zhu Jieqian,YCD2025121600000034,Sample Business Label ae093165,2025-12-18 20:23:17
JHJY-20251218-00035915,838-000178,Sample Business Label abd4fe4b,Purchased,Production Project Purchase Request,Sample Business Label 14d1364a,1284.0000,1284.0000,2026-02-25,2026-02-25,2026-02-25,2026-02-26,2026-02-26,2026-02-26,MRP-20251218-00000100,1284.0000,,2025-12-19 19:50:23,Zhu Jieqian,YCD2025121600000034,Sample Business Label ae093165,2025-12-18 20:23:17
JHJY-20251218-00035917,165-001484,Sample Business Label 5b88d7a2,Purchased,Production Project Purchase Request,Sample Business Label 14d1364a,2026.0000,2026.0000,2025-12-25,2025-12-25,2025-12-25,2026-01-29,2026-01-29,2026-01-29,MRP-20251218-00000100,2026.0000,,2025-12-19 19:50:23,Zhu Jieqian,YCD2025121600000033,Sample Business Label ae093165,2025-12-18 20:23:17
JHJY-20251218-00035918,165-001484,Sample Business Label 5b88d7a2,Purchased,Production Project Purchase Request,Sample Business Label 14d1364a,48.0000,48.0000,2026-01-22,2026-01-22,2026-01-22,2026-02-26,2026-02-26,2026-02-26,MRP-20251218-00000100,48.0000,,2025-12-19 19:50:23,Zhu Jieqian,YCD2025121600000034,Sample Business Label ae093165,2025-12-18 20:23:17
JHJY-20251218-00035919,165-001484,Sample Business Label 5b88d7a2,Purchased,Production Project Purchase Request,Sample Business Label 14d1364a,1284.0000,1284.0000,2026-01-22,2026-01-22,2026-01-22,2026-02-26,2026-02-26,2026-02-26,MRP-20251218-00000100,1284.0000,,2025-12-19 19:50:23,Zhu Jieqian,YCD2025121600000034,Sample Business Label ae093165,2025-12-18 20:23:17
JHJY-20251218-00035920,165-001484,Sample Business Label 5b88d7a2,Purchased,Production Project Purchase Request,Sample Business Label 14d1364a,192.0000,192.0000,2026-01-22,2026-01-22,2026-01-22,2026-02-26,2026-02-26,2026-02-26,MRP-20251218-00000100,192.0000,,2025-12-19 19:50:23,Zhu Jieqian,YCD2025121600000034,Sample Business Label ae093165,2025-12-18 20:23:17
JHJY-20251218-00035921,165-001269,Sample Business Label 9256e8e2,Purchased,Production Project Purchase Request,Sample Business Label 14d1364a,1048.0000,1048.0000,2026-01-08,2026-01-08,2026-01-08,2026-01-29,2026-01-29,2026-01-29,MRP-20251218-00000100,1048.0000,,2025-12-19 19:50:23,Zhu Jieqian,YCD2025121600000033,Sample Business Label ae093165,2025-12-18 20:23:17
JHJY-20251218-00035922,165-001269,Sample Business Label 9256e8e2,Purchased,Production Project Purchase Request,Sample Business Label 14d1364a,48.0000,48.0000,2026-02-05,2026-02-05,2026-02-05,2026-02-26,2026-02-26,2026-02-26,MRP-20251218-00000100,48.0000,,2025-12-19 19:50:23,Zhu Jieqian,YCD2025121600000034,Sample Business Label ae093165,2025-12-18 20:23:17
JHJY-20251218-00035924,165-001269,Sample Business Label 9256e8e2,Purchased,Production Project Purchase Request,Sample Business Label 14d1364a,192.0000,192.0000,2026-02-05,2026-02-05,2026-02-05,2026-02-26,2026-02-26,2026-02-26,MRP-20251218-00000100,192.0000,,2025-12-19 19:50:23,Zhu Jieqian,YCD2025121600000034,Sample Business Label ae093165,2025-12-18 20:23:17
JHJY-20251218-00035923,165-001269,Sample Business Label 9256e8e2,Purchased,Production Project Purchase Request,Sample Business Label 14d1364a,1284.0000,1284.0000,2026-02-05,2026-02-05,2026-02-05,2026-02-26,2026-02-26,2026-02-26,MRP-20251218-00000100,1284.0000,,2025-12-19 19:50:23,Zhu Jieqian,YCD2025121600000034,Sample Business Label ae093165,2025-12-18 20:23:17
JHJY-20251218-00035925,165-001486,Sample Business Label 9cd5dca0,Purchased,Production Project Purchase Request,Sample Business Label 14d1364a,4184.0000,4184.0000,2026-01-08,2026-01-08,2026-01-08,2026-01-29,2026-01-29,2026-01-29,MRP-20251218-00000100,4184.0000,,2025-12-19 21:21:17,Zhu Jieqian,YCD2025121600000033,Sample Business Label ae093165,2025-12-18 20:23:17
JHJY-20251218-00035926,165-001486,Sample Business Label 9cd5dca0,Purchased,Production Project Purchase Request,Sample Business Label 14d1364a,96.0000,96.0000,2026-02-05,2026-02-05,2026-02-05,2026-02-26,2026-02-26,2026-02-26,MRP-20251218-00000100,96.0000,,2025-12-19 21:21:17,Zhu Jieqian,YCD2025121600000034,Sample Business Label ae093165,2025-12-18 20:23:17
JHJY-20251218-00035927,165-001486,Sample Business Label 9cd5dca0,Purchased,Production Project Purchase Request,Sample Business Label 14d1364a,2568.0000,2568.0000,2026-02-05,2026-02-05,2026-02-05,2026-02-26,2026-02-26,2026-02-26,MRP-20251218-00000100,2568.0000,,2025-12-19 21:21:17,Zhu Jieqian,YCD2025121600000034,Sample Business Label ae093165,2025-12-18 20:23:17
JHJY-20251218-00035928,165-001486,Sample Business Label 9cd5dca0,Purchased,Production Project Purchase Request,Sample Business Label 14d1364a,384.0000,384.0000,2026-02-05,2026-02-05,2026-02-05,2026-02-26,2026-02-26,2026-02-26,MRP-20251218-00000100,384.0000,,2025-12-19 21:21:17,Zhu Jieqian,YCD2025121600000034,Sample Business Label ae093165,2025-12-18 20:23:17
JHJY-20251218-00035960,165-000772,Sample Business Label 0f1fc188,Purchased,Production Project Purchase Request,Sample Business Label 14d1364a,1912.0000,1912.0000,2026-01-15,2026-01-15,2026-01-15,2026-01-29,2026-01-29,2026-01-29,MRP-20251218-00000100,1912.0000,,2025-12-19 19:50:23,Zhu Jieqian,YCD2025121600000033,Sample Business Label ae093165,2025-12-18 20:23:17
JHJY-20251218-00035961,165-000772,Sample Business Label 0f1fc188,Purchased,Production Project Purchase Request,Sample Business Label 14d1364a,48.0000,48.0000,2026-02-12,2026-02-12,2026-02-12,2026-02-26,2026-02-26,2026-02-26,MRP-20251218-00000100,48.0000,,2025-12-19 19:50:23,Zhu Jieqian,YCD2025121600000034,Sample Business Label ae093165,2025-12-18 20:23:17
JHJY-20251218-00035962,165-000772,Sample Business Label 0f1fc188,Purchased,Production Project Purchase Request,Sample Business Label 14d1364a,1284.0000,1284.0000,2026-02-12,2026-02-12,2026-02-12,2026-02-26,2026-02-26,2026-02-26,MRP-20251218-00000100,1284.0000,,2025-12-19 19:50:23,Zhu Jieqian,YCD2025121600000034,Sample Business Label ae093165,2025-12-18 20:23:17
JHJY-20251218-00035963,165-000772,Sample Business Label 0f1fc188,Purchased,Production Project Purchase Request,Sample Business Label 14d1364a,192.0000,192.0000,2026-02-12,2026-02-12,2026-02-12,2026-02-26,2026-02-26,2026-02-26,MRP-20251218-00000100,192.0000,,2025-12-19 19:50:23,Zhu Jieqian,YCD2025121600000034,Sample Business Label ae093165,2025-12-18 20:23:17
JHJY-20251218-00035982,849-000208,Sample Business Label dcf8cc05,Purchased,Production Project Purchase Request,Sample Business Label 14d1364a,806.0000,806.0000,2026-01-17,2026-01-17,2026-01-17,2026-02-26,2026-02-26,2026-02-26,MRP-20251218-00000100,806.0000,,2025-12-19 21:21:17,Zhu Jieqian,YCD2025121600000034,Sample Business Label ae093165,2025-12-18 20:23:17
JHJY-20251218-00035983,849-000208,Sample Business Label dcf8cc05,Purchased,Production Project Purchase Request,Sample Business Label 14d1364a,4287.0000,4287.0000,2026-01-17,2026-01-17,2026-01-17,2026-02-26,2026-02-26,2026-02-26,MRP-20251218-00000100,4287.0000,,2025-12-19 21:21:17,Zhu Jieqian,YCD2025121600000034,Sample Business Label ae093165,2025-12-18 20:23:17
JHJY-20251218-00035985,849-000208,Sample Business Label dcf8cc05,Purchased,Production Project Purchase Request,Sample Business Label 14d1364a,6420.0000,6420.0000,2026-01-17,2026-01-17,2026-01-17,2026-02-26,2026-02-26,2026-02-26,MRP-20251218-00000100,6420.0000,,2025-12-19 21:21:17,Zhu Jieqian,YCD2025121600000034,Sample Business Label ae093165,2025-12-18 20:23:17
JHJY-20251218-00035984,849-000208,Sample Business Label dcf8cc05,Purchased,Production Project Purchase Request,Sample Business Label 14d1364a,240.0000,240.0000,2026-01-17,2026-01-17,2026-01-17,2026-02-26,2026-02-26,2026-02-26,MRP-20251218-00000100,240.0000,,2025-12-19 21:21:17,Zhu Jieqian,YCD2025121600000034,Sample Business Label ae093165,2025-12-18 20:23:17
JHJY-20251218-00035986,849-000208,Sample Business Label dcf8cc05,Purchased,Production Project Purchase Request,Sample Business Label 14d1364a,960.0000,960.0000,2026-01-17,2026-01-17,2026-01-17,2026-02-26,2026-02-26,2026-02-26,MRP-20251218-00000100,960.0000,,2025-12-19 21:21:17,Zhu Jieqian,YCD2025121600000034,Sample Business Label ae093165,2025-12-18 20:23:17
JHJY-20251218-00035987,165-001161,Sample Business Label 373befb9,Purchased,Production Project Purchase Request,Sample Business Label 14d1364a,252.0000,252.0000,2026-01-01,2026-01-01,2026-01-01,2026-01-29,2026-01-29,2026-01-29,MRP-20251218-00000100,252.0000,,2025-12-19 19:50:23,Zhu Jieqian,YCD2025121600000033,Sample Business Label ae093165,2025-12-18 20:23:17
JHJY-20251218-00035988,165-001161,Sample Business Label 373befb9,Purchased,Production Project Purchase Request,Sample Business Label 14d1364a,48.0000,48.0000,2026-01-29,2026-01-29,2026-01-29,2026-02-26,2026-02-26,2026-02-26,MRP-20251218-00000100,48.0000,,2025-12-19 19:50:23,Zhu Jieqian,YCD2025121600000034,Sample Business Label ae093165,2025-12-18 20:23:17
JHJY-20251218-00035989,165-001161,Sample Business Label 373befb9,Purchased,Production Project Purchase Request,Sample Business Label 14d1364a,1284.0000,1284.0000,2026-01-29,2026-01-29,2026-01-29,2026-02-26,2026-02-26,2026-02-26,MRP-20251218-00000100,1284.0000,,2025-12-19 19:50:23,Zhu Jieqian,YCD2025121600000034,Sample Business Label ae093165,2025-12-18 20:23:17
JHJY-20251218-00035990,165-001161,Sample Business Label 373befb9,Purchased,Production Project Purchase Request,Sample Business Label 14d1364a,192.0000,192.0000,2026-01-29,2026-01-29,2026-01-29,2026-02-26,2026-02-26,2026-02-26,MRP-20251218-00000100,192.0000,,2025-12-19 19:50:23,Zhu Jieqian,YCD2025121600000034,Sample Business Label ae093165,2025-12-18 20:23:17
JHJY-20251218-00036011,165-000793,Sample Business Label bbd9b2ab,Purchased,Production Project Purchase Request,Sample Business Label 14d1364a,577.0000,577.0000,2026-01-15,2026-01-15,2026-01-15,2026-01-29,2026-01-29,2026-01-29,MRP-20251218-00000100,577.0000,,2025-12-19 21:21:17,Zhu Jieqian,YCD2025121600000033,Sample Business Label ae093165,2025-12-18 20:23:17
JHJY-20251218-00036012,165-000793,Sample Business Label bbd9b2ab,Purchased,Production Project Purchase Request,Sample Business Label 14d1364a,6.0000,6.0000,2026-01-15,2026-01-15,2026-01-15,2026-01-29,2026-01-29,2026-01-29,MRP-20251218-00000100,6.0000,,2025-12-19 21:21:17,Zhu Jieqian,YCD2025121600000033,Sample Business Label ae093165,2025-12-18 20:23:17
JHJY-20251218-00036013,165-000793,Sample Business Label bbd9b2ab,Purchased,Production Project Purchase Request,Sample Business Label 14d1364a,48.0000,48.0000,2026-01-15,2026-01-15,2026-01-15,2026-01-29,2026-01-29,2026-01-29,MRP-20251218-00000100,48.0000,,2025-12-19 21:21:17,Zhu Jieqian,YCD2025121600000033,Sample Business Label ae093165,2025-12-18 20:23:17
JHJY-20251218-00036014,165-000793,Sample Business Label bbd9b2ab,Purchased,Production Project Purchase Request,Sample Business Label 14d1364a,48.0000,48.0000,2026-02-12,2026-02-12,2026-02-12,2026-02-26,2026-02-26,2026-02-26,MRP-20251218-00000100,48.0000,,2025-12-19 21:21:17,Zhu Jieqian,YCD2025121600000034,Sample Business Label ae093165,2025-12-18 20:23:17
JHJY-20251218-00036015,165-000793,Sample Business Label bbd9b2ab,Purchased,Production Project Purchase Request,Sample Business Label 14d1364a,1284.0000,1284.0000,2026-02-12,2026-02-12,2026-02-12,2026-02-26,2026-02-26,2026-02-26,MRP-20251218-00000100,1284.0000,,2025-12-19 21:21:17,Zhu Jieqian,YCD2025121600000034,Sample Business Label ae093165,2025-12-18 20:23:17
JHJY-20251218-00036016,165-000793,Sample Business Label bbd9b2ab,Purchased,Production Project Purchase Request,Sample Business Label 14d1364a,192.0000,192.0000,2026-02-12,2026-02-12,2026-02-12,2026-02-26,2026-02-26,2026-02-26,MRP-20251218-00000100,192.0000,,2025-12-19 21:21:17,Zhu Jieqian,YCD2025121600000034,Sample Business Label ae093165,2025-12-18 20:23:17
JHJY-20251218-00036030,849-000382,Sample Business Label e1354ba8,Purchased,Production Project Purchase Request,Sample Business Label 14d1364a,443.0000,443.0000,2025-12-20,2025-12-20,2025-12-20,2026-01-29,2026-01-29,2026-01-29,MRP-20251218-00000100,443.0000,,2025-12-19 21:21:17,Zhu Jieqian,YCD2025121600000033,Sample Business Label ae093165,2025-12-18 20:23:17
JHJY-20251218-00036031,849-000382,Sample Business Label e1354ba8,Purchased,Production Project Purchase Request,Sample Business Label 14d1364a,480.0000,480.0000,2025-12-20,2025-12-20,2025-12-20,2026-01-29,2026-01-29,2026-01-29,MRP-20251218-00000100,480.0000,,2025-12-19 21:21:17,Zhu Jieqian,YCD2025121600000033,Sample Business Label ae093165,2025-12-18 20:23:17
JHJY-20251218-00036032,849-000382,Sample Business Label e1354ba8,Purchased,Production Project Purchase Request,Sample Business Label 14d1364a,20.0000,20.0000,2025-12-20,2025-12-20,2025-12-20,2026-01-29,2026-01-29,2026-01-29,MRP-20251218-00000100,20.0000,,2025-12-19 21:21:17,Zhu Jieqian,YCD2025121600000033,Sample Business Label ae093165,2025-12-18 20:23:17
JHJY-20251218-00036033,849-000382,Sample Business Label e1354ba8,Purchased,Production Project Purchase Request,Sample Business Label 14d1364a,300.0000,300.0000,2025-12-21,2025-12-21,2025-12-21,2026-01-30,2026-01-30,2026-01-30,MRP-20251218-00000100,300.0000,,2025-12-19 21:21:17,Zhu Jieqian,YCD2025121600000033,Sample Business Label ae093165,2025-12-18 20:23:17
JHJY-20251218-00036035,849-000382,Sample Business Label e1354ba8,Purchased,Production Project Purchase Request,Sample Business Label 14d1364a,50.0000,50.0000,2025-12-21,2025-12-21,2025-12-21,2026-01-30,2026-01-30,2026-01-30,MRP-20251218-00000100,50.0000,,2025-12-19 21:21:17,Zhu Jieqian,YCD2025121600000033,Sample Business Label ae093165,2025-12-18 20:23:17
JHJY-20251218-00036034,849-000382,Sample Business Label e1354ba8,Purchased,Production Project Purchase Request,Sample Business Label 14d1364a,20.0000,20.0000,2025-12-21,2025-12-21,2025-12-21,2026-01-30,2026-01-30,2026-01-30,MRP-20251218-00000100,20.0000,,2025-12-19 21:21:17,Zhu Jieqian,YCD2025121600000033,Sample Business Label ae093165,2025-12-18 20:23:17
JHJY-20251218-00036038,849-000382,Sample Business Label e1354ba8,Purchased,Production Project Purchase Request,Sample Business Label 14d1364a,42.0000,42.0000,2026-01-16,2026-01-16,2026-01-16,2026-02-25,2026-02-25,2026-02-25,MRP-20251218-00000100,42.0000,,2025-12-19 21:21:17,Zhu Jieqian,YCD2025121600000034,Sample Business Label ae093165,2025-12-18 20:23:17
JHJY-20251218-00036036,849-000382,Sample Business Label e1354ba8,Purchased,Production Project Purchase Request,Sample Business Label 14d1364a,1429.0000,1429.0000,2026-01-16,2026-01-16,2026-01-16,2026-02-25,2026-02-25,2026-02-25,MRP-20251218-00000100,1429.0000,,2025-12-19 21:21:17,Zhu Jieqian,YCD2025121600000034,Sample Business Label ae093165,2025-12-18 20:23:17
JHJY-20251218-00036037,849-000382,Sample Business Label e1354ba8,Purchased,Production Project Purchase Request,Sample Business Label 14d1364a,2047.0000,2047.0000,2026-01-16,2026-01-16,2026-01-16,2026-02-25,2026-02-25,2026-02-25,MRP-20251218-00000100,2047.0000,,2025-12-19 21:21:17,Zhu Jieqian,YCD2025121600000034,Sample Business Label ae093165,2025-12-18 20:23:17
JHJY-20251218-00036039,849-000382,Sample Business Label e1354ba8,Purchased,Production Project Purchase Request,Sample Business Label 14d1364a,228.0000,228.0000,2026-01-16,2026-01-16,2026-01-16,2026-02-25,2026-02-25,2026-02-25,MRP-20251218-00000100,228.0000,,2025-12-19 21:21:17,Zhu Jieqian,YCD2025121600000034,Sample Business Label ae093165,2025-12-18 20:23:17
JHJY-20251218-00036040,849-000382,Sample Business Label e1354ba8,Purchased,Production Project Purchase Request,Sample Business Label 14d1364a,42.0000,42.0000,2026-01-16,2026-01-16,2026-01-16,2026-02-25,2026-02-25,2026-02-25,MRP-20251218-00000100,42.0000,,2025-12-19 21:21:17,Zhu Jieqian,YCD2025121600000034,Sample Business Label ae093165,2025-12-18 20:23:17
JHJY-20251218-00036041,849-000382,Sample Business Label e1354ba8,Purchased,Production Project Purchase Request,Sample Business Label 14d1364a,96.0000,96.0000,2026-01-17,2026-01-17,2026-01-17,2026-02-26,2026-02-26,2026-02-26,MRP-20251218-00000100,96.0000,,2025-12-19 21:21:17,Zhu Jieqian,YCD2025121600000034,Sample Business Label ae093165,2025-12-18 20:23:17
JHJY-20251218-00036042,849-000382,Sample Business Label e1354ba8,Purchased,Production Project Purchase Request,Sample Business Label 14d1364a,2568.0000,2568.0000,2026-01-17,2026-01-17,2026-01-17,2026-02-26,2026-02-26,2026-02-26,MRP-20251218-00000100,2568.0000,,2025-12-19 21:21:17,Zhu Jieqian,YCD2025121600000034,Sample Business Label ae093165,2025-12-18 20:23:17
JHJY-20251218-00036043,849-000382,Sample Business Label e1354ba8,Purchased,Production Project Purchase Request,Sample Business Label 14d1364a,384.0000,384.0000,2026-01-17,2026-01-17,2026-01-17,2026-02-26,2026-02-26,2026-02-26,MRP-20251218-00000100,384.0000,,2025-12-19 21:21:17,Zhu Jieqian,YCD2025121600000034,Sample Business Label ae093165,2025-12-18 20:23:17
JHJY-20251218-00036044,849-000382,Sample Business Label e1354ba8,Purchased,Production Project Purchase Request,Sample Business Label 14d1364a,1344.0000,1344.0000,2026-01-17,2026-01-17,2026-01-17,2026-02-26,2026-02-26,2026-02-26,MRP-20251218-00000100,1344.0000,,2025-12-19 21:21:17,Zhu Jieqian,YCD2025121600000034,Sample Business Label ae093165,2025-12-18 20:23:17
JHJY-20251218-00036046,165-000726,Sample Business Label 44272d1a,Purchased,Production Project Purchase Request,Sample Business Label 14d1364a,2066.0000,2066.0000,2026-01-15,2026-01-15,2026-01-15,2026-01-29,2026-01-29,2026-01-29,MRP-20251218-00000100,2066.0000,,2025-12-19 19:50:23,Zhu Jieqian,YCD2025121600000033,Sample Business Label ae093165,2025-12-18 20:23:17
JHJY-20251218-00036047,165-000726,Sample Business Label 44272d1a,Purchased,Production Project Purchase Request,Sample Business Label 14d1364a,48.0000,48.0000,2026-02-12,2026-02-12,2026-02-12,2026-02-26,2026-02-26,2026-02-26,MRP-20251218-00000100,48.0000,,2025-12-19 19:50:23,Zhu Jieqian,YCD2025121600000034,Sample Business Label ae093165,2025-12-18 20:23:17
JHJY-20251218-00036048,165-000726,Sample Business Label 44272d1a,Purchased,Production Project Purchase Request,Sample Business Label 14d1364a,1284.0000,1284.0000,2026-02-12,2026-02-12,2026-02-12,2026-02-26,2026-02-26,2026-02-26,MRP-20251218-00000100,1284.0000,,2025-12-19 19:50:23,Zhu Jieqian,YCD2025121600000034,Sample Business Label ae093165,2025-12-18 20:23:17
JHJY-20251218-00036049,165-000726,Sample Business Label 44272d1a,Purchased,Production Project Purchase Request,Sample Business Label 14d1364a,192.0000,192.0000,2026-02-12,2026-02-12,2026-02-12,2026-02-26,2026-02-26,2026-02-26,MRP-20251218-00000100,192.0000,,2025-12-19 19:50:23,Zhu Jieqian,YCD2025121600000034,Sample Business Label ae093165,2025-12-18 20:23:17
JHJY-20251218-00036050,165-000722,Sample Business Label cab06e7c,Purchased,Production Project Purchase Request,Sample Business Label 14d1364a,222.0000,222.0000,2026-01-08,2026-01-08,2026-01-08,2026-01-29,2026-01-29,2026-01-29,MRP-20251218-00000100,222.0000,,2025-12-19 21:21:17,Zhu Jieqian,YCD2025121600000033,Sample Business Label ae093165,2025-12-18 20:23:17
JHJY-20251218-00036051,165-000722,Sample Business Label cab06e7c,Purchased,Production Project Purchase Request,Sample Business Label 14d1364a,20.0000,20.0000,2026-01-08,2026-01-08,2026-01-08,2026-01-29,2026-01-29,2026-01-29,MRP-20251218-00000100,20.0000,,2025-12-19 21:21:17,Zhu Jieqian,YCD2025121600000033,Sample Business Label ae093165,2025-12-18 20:23:17
JHJY-20251218-00036052,165-000722,Sample Business Label cab06e7c,Purchased,Production Project Purchase Request,Sample Business Label 14d1364a,300.0000,300.0000,2026-01-09,2026-01-09,2026-01-09,2026-01-30,2026-01-30,2026-01-30,MRP-20251218-00000100,300.0000,,2025-12-19 21:21:17,Zhu Jieqian,YCD2025121600000033,Sample Business Label ae093165,2025-12-18 20:23:17
JHJY-20251218-00036053,165-000722,Sample Business Label cab06e7c,Purchased,Production Project Purchase Request,Sample Business Label 14d1364a,20.0000,20.0000,2026-01-09,2026-01-09,2026-01-09,2026-01-30,2026-01-30,2026-01-30,MRP-20251218-00000100,20.0000,,2025-12-19 21:21:17,Zhu Jieqian,YCD2025121600000033,Sample Business Label ae093165,2025-12-18 20:23:17
JHJY-20251218-00036054,165-000722,Sample Business Label cab06e7c,Purchased,Production Project Purchase Request,Sample Business Label 14d1364a,50.0000,50.0000,2026-01-09,2026-01-09,2026-01-09,2026-01-30,2026-01-30,2026-01-30,MRP-20251218-00000100,50.0000,,2025-12-19 21:21:17,Zhu Jieqian,YCD2025121600000033,Sample Business Label ae093165,2025-12-18 20:23:17
JHJY-20251218-00036055,165-000722,Sample Business Label cab06e7c,Purchased,Production Project Purchase Request,Sample Business Label 14d1364a,1429.0000,1429.0000,2026-02-04,2026-02-04,2026-02-04,2026-02-25,2026-02-25,2026-02-25,MRP-20251218-00000100,1429.0000,,2025-12-19 21:21:17,Zhu Jieqian,YCD2025121600000034,Sample Business Label ae093165,2025-12-18 20:23:17
JHJY-20251218-00036057,165-000722,Sample Business Label cab06e7c,Purchased,Production Project Purchase Request,Sample Business Label 14d1364a,42.0000,42.0000,2026-02-04,2026-02-04,2026-02-04,2026-02-25,2026-02-25,2026-02-25,MRP-20251218-00000100,42.0000,,2025-12-19 21:21:17,Zhu Jieqian,YCD2025121600000034,Sample Business Label ae093165,2025-12-18 20:23:17
JHJY-20251218-00036058,165-000722,Sample Business Label cab06e7c,Purchased,Production Project Purchase Request,Sample Business Label 14d1364a,228.0000,228.0000,2026-02-04,2026-02-04,2026-02-04,2026-02-25,2026-02-25,2026-02-25,MRP-20251218-00000100,228.0000,,2025-12-19 21:21:17,Zhu Jieqian,YCD2025121600000034,Sample Business Label ae093165,2025-12-18 20:23:17
JHJY-20251218-00036056,165-000722,Sample Business Label cab06e7c,Purchased,Production Project Purchase Request,Sample Business Label 14d1364a,2047.0000,2047.0000,2026-02-04,2026-02-04,2026-02-04,2026-02-25,2026-02-25,2026-02-25,MRP-20251218-00000100,2047.0000,,2025-12-19 21:21:17,Zhu Jieqian,YCD2025121600000034,Sample Business Label ae093165,2025-12-18 20:23:17
JHJY-20251218-00036060,165-000722,Sample Business Label cab06e7c,Purchased,Production Project Purchase Request,Sample Business Label 14d1364a,96.0000,96.0000,2026-02-05,2026-02-05,2026-02-05,2026-02-26,2026-02-26,2026-02-26,MRP-20251218-00000100,96.0000,,2025-12-19 21:21:17,Zhu Jieqian,YCD2025121600000034,Sample Business Label ae093165,2025-12-18 20:23:17
JHJY-20251218-00036059,165-000722,Sample Business Label cab06e7c,Purchased,Production Project Purchase Request,Sample Business Label 14d1364a,42.0000,42.0000,2026-02-04,2026-02-04,2026-02-04,2026-02-25,2026-02-25,2026-02-25,MRP-20251218-00000100,42.0000,,2025-12-19 21:21:17,Zhu Jieqian,YCD2025121600000034,Sample Business Label ae093165,2025-12-18 20:23:17
JHJY-20251218-00036061,165-000722,Sample Business Label cab06e7c,Purchased,Production Project Purchase Request,Sample Business Label 14d1364a,2568.0000,2568.0000,2026-02-05,2026-02-05,2026-02-05,2026-02-26,2026-02-26,2026-02-26,MRP-20251218-00000100,2568.0000,,2025-12-19 21:21:17,Zhu Jieqian,YCD2025121600000034,Sample Business Label ae093165,2025-12-18 20:23:17
JHJY-20251218-00036063,165-000722,Sample Business Label cab06e7c,Purchased,Production Project Purchase Request,Sample Business Label 14d1364a,1344.0000,1344.0000,2026-02-05,2026-02-05,2026-02-05,2026-02-26,2026-02-26,2026-02-26,MRP-20251218-00000100,1344.0000,,2025-12-19 21:21:17,Zhu Jieqian,YCD2025121600000034,Sample Business Label ae093165,2025-12-18 20:23:17
JHJY-20251218-00036062,165-000722,Sample Business Label cab06e7c,Purchased,Production Project Purchase Request,Sample Business Label 14d1364a,384.0000,384.0000,2026-02-05,2026-02-05,2026-02-05,2026-02-26,2026-02-26,2026-02-26,MRP-20251218-00000100,384.0000,,2025-12-19 21:21:17,Zhu Jieqian,YCD2025121600000034,Sample Business Label ae093165,2025-12-18 20:23:17
JHJY-20251218-00036147,165-001563,Sample Business Label 13239b76,Purchased,Production Project Purchase Request,Sample Business Label 14d1364a,1922.0000,1922.0000,2026-01-15,2026-01-15,2026-01-15,2026-01-29,2026-01-29,2026-01-29,MRP-20251218-00000100,1922.0000,,2025-12-19 19:50:23,Zhu Jieqian,YCD2025121600000033,Sample Business Label ae093165,2025-12-18 20:23:17
JHJY-20251218-00036148,165-001563,Sample Business Label 13239b76,Purchased,Production Project Purchase Request,Sample Business Label 14d1364a,48.0000,48.0000,2026-02-12,2026-02-12,2026-02-12,2026-02-26,2026-02-26,2026-02-26,MRP-20251218-00000100,48.0000,,2025-12-19 19:50:23,Zhu Jieqian,YCD2025121600000034,Sample Business Label ae093165,2025-12-18 20:23:17
JHJY-20251218-00036149,165-001563,Sample Business Label 13239b76,Purchased,Production Project Purchase Request,Sample Business Label 14d1364a,1284.0000,1284.0000,2026-02-12,2026-02-12,2026-02-12,2026-02-26,2026-02-26,2026-02-26,MRP-20251218-00000100,1284.0000,,2025-12-19 19:50:23,Zhu Jieqian,YCD2025121600000034,Sample Business Label ae093165,2025-12-18 20:23:17
JHJY-20251218-00036150,165-001563,Sample Business Label 13239b76,Purchased,Production Project Purchase Request,Sample Business Label 14d1364a,192.0000,192.0000,2026-02-12,2026-02-12,2026-02-12,2026-02-26,2026-02-26,2026-02-26,MRP-20251218-00000100,192.0000,,2025-12-19 19:50:23,Zhu Jieqian,YCD2025121600000034,Sample Business Label ae093165,2025-12-18 20:23:17
JHJY-20251218-00036159,838-000156,Sample Business Label 421c3018,Purchased,Production Project Purchase Request,Sample Business Label 14d1364a,1252.0000,1252.0000,2026-01-28,2026-01-28,2026-01-28,2026-01-29,2026-01-29,2026-01-29,MRP-20251218-00000100,1252.0000,,2025-12-19 19:50:23,Zhu Jieqian,YCD2025121600000033,Sample Business Label ae093165,2025-12-18 20:23:17
JHJY-20251218-00036160,838-000156,Sample Business Label 421c3018,Purchased,Production Project Purchase Request,Sample Business Label 14d1364a,48.0000,48.0000,2026-02-25,2026-02-25,2026-02-25,2026-02-26,2026-02-26,2026-02-26,MRP-20251218-00000100,48.0000,,2025-12-19 19:50:23,Zhu Jieqian,YCD2025121600000034,Sample Business Label ae093165,2025-12-18 20:23:17
JHJY-20251218-00036162,838-000156,Sample Business Label 421c3018,Purchased,Production Project Purchase Request,Sample Business Label 14d1364a,192.0000,192.0000,2026-02-25,2026-02-25,2026-02-25,2026-02-26,2026-02-26,2026-02-26,MRP-20251218-00000100,192.0000,,2025-12-19 19:50:23,Zhu Jieqian,YCD2025121600000034,Sample Business Label ae093165,2025-12-18 20:23:17
JHJY-20251218-00036161,838-000156,Sample Business Label 421c3018,Purchased,Production Project Purchase Request,Sample Business Label 14d1364a,1284.0000,1284.0000,2026-02-25,2026-02-25,2026-02-25,2026-02-26,2026-02-26,2026-02-26,MRP-20251218-00000100,1284.0000,,2025-12-19 19:50:23,Zhu Jieqian,YCD2025121600000034,Sample Business Label ae093165,2025-12-18 20:23:17
JHJY-20251218-00036163,165-001561,Sample Business Label 2cd8d6f4,Purchased,Production Project Purchase Request,Sample Business Label 14d1364a,2092.0000,2092.0000,2026-01-15,2026-01-15,2026-01-15,2026-01-29,2026-01-29,2026-01-29,MRP-20251218-00000100,2092.0000,,2025-12-19 19:50:23,Zhu Jieqian,YCD2025121600000033,Sample Business Label ae093165,2025-12-18 20:23:17
JHJY-20251218-00036164,165-001561,Sample Business Label 2cd8d6f4,Purchased,Production Project Purchase Request,Sample Business Label 14d1364a,48.0000,48.0000,2026-02-12,2026-02-12,2026-02-12,2026-02-26,2026-02-26,2026-02-26,MRP-20251218-00000100,48.0000,,2025-12-19 19:50:23,Zhu Jieqian,YCD2025121600000034,Sample Business Label ae093165,2025-12-18 20:23:17
JHJY-20251218-00036165,165-001561,Sample Business Label 2cd8d6f4,Purchased,Production Project Purchase Request,Sample Business Label 14d1364a,1284.0000,1284.0000,2026-02-12,2026-02-12,2026-02-12,2026-02-26,2026-02-26,2026-02-26,MRP-20251218-00000100,1284.0000,,2025-12-19 19:50:23,Zhu Jieqian,YCD2025121600000034,Sample Business Label ae093165,2025-12-18 20:23:17
JHJY-20251218-00036166,165-001561,Sample Business Label 2cd8d6f4,Purchased,Production Project Purchase Request,Sample Business Label 14d1364a,192.0000,192.0000,2026-02-12,2026-02-12,2026-02-12,2026-02-26,2026-02-26,2026-02-26,MRP-20251218-00000100,192.0000,,2025-12-19 19:50:23,Zhu Jieqian,YCD2025121600000034,Sample Business Label ae093165,2025-12-18 20:23:17
JHJY-20251218-00036167,165-001559,Sample Business Label 9e5e89ac,Purchased,Production Project Purchase Request,Sample Business Label 14d1364a,1922.0000,1922.0000,2026-01-15,2026-01-15,2026-01-15,2026-01-29,2026-01-29,2026-01-29,MRP-20251218-00000100,1922.0000,,2025-12-19 19:50:23,Zhu Jieqian,YCD2025121600000033,Sample Business Label ae093165,2025-12-18 20:23:17
JHJY-20251218-00036168,165-001559,Sample Business Label 9e5e89ac,Purchased,Production Project Purchase Request,Sample Business Label 14d1364a,48.0000,48.0000,2026-02-12,2026-02-12,2026-02-12,2026-02-26,2026-02-26,2026-02-26,MRP-20251218-00000100,48.0000,,2025-12-19 19:50:23,Zhu Jieqian,YCD2025121600000034,Sample Business Label ae093165,2025-12-18 20:23:17
JHJY-20251218-00036169,165-001559,Sample Business Label 9e5e89ac,Purchased,Production Project Purchase Request,Sample Business Label 14d1364a,1284.0000,1284.0000,2026-02-12,2026-02-12,2026-02-12,2026-02-26,2026-02-26,2026-02-26,MRP-20251218-00000100,1284.0000,,2025-12-19 19:50:23,Zhu Jieqian,YCD2025121600000034,Sample Business Label ae093165,2025-12-18 20:23:17
JHJY-20251218-00036170,165-001559,Sample Business Label 9e5e89ac,Purchased,Production Project Purchase Request,Sample Business Label 14d1364a,192.0000,192.0000,2026-02-12,2026-02-12,2026-02-12,2026-02-26,2026-02-26,2026-02-26,MRP-20251218-00000100,192.0000,,2025-12-19 19:50:23,Zhu Jieqian,YCD2025121600000034,Sample Business Label ae093165,2025-12-18 20:23:17
JHJY-20251218-00036191,165-001004,Sample Business Label cbac51f9,Purchased,Production Project Purchase Request,Sample Business Label 14d1364a,3267.0000,3267.0000,2026-01-15,2026-01-15,2026-01-15,2026-01-29,2026-01-29,2026-01-29,MRP-20251218-00000100,3267.0000,,2025-12-19 21:21:17,Zhu Jieqian,YCD2025121600000033,Sample Business Label ae093165,2025-12-18 20:23:17
JHJY-20251218-00036193,165-001004,Sample Business Label cbac51f9,Purchased,Production Project Purchase Request,Sample Business Label 14d1364a,2568.0000,2568.0000,2026-02-12,2026-02-12,2026-02-12,2026-02-26,2026-02-26,2026-02-26,MRP-20251218-00000100,2568.0000,,2025-12-19 21:21:17,Zhu Jieqian,YCD2025121600000034,Sample Business Label ae093165,2025-12-18 20:23:17
JHJY-20251218-00036192,165-001004,Sample Business Label cbac51f9,Purchased,Production Project Purchase Request,Sample Business Label 14d1364a,96.0000,96.0000,2026-02-12,2026-02-12,2026-02-12,2026-02-26,2026-02-26,2026-02-26,MRP-20251218-00000100,96.0000,,2025-12-19 21:21:17,Zhu Jieqian,YCD2025121600000034,Sample Business Label ae093165,2025-12-18 20:23:17
JHJY-20251218-00036194,165-001004,Sample Business Label cbac51f9,Purchased,Production Project Purchase Request,Sample Business Label 14d1364a,384.0000,384.0000,2026-02-12,2026-02-12,2026-02-12,2026-02-26,2026-02-26,2026-02-26,MRP-20251218-00000100,384.0000,,2025-12-19 21:21:17,Zhu Jieqian,YCD2025121600000034,Sample Business Label ae093165,2025-12-18 20:23:17
JHJY-20251218-00036204,165-001046,Sample Business Label 8e115d87,Purchased,Production Project Purchase Request,Sample Business Label 14d1364a,606.0000,606.0000,2026-01-15,2026-01-15,2026-01-15,2026-01-29,2026-01-29,2026-01-29,MRP-20251218-00000100,606.0000,,2025-12-19 19:50:23,Zhu Jieqian,YCD2025121600000033,Sample Business Label ae093165,2025-12-18 20:23:17
JHJY-20251218-00036205,165-001046,Sample Business Label 8e115d87,Purchased,Production Project Purchase Request,Sample Business Label 14d1364a,1284.0000,1284.0000,2026-02-12,2026-02-12,2026-02-12,2026-02-26,2026-02-26,2026-02-26,MRP-20251218-00000100,1284.0000,,2025-12-19 19:50:23,Zhu Jieqian,YCD2025121600000034,Sample Business Label ae093165,2025-12-18 20:23:17
JHJY-20251218-00036206,165-001046,Sample Business Label 8e115d87,Purchased,Production Project Purchase Request,Sample Business Label 14d1364a,192.0000,192.0000,2026-02-12,2026-02-12,2026-02-12,2026-02-26,2026-02-26,2026-02-26,MRP-20251218-00000100,192.0000,,2025-12-19 19:50:23,Zhu Jieqian,YCD2025121600000034,Sample Business Label ae093165,2025-12-18 20:23:17
JHJY-20251218-00036212,165-001268,Sample Business Label c7e76260,Purchased,Production Project Purchase Request,Sample Business Label 14d1364a,1047.0000,1047.0000,2026-01-08,2026-01-08,2026-01-08,2026-01-29,2026-01-29,2026-01-29,MRP-20251218-00000100,1047.0000,,2025-12-19 19:50:23,Zhu Jieqian,YCD2025121600000033,Sample Business Label ae093165,2025-12-18 20:23:17
JHJY-20251218-00036213,165-001268,Sample Business Label c7e76260,Purchased,Production Project Purchase Request,Sample Business Label 14d1364a,48.0000,48.0000,2026-02-05,2026-02-05,2026-02-05,2026-02-26,2026-02-26,2026-02-26,MRP-20251218-00000100,48.0000,,2025-12-19 19:50:23,Zhu Jieqian,YCD2025121600000034,Sample Business Label ae093165,2025-12-18 20:23:17
JHJY-20251218-00036214,165-001268,Sample Business Label c7e76260,Purchased,Production Project Purchase Request,Sample Business Label 14d1364a,1284.0000,1284.0000,2026-02-05,2026-02-05,2026-02-05,2026-02-26,2026-02-26,2026-02-26,MRP-20251218-00000100,1284.0000,,2025-12-19 19:50:23,Zhu Jieqian,YCD2025121600000034,Sample Business Label ae093165,2025-12-18 20:23:17
JHJY-20251218-00036215,165-001268,Sample Business Label c7e76260,Purchased,Production Project Purchase Request,Sample Business Label 14d1364a,192.0000,192.0000,2026-02-05,2026-02-05,2026-02-05,2026-02-26,2026-02-26,2026-02-26,MRP-20251218-00000100,192.0000,,2025-12-19 19:50:23,Zhu Jieqian,YCD2025121600000034,Sample Business Label ae093165,2025-12-18 20:23:17
JHJY-20251218-00036228,165-001296,Sample Business Label d1f4b1f6,Purchased,Production Project Purchase Request,Sample Business Label 14d1364a,1846.0000,1846.0000,2026-01-08,2026-01-08,2026-01-08,2026-01-29,2026-01-29,2026-01-29,MRP-20251218-00000100,1846.0000,,2025-12-19 19:50:23,Zhu Jieqian,YCD2025121600000033,Sample Business Label ae093165,2025-12-18 20:23:17
JHJY-20251218-00036229,165-001296,Sample Business Label d1f4b1f6,Purchased,Production Project Purchase Request,Sample Business Label 14d1364a,48.0000,48.0000,2026-02-05,2026-02-05,2026-02-05,2026-02-26,2026-02-26,2026-02-26,MRP-20251218-00000100,48.0000,,2025-12-19 19:50:23,Zhu Jieqian,YCD2025121600000034,Sample Business Label ae093165,2025-12-18 20:23:17
JHJY-20251218-00036230,165-001296,Sample Business Label d1f4b1f6,Purchased,Production Project Purchase Request,Sample Business Label 14d1364a,1284.0000,1284.0000,2026-02-05,2026-02-05,2026-02-05,2026-02-26,2026-02-26,2026-02-26,MRP-20251218-00000100,1284.0000,,2025-12-19 19:50:23,Zhu Jieqian,YCD2025121600000034,Sample Business Label ae093165,2025-12-18 20:23:17
JHJY-20251218-00036231,165-001296,Sample Business Label d1f4b1f6,Purchased,Production Project Purchase Request,Sample Business Label 14d1364a,192.0000,192.0000,2026-02-05,2026-02-05,2026-02-05,2026-02-26,2026-02-26,2026-02-26,MRP-20251218-00000100,192.0000,,2025-12-19 19:50:23,Zhu Jieqian,YCD2025121600000034,Sample Business Label ae093165,2025-12-18 20:23:17
JHJY-20251218-00036234,165-000837,Sample Business Label c42741f4,Purchased,Production Project Purchase Request,Sample Business Label 14d1364a,2084.0000,2084.0000,2026-01-15,2026-01-15,2026-01-15,2026-01-29,2026-01-29,2026-01-29,MRP-20251218-00000100,2084.0000,,2025-12-19 19:50:23,Zhu Jieqian,YCD2025121600000033,Sample Business Label ae093165,2025-12-18 20:23:17
JHJY-20251218-00036235,165-000837,Sample Business Label c42741f4,Purchased,Production Project Purchase Request,Sample Business Label 14d1364a,48.0000,48.0000,2026-02-12,2026-02-12,2026-02-12,2026-02-26,2026-02-26,2026-02-26,MRP-20251218-00000100,48.0000,,2025-12-19 19:50:23,Zhu Jieqian,YCD2025121600000034,Sample Business Label ae093165,2025-12-18 20:23:17
JHJY-20251218-00036236,165-000837,Sample Business Label c42741f4,Purchased,Production Project Purchase Request,Sample Business Label 14d1364a,1284.0000,1284.0000,2026-02-12,2026-02-12,2026-02-12,2026-02-26,2026-02-26,2026-02-26,MRP-20251218-00000100,1284.0000,,2025-12-19 19:50:23,Zhu Jieqian,YCD2025121600000034,Sample Business Label ae093165,2025-12-18 20:23:17
JHJY-20251218-00036237,165-000837,Sample Business Label c42741f4,Purchased,Production Project Purchase Request,Sample Business Label 14d1364a,192.0000,192.0000,2026-02-12,2026-02-12,2026-02-12,2026-02-26,2026-02-26,2026-02-26,MRP-20251218-00000100,192.0000,,2025-12-19 19:50:23,Zhu Jieqian,YCD2025121600000034,Sample Business Label ae093165,2025-12-18 20:23:17
JHJY-20251218-00036270,165-000266,Sample Business Label 9d539d7f,Purchased,Production Project Purchase Request,Sample Business Label 14d1364a,773.0000,773.0000,2026-01-08,2026-01-08,2026-01-08,2026-01-29,2026-01-29,2026-01-29,MRP-20251218-00000100,773.0000,,2025-12-19 21:21:17,Zhu Jieqian,YCD2025121600000033,Sample Business Label ae093165,2025-12-18 20:23:17
JHJY-20251218-00036271,165-000266,Sample Business Label 9d539d7f,Purchased,Production Project Purchase Request,Sample Business Label 14d1364a,4032.0000,4032.0000,2026-02-05,2026-02-05,2026-02-05,2026-02-26,2026-02-26,2026-02-26,MRP-20251218-00000100,4032.0000,,2025-12-19 21:21:17,Zhu Jieqian,YCD2025121600000034,Sample Business Label ae093165,2025-12-18 20:23:17
JHJY-20251218-00036273,165-000266,Sample Business Label 9d539d7f,Purchased,Production Project Purchase Request,Sample Business Label 14d1364a,240.0000,240.0000,2026-02-05,2026-02-05,2026-02-05,2026-02-26,2026-02-26,2026-02-26,MRP-20251218-00000100,240.0000,,2025-12-19 21:21:17,Zhu Jieqian,YCD2025121600000034,Sample Business Label ae093165,2025-12-18 20:23:17
JHJY-20251218-00036274,165-000266,Sample Business Label 9d539d7f,Purchased,Production Project Purchase Request,Sample Business Label 14d1364a,6420.0000,6420.0000,2026-02-05,2026-02-05,2026-02-05,2026-02-26,2026-02-26,2026-02-26,MRP-20251218-00000100,6420.0000,,2025-12-19 21:21:17,Zhu Jieqian,YCD2025121600000034,Sample Business Label ae093165,2025-12-18 20:23:17
JHJY-20251218-00036272,165-000266,Sample Business Label 9d539d7f,Purchased,Production Project Purchase Request,Sample Business Label 14d1364a,4287.0000,4287.0000,2026-02-05,2026-02-05,2026-02-05,2026-02-26,2026-02-26,2026-02-26,MRP-20251218-00000100,4287.0000,,2025-12-19 21:21:17,Zhu Jieqian,YCD2025121600000034,Sample Business Label ae093165,2025-12-18 20:23:17
JHJY-20251218-00036275,165-000266,Sample Business Label 9d539d7f,Purchased,Production Project Purchase Request,Sample Business Label 14d1364a,960.0000,960.0000,2026-02-05,2026-02-05,2026-02-05,2026-02-26,2026-02-26,2026-02-26,MRP-20251218-00000100,960.0000,,2025-12-19 21:21:17,Zhu Jieqian,YCD2025121600000034,Sample Business Label ae093165,2025-12-18 20:23:17
JHJY-20251218-00036292,165-000721,Sample Business Label 16a2a3a1,Purchased,Production Project Purchase Request,Sample Business Label 14d1364a,2012.0000,2012.0000,2026-01-15,2026-01-15,2026-01-15,2026-01-29,2026-01-29,2026-01-29,MRP-20251218-00000100,2012.0000,,2025-12-19 21:21:17,Zhu Jieqian,YCD2025121600000033,Sample Business Label ae093165,2025-12-18 20:23:17
JHJY-20251218-00036293,165-000721,Sample Business Label 16a2a3a1,Purchased,Production Project Purchase Request,Sample Business Label 14d1364a,20.0000,20.0000,2026-01-16,2026-01-16,2026-01-16,2026-01-30,2026-01-30,2026-01-30,MRP-20251218-00000100,20.0000,,2025-12-19 21:21:17,Zhu Jieqian,YCD2025121600000033,Sample Business Label ae093165,2025-12-18 20:23:17
JHJY-20251218-00036294,165-000721,Sample Business Label 16a2a3a1,Purchased,Production Project Purchase Request,Sample Business Label 14d1364a,50.0000,50.0000,2026-01-16,2026-01-16,2026-01-16,2026-01-30,2026-01-30,2026-01-30,MRP-20251218-00000100,50.0000,,2025-12-19 21:21:17,Zhu Jieqian,YCD2025121600000033,Sample Business Label ae093165,2025-12-18 20:23:17
JHJY-20251218-00036296,165-000721,Sample Business Label 16a2a3a1,Purchased,Production Project Purchase Request,Sample Business Label 14d1364a,96.0000,96.0000,2026-02-12,2026-02-12,2026-02-12,2026-02-26,2026-02-26,2026-02-26,MRP-20251218-00000100,96.0000,,2025-12-19 21:21:17,Zhu Jieqian,YCD2025121600000034,Sample Business Label ae093165,2025-12-18 20:23:17
JHJY-20251218-00036295,165-000721,Sample Business Label 16a2a3a1,Purchased,Production Project Purchase Request,Sample Business Label 14d1364a,42.0000,42.0000,2026-02-11,2026-02-11,2026-02-11,2026-02-25,2026-02-25,2026-02-25,MRP-20251218-00000100,42.0000,,2025-12-19 21:21:17,Zhu Jieqian,YCD2025121600000034,Sample Business Label ae093165,2025-12-18 20:23:17
JHJY-20251218-00036297,165-000721,Sample Business Label 16a2a3a1,Purchased,Production Project Purchase Request,Sample Business Label 14d1364a,2568.0000,2568.0000,2026-02-12,2026-02-12,2026-02-12,2026-02-26,2026-02-26,2026-02-26,MRP-20251218-00000100,2568.0000,,2025-12-19 21:21:17,Zhu Jieqian,YCD2025121600000034,Sample Business Label ae093165,2025-12-18 20:23:17
JHJY-20251218-00036298,165-000721,Sample Business Label 16a2a3a1,Purchased,Production Project Purchase Request,Sample Business Label 14d1364a,384.0000,384.0000,2026-02-12,2026-02-12,2026-02-12,2026-02-26,2026-02-26,2026-02-26,MRP-20251218-00000100,384.0000,,2025-12-19 21:21:17,Zhu Jieqian,YCD2025121600000034,Sample Business Label ae093165,2025-12-18 20:23:17
JHJY-20251218-00036303,165-000729,Sample Business Label dc070e0b,Purchased,Production Project Purchase Request,Sample Business Label 14d1364a,1903.0000,1903.0000,2026-01-15,2026-01-15,2026-01-15,2026-01-29,2026-01-29,2026-01-29,MRP-20251218-00000100,1903.0000,,2025-12-19 19:50:23,Zhu Jieqian,YCD2025121600000033,Sample Business Label ae093165,2025-12-18 20:23:17
JHJY-20251218-00036305,165-000729,Sample Business Label dc070e0b,Purchased,Production Project Purchase Request,Sample Business Label 14d1364a,1284.0000,1284.0000,2026-02-12,2026-02-12,2026-02-12,2026-02-26,2026-02-26,2026-02-26,MRP-20251218-00000100,1284.0000,,2025-12-19 19:50:23,Zhu Jieqian,YCD2025121600000034,Sample Business Label ae093165,2025-12-18 20:23:17
JHJY-20251218-00036304,165-000729,Sample Business Label dc070e0b,Purchased,Production Project Purchase Request,Sample Business Label 14d1364a,48.0000,48.0000,2026-02-12,2026-02-12,2026-02-12,2026-02-26,2026-02-26,2026-02-26,MRP-20251218-00000100,48.0000,,2025-12-19 19:50:23,Zhu Jieqian,YCD2025121600000034,Sample Business Label ae093165,2025-12-18 20:23:17
JHJY-20251218-00036306,165-000729,Sample Business Label dc070e0b,Purchased,Production Project Purchase Request,Sample Business Label 14d1364a,192.0000,192.0000,2026-02-12,2026-02-12,2026-02-12,2026-02-26,2026-02-26,2026-02-26,MRP-20251218-00000100,192.0000,,2025-12-19 19:50:23,Zhu Jieqian,YCD2025121600000034,Sample Business Label ae093165,2025-12-18 20:23:17
JHJY-20251218-00036348,165-001557,Sample Business Label e6d4301c,Purchased,Production Project Purchase Request,Sample Business Label 14d1364a,1845.0000,1845.0000,2026-01-15,2026-01-15,2026-01-15,2026-01-29,2026-01-29,2026-01-29,MRP-20251218-00000100,1845.0000,,2025-12-19 19:50:23,Zhu Jieqian,YCD2025121600000033,Sample Business Label ae093165,2025-12-18 20:23:17
JHJY-20251218-00036349,165-001557,Sample Business Label e6d4301c,Purchased,Production Project Purchase Request,Sample Business Label 14d1364a,48.0000,48.0000,2026-02-12,2026-02-12,2026-02-12,2026-02-26,2026-02-26,2026-02-26,MRP-20251218-00000100,48.0000,,2025-12-19 19:50:23,Zhu Jieqian,YCD2025121600000034,Sample Business Label ae093165,2025-12-18 20:23:17
JHJY-20251218-00036350,165-001557,Sample Business Label e6d4301c,Purchased,Production Project Purchase Request,Sample Business Label 14d1364a,1284.0000,1284.0000,2026-02-12,2026-02-12,2026-02-12,2026-02-26,2026-02-26,2026-02-26,MRP-20251218-00000100,1284.0000,,2025-12-19 19:50:23,Zhu Jieqian,YCD2025121600000034,Sample Business Label ae093165,2025-12-18 20:23:17
JHJY-20251218-00036351,165-001557,Sample Business Label e6d4301c,Purchased,Production Project Purchase Request,Sample Business Label 14d1364a,192.0000,192.0000,2026-02-12,2026-02-12,2026-02-12,2026-02-26,2026-02-26,2026-02-26,MRP-20251218-00000100,192.0000,,2025-12-19 19:50:23,Zhu Jieqian,YCD2025121600000034,Sample Business Label ae093165,2025-12-18 20:23:17
JHJY-20251218-00036447,165-001485,Sample Business Label 219f8bb9,Purchased,Production Project Purchase Request,Sample Business Label 14d1364a,4182.0000,4182.0000,2026-01-08,2026-01-08,2026-01-08,2026-01-29,2026-01-29,2026-01-29,MRP-20251218-00000100,4182.0000,,2025-12-19 21:21:17,Zhu Jieqian,YCD2025121600000033,Sample Business Label ae093165,2025-12-18 20:23:17
JHJY-20251218-00036449,165-001485,Sample Business Label 219f8bb9,Purchased,Production Project Purchase Request,Sample Business Label 14d1364a,2568.0000,2568.0000,2026-02-05,2026-02-05,2026-02-05,2026-02-26,2026-02-26,2026-02-26,MRP-20251218-00000100,2568.0000,,2025-12-19 21:21:17,Zhu Jieqian,YCD2025121600000034,Sample Business Label ae093165,2025-12-18 20:23:17
JHJY-20251218-00036450,165-001485,Sample Business Label 219f8bb9,Purchased,Production Project Purchase Request,Sample Business Label 14d1364a,384.0000,384.0000,2026-02-05,2026-02-05,2026-02-05,2026-02-26,2026-02-26,2026-02-26,MRP-20251218-00000100,384.0000,,2025-12-19 21:21:17,Zhu Jieqian,YCD2025121600000034,Sample Business Label ae093165,2025-12-18 20:23:17
JHJY-20251218-00036448,165-001485,Sample Business Label 219f8bb9,Purchased,Production Project Purchase Request,Sample Business Label 14d1364a,96.0000,96.0000,2026-02-05,2026-02-05,2026-02-05,2026-02-26,2026-02-26,2026-02-26,MRP-20251218-00000100,96.0000,,2025-12-19 21:21:17,Zhu Jieqian,YCD2025121600000034,Sample Business Label ae093165,2025-12-18 20:23:17
JHJY-20251218-00036475,165-000233,Sample Business Label 53dc7dfc,Purchased,Production Project Purchase Request,Sample Business Label 14d1364a,3321.0000,3321.0000,2026-01-08,2026-01-08,2026-01-08,2026-01-29,2026-01-29,2026-01-29,MRP-20251218-00000100,3321.0000,,2025-12-19 21:21:17,Zhu Jieqian,YCD2025121600000033,Sample Business Label ae093165,2025-12-18 20:23:17
JHJY-20251218-00036476,165-000233,Sample Business Label 53dc7dfc,Purchased,Production Project Purchase Request,Sample Business Label 14d1364a,12.0000,12.0000,2026-01-08,2026-01-08,2026-01-08,2026-01-29,2026-01-29,2026-01-29,MRP-20251218-00000100,12.0000,,2025-12-19 21:21:17,Zhu Jieqian,YCD2025121600000033,Sample Business Label ae093165,2025-12-18 20:23:17
JHJY-20251218-00036477,165-000233,Sample Business Label 53dc7dfc,Purchased,Production Project Purchase Request,Sample Business Label 14d1364a,96.0000,96.0000,2026-01-08,2026-01-08,2026-01-08,2026-01-29,2026-01-29,2026-01-29,MRP-20251218-00000100,96.0000,,2025-12-19 21:21:17,Zhu Jieqian,YCD2025121600000033,Sample Business Label ae093165,2025-12-18 20:23:17
JHJY-20251218-00036478,165-000233,Sample Business Label 53dc7dfc,Purchased,Production Project Purchase Request,Sample Business Label 14d1364a,96.0000,96.0000,2026-02-05,2026-02-05,2026-02-05,2026-02-26,2026-02-26,2026-02-26,MRP-20251218-00000100,96.0000,,2025-12-19 21:21:17,Zhu Jieqian,YCD2025121600000034,Sample Business Label ae093165,2025-12-18 20:23:17
JHJY-20251218-00036479,165-000233,Sample Business Label 53dc7dfc,Purchased,Production Project Purchase Request,Sample Business Label 14d1364a,2568.0000,2568.0000,2026-02-05,2026-02-05,2026-02-05,2026-02-26,2026-02-26,2026-02-26,MRP-20251218-00000100,2568.0000,,2025-12-19 21:21:17,Zhu Jieqian,YCD2025121600000034,Sample Business Label ae093165,2025-12-18 20:23:17
JHJY-20251218-00036480,165-000233,Sample Business Label 53dc7dfc,Purchased,Production Project Purchase Request,Sample Business Label 14d1364a,384.0000,384.0000,2026-02-05,2026-02-05,2026-02-05,2026-02-26,2026-02-26,2026-02-26,MRP-20251218-00000100,384.0000,,2025-12-19 21:21:17,Zhu Jieqian,YCD2025121600000034,Sample Business Label ae093165,2025-12-18 20:23:17
JHJY-20251218-00036491,165-000229,Sample Business Label fd368e2e,Purchased,Production Project Purchase Request,Sample Business Label 14d1364a,3730.0000,3730.0000,2026-02-05,2026-02-05,2026-02-05,2026-02-26,2026-02-26,2026-02-26,MRP-20251218-00000100,3730.0000,,2025-12-19 21:21:17,Zhu Jieqian,YCD2025121600000034,Sample Business Label ae093165,2025-12-18 20:23:17
JHJY-20251218-00036493,165-000229,Sample Business Label fd368e2e,Purchased,Production Project Purchase Request,Sample Business Label 14d1364a,240.0000,240.0000,2026-02-05,2026-02-05,2026-02-05,2026-02-26,2026-02-26,2026-02-26,MRP-20251218-00000100,240.0000,,2025-12-19 21:21:17,Zhu Jieqian,YCD2025121600000034,Sample Business Label ae093165,2025-12-18 20:23:17
JHJY-20251218-00036494,165-000229,Sample Business Label fd368e2e,Purchased,Production Project Purchase Request,Sample Business Label 14d1364a,6420.0000,6420.0000,2026-02-05,2026-02-05,2026-02-05,2026-02-26,2026-02-26,2026-02-26,MRP-20251218-00000100,6420.0000,,2025-12-19 21:21:17,Zhu Jieqian,YCD2025121600000034,Sample Business Label ae093165,2025-12-18 20:23:17
JHJY-20251218-00036492,165-000229,Sample Business Label fd368e2e,Purchased,Production Project Purchase Request,Sample Business Label 14d1364a,4287.0000,4287.0000,2026-02-05,2026-02-05,2026-02-05,2026-02-26,2026-02-26,2026-02-26,MRP-20251218-00000100,4287.0000,,2025-12-19 21:21:17,Zhu Jieqian,YCD2025121600000034,Sample Business Label ae093165,2025-12-18 20:23:17
JHJY-20251218-00036495,165-000229,Sample Business Label fd368e2e,Purchased,Production Project Purchase Request,Sample Business Label 14d1364a,960.0000,960.0000,2026-02-05,2026-02-05,2026-02-05,2026-02-26,2026-02-26,2026-02-26,MRP-20251218-00000100,960.0000,,2025-12-19 21:21:17,Zhu Jieqian,YCD2025121600000034,Sample Business Label ae093165,2025-12-18 20:23:17
JHJY-20251218-00036528,849-000025,Sample Business Label 1f07f663,Purchased,Production Project Purchase Request,Sample Business Label 14d1364a,3841.0000,3841.0000,2026-01-14,2026-01-14,2026-01-14,2026-01-29,2026-01-29,2026-01-29,MRP-20251218-00000100,3841.0000,,2025-12-19 21:21:17,Zhu Jieqian,YCD2025121600000033,Sample Business Label ae093165,2025-12-18 20:23:17
JHJY-20251218-00036529,849-000025,Sample Business Label 1f07f663,Purchased,Production Project Purchase Request,Sample Business Label 14d1364a,96.0000,96.0000,2026-02-11,2026-02-11,2026-02-11,2026-02-26,2026-02-26,2026-02-26,MRP-20251218-00000100,96.0000,,2025-12-19 21:21:17,Zhu Jieqian,YCD2025121600000034,Sample Business Label ae093165,2025-12-18 20:23:17
JHJY-20251218-00036531,849-000025,Sample Business Label 1f07f663,Purchased,Production Project Purchase Request,Sample Business Label 14d1364a,384.0000,384.0000,2026-02-11,2026-02-11,2026-02-11,2026-02-26,2026-02-26,2026-02-26,MRP-20251218-00000100,384.0000,,2025-12-19 21:21:17,Zhu Jieqian,YCD2025121600000034,Sample Business Label ae093165,2025-12-18 20:23:17
JHJY-20251218-00036530,849-000025,Sample Business Label 1f07f663,Purchased,Production Project Purchase Request,Sample Business Label 14d1364a,2568.0000,2568.0000,2026-02-11,2026-02-11,2026-02-11,2026-02-26,2026-02-26,2026-02-26,MRP-20251218-00000100,2568.0000,,2025-12-19 21:21:17,Zhu Jieqian,YCD2025121600000034,Sample Business Label ae093165,2025-12-18 20:23:17
JHJY-20251218-00036537,165-001560,Sample Business Label b99d0537,Purchased,Production Project Purchase Request,Sample Business Label 14d1364a,1922.0000,1922.0000,2026-01-15,2026-01-15,2026-01-15,2026-01-29,2026-01-29,2026-01-29,MRP-20251218-00000100,1922.0000,,2025-12-19 19:50:23,Zhu Jieqian,YCD2025121600000033,Sample Business Label ae093165,2025-12-18 20:23:17
JHJY-20251218-00036538,165-001560,Sample Business Label b99d0537,Purchased,Production Project Purchase Request,Sample Business Label 14d1364a,48.0000,48.0000,2026-02-12,2026-02-12,2026-02-12,2026-02-26,2026-02-26,2026-02-26,MRP-20251218-00000100,48.0000,,2025-12-19 19:50:23,Zhu Jieqian,YCD2025121600000034,Sample Business Label ae093165,2025-12-18 20:23:17
JHJY-20251218-00036539,165-001560,Sample Business Label b99d0537,Purchased,Production Project Purchase Request,Sample Business Label 14d1364a,1284.0000,1284.0000,2026-02-12,2026-02-12,2026-02-12,2026-02-26,2026-02-26,2026-02-26,MRP-20251218-00000100,1284.0000,,2025-12-19 19:50:23,Zhu Jieqian,YCD2025121600000034,Sample Business Label ae093165,2025-12-18 20:23:17
JHJY-20251218-00036540,165-001560,Sample Business Label b99d0537,Purchased,Production Project Purchase Request,Sample Business Label 14d1364a,192.0000,192.0000,2026-02-12,2026-02-12,2026-02-12,2026-02-26,2026-02-26,2026-02-26,MRP-20251218-00000100,192.0000,,2025-12-19 19:50:23,Zhu Jieqian,YCD2025121600000034,Sample Business Label ae093165,2025-12-18 20:23:17
JHJY-20251218-00036541,165-001562,Sample Business Label a1a2866c,Purchased,Production Project Purchase Request,Sample Business Label 14d1364a,1922.0000,1922.0000,2026-01-15,2026-01-15,2026-01-15,2026-01-29,2026-01-29,2026-01-29,MRP-20251218-00000100,1922.0000,,2025-12-19 19:50:23,Zhu Jieqian,YCD2025121600000033,Sample Business Label ae093165,2025-12-18 20:23:17
JHJY-20251218-00036542,165-001562,Sample Business Label a1a2866c,Purchased,Production Project Purchase Request,Sample Business Label 14d1364a,48.0000,48.0000,2026-02-12,2026-02-12,2026-02-12,2026-02-26,2026-02-26,2026-02-26,MRP-20251218-00000100,48.0000,,2025-12-19 19:50:23,Zhu Jieqian,YCD2025121600000034,Sample Business Label ae093165,2025-12-18 20:23:17
JHJY-20251218-00036543,165-001562,Sample Business Label a1a2866c,Purchased,Production Project Purchase Request,Sample Business Label 14d1364a,1284.0000,1284.0000,2026-02-12,2026-02-12,2026-02-12,2026-02-26,2026-02-26,2026-02-26,MRP-20251218-00000100,1284.0000,,2025-12-19 19:50:23,Zhu Jieqian,YCD2025121600000034,Sample Business Label ae093165,2025-12-18 20:23:17
JHJY-20251218-00036544,165-001562,Sample Business Label a1a2866c,Purchased,Production Project Purchase Request,Sample Business Label 14d1364a,192.0000,192.0000,2026-02-12,2026-02-12,2026-02-12,2026-02-26,2026-02-26,2026-02-26,MRP-20251218-00000100,192.0000,,2025-12-19 19:50:23,Zhu Jieqian,YCD2025121600000034,Sample Business Label ae093165,2025-12-18 20:23:17
JHJY-20251218-00036555,165-001558,Sample Business Label a9bfc4da,Purchased,Production Project Purchase Request,Sample Business Label 14d1364a,1922.0000,1922.0000,2026-01-15,2026-01-15,2026-01-15,2026-01-29,2026-01-29,2026-01-29,MRP-20251218-00000100,1922.0000,,2025-12-19 19:50:23,Zhu Jieqian,YCD2025121600000033,Sample Business Label ae093165,2025-12-18 20:23:17
JHJY-20251218-00036556,165-001558,Sample Business Label a9bfc4da,Purchased,Production Project Purchase Request,Sample Business Label 14d1364a,48.0000,48.0000,2026-02-12,2026-02-12,2026-02-12,2026-02-26,2026-02-26,2026-02-26,MRP-20251218-00000100,48.0000,,2025-12-19 19:50:23,Zhu Jieqian,YCD2025121600000034,Sample Business Label ae093165,2025-12-18 20:23:17
JHJY-20251218-00036557,165-001558,Sample Business Label a9bfc4da,Purchased,Production Project Purchase Request,Sample Business Label 14d1364a,1284.0000,1284.0000,2026-02-12,2026-02-12,2026-02-12,2026-02-26,2026-02-26,2026-02-26,MRP-20251218-00000100,1284.0000,,2025-12-19 19:50:23,Zhu Jieqian,YCD2025121600000034,Sample Business Label ae093165,2025-12-18 20:23:17
JHJY-20251218-00036558,165-001558,Sample Business Label a9bfc4da,Purchased,Production Project Purchase Request,Sample Business Label 14d1364a,192.0000,192.0000,2026-02-12,2026-02-12,2026-02-12,2026-02-26,2026-02-26,2026-02-26,MRP-20251218-00000100,192.0000,,2025-12-19 19:50:23,Zhu Jieqian,YCD2025121600000034,Sample Business Label ae093165,2025-12-18 20:23:17
JHJY-20251218-00036560,994-000241,Sample Business Label 046fa94b,Purchased,Production Project Purchase Request,Sample Business Label 14d1364a,1784.0000,1784.0000,2025-12-25,2025-12-25,2025-12-25,2026-01-29,2026-01-29,2026-01-29,MRP-20251218-00000100,1784.0000,,2025-12-19 19:50:23,Zhu Jieqian,YCD2025121600000033,Sample Business Label ae093165,2025-12-18 20:23:17
JHJY-20251218-00036561,994-000241,Sample Business Label 046fa94b,Purchased,Production Project Purchase Request,Sample Business Label 14d1364a,48.0000,48.0000,2026-01-22,2026-01-22,2026-01-22,2026-02-26,2026-02-26,2026-02-26,MRP-20251218-00000100,48.0000,,2025-12-19 19:50:23,Zhu Jieqian,YCD2025121600000034,Sample Business Label ae093165,2025-12-18 20:23:17
JHJY-20251218-00036562,994-000241,Sample Business Label 046fa94b,Purchased,Production Project Purchase Request,Sample Business Label 14d1364a,1284.0000,1284.0000,2026-01-22,2026-01-22,2026-01-22,2026-02-26,2026-02-26,2026-02-26,MRP-20251218-00000100,1284.0000,,2025-12-19 19:50:23,Zhu Jieqian,YCD2025121600000034,Sample Business Label ae093165,2025-12-18 20:23:17
JHJY-20251218-00036563,994-000241,Sample Business Label 046fa94b,Purchased,Production Project Purchase Request,Sample Business Label 14d1364a,192.0000,192.0000,2026-01-22,2026-01-22,2026-01-22,2026-02-26,2026-02-26,2026-02-26,MRP-20251218-00000100,192.0000,,2025-12-19 19:50:23,Zhu Jieqian,YCD2025121600000034,Sample Business Label ae093165,2025-12-18 20:23:17
JHJY-20251218-00037682,849-000203,Sample Business Label a2d52938,Purchased,Production Project Purchase Request,Sample Business Label 14d1364a,37217.0000,37217.0000,2026-01-14,2026-01-14,2026-01-14,2026-01-29,2026-01-29,2026-01-29,MRP-20251218-00000100,37217.0000,,2025-12-19 21:21:17,Zhu Jieqian,YCD2025121600000033,Sample Business Label ae093165,2025-12-18 20:23:17
JHJY-20251218-00037683,849-000203,Sample Business Label a2d52938,Purchased,Production Project Purchase Request,Sample Business Label 14d1364a,864.0000,864.0000,2026-02-11,2026-02-11,2026-02-11,2026-02-26,2026-02-26,2026-02-26,MRP-20251218-00000100,864.0000,,2025-12-19 21:21:17,Zhu Jieqian,YCD2025121600000034,Sample Business Label ae093165,2025-12-18 20:23:17
JHJY-20251218-00037684,849-000203,Sample Business Label a2d52938,Purchased,Production Project Purchase Request,Sample Business Label 14d1364a,23112.0000,23112.0000,2026-02-11,2026-02-11,2026-02-11,2026-02-26,2026-02-26,2026-02-26,MRP-20251218-00000100,23112.0000,,2025-12-19 21:21:17,Zhu Jieqian,YCD2025121600000034,Sample Business Label ae093165,2025-12-18 20:23:17
JHJY-20251218-00037685,849-000203,Sample Business Label a2d52938,Purchased,Production Project Purchase Request,Sample Business Label 14d1364a,3456.0000,3456.0000,2026-02-11,2026-02-11,2026-02-11,2026-02-26,2026-02-26,2026-02-26,MRP-20251218-00000100,3456.0000,,2025-12-19 21:21:17,Zhu Jieqian,YCD2025121600000034,Sample Business Label ae093165,2025-12-18 20:23:17
JHJY-20251218-00038135,849-000717,Sample Business Label 8b69d1b1,Purchased,Production Project Purchase Request,Sample Business Label 14d1364a,1232.0000,1232.0000,2026-02-20,2026-02-20,2026-02-20,2026-02-25,2026-02-25,2026-02-25,MRP-20251218-00000100,1232.0000,,2025-12-19 21:21:17,Zhu Jieqian,YCD2025121600000034,Sample Business Label ae093165,2025-12-18 20:23:17
JHJY-20251218-00038136,849-000717,Sample Business Label 8b69d1b1,Purchased,Production Project Purchase Request,Sample Business Label 14d1364a,228.0000,228.0000,2026-02-20,2026-02-20,2026-02-20,2026-02-25,2026-02-25,2026-02-25,MRP-20251218-00000100,228.0000,,2025-12-19 21:21:17,Zhu Jieqian,YCD2025121600000034,Sample Business Label ae093165,2025-12-18 20:23:17
JHJY-20251218-00038138,849-000717,Sample Business Label 8b69d1b1,Purchased,Production Project Purchase Request,Sample Business Label 14d1364a,1344.0000,1344.0000,2026-02-21,2026-02-21,2026-02-21,2026-02-26,2026-02-26,2026-02-26,MRP-20251218-00000100,1344.0000,,2025-12-19 21:21:17,Zhu Jieqian,YCD2025121600000034,Sample Business Label ae093165,2025-12-18 20:23:17
JHJY-20251218-00038139,849-000717,Sample Business Label 8b69d1b1,Purchased,Production Project Purchase Request,Sample Business Label 14d1364a,1429.0000,1429.0000,2026-02-21,2026-02-21,2026-02-21,2026-02-26,2026-02-26,2026-02-26,MRP-20251218-00000100,1429.0000,,2025-12-19 21:21:17,Zhu Jieqian,YCD2025121600000034,Sample Business Label ae093165,2025-12-18 20:23:17
JHJY-20251218-00038140,849-000717,Sample Business Label 8b69d1b1,Purchased,Production Project Purchase Request,Sample Business Label 14d1364a,1344.0000,1344.0000,2026-02-21,2026-02-21,2026-02-21,2026-02-26,2026-02-26,2026-02-26,MRP-20251218-00000100,1344.0000,,2025-12-19 21:21:17,Zhu Jieqian,YCD2025121600000034,Sample Business Label ae093165,2025-12-18 20:23:17
JHJY-20251218-00038137,849-000717,Sample Business Label 8b69d1b1,Purchased,Production Project Purchase Request,Sample Business Label 14d1364a,42.0000,42.0000,2026-02-20,2026-02-20,2026-02-20,2026-02-25,2026-02-25,2026-02-25,MRP-20251218-00000100,42.0000,,2025-12-19 21:21:17,Zhu Jieqian,YCD2025121600000034,Sample Business Label ae093165,2025-12-18 20:23:17
JHJY-20251218-00038284,849-000700,Sample Business Label e708220f,Purchased,Production Project Purchase Request,Sample Business Label 14d1364a,3371.0000,3371.0000,2026-02-10,2026-02-10,2026-02-10,2026-02-25,2026-02-25,2026-02-25,MRP-20251218-00000100,3371.0000,,2025-12-19 21:21:17,Zhu Jieqian,YCD2025121600000034,Sample Business Label ae093165,2025-12-18 20:23:17
JHJY-20251218-00038285,849-000700,Sample Business Label e708220f,Purchased,Production Project Purchase Request,Sample Business Label 14d1364a,24564.0000,24564.0000,2026-02-10,2026-02-10,2026-02-10,2026-02-25,2026-02-25,2026-02-25,MRP-20251218-00000100,24564.0000,,2025-12-19 21:21:17,Zhu Jieqian,YCD2025121600000034,Sample Business Label ae093165,2025-12-18 20:23:17
JHJY-20251218-00038287,849-000700,Sample Business Label e708220f,Purchased,Production Project Purchase Request,Sample Business Label 14d1364a,2736.0000,2736.0000,2026-02-10,2026-02-10,2026-02-10,2026-02-25,2026-02-25,2026-02-25,MRP-20251218-00000100,2736.0000,,2025-12-19 21:21:17,Zhu Jieqian,YCD2025121600000034,Sample Business Label ae093165,2025-12-18 20:23:17
JHJY-20251218-00038286,849-000700,Sample Business Label e708220f,Purchased,Production Project Purchase Request,Sample Business Label 14d1364a,504.0000,504.0000,2026-02-10,2026-02-10,2026-02-10,2026-02-25,2026-02-25,2026-02-25,MRP-20251218-00000100,504.0000,,2025-12-19 21:21:17,Zhu Jieqian,YCD2025121600000034,Sample Business Label ae093165,2025-12-18 20:23:17
JHJY-20251218-00038289,849-000700,Sample Business Label e708220f,Purchased,Production Project Purchase Request,Sample Business Label 14d1364a,5376.0000,5376.0000,2026-02-10,2026-02-10,2026-02-10,2026-02-25,2026-02-25,2026-02-25,MRP-20251218-00000100,5376.0000,,2025-12-19 21:21:17,Zhu Jieqian,YCD2025121600000034,Sample Business Label ae093165,2025-12-18 20:23:17
JHJY-20251218-00038288,849-000700,Sample Business Label e708220f,Purchased,Production Project Purchase Request,Sample Business Label 14d1364a,1932.0000,1932.0000,2026-02-10,2026-02-10,2026-02-10,2026-02-25,2026-02-25,2026-02-25,MRP-20251218-00000100,1932.0000,,2025-12-19 21:21:17,Zhu Jieqian,YCD2025121600000034,Sample Business Label ae093165,2025-12-18 20:23:17
JHJY-20260331-00045861,883-000078,Sample Business Label aef50034,In-house,Sample Business Label 68d7a178,Sample Business Label 14d1364a,820.0000,2000.0000,2026-04-02,2026-03-24,2026-04-02,2026-03-25,2026-04-03,2026-04-03,MRP-20260318-00000114,2000.0000,,2026-03-31 17:30:54,Zhu Jieqian,,Sample Business Label ae093165,2026-03-18 09:59:13
JHJY-20251218-00038290,849-000700,Sample Business Label e708220f,Purchased,Production Project Purchase Request,Sample Business Label 14d1364a,13440.0000,13440.0000,2026-02-11,2026-02-11,2026-02-11,2026-02-26,2026-02-26,2026-02-26,MRP-20251218-00000100,13440.0000,,2025-12-19 21:21:17,Zhu Jieqian,YCD2025121600000034,Sample Business Label ae093165,2025-12-18 20:23:17
JHJY-20251218-00038291,849-000700,Sample Business Label e708220f,Purchased,Production Project Purchase Request,Sample Business Label 14d1364a,14290.0000,14290.0000,2026-02-11,2026-02-11,2026-02-11,2026-02-26,2026-02-26,2026-02-26,MRP-20251218-00000100,14290.0000,,2025-12-19 21:21:17,Zhu Jieqian,YCD2025121600000034,Sample Business Label ae093165,2025-12-18 20:23:17
JHJY-20251218-00038292,849-000700,Sample Business Label e708220f,Purchased,Production Project Purchase Request,Sample Business Label 14d1364a,1968.0000,1968.0000,2026-02-11,2026-02-11,2026-02-11,2026-02-26,2026-02-26,2026-02-26,MRP-20251218-00000100,1968.0000,,2025-12-19 21:21:17,Zhu Jieqian,YCD2025121600000034,Sample Business Label ae093165,2025-12-18 20:23:17
JHJY-20251218-00038293,849-000700,Sample Business Label e708220f,Purchased,Production Project Purchase Request,Sample Business Label 14d1364a,52644.0000,52644.0000,2026-02-11,2026-02-11,2026-02-11,2026-02-26,2026-02-26,2026-02-26,MRP-20251218-00000100,52644.0000,,2025-12-19 21:21:17,Zhu Jieqian,YCD2025121600000034,Sample Business Label ae093165,2025-12-18 20:23:17
JHJY-20251218-00038294,849-000700,Sample Business Label e708220f,Purchased,Production Project Purchase Request,Sample Business Label 14d1364a,7872.0000,7872.0000,2026-02-11,2026-02-11,2026-02-11,2026-02-26,2026-02-26,2026-02-26,MRP-20251218-00000100,7872.0000,,2025-12-19 21:21:17,Zhu Jieqian,YCD2025121600000034,Sample Business Label ae093165,2025-12-18 20:23:17
JHJY-20251218-00038295,849-000700,Sample Business Label e708220f,Purchased,Production Project Purchase Request,Sample Business Label 14d1364a,16128.0000,16128.0000,2026-02-11,2026-02-11,2026-02-11,2026-02-26,2026-02-26,2026-02-26,MRP-20251218-00000100,16128.0000,,2025-12-19 21:21:17,Zhu Jieqian,YCD2025121600000034,Sample Business Label ae093165,2025-12-18 20:23:17
JHJY-20251229-00039101,363-000204,Sample Business Label d7960851,Purchased,Production Project Purchase Request,Sample Business Label 14d1364a,909.0000,909.0000,2025-12-29,2025-12-29,2025-12-29,2025-12-29,2025-12-29,2025-12-29,MRP-20251229-00000103,909.0000,,2025-12-29 14:40:32,Zhu Jieqian,YCD2025122900000038,Sample Business Label ae093165,2025-12-29 14:35:13
JHJY-20251229-00039109,838-000356,Sample Business Label bc25c9db,Purchased,Production Project Purchase Request,Sample Business Label 14d1364a,2643.0000,2643.0000,2025-12-29,2025-12-29,2025-12-29,2025-12-29,2025-12-29,2025-12-29,MRP-20251229-00000103,2643.0000,,2025-12-29 14:40:32,Zhu Jieqian,YCD2025122900000038,Sample Business Label ae093165,2025-12-29 14:35:13
JHJY-20251229-00039110,838-000356,Sample Business Label bc25c9db,Purchased,Production Project Purchase Request,Sample Business Label 14d1364a,903.0000,903.0000,2025-12-29,2025-12-29,2025-12-29,2025-12-29,2025-12-29,2025-12-29,MRP-20251229-00000103,903.0000,,2025-12-29 14:40:32,Zhu Jieqian,YCD2025122900000038,Sample Business Label ae093165,2025-12-29 14:35:13
JHJY-20251229-00039111,838-000356,Sample Business Label bc25c9db,Purchased,Production Project Purchase Request,Sample Business Label 14d1364a,3000.0000,3000.0000,2025-12-29,2025-12-29,2025-12-29,2025-12-29,2025-12-29,2025-12-29,MRP-20251229-00000103,3000.0000,,2025-12-29 14:40:32,Zhu Jieqian,YCD2025122900000038,Sample Business Label ae093165,2025-12-29 14:35:13
JHJY-20251229-00039115,363-000209,Sample Business Label c5812ca7,Purchased,Production Project Purchase Request,Sample Business Label 14d1364a,6078.0000,6078.0000,2025-12-29,2025-12-29,2025-12-29,2025-12-29,2025-12-29,2025-12-29,MRP-20251229-00000103,6078.0000,,2025-12-29 14:40:32,Zhu Jieqian,YCD2025122900000038,Sample Business Label ae093165,2025-12-29 14:35:13
JHJY-20251229-00039116,363-000209,Sample Business Label c5812ca7,Purchased,Production Project Purchase Request,Sample Business Label 14d1364a,903.0000,903.0000,2025-12-29,2025-12-29,2025-12-29,2025-12-29,2025-12-29,2025-12-29,MRP-20251229-00000103,903.0000,,2025-12-29 14:40:32,Zhu Jieqian,YCD2025122900000038,Sample Business Label ae093165,2025-12-29 14:35:13
JHJY-20251229-00039117,363-000209,Sample Business Label c5812ca7,Purchased,Production Project Purchase Request,Sample Business Label 14d1364a,3000.0000,3000.0000,2025-12-29,2025-12-29,2025-12-29,2025-12-29,2025-12-29,2025-12-29,MRP-20251229-00000103,3000.0000,,2025-12-29 14:40:32,Zhu Jieqian,YCD2025122900000038,Sample Business Label ae093165,2025-12-29 14:35:13
JHJY-20251229-00039118,363-000206,Sample Business Label 6e557c3e,Purchased,Production Project Purchase Request,Sample Business Label 14d1364a,1737.0000,1737.0000,2025-12-29,2025-12-29,2025-12-29,2025-12-29,2025-12-29,2025-12-29,MRP-20251229-00000103,1737.0000,,2025-12-29 14:40:32,Zhu Jieqian,YCD2025122900000038,Sample Business Label ae093165,2025-12-29 14:35:13
JHJY-20251229-00039119,363-000207,Sample Business Label c5ffd815,Purchased,Production Project Purchase Request,Sample Business Label 14d1364a,9711.0000,9711.0000,2025-12-29,2025-12-29,2025-12-29,2025-12-29,2025-12-29,2025-12-29,MRP-20251229-00000103,9711.0000,,2025-12-29 14:40:32,Zhu Jieqian,YCD2025122900000038,Sample Business Label ae093165,2025-12-29 14:35:13
JHJY-20251229-00039120,363-000207,Sample Business Label c5ffd815,Purchased,Production Project Purchase Request,Sample Business Label 14d1364a,903.0000,903.0000,2025-12-29,2025-12-29,2025-12-29,2025-12-29,2025-12-29,2025-12-29,MRP-20251229-00000103,903.0000,,2025-12-29 14:40:32,Zhu Jieqian,YCD2025122900000038,Sample Business Label ae093165,2025-12-29 14:35:13
JHJY-20251229-00039121,363-000207,Sample Business Label c5ffd815,Purchased,Production Project Purchase Request,Sample Business Label 14d1364a,3000.0000,3000.0000,2025-12-29,2025-12-29,2025-12-29,2025-12-29,2025-12-29,2025-12-29,MRP-20251229-00000103,3000.0000,,2025-12-29 14:40:32,Zhu Jieqian,YCD2025122900000038,Sample Business Label ae093165,2025-12-29 14:35:13
JHJY-20251229-00039128,165-000242,Sample Business Label 7cc8267f,Purchased,Production Project Purchase Request,Sample Business Label 14d1364a,2310.0000,2310.0000,2025-12-29,2025-12-29,2025-12-29,2025-12-29,2025-12-29,2025-12-29,MRP-20251229-00000103,2310.0000,,2025-12-29 14:40:32,Zhu Jieqian,YCD2025122900000038,Sample Business Label ae093165,2025-12-29 14:35:13
JHJY-20251229-00039129,165-000242,Sample Business Label 7cc8267f,Purchased,Production Project Purchase Request,Sample Business Label 14d1364a,903.0000,903.0000,2025-12-29,2025-12-29,2025-12-29,2025-12-29,2025-12-29,2025-12-29,MRP-20251229-00000103,903.0000,,2025-12-29 14:40:32,Zhu Jieqian,YCD2025122900000038,Sample Business Label ae093165,2025-12-29 14:35:13
JHJY-20251229-00039130,165-000242,Sample Business Label 7cc8267f,Purchased,Production Project Purchase Request,Sample Business Label 14d1364a,3000.0000,3000.0000,2025-12-29,2025-12-29,2025-12-29,2025-12-29,2025-12-29,2025-12-29,MRP-20251229-00000103,3000.0000,,2025-12-29 14:40:32,Zhu Jieqian,YCD2025122900000038,Sample Business Label ae093165,2025-12-29 14:35:13
JHJY-20251229-00039131,606-000057,Sample Business Label 24faa8f6,Purchased,Production Project Purchase Request,Sample Business Label 14d1364a,390.0000,390.0000,2025-12-29,2025-12-29,2025-12-29,2025-12-29,2025-12-29,2025-12-29,MRP-20251229-00000103,390.0000,,2025-12-29 14:40:32,Zhu Jieqian,YCD2025122900000038,Sample Business Label ae093165,2025-12-29 14:35:13
JHJY-20251229-00039132,606-000057,Sample Business Label 24faa8f6,Purchased,Production Project Purchase Request,Sample Business Label 14d1364a,6572.0000,6572.0000,2025-12-29,2025-12-29,2025-12-29,2025-12-29,2025-12-29,2025-12-29,MRP-20251229-00000103,6572.0000,,2025-12-29 14:40:32,Zhu Jieqian,YCD2025122900000038,Sample Business Label ae093165,2025-12-29 14:35:13
JHJY-20251229-00039133,606-000057,Sample Business Label 24faa8f6,Purchased,Production Project Purchase Request,Sample Business Label 14d1364a,903.0000,903.0000,2025-12-29,2025-12-29,2025-12-29,2025-12-29,2025-12-29,2025-12-29,MRP-20251229-00000103,903.0000,,2025-12-29 14:40:32,Zhu Jieqian,YCD2025122900000038,Sample Business Label ae093165,2025-12-29 14:35:13
JHJY-20251229-00039134,606-000057,Sample Business Label 24faa8f6,Purchased,Production Project Purchase Request,Sample Business Label 14d1364a,3000.0000,3000.0000,2025-12-29,2025-12-29,2025-12-29,2025-12-29,2025-12-29,2025-12-29,MRP-20251229-00000103,3000.0000,,2025-12-29 14:40:32,Zhu Jieqian,YCD2025122900000038,Sample Business Label ae093165,2025-12-29 14:35:13
JHJY-20251229-00039138,994-000154,Sample Business Label 5f093ea5,Purchased,Production Project Purchase Request,Sample Business Label 14d1364a,153.0000,153.0000,2025-12-29,2025-12-29,2025-12-29,2025-12-29,2025-12-29,2025-12-29,MRP-20251229-00000103,153.0000,,2025-12-29 14:40:32,Zhu Jieqian,YCD2025122900000038,Sample Business Label ae093165,2025-12-29 14:35:13
JHJY-20251229-00039139,849-000075,Sample Business Label 643f7a44,Purchased,Production Project Purchase Request,Sample Business Label 14d1364a,5870.0000,5870.0000,2025-12-29,2025-12-29,2025-12-29,2025-12-29,2025-12-29,2025-12-29,MRP-20251229-00000103,5870.0000,,2025-12-29 14:40:32,Zhu Jieqian,YCD2025122900000038,Sample Business Label ae093165,2025-12-29 14:35:13
JHJY-20251229-00039149,895-000033,Sample Business Label 6b215fcc,Purchased,Production Project Purchase Request,Sample Business Label 14d1364a,153.0000,153.0000,2025-12-29,2025-12-29,2025-12-29,2025-12-29,2025-12-29,2025-12-29,MRP-20251229-00000103,153.0000,,2025-12-29 14:40:32,Zhu Jieqian,YCD2025122900000038,Sample Business Label ae093165,2025-12-29 14:35:13
JHJY-20251229-00039150,165-000648,Sample Business Label 542a958f,Purchased,Production Project Purchase Request,Sample Business Label 14d1364a,153.0000,153.0000,2025-12-29,2025-12-29,2025-12-29,2025-12-29,2025-12-29,2025-12-29,MRP-20251229-00000103,153.0000,,2025-12-29 14:40:32,Zhu Jieqian,YCD2025122900000038,Sample Business Label ae093165,2025-12-29 14:35:13
JHJY-20251229-00039153,849-000335,Sample Business Label b27ac22c,Purchased,Production Project Purchase Request,Sample Business Label 14d1364a,153.0000,153.0000,2025-12-29,2025-12-29,2025-12-29,2025-12-29,2025-12-29,2025-12-29,MRP-20251229-00000103,153.0000,,2025-12-29 14:40:32,Zhu Jieqian,YCD2025122900000038,Sample Business Label ae093165,2025-12-29 14:35:13
JHJY-20251229-00039164,165-000647,Sample Business Label c587b843,Purchased,Production Project Purchase Request,Sample Business Label 14d1364a,153.0000,153.0000,2025-12-29,2025-12-29,2025-12-29,2025-12-29,2025-12-29,2025-12-29,MRP-20251229-00000103,153.0000,,2025-12-29 14:40:32,Zhu Jieqian,YCD2025122900000038,Sample Business Label ae093165,2025-12-29 14:35:13
JHJY-20251229-00039171,165-000005,Sample Business Label 976a5c0e,Purchased,Production Project Purchase Request,Sample Business Label 14d1364a,5085.0000,5085.0000,2025-12-29,2025-12-29,2025-12-29,2025-12-29,2025-12-29,2025-12-29,MRP-20251229-00000103,5085.0000,,2025-12-29 14:40:32,Zhu Jieqian,YCD2025122900000038,Sample Business Label ae093165,2025-12-29 14:35:13
JHJY-20251229-00039172,165-000005,Sample Business Label 976a5c0e,Purchased,Production Project Purchase Request,Sample Business Label 14d1364a,903.0000,903.0000,2025-12-29,2025-12-29,2025-12-29,2025-12-29,2025-12-29,2025-12-29,MRP-20251229-00000103,903.0000,,2025-12-29 14:40:32,Zhu Jieqian,YCD2025122900000038,Sample Business Label ae093165,2025-12-29 14:35:13
JHJY-20251229-00039174,165-002077,Sample Business Label d309ab63,Purchased,Production Project Purchase Request,Sample Business Label 14d1364a,443.0000,443.0000,2025-12-29,2025-12-29,2025-12-29,2025-12-29,2025-12-29,2025-12-29,MRP-20251229-00000103,443.0000,,2025-12-29 14:40:32,Zhu Jieqian,HDKJ-20251113-023,Sample Business Label ae093165,2025-12-29 14:35:13
JHJY-20251229-00039175,165-002078,Sample Business Label b3c2e526,Purchased,Production Project Purchase Request,Sample Business Label 14d1364a,550.0000,550.0000,2025-12-29,2025-12-29,2025-12-29,2025-12-29,2025-12-29,2025-12-29,MRP-20251229-00000103,550.0000,,2025-12-29 14:40:32,Zhu Jieqian,HDKJ-20251113-023,Sample Business Label ae093165,2025-12-29 14:35:13
JHJY-20251229-00039176,795-000809,Sample Business Label 6be5713a,Purchased,Production Project Purchase Request,Sample Business Label 14d1364a,6242.0000,6242.0000,2025-12-29,2025-12-29,2025-12-29,2025-12-29,2025-12-29,2025-12-29,MRP-20251229-00000103,6242.0000,,2025-12-29 14:40:32,Zhu Jieqian,YCD2025122900000038,Sample Business Label ae093165,2025-12-29 14:35:13
JHJY-20251229-00039177,795-000809,Sample Business Label 6be5713a,Purchased,Production Project Purchase Request,Sample Business Label 14d1364a,903.0000,903.0000,2025-12-29,2025-12-29,2025-12-29,2025-12-29,2025-12-29,2025-12-29,MRP-20251229-00000103,903.0000,,2025-12-29 14:40:32,Zhu Jieqian,YCD2025122900000038,Sample Business Label ae093165,2025-12-29 14:35:13
JHJY-20251229-00039179,849-000191,Sample Business Label 1ba2ea17,Purchased,Production Project Purchase Request,Sample Business Label 14d1364a,5084.0000,5084.0000,2025-12-29,2025-12-29,2025-12-29,2025-12-29,2025-12-29,2025-12-29,MRP-20251229-00000103,5084.0000,,2025-12-29 14:40:32,Zhu Jieqian,YCD2025122900000038,Sample Business Label ae093165,2025-12-29 14:35:13
JHJY-20251229-00039180,849-000191,Sample Business Label 1ba2ea17,Purchased,Production Project Purchase Request,Sample Business Label 14d1364a,903.0000,903.0000,2025-12-29,2025-12-29,2025-12-29,2025-12-29,2025-12-29,2025-12-29,MRP-20251229-00000103,903.0000,,2025-12-29 14:40:32,Zhu Jieqian,YCD2025122900000038,Sample Business Label ae093165,2025-12-29 14:35:13
JHJY-20251229-00039181,165-002079,Sample Business Label 36b83ecb,Purchased,Production Project Purchase Request,Sample Business Label 14d1364a,3632.0000,3632.0000,2025-12-29,2025-12-29,2025-12-29,2025-12-29,2025-12-29,2025-12-29,MRP-20251229-00000103,3632.0000,,2025-12-29 14:40:32,Zhu Jieqian,YCD2025122900000038,Sample Business Label ae093165,2025-12-29 14:35:13
JHJY-20251229-00039182,165-002079,Sample Business Label 36b83ecb,Purchased,Production Project Purchase Request,Sample Business Label 14d1364a,903.0000,903.0000,2025-12-29,2025-12-29,2025-12-29,2025-12-29,2025-12-29,2025-12-29,MRP-20251229-00000103,903.0000,,2025-12-29 14:40:32,Zhu Jieqian,YCD2025122900000038,Sample Business Label ae093165,2025-12-29 14:35:13
JHJY-20251229-00039183,165-002080,Sample Business Label c6aa1c03,Purchased,Production Project Purchase Request,Sample Business Label 14d1364a,3622.0000,3622.0000,2025-12-29,2025-12-29,2025-12-29,2025-12-29,2025-12-29,2025-12-29,MRP-20251229-00000103,3622.0000,,2025-12-29 14:40:32,Zhu Jieqian,YCD2025122900000038,Sample Business Label ae093165,2025-12-29 14:35:13
JHJY-20251229-00039184,165-002080,Sample Business Label c6aa1c03,Purchased,Production Project Purchase Request,Sample Business Label 14d1364a,903.0000,903.0000,2025-12-29,2025-12-29,2025-12-29,2025-12-29,2025-12-29,2025-12-29,MRP-20251229-00000103,903.0000,,2025-12-29 14:40:32,Zhu Jieqian,YCD2025122900000038,Sample Business Label ae093165,2025-12-29 14:35:13
JHJY-20251229-00039292,849-000003,Sample Business Label c6ee8f24,Purchased,Production Project Purchase Request,Sample Business Label 14d1364a,24275.0000,24275.0000,2025-12-29,2025-12-29,2025-12-29,2025-12-29,2025-12-29,2025-12-29,MRP-20251229-00000103,24275.0000,,2025-12-29 14:40:32,Zhu Jieqian,YCD2025122900000038,Sample Business Label ae093165,2025-12-29 14:35:13
JHJY-20251229-00039293,849-000003,Sample Business Label c6ee8f24,Purchased,Production Project Purchase Request,Sample Business Label 14d1364a,2709.0000,2709.0000,2025-12-29,2025-12-29,2025-12-29,2025-12-29,2025-12-29,2025-12-29,MRP-20251229-00000103,2709.0000,,2025-12-29 14:40:32,Zhu Jieqian,YCD2025122900000038,Sample Business Label ae093165,2025-12-29 14:35:13
JHJY-20260224-00040101,P69-000059,Sample Business Label 713c8bb9,In-house,Sample Business Label 68d7a178,Sample Business Label 14d1364a,793.0000,850.0000,2026-02-24,2026-02-24,2026-02-24,2026-02-24,2026-02-24,2026-02-24,MRP-20260224-00000106,850.0000,,2026-02-24 11:09:52,Zhu Jieqian,YCD2026020500000045,Sample Business Label ae093165,2026-02-24 10:55:08
JHJY-20260224-00040102,867-000010,Sample Business Label 713c8bb9,In-house,Sample Business Label 68d7a178,Sample Business Label 14d1364a,793.0000,850.0000,2026-02-24,2026-02-24,2026-02-24,2026-02-24,2026-02-24,2026-02-24,MRP-20260224-00000106,850.0000,,2026-02-24 11:01:25,Zhu Jieqian,YCD2026020500000045,Sample Business Label ae093165,2026-02-24 10:55:08
JHJY-20260224-00040117,543-000043,Sample Business Label 6a298e0f,In-house,Sample Business Label 68d7a178,Sample Business Label 14d1364a,126.0000,150.0000,2026-02-24,2026-02-24,2026-02-24,2026-02-24,2026-02-24,2026-02-24,MRP-20260224-00000107,150.0000,,2026-03-24 14:26:32,Zhu Jieqian,YCD2026022400000047,Sample Business Label ae093165,2026-02-24 16:15:37
JHJY-20260224-00040118,543-000043,Sample Business Label 6a298e0f,In-house,Sample Business Label 68d7a178,Sample Business Label 14d1364a,1396.0000,2000.0000,2026-03-31,2026-02-24,2026-03-31,2026-02-24,2026-04-01,2026-04-01,MRP-20260224-00000107,2000.0000,,2026-03-27 10:36:55,Zhu Jieqian,YCD2026022400000047,Sample Business Label ae093165,2026-02-24 16:15:37
JHJY-20260224-00040120,543-000043,Sample Business Label 6a298e0f,In-house,Sample Business Label 68d7a178,Sample Business Label 14d1364a,450.0000,584.0000,2026-02-24,2026-02-24,2026-02-24,2026-02-24,2026-02-24,2026-02-24,MRP-20260224-00000107,584.0000,,2026-03-02 13:40:22,Zhu Jieqian,YCD2026022400000047,Sample Business Label ae093165,2026-02-24 16:15:37
JHJY-20260228-00040149,849-000655,Sample Business Label af1ab33d,Purchased,Production Project Purchase Request,Sample Business Label 14d1364a,949.0000,3000.0000,2026-04-12,2026-04-12,2026-04-12,2026-04-29,2026-04-29,2026-04-29,MRP-20260228-00000108,3000.0000,,2026-02-28 14:54:24,Zhu Jieqian,YCD2026022800000048,Sample Business Label ae093165,2026-02-28 14:06:04
JHJY-20260228-00040150,606-000216,Sample Business Label b866cf53,Purchased,Production Project Purchase Request,Sample Business Label 14d1364a,12.0000,60.0000,2026-04-16,2026-04-16,2026-04-16,2026-04-29,2026-04-29,2026-04-29,MRP-20260228-00000108,60.0000,,2026-02-28 14:54:24,Zhu Jieqian,YCD2026022800000048,Sample Business Label ae093165,2026-02-28 14:06:04
JHJY-20260228-00040151,606-000217,Sample Business Label 32171ee1,Purchased,Production Project Purchase Request,Sample Business Label 14d1364a,76.0000,240.0000,2026-04-16,2026-04-16,2026-04-16,2026-04-29,2026-04-29,2026-04-29,MRP-20260228-00000108,240.0000,,2026-02-28 14:54:24,Zhu Jieqian,YCD2026022800000048,Sample Business Label ae093165,2026-02-28 14:06:04
JHJY-20260228-00040152,606-000218,Sample Business Label 0c930970,Purchased,Production Project Purchase Request,Sample Business Label 14d1364a,96.0000,300.0000,2026-04-16,2026-04-16,2026-04-16,2026-04-29,2026-04-29,2026-04-29,MRP-20260228-00000108,300.0000,,2026-02-28 14:54:24,Zhu Jieqian,YCD2026022800000048,Sample Business Label ae093165,2026-02-28 14:06:04
JHJY-20260228-00040155,838-000257,Sample Business Label 9c17350b,Purchased,Production Project Purchase Request,Sample Business Label 14d1364a,932.0000,2950.0000,2026-04-05,2026-04-05,2026-04-05,2026-04-28,2026-04-28,2026-04-28,MRP-20260228-00000108,2950.0000,,2026-02-28 14:54:24,Zhu Jieqian,YCD2026022800000048,Sample Business Label ae093165,2026-02-28 14:06:04
JHJY-20260228-00040156,838-000256,Sample Business Label 717d9264,Purchased,Production Project Purchase Request,Sample Business Label 14d1364a,929.0000,2950.0000,2026-04-05,2026-04-05,2026-04-05,2026-04-28,2026-04-28,2026-04-28,MRP-20260228-00000108,2950.0000,,2026-02-28 14:54:24,Zhu Jieqian,YCD2026022800000048,Sample Business Label ae093165,2026-02-28 14:06:04
JHJY-20260228-00040157,165-001285,Sample Business Label 23ae08c4,Purchased,Production Project Purchase Request,Sample Business Label 14d1364a,958.0000,3000.0000,2026-03-28,2026-03-28,2026-03-28,2026-04-28,2026-04-28,2026-04-28,MRP-20260228-00000108,3000.0000,,2026-02-28 14:54:24,Zhu Jieqian,YCD2026022800000048,Sample Business Label ae093165,2026-02-28 14:06:04
JHJY-20260228-00040158,165-001286,Sample Business Label b66e4fbc,Purchased,Production Project Purchase Request,Sample Business Label 14d1364a,978.0000,3000.0000,2026-03-28,2026-03-28,2026-03-28,2026-04-28,2026-04-28,2026-04-28,MRP-20260228-00000108,3000.0000,,2026-02-28 14:54:24,Zhu Jieqian,YCD2026022800000048,Sample Business Label ae093165,2026-02-28 14:06:04
JHJY-20260228-00040159,994-000328,Sample Business Label 531444e5,Purchased,Production Project Purchase Request,Sample Business Label 14d1364a,910.0000,2950.0000,2026-03-28,2026-03-28,2026-03-28,2026-04-28,2026-04-28,2026-04-28,MRP-20260228-00000108,2950.0000,,2026-02-28 14:54:24,Zhu Jieqian,YCD2026022800000048,Sample Business Label ae093165,2026-02-28 14:06:04
JHJY-20260228-00040160,795-000630,Sample Business Label 43f6b515,Purchased,Production Project Purchase Request,Sample Business Label 14d1364a,896.0000,2900.0000,2026-04-04,2026-04-04,2026-04-04,2026-04-28,2026-04-28,2026-04-28,MRP-20260228-00000108,2900.0000,,2026-02-28 14:54:24,Zhu Jieqian,YCD2026022800000048,Sample Business Label ae093165,2026-02-28 14:06:04
JHJY-20260302-00040172,U00-000170,Beidou Vehicle Telematics Terminal System,In-house,Sample Business Label 68d7a178,Sample Business Label 14d1364a,1396.0000,500.0000,2026-03-02,2026-02-24,2026-03-02,2026-02-24,2026-03-03,2026-03-03,MRP-20260224-00000107,500.0000,,2026-03-02 13:40:22,Zhu Jieqian,YCD2026022400000047,Sample Business Label ae093165,2026-02-24 16:15:37
JHJY-20260304-00040240,994-000621,Sample Business Label 25eae778,Purchased,Production Project Purchase Request,Sample Business Label 14d1364a,0.0000,100.0000,2026-03-25,,2026-03-25,,2026-03-26,2026-03-26,,100.0000,,2026-03-04 20:25:33,Zhu Jieqian,,Sample Business Label ae093165,2026-03-04 20:20:29
JHJY-20260306-00040244,U00-000080,Beidou Vehicle Telematics Terminal System,In-house,Sample Business Label 68d7a178,Sample Business Label 14d1364a,3000.0000,400.0000,2026-04-29,2026-04-29,2026-04-29,2026-04-30,2026-04-30,2026-04-30,MRP-20260228-00000108,400.0000,,2026-03-06 09:00:14,Zhu Jieqian,YCD2026022800000048,Sample Business Label ae093165,2026-02-28 14:06:04
JHJY-20260306-00040245,U00-000080,Beidou Vehicle Telematics Terminal System,In-house,Sample Business Label 68d7a178,Sample Business Label 14d1364a,3000.0000,600.0000,2026-04-29,2026-04-29,2026-04-29,2026-04-30,2026-04-30,2026-04-30,MRP-20260228-00000108,600.0000,,2026-03-12 12:38:47,Zhu Jieqian,YCD2026022800000048,Sample Business Label ae093165,2026-02-28 14:06:04
JHJY-20260306-00040250,815-000002,Sample Business Label ebfc96e4,In-house,Sample Business Label 68d7a178,Sample Business Label 14d1364a,2997.0000,410.0000,2026-04-28,2026-04-28,2026-04-28,2026-04-29,2026-04-29,2026-04-29,MRP-20260228-00000108,410.0000,,2026-03-06 09:00:14,Zhu Jieqian,YCD2026022800000048,Sample Business Label ae093165,2026-02-28 14:06:04
JHJY-20260306-00040251,815-000002,Sample Business Label ebfc96e4,In-house,Sample Business Label 68d7a178,Sample Business Label 14d1364a,2997.0000,600.0000,2026-04-28,2026-04-28,2026-04-28,2026-04-29,2026-04-29,2026-04-29,MRP-20260228-00000108,600.0000,,2026-03-12 12:38:47,Zhu Jieqian,YCD2026022800000048,Sample Business Label ae093165,2026-02-28 14:06:04
JHJY-20260312-00040263,P61-000331,Sample Business Label 8a608f8b,In-house,Sample Business Label 68d7a178,Sample Business Label 14d1364a,0.0000,30.0000,2026-03-12,,2026-03-12,,2026-03-13,2026-03-13,,30.0000,,2026-03-12 11:13:14,Zhu Jieqian,,Sample Business Label ae093165,2026-03-12 11:02:39
JHJY-20260318-00043181,382-000005,Beidou Agricultural Navigation Controller,In-house,Sample Business Label 68d7a178,Sample Business Label 14d1364a,225.0000,200.0000,2026-05-15,2026-04-19,2026-05-15,2026-04-20,2026-05-16,2026-05-16,MRP-20260318-00000114,200.0000,,2026-05-14 15:13:10,Zhu Jieqian,YCD2026031600000055,Sample Business Label ae093165,2026-03-18 09:59:13
JHJY-20260318-00043190,526-000001,Beidou Agricultural Navigation Controller,In-house,Sample Business Label 68d7a178,Sample Business Label 14d1364a,676.0000,700.0000,2026-03-28,2026-03-25,2026-03-28,2026-03-26,2026-03-29,2026-03-29,MRP-20260318-00000114,700.0000,,2026-03-27 11:08:37,Zhu Jieqian,YCD2026031600000054,Sample Business Label ae093165,2026-03-18 09:59:13
JHJY-20260318-00043191,526-000001,Beidou Agricultural Navigation Controller,In-house,Sample Business Label 68d7a178,Sample Business Label 14d1364a,615.0000,300.0000,2026-04-06,2026-04-19,2026-04-06,2026-04-20,2026-04-07,2026-04-07,MRP-20260318-00000114,300.0000,,2026-04-02 17:10:05,Zhu Jieqian,YCD2026031600000055,Sample Business Label ae093165,2026-03-18 09:59:13
JHJY-20260318-00043275,306-000102,Sample Business Label 4cc22b76,In-house,Sample Business Label 68d7a178,Sample Business Label 14d1364a,676.0000,800.0000,2026-03-28,2026-03-24,2026-03-28,2026-03-25,2026-03-29,2026-03-29,MRP-20260318-00000114,800.0000,,2026-03-27 11:15:37,Zhu Jieqian,YCD2026031600000054,Sample Business Label ae093165,2026-03-18 09:59:13
JHJY-20260318-00043277,306-000102,Sample Business Label 4cc22b76,In-house,Sample Business Label 68d7a178,Sample Business Label 14d1364a,615.0000,800.0000,2026-04-06,2026-04-18,2026-04-06,2026-04-19,2026-04-07,2026-04-07,MRP-20260318-00000114,800.0000,,2026-04-02 17:15:16,Zhu Jieqian,YCD2026031600000055,Sample Business Label ae093165,2026-03-18 09:59:13
JHJY-20260318-00043333,306-000052,Sample Business Label 78369412,In-house,Sample Business Label 68d7a178,Sample Business Label 14d1364a,676.0000,700.0000,2026-03-28,2026-03-24,2026-03-28,2026-03-25,2026-03-29,2026-03-29,MRP-20260318-00000114,700.0000,,2026-03-27 11:14:55,Zhu Jieqian,YCD2026031600000054,Sample Business Label ae093165,2026-03-18 09:59:13
JHJY-20260318-00043334,306-000052,Sample Business Label 78369412,In-house,Sample Business Label 68d7a178,Sample Business Label 14d1364a,90.0000,80.0000,2026-04-14,2026-03-24,2026-04-14,2026-03-25,2026-04-15,2026-04-15,MRP-20260318-00000114,80.0000,,2026-04-13 17:01:57,Zhu Jieqian,YCD2026031600000054,Sample Business Label ae093165,2026-03-18 09:59:13
JHJY-20260318-00043335,306-000052,Sample Business Label 78369412,In-house,Sample Business Label 68d7a178,Sample Business Label 14d1364a,615.0000,300.0000,2026-04-06,2026-04-18,2026-04-06,2026-04-19,2026-04-07,2026-04-07,MRP-20260318-00000114,300.0000,,2026-04-02 17:13:02,Zhu Jieqian,YCD2026031600000055,Sample Business Label ae093165,2026-03-18 09:59:13
JHJY-20260318-00043438,528-000036,Sample Business Label 3df74aa6,In-house,Sample Business Label 68d7a178,Sample Business Label 14d1364a,561.0000,400.0000,2026-03-28,2026-03-24,2026-03-28,2026-03-25,2026-03-29,2026-03-29,MRP-20260318-00000114,400.0000,,2026-03-27 11:14:12,Zhu Jieqian,YCD2026031600000054,Sample Business Label ae093165,2026-03-18 09:59:13
JHJY-20260318-00043439,528-000036,Sample Business Label 3df74aa6,In-house,Sample Business Label 68d7a178,Sample Business Label 14d1364a,676.0000,300.0000,2026-04-06,2026-03-24,2026-04-06,2026-03-25,2026-04-07,2026-04-07,MRP-20260318-00000114,300.0000,,2026-04-02 17:12:12,Zhu Jieqian,YCD2026031600000054,Sample Business Label ae093165,2026-03-18 09:59:13
JHJY-20260318-00043443,528-000036,Sample Business Label 3df74aa6,In-house,Sample Business Label 68d7a178,Sample Business Label 14d1364a,311.0000,200.0000,2026-05-15,2026-05-18,2026-05-15,2026-05-19,2026-05-16,2026-05-16,MRP-20260318-00000114,200.0000,,2026-05-14 15:35:29,Zhu Jieqian,YCD2026031600000056,Sample Business Label ae093165,2026-03-18 09:59:13
JHJY-20260318-00043461,791-000007,Sample Business Label 77e62d0c,In-house,Sample Business Label 68d7a178,Sample Business Label 14d1364a,225.0000,200.0000,2026-05-15,2026-04-18,2026-05-15,2026-04-19,2026-05-16,2026-05-16,MRP-20260318-00000114,200.0000,,2026-05-14 15:38:06,Zhu Jieqian,YCD2026031600000055,Sample Business Label ae093165,2026-03-18 09:59:13
JHJY-20260318-00043537,883-000008,Sample Business Label a028dd1a,In-house,Sample Business Label 68d7a178,Sample Business Label 14d1364a,790.0000,450.0000,2026-04-08,2026-03-24,2026-04-08,2026-03-25,2026-04-09,2026-04-09,MRP-20260318-00000114,450.0000,,2026-04-07 10:20:43,Zhu Jieqian,YCD2026031600000054,Sample Business Label ae093165,2026-03-18 09:59:13
JHJY-20260318-00043588,306-000003,Sample Business Label 4f65f728,In-house,Sample Business Label 68d7a178,Sample Business Label 14d1364a,676.0000,700.0000,2026-03-28,2026-03-24,2026-03-28,2026-03-25,2026-03-29,2026-03-29,MRP-20260318-00000114,700.0000,,2026-03-27 11:10:15,Zhu Jieqian,YCD2026031600000054,Sample Business Label ae093165,2026-03-18 09:59:13
JHJY-20260318-00043589,306-000003,Sample Business Label 4f65f728,In-house,Sample Business Label 68d7a178,Sample Business Label 14d1364a,90.0000,80.0000,2026-04-14,2026-03-24,2026-04-14,2026-03-25,2026-04-15,2026-04-15,MRP-20260318-00000114,80.0000,,2026-04-13 17:00:09,Zhu Jieqian,YCD2026031600000054,Sample Business Label ae093165,2026-03-18 09:59:13
JHJY-20260318-00043590,306-000003,Sample Business Label 4f65f728,In-house,Sample Business Label 68d7a178,Sample Business Label 14d1364a,186.0000,300.0000,2026-04-06,2026-04-18,2026-04-06,2026-04-19,2026-04-07,2026-04-07,MRP-20260318-00000114,300.0000,,2026-04-02 17:11:08,Zhu Jieqian,YCD2026031600000055,Sample Business Label ae093165,2026-03-18 09:59:13
JHJY-20260318-00043695,883-000052,Sample Business Label 19047418,In-house,Sample Business Label 68d7a178,Sample Business Label 14d1364a,50.0000,60.0000,2026-04-15,2026-03-24,2026-04-15,2026-03-25,2026-04-16,2026-04-16,MRP-20260318-00000114,60.0000,,2026-04-13 19:01:57,Zhu Jieqian,YCD2026031600000054,Sample Business Label ae093165,2026-03-18 09:59:13
JHJY-20260324-00045424,U00-000161,Beidou Vehicle Telematics Terminal System,In-house,Sample Business Label 68d7a178,Sample Business Label 14d1364a,0.0000,200.0000,2026-03-24,,2026-03-24,,2026-03-25,2026-03-25,,200.0000,,2026-03-24 14:39:01,Zhu Jieqian,,Sample Business Label ae093165,2026-03-24 14:38:12
JHJY-20260324-00045427,P61-000331,Sample Business Label 8a608f8b,In-house,Sample Business Label 68d7a178,Sample Business Label 14d1364a,0.0000,20.0000,2026-03-24,,2026-03-24,,2026-03-25,2026-03-25,,20.0000,,2026-03-24 16:50:36,Zhu Jieqian,,Sample Business Label ae093165,2026-03-24 16:48:27
JHJY-20260324-00045429,815-000002,Sample Business Label ebfc96e4,In-house,Sample Business Label 68d7a178,Sample Business Label 14d1364a,2997.0000,460.0000,2026-04-28,2026-04-28,2026-04-28,2026-04-29,2026-04-29,2026-04-29,MRP-20260228-00000108,460.0000,,2026-03-24 18:22:56,Zhu Jieqian,YCD2026022800000048,Sample Business Label ae093165,2026-02-28 14:06:04
JHJY-20260324-00045431,U00-000080,Beidou Vehicle Telematics Terminal System,In-house,Sample Business Label 68d7a178,Sample Business Label 14d1364a,3000.0000,450.0000,2026-04-29,2026-04-29,2026-04-29,2026-04-30,2026-04-30,2026-04-30,MRP-20260228-00000108,450.0000,,2026-03-24 18:23:52,Zhu Jieqian,YCD2026022800000048,Sample Business Label ae093165,2026-02-28 14:06:04
JHJY-20260325-00045440,U00-000170,Beidou Vehicle Telematics Terminal System,In-house,Sample Business Label 68d7a178,Sample Business Label 14d1364a,1396.0000,1000.0000,2026-03-25,2026-02-24,2026-03-25,2026-02-24,2026-03-26,2026-03-26,MRP-20260224-00000107,1000.0000,,2026-03-27 10:45:47,Zhu Jieqian,YCD2026022400000047,Sample Business Label ae093165,2026-02-24 16:15:37
JHJY-20260331-00045864,606-000676,Sample Business Label 66b8f537,Purchased,Production Project Purchase Request,Sample Business Label 14d1364a,80.0000,80.0000,2026-03-31,2026-03-31,2026-03-31,2026-04-03,2026-04-03,2026-04-03,MRP-20260331-00000119,80.0000,,2026-03-31 20:13:47,Zhu Jieqian,YCD2026020500000045,Sample Business Label ae093165,2026-03-31 17:53:58
JHJY-20260331-00045866,849-000904,Sample Business Label 5c03598e,Purchased,Production Project Purchase Request,Sample Business Label 14d1364a,80.0000,80.0000,2026-03-31,2026-03-31,2026-03-31,2026-04-03,2026-04-03,2026-04-03,MRP-20260331-00000119,80.0000,,2026-03-31 20:13:47,Zhu Jieqian,YCD2026020500000045,Sample Business Label ae093165,2026-03-31 17:53:58
JHJY-20260331-00045867,849-000903,Sample Business Label 9923e26e,Purchased,Production Project Purchase Request,Sample Business Label 14d1364a,443.0000,445.0000,2026-03-31,2026-03-31,2026-03-31,2026-04-03,2026-04-03,2026-04-03,MRP-20260331-00000119,445.0000,,2026-03-31 20:13:47,Zhu Jieqian,YCD2026020500000045,Sample Business Label ae093165,2026-03-31 17:53:58
JHJY-20260331-00045868,849-000902,Sample Business Label 19059f4b,Purchased,Production Project Purchase Request,Sample Business Label 14d1364a,80.0000,80.0000,2026-03-31,2026-03-31,2026-03-31,2026-04-03,2026-04-03,2026-04-03,MRP-20260331-00000119,80.0000,,2026-03-31 20:13:47,Zhu Jieqian,YCD2026020500000045,Sample Business Label ae093165,2026-03-31 17:53:58
JHJY-20260331-00045869,363-000512,Sample Business Label b32161f8,Purchased,Production Project Purchase Request,Sample Business Label 14d1364a,81.0000,85.0000,2026-03-31,2026-03-31,2026-03-31,2026-04-03,2026-04-03,2026-04-03,MRP-20260331-00000119,85.0000,,2026-03-31 20:13:47,Zhu Jieqian,YCD2026020500000045,Sample Business Label ae093165,2026-03-31 17:53:58
JHJY-20260331-00045870,363-000511,Sample Business Label cfccbd2f,Purchased,Production Project Purchase Request,Sample Business Label 14d1364a,80.0000,85.0000,2026-03-31,2026-03-31,2026-03-31,2026-04-03,2026-04-03,2026-04-03,MRP-20260331-00000119,85.0000,,2026-03-31 20:13:47,Zhu Jieqian,YCD2026020500000045,Sample Business Label ae093165,2026-03-31 17:53:58
JHJY-20260331-00045871,363-000510,Sample Business Label 4650b85d,Purchased,Production Project Purchase Request,Sample Business Label 14d1364a,81.0000,85.0000,2026-03-31,2026-03-31,2026-03-31,2026-04-03,2026-04-03,2026-04-03,MRP-20260331-00000119,85.0000,,2026-03-31 20:13:47,Zhu Jieqian,YCD2026020500000045,Sample Business Label ae093165,2026-03-31 17:53:58
JHJY-20260331-00045873,363-000513,Sample Business Label fc7d2850,Purchased,Production Project Purchase Request,Sample Business Label 14d1364a,83.0000,85.0000,2026-03-31,2026-03-31,2026-03-31,2026-04-03,2026-04-03,2026-04-03,MRP-20260331-00000119,85.0000,,2026-03-31 20:13:47,Zhu Jieqian,YCD2026020500000045,Sample Business Label ae093165,2026-03-31 17:53:58
JHJY-20260331-00045874,363-000509,Sample Business Label dd788397,Purchased,Production Project Purchase Request,Sample Business Label 14d1364a,82.0000,85.0000,2026-03-31,2026-03-31,2026-03-31,2026-04-03,2026-04-03,2026-04-03,MRP-20260331-00000119,85.0000,,2026-03-31 20:13:47,Zhu Jieqian,YCD2026020500000045,Sample Business Label ae093165,2026-03-31 17:53:58
JHJY-20260331-00045875,994-000507,Sample Business Label b3db36d8,Purchased,Production Project Purchase Request,Sample Business Label 14d1364a,80.0000,80.0000,2026-03-31,2026-03-31,2026-03-31,2026-04-03,2026-04-03,2026-04-03,MRP-20260331-00000119,80.0000,,2026-03-31 20:13:47,Zhu Jieqian,YCD2026020500000045,Sample Business Label ae093165,2026-03-31 17:53:58
JHJY-20260331-00045878,838-000296,Sample Business Label 6f67e210,In-house,Production Project Purchase Request,Sample Business Label 14d1364a,0.0000,700.0000,2026-07-01,,2026-07-01,,2026-07-02,2026-07-02,,700.0000,,2026-03-31 20:13:47,Zhu Jieqian,,Sample Business Label ae093165,2026-03-31 19:56:34
JHJY-20260401-00045881,P61-000331,Sample Business Label 8a608f8b,In-house,Sample Business Label 68d7a178,Sample Business Label 14d1364a,0.0000,30.0000,2026-04-01,,2026-04-01,,2026-04-02,2026-04-02,,30.0000,,2026-04-01 21:52:09,Zhu Jieqian,,Sample Business Label ae093165,2026-04-01 21:44:08
JHJY-20260402-00045885,U00-000080,Beidou Vehicle Telematics Terminal System,In-house,Sample Business Label 68d7a178,Sample Business Label 14d1364a,1000.0000,520.0000,2026-04-02,2026-04-02,2026-04-02,2026-04-02,2026-04-02,2026-04-02,MRP-20260402-00000120,520.0000,,2026-04-11 12:12:53,Zhu Jieqian,YCD2026040200000060,Sample Business Label ae093165,2026-04-02 11:16:49
JHJY-20260402-00045931,U00-000161,Beidou Vehicle Telematics Terminal System,In-house,Sample Business Label 68d7a178,Sample Business Label 14d1364a,997.0000,1000.0000,2026-04-02,2026-04-02,2026-04-02,2026-04-02,2026-04-02,2026-04-02,MRP-20260402-00000120,1000.0000,,2026-04-02 16:32:51,Zhu Jieqian,YCD2026040200000060,Sample Business Label ae093165,2026-04-02 11:16:49
JHJY-20260402-00045954,U00-000155,Beidou Vehicle Telematics Terminal System,In-house,Sample Business Label 68d7a178,Sample Business Label 14d1364a,83.0000,100.0000,2026-04-02,2026-04-02,2026-04-02,2026-04-02,2026-04-02,2026-04-02,MRP-20260402-00000120,100.0000,,2026-04-02 16:32:51,Zhu Jieqian,YCD2026040200000060,Sample Business Label ae093165,2026-04-02 11:16:49
JHJY-20260402-00046022,543-000043,Sample Business Label 6a298e0f,In-house,Sample Business Label 68d7a178,Sample Business Label 14d1364a,80.0000,80.0000,2026-04-02,2026-04-02,2026-04-02,2026-04-02,2026-04-02,2026-04-02,MRP-20260402-00000120,80.0000,,2026-04-02 16:32:51,Zhu Jieqian,YCD2026040200000060,Sample Business Label ae093165,2026-04-02 11:16:49
JHJY-20260402-00046023,543-000043,Sample Business Label 6a298e0f,In-house,Sample Business Label 68d7a178,Sample Business Label 14d1364a,200.0000,200.0000,2026-04-18,2026-04-18,2026-04-18,2026-04-19,2026-04-19,2026-04-19,MRP-20260402-00000120,200.0000,,2026-04-02 16:32:51,Zhu Jieqian,YCD2026040200000061,Sample Business Label ae093165,2026-04-02 11:16:49
JHJY-20260402-00046024,543-000043,Sample Business Label 6a298e0f,In-house,Sample Business Label 68d7a178,Sample Business Label 14d1364a,500.0000,500.0000,2026-04-18,2026-04-18,2026-04-18,2026-04-19,2026-04-19,2026-04-19,MRP-20260402-00000120,500.0000,,2026-04-02 16:32:51,Zhu Jieqian,YCD2026040200000061,Sample Business Label ae093165,2026-04-02 11:16:49
JHJY-20260402-00046025,543-000043,Sample Business Label 6a298e0f,In-house,Sample Business Label 68d7a178,Sample Business Label 14d1364a,200.0000,200.0000,2026-05-18,2026-05-18,2026-05-18,2026-05-19,2026-05-19,2026-05-19,MRP-20260402-00000120,200.0000,,2026-04-02 16:32:51,Zhu Jieqian,YCD2026040200000062,Sample Business Label ae093165,2026-04-02 11:16:49
JHJY-20260402-00046087,994-000280,Sample Business Label f7628ba1,Purchased,Production Project Purchase Request,Sample Business Label 14d1364a,283.0000,300.0000,2026-04-02,2026-04-02,2026-04-02,2026-04-19,2026-04-19,2026-04-19,MRP-20260402-00000120,300.0000,,2026-04-02 17:29:58,Zhu Jieqian,YCD2026040200000061,Sample Business Label ae093165,2026-04-02 11:16:49
JHJY-20260402-00046088,994-000280,Sample Business Label f7628ba1,Purchased,Production Project Purchase Request,Sample Business Label 14d1364a,300.0000,300.0000,2026-04-18,2026-04-18,2026-04-18,2026-05-19,2026-05-19,2026-05-19,MRP-20260402-00000120,300.0000,,2026-04-02 17:29:58,Zhu Jieqian,YCD2026040200000062,Sample Business Label ae093165,2026-04-02 11:16:49
JHJY-20260402-00046206,P69-000060,Sample Business Label 713c8bb9,In-house,Sample Business Label 68d7a178,Sample Business Label 14d1364a,400.0000,400.0000,2026-04-30,2026-04-30,2026-04-30,2026-05-01,2026-05-01,2026-05-01,MRP-20260402-00000121,400.0000,,2026-04-11 15:46:01,Zhu Jieqian,YCD2026040200000067,Sample Business Label ae093165,2026-04-02 23:03:55
JHJY-20260402-00046210,867-000010,Sample Business Label 713c8bb9,In-house,Sample Business Label 68d7a178,Sample Business Label f1dcd1a2,45.0000,450.0000,2026-04-28,2026-04-28,2026-04-28,2026-04-29,2026-04-29,2026-04-29,MRP-20260402-00000121,0.0000,,,Zhu Jieqian,YCD2026040200000067,Normal,2026-04-02 23:03:55
JHJY-20260403-00046317,P61-000351,Sample Business Label 8a608f8b,In-house,Sample Business Label 68d7a178,Sample Business Label f1dcd1a2,600.0000,600.0000,2026-04-09,2026-04-09,2026-04-09,2026-04-10,2026-04-10,2026-04-10,MRP-20260403-00000123,0.0000,,,Zhu Jieqian,YCD2026030400000052,Normal,2026-04-03 13:28:27
JHJY-20260403-00046318,P61-000328,Sample Business Label 8a608f8b,In-house,Sample Business Label 68d7a178,Sample Business Label f1dcd1a2,2000.0000,2000.0000,2026-04-09,2026-04-09,2026-04-09,2026-04-10,2026-04-10,2026-04-10,MRP-20260403-00000123,0.0000,,,Zhu Jieqian,YCD2026030400000052,Normal,2026-04-03 13:28:27
JHJY-20260403-00046319,994-000645,Sample Business Label 04d0ccdb,Purchased,Production Project Purchase Request,Sample Business Label 14d1364a,946.0000,1050.0000,2026-04-08,2026-04-08,2026-04-08,2026-04-09,2026-04-09,2026-04-09,MRP-20260403-00000123,1050.0000,,2026-04-03 16:06:03,Zhu Jieqian,YCD2026030400000052,Sample Business Label ae093165,2026-04-03 13:28:27
JHJY-20260403-00046322,468-000295,Sample Business Label 6c701097,Purchased,Production Project Purchase Request,Sample Business Label 14d1364a,789.0000,1000.0000,2026-04-03,2026-04-03,2026-04-03,2026-04-09,2026-04-09,2026-04-09,MRP-20260403-00000123,1000.0000,,2026-04-03 16:06:03,Zhu Jieqian,YCD2026030400000052,Sample Business Label ae093165,2026-04-03 13:28:27
JHJY-20260403-00046332,606-000069,Sample Business Label 725ca2a1,Purchased,Production Project Purchase Request,Sample Business Label 14d1364a,1474.0000,1600.0000,2026-04-03,2026-04-03,2026-04-03,2026-04-09,2026-04-09,2026-04-09,MRP-20260403-00000123,1600.0000,,2026-04-03 16:06:03,Zhu Jieqian,YCD2026030400000052,Sample Business Label ae093165,2026-04-03 13:28:27
JHJY-20260403-00046336,606-000071,Sample Business Label 52bbed0e,Purchased,Production Project Purchase Request,Sample Business Label 14d1364a,1393.0000,1520.0000,2026-04-03,2026-04-03,2026-04-03,2026-04-09,2026-04-09,2026-04-09,MRP-20260403-00000123,1520.0000,,2026-04-03 16:06:03,Zhu Jieqian,YCD2026030400000052,Sample Business Label ae093165,2026-04-03 13:28:27
JHJY-20260403-00046338,849-000041,Sample Business Label 7b360681,Purchased,Production Project Purchase Request,Sample Business Label 14d1364a,1176.0000,1300.0000,2026-04-03,2026-04-03,2026-04-03,2026-04-09,2026-04-09,2026-04-09,MRP-20260403-00000123,1300.0000,,2026-04-03 16:06:03,Zhu Jieqian,YCD2026030400000052,Sample Business Label ae093165,2026-04-03 13:28:27
JHJY-20260403-00046343,812-000017,Sample Business Label 9b789b59,Purchased,Production Project Purchase Request,Sample Business Label 14d1364a,2584.0000,2600.0000,2026-04-03,2026-04-03,2026-04-03,2026-04-09,2026-04-09,2026-04-09,MRP-20260403-00000123,2600.0000,,2026-04-03 16:06:03,Zhu Jieqian,YCD2026030400000052,Sample Business Label ae093165,2026-04-03 13:28:27
JHJY-20260403-00046350,838-000217,Sample Business Label 9b2c16ec,Purchased,Production Project Purchase Request,Sample Business Label 14d1364a,479.0000,500.0000,2026-04-03,2026-04-03,2026-04-03,2026-04-09,2026-04-09,2026-04-09,MRP-20260403-00000123,500.0000,,2026-04-03 16:06:03,Zhu Jieqian,YCD2026030400000052,Sample Business Label ae093165,2026-04-03 13:28:27
JHJY-20260403-00046351,606-000070,Sample Business Label 406bb9fb,Purchased,Production Project Purchase Request,Sample Business Label 14d1364a,1890.0000,2010.0000,2026-04-03,2026-04-03,2026-04-03,2026-04-09,2026-04-09,2026-04-09,MRP-20260403-00000123,2010.0000,,2026-04-03 16:06:03,Zhu Jieqian,YCD2026030400000052,Sample Business Label ae093165,2026-04-03 13:28:27
JHJY-20260403-00046357,795-000110,Sample Business Label 5138a9c5,Purchased,Production Project Purchase Request,Sample Business Label 14d1364a,2421.0000,2400.0000,2026-04-03,2026-04-03,2026-04-03,2026-04-09,2026-04-09,2026-04-09,MRP-20260403-00000123,2400.0000,,2026-04-03 16:06:03,Zhu Jieqian,YCD2026030400000052,Sample Business Label ae093165,2026-04-03 13:28:27
JHJY-20260403-00046361,260-000101,Sample Business Label 8d0f568d,In-house,Sample Business Label 68d7a178,Sample Business Label 14d1364a,393.0000,800.0000,2026-04-08,2026-04-08,2026-04-08,2026-04-09,2026-04-09,2026-04-09,MRP-20260403-00000123,800.0000,,2026-04-08 17:25:53,Zhu Jieqian,YCD2026030400000052,Sample Business Label ae093165,2026-04-03 13:28:27
JHJY-20260403-00046369,468-000371,Sample Business Label 1cfcd0d7,Purchased,Production Project Purchase Request,Sample Business Label 14d1364a,1339.0000,1500.0000,2026-04-03,2026-04-03,2026-04-03,2026-04-09,2026-04-09,2026-04-09,MRP-20260403-00000123,1500.0000,,2026-04-03 16:06:03,Zhu Jieqian,YCD2026030400000052,Sample Business Label ae093165,2026-04-03 13:28:27
JHJY-20260403-00046377,165-000290,Sample Business Label 5a748b91,Purchased,Production Project Purchase Request,Sample Business Label 14d1364a,309.0000,310.0000,2026-04-03,2026-04-03,2026-04-03,2026-04-09,2026-04-09,2026-04-09,MRP-20260403-00000123,310.0000,,2026-04-03 16:06:03,Zhu Jieqian,YCD2026030400000052,Sample Business Label ae093165,2026-04-03 13:28:27
JHJY-20260403-00046378,165-000290,Sample Business Label 5a748b91,Purchased,Production Project Purchase Request,Sample Business Label 14d1364a,2000.0000,2000.0000,2026-04-03,2026-04-03,2026-04-03,2026-04-09,2026-04-09,2026-04-09,MRP-20260403-00000123,2000.0000,,2026-04-03 16:06:03,Zhu Jieqian,YCD2026030400000052,Sample Business Label ae093165,2026-04-03 13:28:27
JHJY-20260403-00046384,165-000081,Sample Business Label 4eae30da,Purchased,Production Project Purchase Request,Sample Business Label 14d1364a,605.0000,620.0000,2026-04-03,2026-04-03,2026-04-03,2026-04-08,2026-04-08,2026-04-08,MRP-20260403-00000123,620.0000,,2026-04-03 16:06:03,Zhu Jieqian,YCD2026030400000052,Sample Business Label ae093165,2026-04-03 13:28:27
JHJY-20260403-00046385,165-000081,Sample Business Label 4eae30da,Purchased,Production Project Purchase Request,Sample Business Label 14d1364a,2000.0000,2000.0000,2026-04-03,2026-04-03,2026-04-03,2026-04-09,2026-04-09,2026-04-09,MRP-20260403-00000123,2000.0000,,2026-04-03 16:06:03,Zhu Jieqian,YCD2026030400000052,Sample Business Label ae093165,2026-04-03 13:28:27
JHJY-20260403-00046386,165-000582,Sample Business Label c9ab1ec4,Purchased,Production Project Purchase Request,Sample Business Label 14d1364a,658.0000,670.0000,2026-04-03,2026-04-03,2026-04-03,2026-04-08,2026-04-08,2026-04-08,MRP-20260403-00000123,670.0000,,2026-04-03 16:06:03,Zhu Jieqian,YCD2026030400000052,Sample Business Label ae093165,2026-04-03 13:28:27
JHJY-20260403-00046387,165-000582,Sample Business Label c9ab1ec4,Purchased,Production Project Purchase Request,Sample Business Label 14d1364a,2000.0000,2000.0000,2026-04-03,2026-04-03,2026-04-03,2026-04-09,2026-04-09,2026-04-09,MRP-20260403-00000123,2000.0000,,2026-04-03 16:06:03,Zhu Jieqian,YCD2026030400000052,Sample Business Label ae093165,2026-04-03 13:28:27
JHJY-20260403-00046388,165-001457,Sample Business Label 0dc62b69,Purchased,Production Project Purchase Request,Sample Business Label 14d1364a,1897.0000,1910.0000,2026-04-08,2026-04-08,2026-04-08,2026-04-09,2026-04-09,2026-04-09,MRP-20260403-00000123,1910.0000,,2026-04-03 16:06:03,Zhu Jieqian,YCD2026030400000052,Sample Business Label ae093165,2026-04-03 13:28:27
JHJY-20260403-00046389,165-000663,Sample Business Label c726c5a0,Purchased,Production Project Purchase Request,Sample Business Label 14d1364a,628.0000,640.0000,2026-04-03,2026-04-03,2026-04-03,2026-04-08,2026-04-08,2026-04-08,MRP-20260403-00000123,640.0000,,2026-04-03 16:06:03,Zhu Jieqian,YCD2026030400000052,Sample Business Label ae093165,2026-04-03 13:28:27
JHJY-20260403-00046390,165-000663,Sample Business Label c726c5a0,Purchased,Production Project Purchase Request,Sample Business Label 14d1364a,2000.0000,2000.0000,2026-04-03,2026-04-03,2026-04-03,2026-04-09,2026-04-09,2026-04-09,MRP-20260403-00000123,2000.0000,,2026-04-03 16:06:03,Zhu Jieqian,YCD2026030400000052,Sample Business Label ae093165,2026-04-03 13:28:27
JHJY-20260403-00046394,165-002916,Sample Business Label f0f4595d,Purchased,Production Project Purchase Request,Sample Business Label 14d1364a,836.0000,836.0000,2026-04-03,2026-04-03,2026-04-03,2026-04-08,2026-04-08,2026-04-08,MRP-20260403-00000123,836.0000,,2026-04-03 16:06:03,Zhu Jieqian,YCD2026030400000052,Sample Business Label ae093165,2026-04-03 13:28:27
JHJY-20260403-00046395,165-002916,Sample Business Label f0f4595d,Purchased,Production Project Purchase Request,Sample Business Label 14d1364a,1645.0000,1645.0000,2026-04-03,2026-04-03,2026-04-03,2026-04-08,2026-04-08,2026-04-08,MRP-20260403-00000123,1645.0000,,2026-04-03 16:06:03,Zhu Jieqian,YCD2026030400000052,Sample Business Label ae093165,2026-04-03 13:28:27
JHJY-20260403-00046397,165-002916,Sample Business Label f0f4595d,Purchased,Production Project Purchase Request,Sample Business Label 14d1364a,316.0000,319.0000,2026-04-03,2026-04-03,2026-04-03,2026-04-09,2026-04-09,2026-04-09,MRP-20260403-00000123,319.0000,,2026-04-03 16:06:03,Zhu Jieqian,YCD2026030400000052,Sample Business Label ae093165,2026-04-03 13:28:27
JHJY-20260403-00046398,849-000214,Sample Business Label 494c3940,Purchased,Production Project Purchase Request,Sample Business Label 14d1364a,1757.0000,2000.0000,2026-04-03,2026-04-03,2026-04-03,2026-04-08,2026-04-08,2026-04-08,MRP-20260403-00000123,2000.0000,,2026-04-03 16:06:03,Zhu Jieqian,YCD2026030400000052,Sample Business Label ae093165,2026-04-03 13:28:27
JHJY-20260403-00046399,849-000214,Sample Business Label 494c3940,Purchased,Production Project Purchase Request,Sample Business Label 14d1364a,8000.0000,8000.0000,2026-04-03,2026-04-03,2026-04-03,2026-04-09,2026-04-09,2026-04-09,MRP-20260403-00000123,8000.0000,,2026-04-03 16:06:03,Zhu Jieqian,YCD2026030400000052,Sample Business Label ae093165,2026-04-03 13:28:27
JHJY-20260403-00046401,838-000251,Sample Business Label e13f879c,Purchased,Production Project Purchase Request,Sample Business Label 14d1364a,638.0000,650.0000,2026-04-03,2026-04-03,2026-04-03,2026-04-08,2026-04-08,2026-04-08,MRP-20260403-00000123,650.0000,,2026-04-03 16:06:03,Zhu Jieqian,YCD2026030400000052,Sample Business Label ae093165,2026-04-03 13:28:27
JHJY-20260403-00046402,838-000251,Sample Business Label e13f879c,Purchased,Production Project Purchase Request,Sample Business Label 14d1364a,2000.0000,2000.0000,2026-04-03,2026-04-03,2026-04-03,2026-04-09,2026-04-09,2026-04-09,MRP-20260403-00000123,2000.0000,,2026-04-03 16:06:03,Zhu Jieqian,YCD2026030400000052,Sample Business Label ae093165,2026-04-03 13:28:27
JHJY-20260403-00046403,994-000646,Sample Business Label 2ed22e4f,Purchased,Production Project Purchase Request,Sample Business Label 14d1364a,606.0000,620.0000,2026-04-07,2026-04-07,2026-04-07,2026-04-08,2026-04-08,2026-04-08,MRP-20260403-00000123,620.0000,,2026-04-03 16:06:03,Zhu Jieqian,YCD2026030400000052,Sample Business Label ae093165,2026-04-03 13:28:27
JHJY-20260403-00046404,994-000646,Sample Business Label 2ed22e4f,Purchased,Production Project Purchase Request,Sample Business Label 14d1364a,2000.0000,2000.0000,2026-04-08,2026-04-08,2026-04-08,2026-04-09,2026-04-09,2026-04-09,MRP-20260403-00000123,2000.0000,,2026-04-03 16:06:03,Zhu Jieqian,YCD2026030400000052,Sample Business Label ae093165,2026-04-03 13:28:27
JHJY-20260403-00046405,165-000279,Sample Business Label bf738462,Purchased,Production Project Purchase Request,Sample Business Label 14d1364a,657.0000,670.0000,2026-04-07,2026-04-07,2026-04-07,2026-04-08,2026-04-08,2026-04-08,MRP-20260403-00000123,670.0000,,2026-04-03 16:06:03,Zhu Jieqian,YCD2026030400000052,Sample Business Label ae093165,2026-04-03 13:28:27
JHJY-20260403-00046406,165-000279,Sample Business Label bf738462,Purchased,Production Project Purchase Request,Sample Business Label 14d1364a,2000.0000,2000.0000,2026-04-08,2026-04-08,2026-04-08,2026-04-09,2026-04-09,2026-04-09,MRP-20260403-00000123,2000.0000,,2026-04-03 16:06:03,Zhu Jieqian,YCD2026030400000052,Sample Business Label ae093165,2026-04-03 13:28:27
JHJY-20260403-00046407,165-001456,Sample Business Label dbac307a,Purchased,Production Project Purchase Request,Sample Business Label 14d1364a,1743.0000,1750.0000,2026-04-08,2026-04-08,2026-04-08,2026-04-09,2026-04-09,2026-04-09,MRP-20260403-00000123,1750.0000,,2026-04-03 16:06:03,Zhu Jieqian,YCD2026030400000052,Sample Business Label ae093165,2026-04-03 13:28:27
JHJY-20260403-00046409,165-000280,Sample Business Label 13ee5177,Purchased,Production Project Purchase Request,Sample Business Label 14d1364a,371.0000,380.0000,2026-04-03,2026-04-03,2026-04-03,2026-04-08,2026-04-08,2026-04-08,MRP-20260403-00000123,380.0000,,2026-04-03 16:06:03,Zhu Jieqian,YCD2026030400000052,Sample Business Label ae093165,2026-04-03 13:28:27
JHJY-20260403-00046410,165-000280,Sample Business Label 13ee5177,Purchased,Production Project Purchase Request,Sample Business Label 14d1364a,2000.0000,2000.0000,2026-04-03,2026-04-03,2026-04-03,2026-04-09,2026-04-09,2026-04-09,MRP-20260403-00000123,2000.0000,,2026-04-03 16:06:03,Zhu Jieqian,YCD2026030400000052,Sample Business Label ae093165,2026-04-03 13:28:27
JHJY-20260403-00046411,505-000023,Sample Business Label cf536e1e,Purchased,Production Project Purchase Request,Sample Business Label 14d1364a,680.0000,690.0000,2026-04-03,2026-04-03,2026-04-03,2026-04-08,2026-04-08,2026-04-08,MRP-20260403-00000123,690.0000,,2026-04-03 16:06:03,Zhu Jieqian,YCD2026030400000052,Sample Business Label ae093165,2026-04-03 13:28:27
JHJY-20260403-00046412,505-000023,Sample Business Label cf536e1e,Purchased,Production Project Purchase Request,Sample Business Label 14d1364a,2000.0000,2000.0000,2026-04-03,2026-04-03,2026-04-03,2026-04-09,2026-04-09,2026-04-09,MRP-20260403-00000123,2000.0000,,2026-04-03 16:06:03,Zhu Jieqian,YCD2026030400000052,Sample Business Label ae093165,2026-04-03 13:28:27
JHJY-20260403-00046413,849-000233,Sample Business Label b0811e31,Purchased,Production Project Purchase Request,Sample Business Label 14d1364a,4050.0000,4500.0000,2026-04-03,2026-04-03,2026-04-03,2026-04-08,2026-04-08,2026-04-08,MRP-20260403-00000123,4500.0000,,2026-04-03 16:06:03,Zhu Jieqian,YCD2026030400000052,Sample Business Label ae093165,2026-04-03 13:28:27
JHJY-20260403-00046414,849-000233,Sample Business Label b0811e31,Purchased,Production Project Purchase Request,Sample Business Label 14d1364a,20000.0000,20000.0000,2026-04-03,2026-04-03,2026-04-03,2026-04-09,2026-04-09,2026-04-09,MRP-20260403-00000123,20000.0000,,2026-04-03 16:06:03,Zhu Jieqian,YCD2026030400000052,Sample Business Label ae093165,2026-04-03 13:28:27
JHJY-20260403-00046415,849-000221,Sample Business Label 608cb0ad,Purchased,Production Project Purchase Request,Sample Business Label 14d1364a,652.0000,660.0000,2026-04-03,2026-04-03,2026-04-03,2026-04-08,2026-04-08,2026-04-08,MRP-20260403-00000123,660.0000,,2026-04-03 16:06:03,Zhu Jieqian,YCD2026030400000052,Sample Business Label ae093165,2026-04-03 13:28:27
JHJY-20260403-00046416,849-000221,Sample Business Label 608cb0ad,Purchased,Production Project Purchase Request,Sample Business Label 14d1364a,2000.0000,2000.0000,2026-04-03,2026-04-03,2026-04-03,2026-04-09,2026-04-09,2026-04-09,MRP-20260403-00000123,2000.0000,,2026-04-03 16:06:03,Zhu Jieqian,YCD2026030400000052,Sample Business Label ae093165,2026-04-03 13:28:27
JHJY-20260403-00046417,994-000083,Sample Business Label 70cb90b6,Purchased,Production Project Purchase Request,Sample Business Label 14d1364a,640.0000,650.0000,2026-04-03,2026-04-03,2026-04-03,2026-04-08,2026-04-08,2026-04-08,MRP-20260403-00000123,650.0000,,2026-04-03 16:06:03,Zhu Jieqian,YCD2026030400000052,Sample Business Label ae093165,2026-04-03 13:28:27
JHJY-20260403-00046418,994-000083,Sample Business Label 70cb90b6,Purchased,Production Project Purchase Request,Sample Business Label 14d1364a,2000.0000,2000.0000,2026-04-03,2026-04-03,2026-04-03,2026-04-09,2026-04-09,2026-04-09,MRP-20260403-00000123,2000.0000,,2026-04-03 16:06:03,Zhu Jieqian,YCD2026030400000052,Sample Business Label ae093165,2026-04-03 13:28:27
JHJY-20260403-00046421,849-000258,Sample Business Label 14a3e64e,Purchased,Production Project Purchase Request,Sample Business Label 14d1364a,1874.0000,2000.0000,2026-04-03,2026-04-03,2026-04-03,2026-04-08,2026-04-08,2026-04-08,MRP-20260403-00000123,2000.0000,,2026-04-03 16:06:03,Zhu Jieqian,YCD2026030400000052,Sample Business Label ae093165,2026-04-03 13:28:27
JHJY-20260403-00046422,849-000258,Sample Business Label 14a3e64e,Purchased,Production Project Purchase Request,Sample Business Label 14d1364a,6000.0000,6000.0000,2026-04-03,2026-04-03,2026-04-03,2026-04-09,2026-04-09,2026-04-09,MRP-20260403-00000123,6000.0000,,2026-04-03 16:06:03,Zhu Jieqian,YCD2026030400000052,Sample Business Label ae093165,2026-04-03 13:28:27
JHJY-20260403-00046423,165-001164,Sample Business Label c7dcee55,Purchased,Production Project Purchase Request,Sample Business Label 14d1364a,575.0000,580.0000,2026-04-03,2026-04-03,2026-04-03,2026-04-08,2026-04-08,2026-04-08,MRP-20260403-00000123,580.0000,,2026-04-03 16:06:03,Zhu Jieqian,YCD2026030400000052,Sample Business Label ae093165,2026-04-03 13:28:27
JHJY-20260403-00046424,165-001164,Sample Business Label c7dcee55,Purchased,Production Project Purchase Request,Sample Business Label 14d1364a,2000.0000,2000.0000,2026-04-03,2026-04-03,2026-04-03,2026-04-09,2026-04-09,2026-04-09,MRP-20260403-00000123,2000.0000,,2026-04-03 16:06:03,Zhu Jieqian,YCD2026030400000052,Sample Business Label ae093165,2026-04-03 13:28:27
JHJY-20260403-00046425,606-000072,Sample Business Label 7569d7b5,Purchased,Production Project Purchase Request,Sample Business Label 14d1364a,277.5000,300.0000,2026-04-03,2026-04-03,2026-04-03,2026-04-09,2026-04-09,2026-04-09,MRP-20260403-00000123,300.0000,,2026-04-03 16:06:03,Zhu Jieqian,YCD2026030400000052,Sample Business Label ae093165,2026-04-03 13:28:27
JHJY-20260408-00046440,734-000001,Sample Business Label 108580c2,In-house,Sample Business Label 68d7a178,Sample Business Label 14d1364a,20.0000,8.0000,2026-04-14,2026-04-14,2026-04-14,2026-04-15,2026-04-15,2026-04-15,MRP-20260408-00000124,8.0000,,2026-04-30 11:00:13,Zhu Jieqian,YCD2026040800000069,Sample Business Label ae093165,2026-04-08 15:50:18
JHJY-20260408-00046441,353-000162,Sample Business Label b034a5ab,In-house,Sample Business Label 68d7a178,Sample Business Label 14d1364a,20.0000,8.0000,2026-04-13,2026-04-13,2026-04-13,2026-04-14,2026-04-14,2026-04-14,MRP-20260408-00000124,8.0000,,2026-04-24 10:52:17,Zhu Jieqian,YCD2026040800000069,Sample Business Label ae093165,2026-04-08 15:50:18
JHJY-20260408-00046442,353-000178,Sample Business Label d397c0a6,In-house,Sample Business Label 68d7a178,Sample Business Label 14d1364a,20.0000,8.0000,2026-04-13,2026-04-13,2026-04-13,2026-04-14,2026-04-14,2026-04-14,MRP-20260408-00000124,8.0000,,2026-04-30 10:58:49,Zhu Jieqian,YCD2026040800000069,Sample Business Label ae093165,2026-04-08 15:50:18
JHJY-20260408-00046444,353-000165,Sample Business Label d5cae328,In-house,Sample Business Label 68d7a178,Sample Business Label 14d1364a,20.0000,20.0000,2026-04-12,2026-04-12,2026-04-12,2026-04-13,2026-04-13,2026-04-13,MRP-20260408-00000124,20.0000,,2026-04-13 18:12:18,Zhu Jieqian,YCD2026040800000069,Sample Business Label ae093165,2026-04-08 15:50:18
JHJY-20260408-00046445,353-000163,Sample Business Label 2eb248eb,In-house,Sample Business Label 68d7a178,Sample Business Label 14d1364a,20.0000,20.0000,2026-04-12,2026-04-12,2026-04-12,2026-04-13,2026-04-13,2026-04-13,MRP-20260408-00000124,20.0000,,2026-04-10 23:46:10,Zhu Jieqian,YCD2026040800000069,Sample Business Label ae093165,2026-04-08 15:50:18
JHJY-20260408-00046447,353-000167,Sample Business Label def35f1a,In-house,Sample Business Label 68d7a178,Sample Business Label 14d1364a,20.0000,8.0000,2026-04-12,2026-04-12,2026-04-12,2026-04-13,2026-04-13,2026-04-13,MRP-20260408-00000124,8.0000,,2026-04-24 10:52:17,Zhu Jieqian,YCD2026040800000069,Sample Business Label ae093165,2026-04-08 15:50:18
JHJY-20260408-00046448,353-000164,Sample Business Label e00a1741,In-house,Sample Business Label 68d7a178,Sample Business Label 14d1364a,20.0000,8.0000,2026-04-12,2026-04-12,2026-04-12,2026-04-13,2026-04-13,2026-04-13,MRP-20260408-00000124,8.0000,,2026-04-24 10:52:17,Zhu Jieqian,YCD2026040800000069,Sample Business Label ae093165,2026-04-08 15:50:18
JHJY-20260408-00046450,353-000179,Sample Business Label 8a9ccbc1,In-house,Sample Business Label 68d7a178,Sample Business Label 14d1364a,20.0000,8.0000,2026-04-12,2026-04-12,2026-04-12,2026-04-13,2026-04-13,2026-04-13,MRP-20260408-00000124,8.0000,,2026-04-20 15:09:01,Zhu Jieqian,YCD2026040800000069,Sample Business Label ae093165,2026-04-08 15:50:18
JHJY-20260408-00046451,353-000181,Sample Business Label 05fb003f,In-house,Sample Business Label 68d7a178,Sample Business Label 14d1364a,20.0000,20.0000,2026-04-11,2026-04-11,2026-04-11,2026-04-12,2026-04-12,2026-04-12,MRP-20260408-00000124,20.0000,,2026-04-09 10:00:23,Zhu Jieqian,YCD2026040800000069,Sample Business Label ae093165,2026-04-08 15:50:18
JHJY-20260408-00046458,353-000166,Sample Business Label 622a1232,In-house,Sample Business Label 68d7a178,Sample Business Label 14d1364a,40.0000,40.0000,2026-04-11,2026-04-11,2026-04-11,2026-04-12,2026-04-12,2026-04-12,MRP-20260408-00000124,40.0000,,2026-04-13 18:12:18,Zhu Jieqian,YCD2026040800000069,Sample Business Label ae093165,2026-04-08 15:50:18
JHJY-20260408-00046465,353-000180,Sample Business Label a6630460,In-house,Sample Business Label 68d7a178,Sample Business Label 14d1364a,20.0000,20.0000,2026-04-11,2026-04-11,2026-04-11,2026-04-12,2026-04-12,2026-04-12,MRP-20260408-00000124,20.0000,,2026-04-09 15:30:19,Zhu Jieqian,YCD2026040800000069,Sample Business Label ae093165,2026-04-08 15:50:18
JHJY-20260408-00046467,353-000171,Sample Business Label 66fe5be4,In-house,Sample Business Label 68d7a178,Sample Business Label 14d1364a,20.0000,20.0000,2026-04-11,2026-04-11,2026-04-11,2026-04-12,2026-04-12,2026-04-12,MRP-20260408-00000124,20.0000,,2026-04-19 20:50:34,Zhu Jieqian,YCD2026040800000069,Sample Business Label ae093165,2026-04-08 15:50:18
JHJY-20260408-00046468,353-000168,Sample Business Label ff34dc9e,In-house,Sample Business Label 68d7a178,Sample Business Label 14d1364a,80.0000,32.0000,2026-04-11,2026-04-11,2026-04-11,2026-04-12,2026-04-12,2026-04-12,MRP-20260408-00000124,32.0000,,2026-04-20 15:09:01,Zhu Jieqian,YCD2026040800000069,Sample Business Label ae093165,2026-04-08 15:50:18
JHJY-20260408-00046469,353-000173,Sample Business Label e654fe22,In-house,Sample Business Label 68d7a178,Sample Business Label 14d1364a,20.0000,20.0000,2026-04-11,2026-04-11,2026-04-11,2026-04-12,2026-04-12,2026-04-12,MRP-20260408-00000124,20.0000,,2026-04-09 10:00:23,Zhu Jieqian,YCD2026040800000069,Sample Business Label ae093165,2026-04-08 15:50:18
JHJY-20260408-00046479,353-000170,Sample Business Label e56bc4ba,In-house,Sample Business Label 68d7a178,Sample Business Label 14d1364a,20.0000,20.0000,2026-04-11,2026-04-11,2026-04-11,2026-04-12,2026-04-12,2026-04-12,MRP-20260408-00000124,20.0000,,2026-04-09 15:30:19,Zhu Jieqian,YCD2026040800000069,Sample Business Label ae093165,2026-04-08 15:50:18
JHJY-20260408-00046487,353-000169,Sample Business Label 9d2d6a27,In-house,Sample Business Label 68d7a178,Sample Business Label 14d1364a,20.0000,20.0000,2026-04-11,2026-04-11,2026-04-11,2026-04-12,2026-04-12,2026-04-12,MRP-20260408-00000124,20.0000,,2026-04-09 10:00:23,Zhu Jieqian,YCD2026040800000069,Sample Business Label ae093165,2026-04-08 15:50:18
JHJY-20260408-00046493,353-000174,Sample Business Label d71ceac2,In-house,Sample Business Label 68d7a178,Sample Business Label 14d1364a,20.0000,20.0000,2026-04-11,2026-04-11,2026-04-11,2026-04-12,2026-04-12,2026-04-12,MRP-20260408-00000124,20.0000,,2026-04-09 15:30:19,Zhu Jieqian,YCD2026040800000069,Sample Business Label ae093165,2026-04-08 15:50:18
JHJY-20260408-00046541,P61-000331,Sample Business Label 8a608f8b,In-house,Sample Business Label 68d7a178,Sample Business Label 14d1364a,0.0000,30.0000,2026-04-08,,2026-04-08,,2026-04-09,2026-04-09,,30.0000,,2026-04-08 18:06:02,Zhu Jieqian,,Sample Business Label ae093165,2026-04-08 18:02:38
JHJY-20260411-00046577,815-000002,Sample Business Label ebfc96e4,In-house,Sample Business Label 68d7a178,Sample Business Label 14d1364a,968.0000,503.0000,2026-04-11,2026-04-02,2026-04-11,2026-04-02,2026-04-12,2026-04-12,MRP-20260402-00000120,503.0000,,2026-04-11 12:10:54,Zhu Jieqian,YCD2026040200000060,Sample Business Label ae093165,2026-04-02 11:16:49
JHJY-20260411-00046581,525-000204,Sample Business Label 044cb61d,In-house,Sample Business Label 68d7a178,Sample Business Label 14d1364a,0.0000,400.0000,2026-04-11,,2026-04-11,,2026-04-12,2026-04-12,,400.0000,,2026-04-11 15:23:32,Zhu Jieqian,,Sample Business Label ae093165,2026-04-11 15:07:10
JHJY-20260411-00046582,525-000190,Sample Business Label b1be20ec,In-house,Sample Business Label 68d7a178,Sample Business Label 14d1364a,0.0000,100.0000,2026-04-11,,2026-04-11,,2026-04-12,2026-04-12,,100.0000,,2026-04-11 16:09:11,Zhu Jieqian,,Sample Business Label ae093165,2026-04-11 16:07:15
JHJY-20260411-00046583,525-000191,Sample Business Label 1eaa7193,In-house,Sample Business Label 68d7a178,Sample Business Label 14d1364a,0.0000,100.0000,2026-04-11,,2026-04-11,,2026-04-12,2026-04-12,,100.0000,,2026-04-11 16:09:11,Zhu Jieqian,,Sample Business Label ae093165,2026-04-11 16:07:35
JHJY-20260411-00046584,525-000192,Sample Business Label db89e4aa,In-house,Sample Business Label 68d7a178,Sample Business Label 14d1364a,0.0000,100.0000,2026-04-11,,2026-04-11,,2026-04-12,2026-04-12,,100.0000,,2026-04-11 16:09:11,Zhu Jieqian,,Sample Business Label ae093165,2026-04-11 16:08:00
JHJY-20260411-00046585,525-000193,Sample Business Label a579becd,In-house,Sample Business Label 68d7a178,Sample Business Label 14d1364a,0.0000,100.0000,2026-04-11,,2026-04-11,,2026-04-12,2026-04-12,,100.0000,,2026-04-11 16:09:11,Zhu Jieqian,,Sample Business Label ae093165,2026-04-11 16:08:16
JHJY-20260411-00046586,525-000183,Sample Business Label 7559bee8,In-house,Sample Business Label 68d7a178,Sample Business Label 14d1364a,0.0000,100.0000,2026-04-11,,2026-04-11,,2026-04-12,2026-04-12,,100.0000,,2026-04-11 16:25:46,Zhu Jieqian,,Sample Business Label ae093165,2026-04-11 16:23:05
JHJY-20260411-00046587,525-000223,Sample Business Label 86c979af,In-house,Sample Business Label 68d7a178,Sample Business Label 14d1364a,0.0000,100.0000,2026-04-11,,2026-04-11,,2026-04-12,2026-04-12,,100.0000,,2026-04-11 16:25:46,Zhu Jieqian,,Sample Business Label ae093165,2026-04-11 16:25:18
JHJY-20260413-00046590,528-000031,Sample Business Label 9d04eaad,In-house,Sample Business Label 68d7a178,Sample Business Label 14d1364a,500.0000,1000.0000,2026-04-15,2026-03-23,2026-04-15,2026-03-24,2026-04-16,2026-04-16,MRP-20260318-00000114,1000.0000,,2026-04-13 13:11:08,Zhu Jieqian,,Sample Business Label ae093165,2026-03-18 09:59:13
JHJY-20260415-00046601,P69-000060,Sample Business Label 713c8bb9,In-house,Sample Business Label 68d7a178,Sample Business Label 14d1364a,380.0000,182.0000,2026-04-15,2026-04-14,2026-04-15,2026-04-15,2026-04-16,2026-04-16,MRP-20260402-00000121,182.0000,,2026-04-15 11:20:02,Zhu Jieqian,YCD2026020500000045,Sample Business Label ae093165,2026-04-02 23:03:55
JHJY-20260417-00046604,306-000001,Sample Business Label 440fbad5,In-house,Sample Business Label 68d7a178,Sample Business Label 14d1364a,676.0000,1000.0000,2026-04-18,2026-03-23,2026-04-18,2026-03-24,2026-04-19,2026-04-19,MRP-20260318-00000114,1000.0000,,2026-04-17 14:17:40,Zhu Jieqian,,Sample Business Label ae093165,2026-03-18 09:59:13
JHJY-20260417-00046605,306-000005,Sample Business Label acb49a18,In-house,Sample Business Label 68d7a178,Sample Business Label 14d1364a,676.0000,1700.0000,2026-04-18,2026-03-22,2026-04-18,2026-03-23,2026-04-19,2026-04-19,MRP-20260318-00000114,1700.0000,,2026-04-17 14:28:05,Zhu Jieqian,,Sample Business Label ae093165,2026-03-18 09:59:13
JHJY-20260424-00046615,353-000168,Sample Business Label ff34dc9e,In-house,Sample Business Label 68d7a178,Sample Business Label 14d1364a,0.0000,48.0000,2026-04-24,,2026-04-24,,2026-04-25,2026-04-25,,48.0000,,2026-04-24 19:12:28,Zhu Jieqian,,Sample Business Label ae093165,2026-04-24 19:10:16
JHJY-20260514-00048786,883-000052,Sample Business Label 19047418,In-house,Sample Business Label 68d7a178,Sample Business Label 14d1364a,50.0000,60.0000,2026-05-15,2026-05-12,2026-05-15,2026-05-12,2026-05-16,2026-05-16,MRP-20260512-00000126,60.0000,,2026-05-14 14:37:43,Sample Business Label 88a91c95,,Sample Business Label ae093165,2026-05-12 18:16:55
JHJY-20260514-00048787,883-000008,Sample Business Label a028dd1a,In-house,Sample Business Label 68d7a178,Sample Business Label 14d1364a,20.0000,60.0000,2026-05-15,2026-05-30,2026-05-15,2026-05-31,2026-05-16,2026-05-16,MRP-20260512-00000126,60.0000,,2026-05-14 14:43:15,Sample Business Label 88a91c95,,Sample Business Label ae093165,2026-05-12 18:16:55
JHJY-20260514-00052413,883-000008,Sample Business Label a028dd1a,In-house,Sample Business Label 68d7a178,Sample Business Label 14d1364a,6.0000,6.0000,2026-09-29,2026-09-29,2026-09-29,2026-09-30,2026-09-30,2026-09-30,MRP-20260514-00000129,6.0000,,2026-05-18 15:49:25,Sample Business Label 88a91c95,YCD2026050700000074,Sample Business Label ae093165,2026-05-14 17:09:11
JHJY-20260514-00054019,791-000015,Sample Business Label 8593e497,In-house,Sample Business Label 68d7a178,Sample Business Label 14d1364a,72.0000,200.0000,2026-05-15,2026-06-29,2026-05-15,2026-06-30,2026-05-16,2026-05-16,MRP-20260514-00000129,200.0000,,2026-05-14 17:13:30,Sample Business Label 88a91c95,,Sample Business Label ae093165,2026-05-14 17:09:11
JHJY-20260521-00058580,883-000078,Sample Business Label aef50034,In-house,Sample Business Label 68d7a178,Sample Business Label 14d1364a,773.0000,1200.0000,2026-05-25,2026-08-30,2026-05-25,2026-08-31,2026-05-26,2026-05-26,MRP-20260514-00000129,1200.0000,,2026-05-21 10:27:03,Sample Business Label 88a91c95,,Sample Business Label ae093165,2026-05-14 17:09:11
JHJY-20260521-00058585,306-000102,Sample Business Label 4cc22b76,In-house,Sample Business Label 68d7a178,Sample Business Label 14d1364a,15.0000,300.0000,2026-05-25,2026-08-30,2026-05-25,2026-08-31,2026-05-26,2026-05-26,MRP-20260514-00000129,300.0000,,2026-05-21 10:35:25,Sample Business Label 88a91c95,,Sample Business Label ae093165,2026-05-14 17:09:11
JHJY-20260525-00060244,382-000005,Beidou Agricultural Navigation Controller,In-house,Sample Business Label 68d7a178,Sample Business Label 14d1364a,239.0000,200.0000,2026-05-31,2026-05-31,2026-05-31,2026-06-01,2026-06-01,2026-06-01,MRP-20260521-00000138,200.0000,,2026-05-25 10:44:17,Sample Business Label 88a91c95,YCD2026031600000056,Sample Business Label ae093165,2026-05-21 14:35:40
JHJY-20260610-00061999,526-000006,Beidou Agricultural Navigation Controller,In-house,Sample Business Label 68d7a178,Sample Business Label f1dcd1a2,10.0000,10.0000,2026-06-10,2026-06-10,2026-06-10,2026-06-10,2026-06-10,2026-06-10,MRP-20260610-00000151,0.0000,,,Sample Business Label 88a91c95,YCD2026031600000056,Normal,2026-06-10 10:01:24
JHJY-20260610-00062019,382-000005,Beidou Agricultural Navigation Controller,In-house,Sample Business Label 68d7a178,Sample Business Label f1dcd1a2,123.0000,123.0000,2026-06-10,2026-06-10,2026-06-10,2026-06-10,2026-06-10,2026-06-10,MRP-20260610-00000151,0.0000,,,Sample Business Label 88a91c95,YCD2026040900000070,Normal,2026-06-10 10:01:24
JHJY-20260610-00062020,382-000005,Beidou Agricultural Navigation Controller,In-house,Sample Business Label 68d7a178,Sample Business Label f1dcd1a2,322.0000,322.0000,2026-06-10,2026-06-10,2026-06-10,2026-06-10,2026-06-10,2026-06-10,MRP-20260610-00000151,0.0000,,,Sample Business Label 88a91c95,YCD2026031600000056,Normal,2026-06-10 10:01:24
JHJY-20260610-00062024,526-000001,Beidou Agricultural Navigation Controller,In-house,Sample Business Label 68d7a178,Sample Business Label f1dcd1a2,22.0000,22.0000,2026-06-10,2026-06-10,2026-06-10,2026-06-10,2026-06-10,2026-06-10,MRP-20260610-00000151,0.0000,,,Sample Business Label 88a91c95,YCD2026040900000070,Normal,2026-06-10 10:01:24
JHJY-20260610-00062025,526-000001,Beidou Agricultural Navigation Controller,In-house,Sample Business Label 68d7a178,Sample Business Label f1dcd1a2,349.0000,349.0000,2026-06-10,2026-06-10,2026-06-10,2026-06-10,2026-06-10,2026-06-10,MRP-20260610-00000151,0.0000,,,Sample Business Label 88a91c95,YCD2026031600000056,Normal,2026-06-10 10:01:24
JHJY-20260610-00062026,382-000006,Beidou Agricultural Navigation Controller,In-house,Sample Business Label 68d7a178,Sample Business Label f1dcd1a2,4.0000,4.0000,2026-06-10,2026-06-10,2026-06-10,2026-06-10,2026-06-10,2026-06-10,MRP-20260610-00000151,0.0000,,,Sample Business Label 88a91c95,YCD2026031600000057,Normal,2026-06-10 10:01:24
JHJY-20260610-00062027,382-000006,Beidou Agricultural Navigation Controller,In-house,Sample Business Label 68d7a178,Sample Business Label f1dcd1a2,21.0000,21.0000,2026-06-10,2026-06-10,2026-06-10,2026-06-10,2026-06-10,2026-06-10,MRP-20260610-00000151,0.0000,,,Sample Business Label 88a91c95,YCD2026040900000070,Normal,2026-06-10 10:01:24
JHJY-20260610-00062028,382-000006,Beidou Agricultural Navigation Controller,In-house,Sample Business Label 68d7a178,Sample Business Label f1dcd1a2,70.0000,70.0000,2026-06-10,2026-06-10,2026-06-10,2026-06-10,2026-06-10,2026-06-10,MRP-20260610-00000151,0.0000,,,Sample Business Label 88a91c95,YCD2026031600000056,Normal,2026-06-10 10:01:24
JHJY-20260610-00062033,623-000034,408 Satellite Land Leveling System (Overseas),In-house,Sample Business Label 68d7a178,Sample Business Label f1dcd1a2,2.0000,2.0000,2026-06-10,2026-06-10,2026-06-10,2026-06-10,2026-06-10,2026-06-10,MRP-20260610-00000151,0.0000,,,Sample Business Label 88a91c95,YCD2026040900000070,Normal,2026-06-10 10:01:24
JHJY-20260610-00062034,623-000034,408 Satellite Land Leveling System (Overseas),In-house,Sample Business Label 68d7a178,Sample Business Label f1dcd1a2,5.0000,5.0000,2026-06-10,2026-06-10,2026-06-10,2026-06-10,2026-06-10,2026-06-10,MRP-20260610-00000151,0.0000,,,Sample Business Label 88a91c95,YCD2026031600000056,Normal,2026-06-10 10:01:24
JHJY-20260610-00062042,791-000016,Sample Business Label 65667b1b,In-house,Sample Business Label 68d7a178,Sample Business Label f1dcd1a2,4.0000,4.0000,2026-06-10,2026-06-10,2026-06-10,2026-06-10,2026-06-10,2026-06-10,MRP-20260610-00000151,0.0000,,,Sample Business Label 88a91c95,YCD2026031600000057,Normal,2026-06-10 10:01:24
JHJY-20260610-00062043,791-000016,Sample Business Label 65667b1b,In-house,Sample Business Label 68d7a178,Sample Business Label f1dcd1a2,21.0000,21.0000,2026-06-10,2026-06-10,2026-06-10,2026-06-10,2026-06-10,2026-06-10,MRP-20260610-00000151,0.0000,,,Sample Business Label 88a91c95,YCD2026040900000070,Normal,2026-06-10 10:01:24
JHJY-20260610-00062044,791-000016,Sample Business Label 65667b1b,In-house,Sample Business Label 68d7a178,Sample Business Label f1dcd1a2,70.0000,70.0000,2026-06-10,2026-06-10,2026-06-10,2026-06-10,2026-06-10,2026-06-10,MRP-20260610-00000151,0.0000,,,Sample Business Label 88a91c95,YCD2026031600000056,Normal,2026-06-10 10:01:24
JHJY-20260610-00062057,306-000052,Sample Business Label 78369412,In-house,Sample Business Label 68d7a178,Sample Business Label f1dcd1a2,10.0000,10.0000,2026-06-10,2026-06-10,2026-06-10,2026-06-10,2026-06-10,2026-06-10,MRP-20260610-00000151,0.0000,,,Sample Business Label 88a91c95,YCD2026031600000056,Normal,2026-06-10 10:01:24
JHJY-20260610-00062058,306-000052,Sample Business Label 78369412,In-house,Sample Business Label 68d7a178,Sample Business Label f1dcd1a2,22.0000,22.0000,2026-06-10,2026-06-10,2026-06-10,2026-06-10,2026-06-10,2026-06-10,MRP-20260610-00000151,0.0000,,,Sample Business Label 88a91c95,YCD2026040900000070,Normal,2026-06-10 10:01:24
JHJY-20260610-00062059,306-000052,Sample Business Label 78369412,In-house,Sample Business Label 68d7a178,Sample Business Label f1dcd1a2,349.0000,349.0000,2026-06-10,2026-06-10,2026-06-10,2026-06-10,2026-06-10,2026-06-10,MRP-20260610-00000151,0.0000,,,Sample Business Label 88a91c95,YCD2026031600000056,Normal,2026-06-10 10:01:24
JHJY-20260610-00062079,838-000222,Sample Business Label 33b821ee,Purchased,Production Project Purchase Request,Sample Business Label f1dcd1a2,68.0000,68.0000,2026-06-10,2026-06-10,2026-06-10,2026-06-10,2026-06-10,2026-06-10,MRP-20260610-00000151,0.0000,,,Sample Business Label 88a91c95,YCD2026031600000056,Normal,2026-06-10 10:01:24
JHJY-20260610-00062080,838-000222,Sample Business Label 33b821ee,Purchased,Production Project Purchase Request,Sample Business Label f1dcd1a2,2.0000,2.0000,2026-06-10,2026-06-10,2026-06-10,2026-06-10,2026-06-10,2026-06-10,MRP-20260610-00000151,0.0000,,,Sample Business Label 88a91c95,YCD2026040900000070,Normal,2026-06-10 10:01:24
JHJY-20260610-00062081,838-000222,Sample Business Label 33b821ee,Purchased,Production Project Purchase Request,Sample Business Label f1dcd1a2,5.0000,5.0000,2026-06-10,2026-06-10,2026-06-10,2026-06-10,2026-06-10,2026-06-10,MRP-20260610-00000151,0.0000,,,Sample Business Label 88a91c95,YCD2026031600000056,Normal,2026-06-10 10:01:24
JHJY-20260610-00062082,838-000222,Sample Business Label 33b821ee,Purchased,Production Project Purchase Request,Sample Business Label f1dcd1a2,40.0000,40.0000,2026-06-10,2026-06-10,2026-06-10,2026-06-10,2026-06-10,2026-06-10,MRP-20260610-00000151,0.0000,,,Sample Business Label 88a91c95,YCD2026031600000056,Normal,2026-06-10 10:01:24
JHJY-20260610-00062083,838-000222,Sample Business Label 33b821ee,Purchased,Production Project Purchase Request,Sample Business Label f1dcd1a2,75.0000,75.0000,2026-06-10,2026-06-10,2026-06-10,2026-06-10,2026-06-10,2026-06-10,MRP-20260610-00000151,0.0000,,,Sample Business Label 88a91c95,YCD2026031600000057,Normal,2026-06-10 10:01:24
JHJY-20260610-00062084,838-000222,Sample Business Label 33b821ee,Purchased,Production Project Purchase Request,Sample Business Label f1dcd1a2,75.0000,75.0000,2026-06-10,2026-06-10,2026-06-10,2026-06-10,2026-06-10,2026-06-10,MRP-20260610-00000151,0.0000,,,Sample Business Label 88a91c95,YCD2026040900000070,Normal,2026-06-10 10:01:24
JHJY-20260610-00062085,838-000222,Sample Business Label 33b821ee,Purchased,Production Project Purchase Request,Sample Business Label f1dcd1a2,105.0000,105.0000,2026-06-10,2026-06-10,2026-06-10,2026-06-10,2026-06-10,2026-06-10,MRP-20260610-00000151,0.0000,,,Sample Business Label 88a91c95,YCD2026031600000056,Normal,2026-06-10 10:01:24
JHJY-20260610-00062086,838-000222,Sample Business Label 33b821ee,Purchased,Production Project Purchase Request,Sample Business Label f1dcd1a2,2.0000,2.0000,2026-06-10,2026-06-10,2026-06-10,2026-06-10,2026-06-10,2026-06-10,MRP-20260610-00000151,0.0000,,,Sample Business Label 88a91c95,YCD2026040900000070,Normal,2026-06-10 10:01:24
JHJY-20260610-00062087,838-000222,Sample Business Label 33b821ee,Purchased,Production Project Purchase Request,Sample Business Label f1dcd1a2,5.0000,5.0000,2026-06-10,2026-06-10,2026-06-10,2026-06-10,2026-06-10,2026-06-10,MRP-20260610-00000151,0.0000,,,Sample Business Label 88a91c95,YCD2026031600000056,Normal,2026-06-10 10:01:24
JHJY-20260610-00062089,791-000014,Sample Business Label d73a06fa,In-house,Sample Business Label 68d7a178,Sample Business Label f1dcd1a2,4.0000,4.0000,2026-06-10,2026-06-10,2026-06-10,2026-06-10,2026-06-10,2026-06-10,MRP-20260610-00000151,0.0000,,,Sample Business Label 88a91c95,YCD2026031600000057,Normal,2026-06-10 10:01:24
JHJY-20260610-00062090,791-000014,Sample Business Label d73a06fa,In-house,Sample Business Label 68d7a178,Sample Business Label f1dcd1a2,21.0000,21.0000,2026-06-10,2026-06-10,2026-06-10,2026-06-10,2026-06-10,2026-06-10,MRP-20260610-00000151,0.0000,,,Sample Business Label 88a91c95,YCD2026040900000070,Normal,2026-06-10 10:01:24
JHJY-20260610-00062091,791-000014,Sample Business Label d73a06fa,In-house,Sample Business Label 68d7a178,Sample Business Label f1dcd1a2,70.0000,70.0000,2026-06-10,2026-06-10,2026-06-10,2026-06-10,2026-06-10,2026-06-10,MRP-20260610-00000151,0.0000,,,Sample Business Label 88a91c95,YCD2026031600000056,Normal,2026-06-10 10:01:24
JHJY-20260610-00062092,528-000036,Sample Business Label 3df74aa6,In-house,Sample Business Label 68d7a178,Sample Business Label f1dcd1a2,91.0000,91.0000,2026-06-10,2026-06-10,2026-06-10,2026-06-10,2026-06-10,2026-06-10,MRP-20260610-00000151,0.0000,,,Sample Business Label 88a91c95,YCD2026040900000070,Normal,2026-06-10 10:01:24
JHJY-20260610-00062093,528-000036,Sample Business Label 3df74aa6,In-house,Sample Business Label 68d7a178,Sample Business Label f1dcd1a2,322.0000,322.0000,2026-06-10,2026-06-10,2026-06-10,2026-06-10,2026-06-10,2026-06-10,MRP-20260610-00000151,0.0000,,,Sample Business Label 88a91c95,YCD2026031600000056,Normal,2026-06-10 10:01:24
JHJY-20260610-00062094,528-000036,Sample Business Label 3df74aa6,In-house,Sample Business Label 68d7a178,Sample Business Label f1dcd1a2,22.0000,22.0000,2026-06-10,2026-06-10,2026-06-10,2026-06-10,2026-06-10,2026-06-10,MRP-20260610-00000151,0.0000,,,Sample Business Label 88a91c95,YCD2026040900000070,Normal,2026-06-10 10:01:24
JHJY-20260610-00062095,528-000036,Sample Business Label 3df74aa6,In-house,Sample Business Label 68d7a178,Sample Business Label f1dcd1a2,349.0000,349.0000,2026-06-10,2026-06-10,2026-06-10,2026-06-10,2026-06-10,2026-06-10,MRP-20260610-00000151,0.0000,,,Sample Business Label 88a91c95,YCD2026031600000056,Normal,2026-06-10 10:01:24
JHJY-20260610-00062097,468-000530,Sample Business Label 4132b202,Purchased,Production Project Purchase Request,Sample Business Label f1dcd1a2,126.0000,126.0000,2026-06-10,2026-06-10,2026-06-10,2026-06-10,2026-06-10,2026-06-10,MRP-20260610-00000151,0.0000,,,Sample Business Label 88a91c95,YCD2026031600000056,Normal,2026-06-10 10:01:24
JHJY-20260610-00062098,468-000530,Sample Business Label 4132b202,Purchased,Production Project Purchase Request,Sample Business Label f1dcd1a2,4.0000,4.0000,2026-06-10,2026-06-10,2026-06-10,2026-06-10,2026-06-10,2026-06-10,MRP-20260610-00000151,0.0000,,,Sample Business Label 88a91c95,YCD2026031600000057,Normal,2026-06-10 10:01:24
JHJY-20260610-00062099,468-000530,Sample Business Label 4132b202,Purchased,Production Project Purchase Request,Sample Business Label f1dcd1a2,21.0000,21.0000,2026-06-10,2026-06-10,2026-06-10,2026-06-10,2026-06-10,2026-06-10,MRP-20260610-00000151,0.0000,,,Sample Business Label 88a91c95,YCD2026040900000070,Normal,2026-06-10 10:01:24
JHJY-20260610-00062100,468-000530,Sample Business Label 4132b202,Purchased,Production Project Purchase Request,Sample Business Label f1dcd1a2,70.0000,70.0000,2026-06-10,2026-06-10,2026-06-10,2026-06-10,2026-06-10,2026-06-10,MRP-20260610-00000151,0.0000,,,Sample Business Label 88a91c95,YCD2026031600000056,Normal,2026-06-10 10:01:24
JHJY-20260610-00062102,791-000005,Sample Business Label 31854bc6,In-house,Sample Business Label 68d7a178,Sample Business Label f1dcd1a2,4.0000,4.0000,2026-06-10,2026-06-10,2026-06-10,2026-06-10,2026-06-10,2026-06-10,MRP-20260610-00000151,0.0000,,,Sample Business Label 88a91c95,YCD2026031600000057,Normal,2026-06-10 10:01:24
JHJY-20260610-00062103,791-000005,Sample Business Label 31854bc6,In-house,Sample Business Label 68d7a178,Sample Business Label f1dcd1a2,21.0000,21.0000,2026-06-10,2026-06-10,2026-06-10,2026-06-10,2026-06-10,2026-06-10,MRP-20260610-00000151,0.0000,,,Sample Business Label 88a91c95,YCD2026040900000070,Normal,2026-06-10 10:01:24
JHJY-20260610-00062104,791-000005,Sample Business Label 31854bc6,In-house,Sample Business Label 68d7a178,Sample Business Label f1dcd1a2,70.0000,70.0000,2026-06-10,2026-06-10,2026-06-10,2026-06-10,2026-06-10,2026-06-10,MRP-20260610-00000151,0.0000,,,Sample Business Label 88a91c95,YCD2026031600000056,Normal,2026-06-10 10:01:24
JHJY-20260610-00062105,791-000007,Sample Business Label 77e62d0c,In-house,Sample Business Label 68d7a178,Sample Business Label f1dcd1a2,123.0000,123.0000,2026-06-10,2026-06-10,2026-06-10,2026-06-10,2026-06-10,2026-06-10,MRP-20260610-00000151,0.0000,,,Sample Business Label 88a91c95,YCD2026040900000070,Normal,2026-06-10 10:01:24
JHJY-20260610-00062106,791-000007,Sample Business Label 77e62d0c,In-house,Sample Business Label 68d7a178,Sample Business Label f1dcd1a2,322.0000,322.0000,2026-06-10,2026-06-10,2026-06-10,2026-06-10,2026-06-10,2026-06-10,MRP-20260610-00000151,0.0000,,,Sample Business Label 88a91c95,YCD2026031600000056,Normal,2026-06-10 10:01:24
JHJY-20260610-00062113,883-000008,Sample Business Label a028dd1a,In-house,Sample Business Label 68d7a178,Sample Business Label f1dcd1a2,37.0000,37.0000,2026-06-10,2026-06-10,2026-06-10,2026-06-10,2026-06-10,2026-06-10,MRP-20260610-00000151,0.0000,,,Sample Business Label 88a91c95,YCD2026031600000056,Normal,2026-06-10 10:01:24
JHJY-20260610-00062114,883-000008,Sample Business Label a028dd1a,In-house,Sample Business Label 68d7a178,Sample Business Label f1dcd1a2,16.0000,16.0000,2026-06-10,2026-06-10,2026-06-10,2026-06-10,2026-06-10,2026-06-10,MRP-20260610-00000151,0.0000,,,Sample Business Label 88a91c95,YCD2026031600000056,Normal,2026-06-10 10:01:24
JHJY-20260610-00062115,883-000008,Sample Business Label a028dd1a,In-house,Sample Business Label 68d7a178,Sample Business Label f1dcd1a2,5.0000,5.0000,2026-06-10,2026-06-10,2026-06-10,2026-06-10,2026-06-10,2026-06-10,MRP-20260610-00000151,0.0000,,,Sample Business Label 88a91c95,YCD2026031600000056,Normal,2026-06-10 10:01:24
JHJY-20260610-00062116,883-000008,Sample Business Label a028dd1a,In-house,Sample Business Label 68d7a178,Sample Business Label f1dcd1a2,2.0000,2.0000,2026-06-10,2026-06-10,2026-06-10,2026-06-10,2026-06-10,2026-06-10,MRP-20260610-00000151,0.0000,,,Sample Business Label 88a91c95,YCD2026040900000070,Normal,2026-06-10 10:01:24
JHJY-20260610-00062117,883-000008,Sample Business Label a028dd1a,In-house,Sample Business Label 68d7a178,Sample Business Label f1dcd1a2,5.0000,5.0000,2026-06-10,2026-06-10,2026-06-10,2026-06-10,2026-06-10,2026-06-10,MRP-20260610-00000151,0.0000,,,Sample Business Label 88a91c95,YCD2026031600000056,Normal,2026-06-10 10:01:24
JHJY-20260610-00062127,791-000015,Sample Business Label 8593e497,In-house,Sample Business Label 68d7a178,Sample Business Label f1dcd1a2,123.0000,123.0000,2026-06-10,2026-06-10,2026-06-10,2026-06-10,2026-06-10,2026-06-10,MRP-20260610-00000151,0.0000,,,Sample Business Label 88a91c95,YCD2026040900000070,Normal,2026-06-10 10:01:24
JHJY-20260610-00062128,791-000015,Sample Business Label 8593e497,In-house,Sample Business Label 68d7a178,Sample Business Label f1dcd1a2,322.0000,322.0000,2026-06-10,2026-06-10,2026-06-10,2026-06-10,2026-06-10,2026-06-10,MRP-20260610-00000151,0.0000,,,Sample Business Label 88a91c95,YCD2026031600000056,Normal,2026-06-10 10:01:24
JHJY-20260610-00062130,528-000043,Sample Business Label 02ae5ac2,In-house,Sample Business Label 68d7a178,Sample Business Label f1dcd1a2,10.0000,10.0000,2026-06-10,2026-06-10,2026-06-10,2026-06-10,2026-06-10,2026-06-10,MRP-20260610-00000151,0.0000,,,Sample Business Label 88a91c95,YCD2026031600000056,Normal,2026-06-10 10:01:24
JHJY-20260610-00062131,306-000003,Sample Business Label 4f65f728,In-house,Sample Business Label 68d7a178,Sample Business Label f1dcd1a2,10.0000,10.0000,2026-06-10,2026-06-10,2026-06-10,2026-06-10,2026-06-10,2026-06-10,MRP-20260610-00000151,0.0000,,,Sample Business Label 88a91c95,YCD2026031600000056,Normal,2026-06-10 10:01:24
JHJY-20260610-00062132,306-000003,Sample Business Label 4f65f728,In-house,Sample Business Label 68d7a178,Sample Business Label f1dcd1a2,22.0000,22.0000,2026-06-10,2026-06-10,2026-06-10,2026-06-10,2026-06-10,2026-06-10,MRP-20260610-00000151,0.0000,,,Sample Business Label 88a91c95,YCD2026040900000070,Normal,2026-06-10 10:01:24
JHJY-20260610-00062133,306-000003,Sample Business Label 4f65f728,In-house,Sample Business Label 68d7a178,Sample Business Label f1dcd1a2,349.0000,349.0000,2026-06-10,2026-06-10,2026-06-10,2026-06-10,2026-06-10,2026-06-10,MRP-20260610-00000151,0.0000,,,Sample Business Label 88a91c95,YCD2026031600000056,Normal,2026-06-10 10:01:24
JHJY-20260610-00062147,838-000153,Sample Business Label 2ab7e3bf,Purchased,Production Project Purchase Request,Sample Business Label f1dcd1a2,100.0000,100.0000,2026-06-10,2026-06-10,2026-06-10,2026-06-10,2026-06-10,2026-06-10,MRP-20260610-00000151,0.0000,,,Sample Business Label 88a91c95,YCD2026031600000057,Normal,2026-06-10 10:01:24
JHJY-20260610-00062148,838-000153,Sample Business Label 2ab7e3bf,Purchased,Production Project Purchase Request,Sample Business Label f1dcd1a2,100.0000,100.0000,2026-06-10,2026-06-10,2026-06-10,2026-06-10,2026-06-10,2026-06-10,MRP-20260610-00000151,0.0000,,,Sample Business Label 88a91c95,YCD2026040900000070,Normal,2026-06-10 10:01:24
JHJY-20260610-00062149,838-000153,Sample Business Label 2ab7e3bf,Purchased,Production Project Purchase Request,Sample Business Label f1dcd1a2,100.0000,100.0000,2026-06-10,2026-06-10,2026-06-10,2026-06-10,2026-06-10,2026-06-10,MRP-20260610-00000151,0.0000,,,Sample Business Label 88a91c95,YCD2026031600000056,Normal,2026-06-10 10:01:24
JHJY-20260610-00062150,838-000153,Sample Business Label 2ab7e3bf,Purchased,Production Project Purchase Request,Sample Business Label f1dcd1a2,3.0000,3.0000,2026-06-10,2026-06-10,2026-06-10,2026-06-10,2026-06-10,2026-06-10,MRP-20260610-00000151,0.0000,,,Sample Business Label 88a91c95,YCD2026031600000056,Normal,2026-06-10 10:01:24
JHJY-20260610-00062151,838-000153,Sample Business Label 2ab7e3bf,Purchased,Production Project Purchase Request,Sample Business Label f1dcd1a2,2.0000,2.0000,2026-06-10,2026-06-10,2026-06-10,2026-06-10,2026-06-10,2026-06-10,MRP-20260610-00000151,0.0000,,,Sample Business Label 88a91c95,YCD2026031600000057,Normal,2026-06-10 10:01:24
JHJY-20260610-00062152,838-000153,Sample Business Label 2ab7e3bf,Purchased,Production Project Purchase Request,Sample Business Label f1dcd1a2,20.0000,20.0000,2026-06-10,2026-06-10,2026-06-10,2026-06-10,2026-06-10,2026-06-10,MRP-20260610-00000151,0.0000,,,Sample Business Label 88a91c95,YCD2026031600000056,Normal,2026-06-10 10:01:24
JHJY-20260610-00062154,883-000052,Sample Business Label 19047418,In-house,Sample Business Label 68d7a178,Sample Business Label f1dcd1a2,50.0000,50.0000,2026-06-10,2026-06-10,2026-06-10,2026-06-10,2026-06-10,2026-06-10,MRP-20260610-00000151,0.0000,,,Sample Business Label 88a91c95,YCD2026031600000057,Normal,2026-06-10 10:01:24
JHJY-20260610-00062155,883-000052,Sample Business Label 19047418,In-house,Sample Business Label 68d7a178,Sample Business Label f1dcd1a2,50.0000,50.0000,2026-06-10,2026-06-10,2026-06-10,2026-06-10,2026-06-10,2026-06-10,MRP-20260610-00000151,0.0000,,,Sample Business Label 88a91c95,YCD2026040900000070,Normal,2026-06-10 10:01:24
JHJY-20260610-00062156,883-000052,Sample Business Label 19047418,In-house,Sample Business Label 68d7a178,Sample Business Label f1dcd1a2,50.0000,50.0000,2026-06-10,2026-06-10,2026-06-10,2026-06-10,2026-06-10,2026-06-10,MRP-20260610-00000151,0.0000,,,Sample Business Label 88a91c95,YCD2026031600000056,Normal,2026-06-10 10:01:24
JHJY-20260610-00062157,883-000052,Sample Business Label 19047418,In-house,Sample Business Label 68d7a178,Sample Business Label f1dcd1a2,40.0000,40.0000,2026-06-10,2026-06-10,2026-06-10,2026-06-10,2026-06-10,2026-06-10,MRP-20260610-00000151,0.0000,,,Sample Business Label 88a91c95,YCD2026031600000056,Normal,2026-06-10 10:01:24
JHJY-20260610-00062158,883-000052,Sample Business Label 19047418,In-house,Sample Business Label 68d7a178,Sample Business Label f1dcd1a2,16.0000,16.0000,2026-06-10,2026-06-10,2026-06-10,2026-06-10,2026-06-10,2026-06-10,MRP-20260610-00000151,0.0000,,,Sample Business Label 88a91c95,YCD2026031600000056,Normal,2026-06-10 10:01:24
JHJY-20260610-00062159,883-000052,Sample Business Label 19047418,In-house,Sample Business Label 68d7a178,Sample Business Label f1dcd1a2,2.0000,2.0000,2026-06-10,2026-06-10,2026-06-10,2026-06-10,2026-06-10,2026-06-10,MRP-20260610-00000151,0.0000,,,Sample Business Label 88a91c95,YCD2026040900000070,Normal,2026-06-10 10:01:24
JHJY-20260610-00062160,883-000052,Sample Business Label 19047418,In-house,Sample Business Label 68d7a178,Sample Business Label f1dcd1a2,5.0000,5.0000,2026-06-10,2026-06-10,2026-06-10,2026-06-10,2026-06-10,2026-06-10,MRP-20260610-00000151,0.0000,,,Sample Business Label 88a91c95,YCD2026031600000056,Normal,2026-06-10 10:01:24
JHJY-20260610-00062161,883-000052,Sample Business Label 19047418,In-house,Sample Business Label 68d7a178,Sample Business Label f1dcd1a2,2.0000,2.0000,2026-06-10,2026-06-10,2026-06-10,2026-06-10,2026-06-10,2026-06-10,MRP-20260610-00000151,0.0000,,,Sample Business Label 88a91c95,YCD2026040900000070,Normal,2026-06-10 10:01:24
JHJY-20260610-00062162,883-000052,Sample Business Label 19047418,In-house,Sample Business Label 68d7a178,Sample Business Label f1dcd1a2,5.0000,5.0000,2026-06-10,2026-06-10,2026-06-10,2026-06-10,2026-06-10,2026-06-10,MRP-20260610-00000151,0.0000,,,Sample Business Label 88a91c95,YCD2026031600000056,Normal,2026-06-10 10:01:24
JHJY-20260610-00062165,528-000031,Sample Business Label 9d04eaad,In-house,Sample Business Label 68d7a178,Sample Business Label f1dcd1a2,78.0000,78.0000,2026-06-10,2026-06-10,2026-06-10,2026-06-10,2026-06-10,2026-06-10,MRP-20260610-00000151,0.0000,,,Sample Business Label 88a91c95,YCD2026031600000056,Normal,2026-06-10 10:01:24
JHJY-20260610-00062166,528-000031,Sample Business Label 9d04eaad,In-house,Sample Business Label 68d7a178,Sample Business Label f1dcd1a2,22.0000,22.0000,2026-06-10,2026-06-10,2026-06-10,2026-06-10,2026-06-10,2026-06-10,MRP-20260610-00000151,0.0000,,,Sample Business Label 88a91c95,YCD2026040900000070,Normal,2026-06-10 10:01:24
JHJY-20260610-00062167,528-000031,Sample Business Label 9d04eaad,In-house,Sample Business Label 68d7a178,Sample Business Label f1dcd1a2,349.0000,349.0000,2026-06-10,2026-06-10,2026-06-10,2026-06-10,2026-06-10,2026-06-10,MRP-20260610-00000151,0.0000,,,Sample Business Label 88a91c95,YCD2026031600000056,Normal,2026-06-10 10:01:24
JHJY-20260610-00062183,306-000001,Sample Business Label 440fbad5,In-house,Sample Business Label 68d7a178,Sample Business Label f1dcd1a2,96.0000,96.0000,2026-06-10,2026-06-10,2026-06-10,2026-06-10,2026-06-10,2026-06-10,MRP-20260610-00000151,0.0000,,,Sample Business Label 88a91c95,YCD2026031600000056,Normal,2026-06-10 10:01:24
JHJY-20260610-00062197,528-000042,Sample Business Label 6e28f10d,In-house,Sample Business Label 68d7a178,Sample Business Label f1dcd1a2,11.0000,11.0000,2026-06-10,2026-06-10,2026-06-10,2026-06-10,2026-06-10,2026-06-10,MRP-20260610-00000151,0.0000,,,Sample Business Label 88a91c95,YCD2026040900000070,Normal,2026-06-10 10:01:24
JHJY-20260610-00062198,528-000042,Sample Business Label 6e28f10d,In-house,Sample Business Label 68d7a178,Sample Business Label f1dcd1a2,30.0000,30.0000,2026-06-10,2026-06-10,2026-06-10,2026-06-10,2026-06-10,2026-06-10,MRP-20260610-00000151,0.0000,,,Sample Business Label 88a91c95,YCD2026031600000056,Normal,2026-06-10 10:01:24
JHJY-20260610-00062199,528-000042,Sample Business Label 6e28f10d,In-house,Sample Business Label 68d7a178,Sample Business Label f1dcd1a2,10.0000,10.0000,2026-06-10,2026-06-10,2026-06-10,2026-06-10,2026-06-10,2026-06-10,MRP-20260610-00000151,0.0000,,,Sample Business Label 88a91c95,YCD2026031600000056,Normal,2026-06-10 10:01:24
JHJY-20260610-00062212,883-000083,Sample Business Label 8346c002,In-house,Sample Business Label 68d7a178,Sample Business Label f1dcd1a2,25.0000,25.0000,2026-06-10,2026-06-10,2026-06-10,2026-06-10,2026-06-10,2026-06-10,MRP-20260610-00000151,0.0000,,,Sample Business Label 88a91c95,YCD2026031600000057,Normal,2026-06-10 10:01:24
JHJY-20260610-00062213,883-000083,Sample Business Label 8346c002,In-house,Sample Business Label 68d7a178,Sample Business Label f1dcd1a2,50.0000,50.0000,2026-06-10,2026-06-10,2026-06-10,2026-06-10,2026-06-10,2026-06-10,MRP-20260610-00000151,0.0000,,,Sample Business Label 88a91c95,YCD2026040900000070,Normal,2026-06-10 10:01:24
JHJY-20260610-00062214,883-000083,Sample Business Label 8346c002,In-house,Sample Business Label 68d7a178,Sample Business Label f1dcd1a2,50.0000,50.0000,2026-06-10,2026-06-10,2026-06-10,2026-06-10,2026-06-10,2026-06-10,MRP-20260610-00000151,0.0000,,,Sample Business Label 88a91c95,YCD2026031600000056,Normal,2026-06-10 10:01:24
JHJY-20260610-00062215,883-000083,Sample Business Label 8346c002,In-house,Sample Business Label 68d7a178,Sample Business Label f1dcd1a2,40.0000,40.0000,2026-06-10,2026-06-10,2026-06-10,2026-06-10,2026-06-10,2026-06-10,MRP-20260610-00000151,0.0000,,,Sample Business Label 88a91c95,YCD2026031600000056,Normal,2026-06-10 10:01:24
JHJY-20260610-00062216,883-000083,Sample Business Label 8346c002,In-house,Sample Business Label 68d7a178,Sample Business Label f1dcd1a2,16.0000,16.0000,2026-06-10,2026-06-10,2026-06-10,2026-06-10,2026-06-10,2026-06-10,MRP-20260610-00000151,0.0000,,,Sample Business Label 88a91c95,YCD2026031600000056,Normal,2026-06-10 10:01:24
JHJY-20260610-00062217,883-000083,Sample Business Label 8346c002,In-house,Sample Business Label 68d7a178,Sample Business Label f1dcd1a2,2.0000,2.0000,2026-06-10,2026-06-10,2026-06-10,2026-06-10,2026-06-10,2026-06-10,MRP-20260610-00000151,0.0000,,,Sample Business Label 88a91c95,YCD2026040900000070,Normal,2026-06-10 10:01:24
JHJY-20260610-00062218,883-000083,Sample Business Label 8346c002,In-house,Sample Business Label 68d7a178,Sample Business Label f1dcd1a2,5.0000,5.0000,2026-06-10,2026-06-10,2026-06-10,2026-06-10,2026-06-10,2026-06-10,MRP-20260610-00000151,0.0000,,,Sample Business Label 88a91c95,YCD2026031600000056,Normal,2026-06-10 10:01:24
JHJY-20260610-00062219,883-000083,Sample Business Label 8346c002,In-house,Sample Business Label 68d7a178,Sample Business Label f1dcd1a2,2.0000,2.0000,2026-06-10,2026-06-10,2026-06-10,2026-06-10,2026-06-10,2026-06-10,MRP-20260610-00000151,0.0000,,,Sample Business Label 88a91c95,YCD2026040900000070,Normal,2026-06-10 10:01:24
JHJY-20260610-00062220,883-000083,Sample Business Label 8346c002,In-house,Sample Business Label 68d7a178,Sample Business Label f1dcd1a2,5.0000,5.0000,2026-06-10,2026-06-10,2026-06-10,2026-06-10,2026-06-10,2026-06-10,MRP-20260610-00000151,0.0000,,,Sample Business Label 88a91c95,YCD2026031600000056,Normal,2026-06-10 10:01:24
JHJY-20260610-00062221,588-000883,YS221_P0_(B40S)S01_PCBA,Outsourced,Sample Business Label 1281a400,Sample Business Label f1dcd1a2,5.0000,5.0000,2026-06-10,2026-06-10,2026-06-10,2026-06-10,2026-06-10,2026-06-10,MRP-20260610-00000151,0.0000,,,Sample Business Label 88a91c95,YCD2026040900000070,Normal,2026-06-10 10:01:24
JHJY-20260610-00062222,588-000883,YS221_P0_(B40S)S01_PCBA,Outsourced,Sample Business Label 1281a400,Sample Business Label f1dcd1a2,30.0000,30.0000,2026-06-10,2026-06-10,2026-06-10,2026-06-10,2026-06-10,2026-06-10,MRP-20260610-00000151,0.0000,,,Sample Business Label 88a91c95,YCD2026031600000056,Normal,2026-06-10 10:01:24
JHJY-20260610-00062223,588-000883,YS221_P0_(B40S)S01_PCBA,Outsourced,Sample Business Label 1281a400,Sample Business Label f1dcd1a2,10.0000,10.0000,2026-06-10,2026-06-10,2026-06-10,2026-06-10,2026-06-10,2026-06-10,MRP-20260610-00000151,0.0000,,,Sample Business Label 88a91c95,YCD2026031600000056,Normal,2026-06-10 10:01:24
JHJY-20260610-00062234,356-000139,Sample Business Label c07d7f4d,Purchased,Production Project Purchase Request,Sample Business Label f1dcd1a2,1200.0000,1200.0000,2026-06-10,2026-06-10,2026-06-10,2026-06-10,2026-06-10,2026-06-10,MRP-20260610-00000151,0.0000,,,Sample Business Label 88a91c95,WWGD-20251224-000374,Normal,2026-06-10 10:01:24
JHJY-20260610-00062235,356-000139,Sample Business Label c07d7f4d,Purchased,Production Project Purchase Request,Sample Business Label f1dcd1a2,5.0000,5.0000,2026-06-10,2026-06-10,2026-06-10,2026-06-10,2026-06-10,2026-06-10,MRP-20260610-00000151,0.0000,,,Sample Business Label 88a91c95,YCD2026040900000070,Normal,2026-06-10 10:01:24
JHJY-20260610-00062236,356-000139,Sample Business Label c07d7f4d,Purchased,Production Project Purchase Request,Sample Business Label f1dcd1a2,30.0000,30.0000,2026-06-10,2026-06-10,2026-06-10,2026-06-10,2026-06-10,2026-06-10,MRP-20260610-00000151,0.0000,,,Sample Business Label 88a91c95,YCD2026031600000056,Normal,2026-06-10 10:01:24
JHJY-20260610-00062237,356-000139,Sample Business Label c07d7f4d,Purchased,Production Project Purchase Request,Sample Business Label f1dcd1a2,10.0000,10.0000,2026-06-10,2026-06-10,2026-06-10,2026-06-10,2026-06-10,2026-06-10,MRP-20260610-00000151,0.0000,,,Sample Business Label 88a91c95,YCD2026031600000056,Normal,2026-06-10 10:01:24
JHJY-20260610-00062248,539-000384,Sample Business Label b85ec631,Purchased,Production Project Purchase Request,Sample Business Label f1dcd1a2,20.0000,20.0000,2026-06-10,2026-06-10,2026-06-10,2026-06-10,2026-06-10,2026-06-10,MRP-20260610-00000151,0.0000,,,Sample Business Label 88a91c95,WWGD-20250922-000180,Normal,2026-06-10 10:01:24
JHJY-20260610-00062249,539-000384,Sample Business Label b85ec631,Purchased,Production Project Purchase Request,Sample Business Label f1dcd1a2,200.0000,200.0000,2026-06-10,2026-06-10,2026-06-10,2026-06-10,2026-06-10,2026-06-10,MRP-20260610-00000151,0.0000,,,Sample Business Label 88a91c95,WWGD-20251224-000374,Normal,2026-06-10 10:01:24
JHJY-20260610-00062250,539-000384,Sample Business Label b85ec631,Purchased,Production Project Purchase Request,Sample Business Label f1dcd1a2,70.0000,70.0000,2026-06-10,2026-06-10,2026-06-10,2026-06-10,2026-06-10,2026-06-10,MRP-20260610-00000151,0.0000,,,Sample Business Label 88a91c95,YCD2026031600000056,Normal,2026-06-10 10:01:24
JHJY-20260610-00062258,795-000796,Sample Business Label a70ffbdf,Purchased,Production Project Purchase Request,Sample Business Label f1dcd1a2,4.0000,4.0000,2026-06-10,2026-06-10,2026-06-10,2026-06-10,2026-06-10,2026-06-10,MRP-20260610-00000151,0.0000,,,Sample Business Label 88a91c95,WWGD-20250903-000160,Normal,2026-06-10 10:01:24
JHJY-20260610-00062259,795-000796,Sample Business Label a70ffbdf,Purchased,Production Project Purchase Request,Sample Business Label f1dcd1a2,40.0000,40.0000,2026-06-10,2026-06-10,2026-06-10,2026-06-10,2026-06-10,2026-06-10,MRP-20260610-00000151,0.0000,,,Sample Business Label 88a91c95,WWGD-20250922-000180,Normal,2026-06-10 10:01:24
JHJY-20260610-00062260,795-000796,Sample Business Label a70ffbdf,Purchased,Production Project Purchase Request,Sample Business Label f1dcd1a2,400.0000,400.0000,2026-06-10,2026-06-10,2026-06-10,2026-06-10,2026-06-10,2026-06-10,MRP-20260610-00000151,0.0000,,,Sample Business Label 88a91c95,WWGD-20251224-000374,Normal,2026-06-10 10:01:24
JHJY-20260610-00062261,795-000796,Sample Business Label a70ffbdf,Purchased,Production Project Purchase Request,Sample Business Label f1dcd1a2,140.0000,140.0000,2026-06-10,2026-06-10,2026-06-10,2026-06-10,2026-06-10,2026-06-10,MRP-20260610-00000151,0.0000,,,Sample Business Label 88a91c95,YCD2026031600000056,Normal,2026-06-10 10:01:24
JHJY-20260610-00062276,849-000149,Sample Business Label e662e2e7,Purchased,Production Project Purchase Request,Sample Business Label f1dcd1a2,127.0000,127.0000,2026-06-10,2026-06-10,2026-06-10,2026-06-10,2026-06-10,2026-06-10,MRP-20260610-00000151,0.0000,,,Sample Business Label 88a91c95,WWGD-20251224-000374,Normal,2026-06-10 10:01:24
JHJY-20260610-00062277,849-000149,Sample Business Label e662e2e7,Purchased,Production Project Purchase Request,Sample Business Label f1dcd1a2,25.0000,25.0000,2026-06-10,2026-06-10,2026-06-10,2026-06-10,2026-06-10,2026-06-10,MRP-20260610-00000151,0.0000,,,Sample Business Label 88a91c95,YCD2026031600000057,Normal,2026-06-10 10:01:24
JHJY-20260610-00062278,849-000149,Sample Business Label e662e2e7,Purchased,Production Project Purchase Request,Sample Business Label f1dcd1a2,50.0000,50.0000,2026-06-10,2026-06-10,2026-06-10,2026-06-10,2026-06-10,2026-06-10,MRP-20260610-00000151,0.0000,,,Sample Business Label 88a91c95,YCD2026040900000070,Normal,2026-06-10 10:01:24
JHJY-20260610-00062279,849-000149,Sample Business Label e662e2e7,Purchased,Production Project Purchase Request,Sample Business Label f1dcd1a2,50.0000,50.0000,2026-06-10,2026-06-10,2026-06-10,2026-06-10,2026-06-10,2026-06-10,MRP-20260610-00000151,0.0000,,,Sample Business Label 88a91c95,YCD2026031600000056,Normal,2026-06-10 10:01:24
JHJY-20260610-00062280,849-000149,Sample Business Label e662e2e7,Purchased,Production Project Purchase Request,Sample Business Label f1dcd1a2,40.0000,40.0000,2026-06-10,2026-06-10,2026-06-10,2026-06-10,2026-06-10,2026-06-10,MRP-20260610-00000151,0.0000,,,Sample Business Label 88a91c95,YCD2026031600000056,Normal,2026-06-10 10:01:24
JHJY-20260610-00062281,849-000149,Sample Business Label e662e2e7,Purchased,Production Project Purchase Request,Sample Business Label f1dcd1a2,16.0000,16.0000,2026-06-10,2026-06-10,2026-06-10,2026-06-10,2026-06-10,2026-06-10,MRP-20260610-00000151,0.0000,,,Sample Business Label 88a91c95,YCD2026031600000056,Normal,2026-06-10 10:01:24
JHJY-20260610-00062282,849-000149,Sample Business Label e662e2e7,Purchased,Production Project Purchase Request,Sample Business Label f1dcd1a2,2.0000,2.0000,2026-06-10,2026-06-10,2026-06-10,2026-06-10,2026-06-10,2026-06-10,MRP-20260610-00000151,0.0000,,,Sample Business Label 88a91c95,YCD2026040900000070,Normal,2026-06-10 10:01:24
JHJY-20260610-00062283,849-000149,Sample Business Label e662e2e7,Purchased,Production Project Purchase Request,Sample Business Label f1dcd1a2,5.0000,5.0000,2026-06-10,2026-06-10,2026-06-10,2026-06-10,2026-06-10,2026-06-10,MRP-20260610-00000151,0.0000,,,Sample Business Label 88a91c95,YCD2026031600000056,Normal,2026-06-10 10:01:24
JHJY-20260610-00062284,849-000149,Sample Business Label e662e2e7,Purchased,Production Project Purchase Request,Sample Business Label f1dcd1a2,2.0000,2.0000,2026-06-10,2026-06-10,2026-06-10,2026-06-10,2026-06-10,2026-06-10,MRP-20260610-00000151,0.0000,,,Sample Business Label 88a91c95,YCD2026040900000070,Normal,2026-06-10 10:01:24
JHJY-20260610-00062285,849-000149,Sample Business Label e662e2e7,Purchased,Production Project Purchase Request,Sample Business Label f1dcd1a2,5.0000,5.0000,2026-06-10,2026-06-10,2026-06-10,2026-06-10,2026-06-10,2026-06-10,MRP-20260610-00000151,0.0000,,,Sample Business Label 88a91c95,YCD2026031600000056,Normal,2026-06-10 10:01:24
JHJY-20260610-00062292,321-000543,YS221_P0_PCB,Purchased,Production Project Purchase Request,Sample Business Label f1dcd1a2,5.0000,5.0000,2026-06-10,2026-06-10,2026-06-10,2026-06-10,2026-06-10,2026-06-10,MRP-20260610-00000151,0.0000,,,Sample Business Label 88a91c95,YCD2026040900000070,Normal,2026-06-10 10:01:24
JHJY-20260610-00062293,321-000543,YS221_P0_PCB,Purchased,Production Project Purchase Request,Sample Business Label f1dcd1a2,30.0000,30.0000,2026-06-10,2026-06-10,2026-06-10,2026-06-10,2026-06-10,2026-06-10,MRP-20260610-00000151,0.0000,,,Sample Business Label 88a91c95,YCD2026031600000056,Normal,2026-06-10 10:01:24
JHJY-20260610-00062294,321-000543,YS221_P0_PCB,Purchased,Production Project Purchase Request,Sample Business Label f1dcd1a2,10.0000,10.0000,2026-06-10,2026-06-10,2026-06-10,2026-06-10,2026-06-10,2026-06-10,MRP-20260610-00000151,0.0000,,,Sample Business Label 88a91c95,YCD2026031600000056,Normal,2026-06-10 10:01:24
JHJY-20260610-00062295,588-000768,Sample Business Label 77e7c9a9,Outsourced,Sample Business Label 1281a400,Sample Business Label f1dcd1a2,5.0000,5.0000,2026-06-10,2026-06-10,2026-06-10,2026-06-10,2026-06-10,2026-06-10,MRP-20260610-00000151,0.0000,,,Sample Business Label 88a91c95,YCD2026040900000070,Normal,2026-06-10 10:01:24
JHJY-20260610-00062296,588-000768,Sample Business Label 77e7c9a9,Outsourced,Sample Business Label 1281a400,Sample Business Label f1dcd1a2,30.0000,30.0000,2026-06-10,2026-06-10,2026-06-10,2026-06-10,2026-06-10,2026-06-10,MRP-20260610-00000151,0.0000,,,Sample Business Label 88a91c95,YCD2026031600000056,Normal,2026-06-10 10:01:24
JHJY-20260610-00062297,588-000768,Sample Business Label 77e7c9a9,Outsourced,Sample Business Label 1281a400,Sample Business Label f1dcd1a2,10.0000,10.0000,2026-06-10,2026-06-10,2026-06-10,2026-06-10,2026-06-10,2026-06-10,MRP-20260610-00000151,0.0000,,,Sample Business Label 88a91c95,YCD2026031600000056,Normal,2026-06-10 10:01:24
JHJY-20260610-00062298,795-000945,Sample Business Label cc7637a1,Purchased,Production Project Purchase Request,Sample Business Label f1dcd1a2,60.0000,60.0000,2026-06-10,2026-06-10,2026-06-10,2026-06-10,2026-06-10,2026-06-10,MRP-20260610-00000151,0.0000,,,Sample Business Label 88a91c95,WWGD-20250922-000180,Normal,2026-06-10 10:01:24
JHJY-20260610-00062299,795-000945,Sample Business Label cc7637a1,Purchased,Production Project Purchase Request,Sample Business Label f1dcd1a2,600.0000,600.0000,2026-06-10,2026-06-10,2026-06-10,2026-06-10,2026-06-10,2026-06-10,MRP-20260610-00000151,0.0000,,,Sample Business Label 88a91c95,WWGD-20251224-000374,Normal,2026-06-10 10:01:24
JHJY-20260610-00062300,795-000945,Sample Business Label cc7637a1,Purchased,Production Project Purchase Request,Sample Business Label f1dcd1a2,210.0000,210.0000,2026-06-10,2026-06-10,2026-06-10,2026-06-10,2026-06-10,2026-06-10,MRP-20260610-00000151,0.0000,,,Sample Business Label 88a91c95,YCD2026031600000056,Normal,2026-06-10 10:01:24
JHJY-20260610-00062302,733-000245,Sample Business Label a49aa04c,Purchased,Production Project Purchase Request,Sample Business Label f1dcd1a2,1.0000,1.0000,2026-06-10,2026-06-10,2026-06-10,2026-06-10,2026-06-10,2026-06-10,MRP-20260610-00000151,0.0000,,,Sample Business Label 88a91c95,WWGD-20250903-000160,Normal,2026-06-10 10:01:24
JHJY-20260610-00062303,733-000245,Sample Business Label a49aa04c,Purchased,Production Project Purchase Request,Sample Business Label f1dcd1a2,20.0000,20.0000,2026-06-10,2026-06-10,2026-06-10,2026-06-10,2026-06-10,2026-06-10,MRP-20260610-00000151,0.0000,,,Sample Business Label 88a91c95,WWGD-20250922-000180,Normal,2026-06-10 10:01:24
JHJY-20260610-00062304,733-000245,Sample Business Label a49aa04c,Purchased,Production Project Purchase Request,Sample Business Label f1dcd1a2,200.0000,200.0000,2026-06-10,2026-06-10,2026-06-10,2026-06-10,2026-06-10,2026-06-10,MRP-20260610-00000151,0.0000,,,Sample Business Label 88a91c95,WWGD-20251224-000374,Normal,2026-06-10 10:01:24
JHJY-20260610-00062305,733-000245,Sample Business Label a49aa04c,Purchased,Production Project Purchase Request,Sample Business Label f1dcd1a2,70.0000,70.0000,2026-06-10,2026-06-10,2026-06-10,2026-06-10,2026-06-10,2026-06-10,MRP-20260610-00000151,0.0000,,,Sample Business Label 88a91c95,YCD2026031600000056,Normal,2026-06-10 10:01:24
JHJY-20260610-00062308,356-000119,Sample Business Label c62c8628,Purchased,Production Project Purchase Request,Sample Business Label f1dcd1a2,20.0000,20.0000,2026-06-10,2026-06-10,2026-06-10,2026-06-10,2026-06-10,2026-06-10,MRP-20260610-00000151,0.0000,,,Sample Business Label 88a91c95,WWGD-20250922-000180,Normal,2026-06-10 10:01:24
JHJY-20260610-00062309,356-000119,Sample Business Label c62c8628,Purchased,Production Project Purchase Request,Sample Business Label f1dcd1a2,200.0000,200.0000,2026-06-10,2026-06-10,2026-06-10,2026-06-10,2026-06-10,2026-06-10,MRP-20260610-00000151,0.0000,,,Sample Business Label 88a91c95,WWGD-20251224-000374,Normal,2026-06-10 10:01:24
JHJY-20260610-00062310,356-000119,Sample Business Label c62c8628,Purchased,Production Project Purchase Request,Sample Business Label f1dcd1a2,70.0000,70.0000,2026-06-10,2026-06-10,2026-06-10,2026-06-10,2026-06-10,2026-06-10,MRP-20260610-00000151,0.0000,,,Sample Business Label 88a91c95,YCD2026031600000056,Normal,2026-06-10 10:01:24
JHJY-20260610-00062311,539-000096,Sample Business Label b85ec631,Purchased,Production Project Purchase Request,Sample Business Label f1dcd1a2,1.0000,1.0000,2026-06-10,2026-06-10,2026-06-10,2026-06-10,2026-06-10,2026-06-10,MRP-20260610-00000151,0.0000,,,Sample Business Label 88a91c95,WWGD-20250903-000160,Normal,2026-06-10 10:01:24
JHJY-20260610-00062312,539-000096,Sample Business Label b85ec631,Purchased,Production Project Purchase Request,Sample Business Label f1dcd1a2,20.0000,20.0000,2026-06-10,2026-06-10,2026-06-10,2026-06-10,2026-06-10,2026-06-10,MRP-20260610-00000151,0.0000,,,Sample Business Label 88a91c95,WWGD-20250922-000180,Normal,2026-06-10 10:01:24
JHJY-20260610-00062313,539-000096,Sample Business Label b85ec631,Purchased,Production Project Purchase Request,Sample Business Label f1dcd1a2,200.0000,200.0000,2026-06-10,2026-06-10,2026-06-10,2026-06-10,2026-06-10,2026-06-10,MRP-20260610-00000151,0.0000,,,Sample Business Label 88a91c95,WWGD-20251224-000374,Normal,2026-06-10 10:01:24
JHJY-20260610-00062314,539-000096,Sample Business Label b85ec631,Purchased,Production Project Purchase Request,Sample Business Label f1dcd1a2,70.0000,70.0000,2026-06-10,2026-06-10,2026-06-10,2026-06-10,2026-06-10,2026-06-10,MRP-20260610-00000151,0.0000,,,Sample Business Label 88a91c95,YCD2026031600000056,Normal,2026-06-10 10:01:24
JHJY-20260610-00062315,321-000555,YN503_Mainboard_P1_PCB,Purchased,Production Project Purchase Request,Sample Business Label f1dcd1a2,20.0000,20.0000,2026-06-10,2026-06-10,2026-06-10,2026-06-10,2026-06-10,2026-06-10,MRP-20260610-00000151,0.0000,,,Sample Business Label 88a91c95,WWGD-20250922-000180,Normal,2026-06-10 10:01:24
JHJY-20260610-00062316,321-000555,YN503_Mainboard_P1_PCB,Purchased,Production Project Purchase Request,Sample Business Label f1dcd1a2,200.0000,200.0000,2026-06-10,2026-06-10,2026-06-10,2026-06-10,2026-06-10,2026-06-10,MRP-20260610-00000151,0.0000,,,Sample Business Label 88a91c95,WWGD-20251224-000374,Normal,2026-06-10 10:01:24
JHJY-20260610-00062317,321-000555,YN503_Mainboard_P1_PCB,Purchased,Production Project Purchase Request,Sample Business Label f1dcd1a2,70.0000,70.0000,2026-06-10,2026-06-10,2026-06-10,2026-06-10,2026-06-10,2026-06-10,MRP-20260610-00000151,0.0000,,,Sample Business Label 88a91c95,YCD2026031600000056,Normal,2026-06-10 10:01:24
JHJY-20260610-00062322,554-000034,Sample Business Label 6ab680a9,Purchased,Production Project Purchase Request,Sample Business Label f1dcd1a2,1.0000,1.0000,2026-06-10,2026-06-10,2026-06-10,2026-06-10,2026-06-10,2026-06-10,MRP-20260610-00000151,0.0000,,,Sample Business Label 88a91c95,WWGD-20250903-000160,Normal,2026-06-10 10:01:24
JHJY-20260610-00062323,733-000050,Sample Business Label 26a99aed,Purchased,Production Project Purchase Request,Sample Business Label f1dcd1a2,288.0000,288.0000,2026-06-10,2026-06-10,2026-06-10,2026-06-10,2026-06-10,2026-06-10,MRP-20260610-00000151,0.0000,,,Sample Business Label 88a91c95,YCD2026031600000056,Normal,2026-06-10 10:01:24
JHJY-20260610-00062324,454-000034,Sample Business Label 13a7d943,Purchased,Production Project Purchase Request,Sample Business Label f1dcd1a2,1400.0000,1400.0000,2026-06-10,2026-06-10,2026-06-10,2026-06-10,2026-06-10,2026-06-10,MRP-20260610-00000151,0.0000,,,Sample Business Label 88a91c95,WWGD-20251224-000374,Normal,2026-06-10 10:01:24
JHJY-20260610-00062325,356-000062,Sample Business Label 73f77489,Purchased,Production Project Purchase Request,Sample Business Label f1dcd1a2,300.0000,300.0000,2026-06-10,2026-06-10,2026-06-10,2026-06-10,2026-06-10,2026-06-10,MRP-20260610-00000151,0.0000,,,Sample Business Label 88a91c95,WWGD-20251224-000374,Normal,2026-06-10 10:01:24
JHJY-20260610-00062326,725-000037,Sample Business Label 05087a91,Purchased,Production Project Purchase Request,Sample Business Label f1dcd1a2,6.0000,6.0000,2026-06-10,2026-06-10,2026-06-10,2026-06-10,2026-06-10,2026-06-10,MRP-20260610-00000151,0.0000,,,Sample Business Label 88a91c95,WWGD-20250903-000160,Normal,2026-06-10 10:01:24
JHJY-20260610-00062327,539-000157,Sample Business Label b85ec631,Purchased,Production Project Purchase Request,Sample Business Label f1dcd1a2,20.0000,20.0000,2026-06-10,2026-06-10,2026-06-10,2026-06-10,2026-06-10,2026-06-10,MRP-20260610-00000151,0.0000,,,Sample Business Label 88a91c95,WWGD-20250922-000180,Normal,2026-06-10 10:01:24
JHJY-20260610-00062328,539-000157,Sample Business Label b85ec631,Purchased,Production Project Purchase Request,Sample Business Label f1dcd1a2,200.0000,200.0000,2026-06-10,2026-06-10,2026-06-10,2026-06-10,2026-06-10,2026-06-10,MRP-20260610-00000151,0.0000,,,Sample Business Label 88a91c95,WWGD-20251224-000374,Normal,2026-06-10 10:01:24
JHJY-20260610-00062329,539-000157,Sample Business Label b85ec631,Purchased,Production Project Purchase Request,Sample Business Label f1dcd1a2,70.0000,70.0000,2026-06-10,2026-06-10,2026-06-10,2026-06-10,2026-06-10,2026-06-10,MRP-20260610-00000151,0.0000,,,Sample Business Label 88a91c95,YCD2026031600000056,Normal,2026-06-10 10:01:24
JHJY-20260610-00062331,725-000172,Sample Business Label 05087a91,Purchased,Production Project Purchase Request,Sample Business Label f1dcd1a2,2.0000,2.0000,2026-06-10,2026-06-10,2026-06-10,2026-06-10,2026-06-10,2026-06-10,MRP-20260610-00000151,0.0000,,,Sample Business Label 88a91c95,WWGD-20250903-000160,Normal,2026-06-10 10:01:24
JHJY-20260610-00062332,725-000172,Sample Business Label 05087a91,Purchased,Production Project Purchase Request,Sample Business Label f1dcd1a2,600.0000,600.0000,2026-06-10,2026-06-10,2026-06-10,2026-06-10,2026-06-10,2026-06-10,MRP-20260610-00000151,0.0000,,,Sample Business Label 88a91c95,WWGD-20251224-000374,Normal,2026-06-10 10:01:24
JHJY-20260610-00062334,725-000083,Sample Business Label 05087a91,Purchased,Production Project Purchase Request,Sample Business Label f1dcd1a2,40.0000,40.0000,2026-06-10,2026-06-10,2026-06-10,2026-06-10,2026-06-10,2026-06-10,MRP-20260610-00000151,0.0000,,,Sample Business Label 88a91c95,WWGD-20250922-000180,Normal,2026-06-10 10:01:24
JHJY-20260610-00062335,725-000083,Sample Business Label 05087a91,Purchased,Production Project Purchase Request,Sample Business Label f1dcd1a2,400.0000,400.0000,2026-06-10,2026-06-10,2026-06-10,2026-06-10,2026-06-10,2026-06-10,MRP-20260610-00000151,0.0000,,,Sample Business Label 88a91c95,WWGD-20251224-000374,Normal,2026-06-10 10:01:24
JHJY-20260610-00062336,725-000083,Sample Business Label 05087a91,Purchased,Production Project Purchase Request,Sample Business Label f1dcd1a2,140.0000,140.0000,2026-06-10,2026-06-10,2026-06-10,2026-06-10,2026-06-10,2026-06-10,MRP-20260610-00000151,0.0000,,,Sample Business Label 88a91c95,YCD2026031600000056,Normal,2026-06-10 10:01:24
JHJY-20260610-00062337,165-000760,Sample Business Label 7fa79f62,Purchased,Production Project Purchase Request,Sample Business Label f1dcd1a2,2.0000,2.0000,2026-06-10,2026-06-10,2026-06-10,2026-06-10,2026-06-10,2026-06-10,MRP-20260610-00000151,0.0000,,,Sample Business Label 88a91c95,WWGD-20250903-000160,Normal,2026-06-10 10:01:24
JHJY-20260610-00062339,321-000586,YN502_CAT4_P0.1_PCB,Purchased,Production Project Purchase Request,Sample Business Label f1dcd1a2,507.0000,507.0000,2026-06-10,2026-06-10,2026-06-10,2026-06-10,2026-06-10,2026-06-10,MRP-20260610-00000151,0.0000,,,Sample Business Label 88a91c95,WWGD-20250922-000180,Normal,2026-06-10 10:01:24
JHJY-20260610-00062344,539-000279,Sample Business Label b85ec631,Purchased,Production Project Purchase Request,Sample Business Label f1dcd1a2,6.0000,6.0000,2026-06-10,2026-06-10,2026-06-10,2026-06-10,2026-06-10,2026-06-10,MRP-20260610-00000151,0.0000,,,Sample Business Label 88a91c95,WWGD-20250903-000160,Normal,2026-06-10 10:01:24
JHJY-20260610-00062345,972-000859,Sample Business Label b8828692,Purchased,Production Project Purchase Request,Sample Business Label f1dcd1a2,5.0000,5.0000,2026-06-10,2026-06-10,2026-06-10,2026-06-10,2026-06-10,2026-06-10,MRP-20260610-00000151,0.0000,,,Sample Business Label 88a91c95,YCD2026040900000070,Normal,2026-06-10 10:01:24
JHJY-20260610-00062346,972-000859,Sample Business Label b8828692,Purchased,Production Project Purchase Request,Sample Business Label f1dcd1a2,30.0000,30.0000,2026-06-10,2026-06-10,2026-06-10,2026-06-10,2026-06-10,2026-06-10,MRP-20260610-00000151,0.0000,,,Sample Business Label 88a91c95,YCD2026031600000056,Normal,2026-06-10 10:01:24
JHJY-20260610-00062347,972-000859,Sample Business Label b8828692,Purchased,Production Project Purchase Request,Sample Business Label f1dcd1a2,10.0000,10.0000,2026-06-10,2026-06-10,2026-06-10,2026-06-10,2026-06-10,2026-06-10,MRP-20260610-00000151,0.0000,,,Sample Business Label 88a91c95,YCD2026031600000056,Normal,2026-06-10 10:01:24
JHJY-20260610-00062348,972-000421,Sample Business Label 923a46c3,Purchased,Production Project Purchase Request,Sample Business Label f1dcd1a2,6.0000,6.0000,2026-06-10,2026-06-10,2026-06-10,2026-06-10,2026-06-10,2026-06-10,MRP-20260610-00000151,0.0000,,,Sample Business Label 88a91c95,WWGD-20250903-000160,Normal,2026-06-10 10:01:24
JHJY-20260610-00062349,849-000011,Sample Business Label 65b45af3,Purchased,Production Project Purchase Request,Sample Business Label f1dcd1a2,2311.0000,2311.0000,2026-06-10,2026-06-10,2026-06-10,2026-06-10,2026-06-10,2026-06-10,MRP-20260610-00000151,0.0000,,,Sample Business Label 88a91c95,WWGD-20251224-000374,Normal,2026-06-10 10:01:24
JHJY-20260610-00062350,849-000011,Sample Business Label 65b45af3,Purchased,Production Project Purchase Request,Sample Business Label f1dcd1a2,20.0000,20.0000,2026-06-10,2026-06-10,2026-06-10,2026-06-10,2026-06-10,2026-06-10,MRP-20260610-00000151,0.0000,,,Sample Business Label 88a91c95,YCD2026040900000070,Normal,2026-06-10 10:01:24
JHJY-20260610-00062351,849-000011,Sample Business Label 65b45af3,Purchased,Production Project Purchase Request,Sample Business Label f1dcd1a2,120.0000,120.0000,2026-06-10,2026-06-10,2026-06-10,2026-06-10,2026-06-10,2026-06-10,MRP-20260610-00000151,0.0000,,,Sample Business Label 88a91c95,YCD2026031600000056,Normal,2026-06-10 10:01:24
JHJY-20260610-00062352,849-000011,Sample Business Label 65b45af3,Purchased,Production Project Purchase Request,Sample Business Label f1dcd1a2,40.0000,40.0000,2026-06-10,2026-06-10,2026-06-10,2026-06-10,2026-06-10,2026-06-10,MRP-20260610-00000151,0.0000,,,Sample Business Label 88a91c95,YCD2026031600000056,Normal,2026-06-10 10:01:24
JHJY-20260610-00062353,356-000562,Sample Business Label 3f47f013,Purchased,Production Project Purchase Request,Sample Business Label f1dcd1a2,507.0000,507.0000,2026-06-10,2026-06-10,2026-06-10,2026-06-10,2026-06-10,2026-06-10,MRP-20260610-00000151,0.0000,,,Sample Business Label 88a91c95,WWGD-20250922-000180,Normal,2026-06-10 10:01:24
JHJY-20260610-00062354,972-000822,Sample Business Label 61d82687,Purchased,Production Project Purchase Request,Sample Business Label f1dcd1a2,1.0000,1.0000,2026-06-10,2026-06-10,2026-06-10,2026-06-10,2026-06-10,2026-06-10,MRP-20260610-00000151,0.0000,,,Sample Business Label 88a91c95,WWGD-20250903-000160,Normal,2026-06-10 10:01:24
JHJY-20260610-00062355,972-000822,Sample Business Label 61d82687,Purchased,Production Project Purchase Request,Sample Business Label f1dcd1a2,20.0000,20.0000,2026-06-10,2026-06-10,2026-06-10,2026-06-10,2026-06-10,2026-06-10,MRP-20260610-00000151,0.0000,,,Sample Business Label 88a91c95,WWGD-20250922-000180,Normal,2026-06-10 10:01:24
JHJY-20260610-00062356,972-000822,Sample Business Label 61d82687,Purchased,Production Project Purchase Request,Sample Business Label f1dcd1a2,200.0000,200.0000,2026-06-10,2026-06-10,2026-06-10,2026-06-10,2026-06-10,2026-06-10,MRP-20260610-00000151,0.0000,,,Sample Business Label 88a91c95,WWGD-20251224-000374,Normal,2026-06-10 10:01:24
JHJY-20260610-00062357,972-000822,Sample Business Label 61d82687,Purchased,Production Project Purchase Request,Sample Business Label f1dcd1a2,70.0000,70.0000,2026-06-10,2026-06-10,2026-06-10,2026-06-10,2026-06-10,2026-06-10,MRP-20260610-00000151,0.0000,,,Sample Business Label 88a91c95,YCD2026031600000056,Normal,2026-06-10 10:01:24
JHJY-20260610-00062358,972-000153,Sample Business Label 5c617ad2,Purchased,Production Project Purchase Request,Sample Business Label f1dcd1a2,1.0000,1.0000,2026-06-10,2026-06-10,2026-06-10,2026-06-10,2026-06-10,2026-06-10,MRP-20260610-00000151,0.0000,,,Sample Business Label 88a91c95,WWGD-20250903-000160,Normal,2026-06-10 10:01:24
JHJY-20260610-00062359,972-000153,Sample Business Label 5c617ad2,Purchased,Production Project Purchase Request,Sample Business Label f1dcd1a2,600.0000,600.0000,2026-06-10,2026-06-10,2026-06-10,2026-06-10,2026-06-10,2026-06-10,MRP-20260610-00000151,0.0000,,,Sample Business Label 88a91c95,WWGD-20251224-000374,Normal,2026-06-10 10:01:24
JHJY-20260610-00062360,321-000604,Sample Business Label 8cdb7da6,Purchased,Production Project Purchase Request,Sample Business Label f1dcd1a2,5.0000,5.0000,2026-06-10,2026-06-10,2026-06-10,2026-06-10,2026-06-10,2026-06-10,MRP-20260610-00000151,0.0000,,,Sample Business Label 88a91c95,YCD2026040900000070,Normal,2026-06-10 10:01:24
JHJY-20260610-00062361,321-000604,Sample Business Label 8cdb7da6,Purchased,Production Project Purchase Request,Sample Business Label f1dcd1a2,30.0000,30.0000,2026-06-10,2026-06-10,2026-06-10,2026-06-10,2026-06-10,2026-06-10,MRP-20260610-00000151,0.0000,,,Sample Business Label 88a91c95,YCD2026031600000056,Normal,2026-06-10 10:01:24
JHJY-20260610-00062362,321-000604,Sample Business Label 8cdb7da6,Purchased,Production Project Purchase Request,Sample Business Label f1dcd1a2,10.0000,10.0000,2026-06-10,2026-06-10,2026-06-10,2026-06-10,2026-06-10,2026-06-10,MRP-20260610-00000151,0.0000,,,Sample Business Label 88a91c95,YCD2026031600000056,Normal,2026-06-10 10:01:24
JHJY-20260610-00062363,972-000454,Sample Business Label 72f3b95a,Purchased,Production Project Purchase Request,Sample Business Label f1dcd1a2,300.0000,300.0000,2026-06-10,2026-06-10,2026-06-10,2026-06-10,2026-06-10,2026-06-10,MRP-20260610-00000151,0.0000,,,Sample Business Label 88a91c95,WWGD-20251224-000374,Normal,2026-06-10 10:01:24
JHJY-20260610-00062365,972-000746,CPU,Purchased,Production Project Purchase Request,Sample Business Label f1dcd1a2,20.0000,20.0000,2026-06-10,2026-06-10,2026-06-10,2026-06-10,2026-06-10,2026-06-10,MRP-20260610-00000151,0.0000,,,Sample Business Label 88a91c95,WWGD-20250922-000180,Normal,2026-06-10 10:01:24
JHJY-20260610-00062366,972-000746,CPU,Purchased,Production Project Purchase Request,Sample Business Label f1dcd1a2,200.0000,200.0000,2026-06-10,2026-06-10,2026-06-10,2026-06-10,2026-06-10,2026-06-10,MRP-20260610-00000151,0.0000,,,Sample Business Label 88a91c95,WWGD-20251224-000374,Normal,2026-06-10 10:01:24
JHJY-20260610-00062367,972-000746,CPU,Purchased,Production Project Purchase Request,Sample Business Label f1dcd1a2,70.0000,70.0000,2026-06-10,2026-06-10,2026-06-10,2026-06-10,2026-06-10,2026-06-10,MRP-20260610-00000151,0.0000,,,Sample Business Label 88a91c95,YCD2026031600000056,Normal,2026-06-10 10:01:24
JHJY-20260610-00062368,972-000744,PMIC,Purchased,Production Project Purchase Request,Sample Business Label f1dcd1a2,20.0000,20.0000,2026-06-10,2026-06-10,2026-06-10,2026-06-10,2026-06-10,2026-06-10,MRP-20260610-00000151,0.0000,,,Sample Business Label 88a91c95,WWGD-20250922-000180,Normal,2026-06-10 10:01:24
JHJY-20260610-00062369,972-000744,PMIC,Purchased,Production Project Purchase Request,Sample Business Label f1dcd1a2,200.0000,200.0000,2026-06-10,2026-06-10,2026-06-10,2026-06-10,2026-06-10,2026-06-10,MRP-20260610-00000151,0.0000,,,Sample Business Label 88a91c95,WWGD-20251224-000374,Normal,2026-06-10 10:01:24
JHJY-20260610-00062370,972-000744,PMIC,Purchased,Production Project Purchase Request,Sample Business Label f1dcd1a2,70.0000,70.0000,2026-06-10,2026-06-10,2026-06-10,2026-06-10,2026-06-10,2026-06-10,MRP-20260610-00000151,0.0000,,,Sample Business Label 88a91c95,YCD2026031600000056,Normal,2026-06-10 10:01:24
JHJY-20260610-00062371,165-000761,Sample Business Label f274f1d8,Purchased,Production Project Purchase Request,Sample Business Label f1dcd1a2,2.0000,2.0000,2026-06-10,2026-06-10,2026-06-10,2026-06-10,2026-06-10,2026-06-10,MRP-20260610-00000151,0.0000,,,Sample Business Label 88a91c95,WWGD-20250903-000160,Normal,2026-06-10 10:01:24
JHJY-20260610-00062372,725-000209,Sample Business Label c129916e,Purchased,Production Project Purchase Request,Sample Business Label f1dcd1a2,3.0000,3.0000,2026-06-10,2026-06-10,2026-06-10,2026-06-10,2026-06-10,2026-06-10,MRP-20260610-00000151,0.0000,,,Sample Business Label 88a91c95,WWGD-20250903-000160,Normal,2026-06-10 10:01:24
JHJY-20260610-00062373,733-000124,Sample Business Label 1ef5a5d1,Purchased,Production Project Purchase Request,Sample Business Label f1dcd1a2,1.0000,1.0000,2026-06-10,2026-06-10,2026-06-10,2026-06-10,2026-06-10,2026-06-10,MRP-20260610-00000151,0.0000,,,Sample Business Label 88a91c95,WWGD-20250903-000160,Normal,2026-06-10 10:01:24
JHJY-20260610-00062374,358-000130,Sample Business Label a1d3a332,Purchased,Production Project Purchase Request,Sample Business Label f1dcd1a2,34.0000,34.0000,2026-06-10,2026-06-10,2026-06-10,2026-06-10,2026-06-10,2026-06-10,MRP-20260610-00000151,0.0000,,,Sample Business Label 88a91c95,WWGD-20250922-000180,Normal,2026-06-10 10:01:24
JHJY-20260610-00062375,358-000130,Sample Business Label a1d3a332,Purchased,Production Project Purchase Request,Sample Business Label f1dcd1a2,400.0000,400.0000,2026-06-10,2026-06-10,2026-06-10,2026-06-10,2026-06-10,2026-06-10,MRP-20260610-00000151,0.0000,,,Sample Business Label 88a91c95,WWGD-20251224-000374,Normal,2026-06-10 10:01:24
JHJY-20260610-00062376,358-000130,Sample Business Label a1d3a332,Purchased,Production Project Purchase Request,Sample Business Label f1dcd1a2,140.0000,140.0000,2026-06-10,2026-06-10,2026-06-10,2026-06-10,2026-06-10,2026-06-10,MRP-20260610-00000151,0.0000,,,Sample Business Label 88a91c95,YCD2026031600000056,Normal,2026-06-10 10:01:24
JHJY-20260610-00062377,849-000023,Sample Business Label 6c4bdf35,Purchased,Production Project Purchase Request,Sample Business Label f1dcd1a2,600.0000,600.0000,2026-06-10,2026-06-10,2026-06-10,2026-06-10,2026-06-10,2026-06-10,MRP-20260610-00000151,0.0000,,,Sample Business Label 88a91c95,WWGD-20251224-000374,Normal,2026-06-10 10:01:24
JHJY-20260610-00062378,849-000023,Sample Business Label 6c4bdf35,Purchased,Production Project Purchase Request,Sample Business Label f1dcd1a2,10.0000,10.0000,2026-06-10,2026-06-10,2026-06-10,2026-06-10,2026-06-10,2026-06-10,MRP-20260610-00000151,0.0000,,,Sample Business Label 88a91c95,YCD2026040900000070,Normal,2026-06-10 10:01:24
JHJY-20260610-00062379,849-000023,Sample Business Label 6c4bdf35,Purchased,Production Project Purchase Request,Sample Business Label f1dcd1a2,60.0000,60.0000,2026-06-10,2026-06-10,2026-06-10,2026-06-10,2026-06-10,2026-06-10,MRP-20260610-00000151,0.0000,,,Sample Business Label 88a91c95,YCD2026031600000056,Normal,2026-06-10 10:01:24
JHJY-20260610-00062380,849-000023,Sample Business Label 6c4bdf35,Purchased,Production Project Purchase Request,Sample Business Label f1dcd1a2,20.0000,20.0000,2026-06-10,2026-06-10,2026-06-10,2026-06-10,2026-06-10,2026-06-10,MRP-20260610-00000151,0.0000,,,Sample Business Label 88a91c95,YCD2026031600000056,Normal,2026-06-10 10:01:24
JHJY-20260610-00062381,725-000138,Sample Business Label 05087a91,Purchased,Production Project Purchase Request,Sample Business Label f1dcd1a2,8400.0000,8400.0000,2026-06-10,2026-06-10,2026-06-10,2026-06-10,2026-06-10,2026-06-10,MRP-20260610-00000151,0.0000,,,Sample Business Label 88a91c95,WWGD-20251224-000374,Normal,2026-06-10 10:01:24
JHJY-20260610-00062382,539-000397,Sample Business Label b85ec631,Purchased,Production Project Purchase Request,Sample Business Label f1dcd1a2,2.0000,2.0000,2026-06-10,2026-06-10,2026-06-10,2026-06-10,2026-06-10,2026-06-10,MRP-20260610-00000151,0.0000,,,Sample Business Label 88a91c95,WWGD-20250903-000160,Normal,2026-06-10 10:01:24
JHJY-20260610-00062384,972-000254,Sample Business Label 5a34dcf4,Purchased,Production Project Purchase Request,Sample Business Label f1dcd1a2,200.0000,200.0000,2026-06-10,2026-06-10,2026-06-10,2026-06-10,2026-06-10,2026-06-10,MRP-20260610-00000151,0.0000,,,Sample Business Label 88a91c95,WWGD-20251224-000374,Normal,2026-06-10 10:01:24
JHJY-20260610-00062385,972-000423,Sample Business Label b2013021,Purchased,Production Project Purchase Request,Sample Business Label f1dcd1a2,1.0000,1.0000,2026-06-10,2026-06-10,2026-06-10,2026-06-10,2026-06-10,2026-06-10,MRP-20260610-00000151,0.0000,,,Sample Business Label 88a91c95,WWGD-20250903-000160,Normal,2026-06-10 10:01:24
JHJY-20260610-00062386,733-000074,Sample Business Label c16ef3b5,Purchased,Production Project Purchase Request,Sample Business Label f1dcd1a2,1200.0000,1200.0000,2026-06-10,2026-06-10,2026-06-10,2026-06-10,2026-06-10,2026-06-10,MRP-20260610-00000151,0.0000,,,Sample Business Label 88a91c95,WWGD-20251224-000374,Normal,2026-06-10 10:01:24
JHJY-20260610-00062388,725-000351,Sample Business Label 05087a91,Purchased,Production Project Purchase Request,Sample Business Label f1dcd1a2,13.0000,13.0000,2026-06-10,2026-06-10,2026-06-10,2026-06-10,2026-06-10,2026-06-10,MRP-20260610-00000151,0.0000,,,Sample Business Label 88a91c95,WWGD-20250903-000160,Normal,2026-06-10 10:01:24
JHJY-20260610-00062389,554-000078,Sample Business Label 024e1000,Purchased,Production Project Purchase Request,Sample Business Label f1dcd1a2,47.0000,47.0000,2026-06-10,2026-06-10,2026-06-10,2026-06-10,2026-06-10,2026-06-10,MRP-20260610-00000151,0.0000,,,Sample Business Label 88a91c95,WWGD-20251224-000374,Normal,2026-06-10 10:01:24
JHJY-20260610-00062390,554-000078,Sample Business Label 024e1000,Purchased,Production Project Purchase Request,Sample Business Label f1dcd1a2,70.0000,70.0000,2026-06-10,2026-06-10,2026-06-10,2026-06-10,2026-06-10,2026-06-10,MRP-20260610-00000151,0.0000,,,Sample Business Label 88a91c95,YCD2026031600000056,Normal,2026-06-10 10:01:24
JHJY-20260610-00062391,972-000106,Sample Business Label c96a01ec,Purchased,Production Project Purchase Request,Sample Business Label f1dcd1a2,1.0000,1.0000,2026-06-10,2026-06-10,2026-06-10,2026-06-10,2026-06-10,2026-06-10,MRP-20260610-00000151,0.0000,,,Sample Business Label 88a91c95,WWGD-20250903-000160,Normal,2026-06-10 10:01:24
JHJY-20260610-00062392,725-000164,Sample Business Label 05087a91,Purchased,Production Project Purchase Request,Sample Business Label f1dcd1a2,1.0000,1.0000,2026-06-10,2026-06-10,2026-06-10,2026-06-10,2026-06-10,2026-06-10,MRP-20260610-00000151,0.0000,,,Sample Business Label 88a91c95,WWGD-20250903-000160,Normal,2026-06-10 10:01:24
JHJY-20260610-00062393,539-000254,Sample Business Label b85ec631,Purchased,Production Project Purchase Request,Sample Business Label f1dcd1a2,137.0000,137.0000,2026-06-10,2026-06-10,2026-06-10,2026-06-10,2026-06-10,2026-06-10,MRP-20260610-00000151,0.0000,,,Sample Business Label 88a91c95,WWGD-20251224-000374,Normal,2026-06-10 10:01:24
JHJY-20260610-00062394,725-000249,Sample Business Label 05087a91,Purchased,Production Project Purchase Request,Sample Business Label f1dcd1a2,100.0000,100.0000,2026-06-10,2026-06-10,2026-06-10,2026-06-10,2026-06-10,2026-06-10,MRP-20260610-00000151,0.0000,,,Sample Business Label 88a91c95,WWGD-20250922-000180,Normal,2026-06-10 10:01:24
JHJY-20260610-00062395,725-000249,Sample Business Label 05087a91,Purchased,Production Project Purchase Request,Sample Business Label f1dcd1a2,1000.0000,1000.0000,2026-06-10,2026-06-10,2026-06-10,2026-06-10,2026-06-10,2026-06-10,MRP-20260610-00000151,0.0000,,,Sample Business Label 88a91c95,WWGD-20251224-000374,Normal,2026-06-10 10:01:24
JHJY-20260610-00062396,725-000249,Sample Business Label 05087a91,Purchased,Production Project Purchase Request,Sample Business Label f1dcd1a2,350.0000,350.0000,2026-06-10,2026-06-10,2026-06-10,2026-06-10,2026-06-10,2026-06-10,MRP-20260610-00000151,0.0000,,,Sample Business Label 88a91c95,YCD2026031600000056,Normal,2026-06-10 10:01:24
JHJY-20260610-00062397,895-000057,Sample Business Label b8715836,Purchased,Production Project Purchase Request,Sample Business Label f1dcd1a2,1.0000,1.0000,2026-06-10,2026-06-10,2026-06-10,2026-06-10,2026-06-10,2026-06-10,MRP-20260610-00000151,0.0000,,,Sample Business Label 88a91c95,WWGD-20250903-000160,Normal,2026-06-10 10:01:24
JHJY-20260610-00062398,895-000057,Sample Business Label b8715836,Purchased,Production Project Purchase Request,Sample Business Label f1dcd1a2,20.0000,20.0000,2026-06-10,2026-06-10,2026-06-10,2026-06-10,2026-06-10,2026-06-10,MRP-20260610-00000151,0.0000,,,Sample Business Label 88a91c95,WWGD-20250922-000180,Normal,2026-06-10 10:01:24
JHJY-20260610-00062399,895-000057,Sample Business Label b8715836,Purchased,Production Project Purchase Request,Sample Business Label f1dcd1a2,200.0000,200.0000,2026-06-10,2026-06-10,2026-06-10,2026-06-10,2026-06-10,2026-06-10,MRP-20260610-00000151,0.0000,,,Sample Business Label 88a91c95,WWGD-20251224-000374,Normal,2026-06-10 10:01:24
JHJY-20260610-00062400,895-000057,Sample Business Label b8715836,Purchased,Production Project Purchase Request,Sample Business Label f1dcd1a2,70.0000,70.0000,2026-06-10,2026-06-10,2026-06-10,2026-06-10,2026-06-10,2026-06-10,MRP-20260610-00000151,0.0000,,,Sample Business Label 88a91c95,YCD2026031600000056,Normal,2026-06-10 10:01:24
JHJY-20260610-00062401,972-000758,eMMC,Purchased,Production Project Purchase Request,Sample Business Label f1dcd1a2,1.0000,1.0000,2026-06-10,2026-06-10,2026-06-10,2026-06-10,2026-06-10,2026-06-10,MRP-20260610-00000151,0.0000,,,Sample Business Label 88a91c95,WWGD-20250903-000160,Normal,2026-06-10 10:01:24
JHJY-20260610-00062402,972-000340,Sample Business Label 6af5b97b,Purchased,Production Project Purchase Request,Sample Business Label f1dcd1a2,1.0000,1.0000,2026-06-10,2026-06-10,2026-06-10,2026-06-10,2026-06-10,2026-06-10,MRP-20260610-00000151,0.0000,,,Sample Business Label 88a91c95,WWGD-20250903-000160,Normal,2026-06-10 10:01:24
JHJY-20260610-00062403,972-000719,Sample Business Label 9fc06976,Purchased,Production Project Purchase Request,Sample Business Label f1dcd1a2,1.0000,1.0000,2026-06-10,2026-06-10,2026-06-10,2026-06-10,2026-06-10,2026-06-10,MRP-20260610-00000151,0.0000,,,Sample Business Label 88a91c95,WWGD-20250903-000160,Normal,2026-06-10 10:01:24
JHJY-20260610-00062404,972-000089,Sample Business Label 67d840dc,Purchased,Production Project Purchase Request,Sample Business Label f1dcd1a2,1.0000,1.0000,2026-06-10,2026-06-10,2026-06-10,2026-06-10,2026-06-10,2026-06-10,MRP-20260610-00000151,0.0000,,,Sample Business Label 88a91c95,WWGD-20250903-000160,Normal,2026-06-10 10:01:24
JHJY-20260610-00062405,501-000007,Sample Business Label 32dbbfcf,Purchased,Production Project Purchase Request,Sample Business Label f1dcd1a2,1.0000,1.0000,2026-06-10,2026-06-10,2026-06-10,2026-06-10,2026-06-10,2026-06-10,MRP-20260610-00000151,0.0000,,,Sample Business Label 88a91c95,WWGD-20250903-000160,Normal,2026-06-10 10:01:24
JHJY-20260610-00062406,539-000544,Sample Business Label b85ec631,Purchased,Production Project Purchase Request,Sample Business Label f1dcd1a2,400.0000,400.0000,2026-06-10,2026-06-10,2026-06-10,2026-06-10,2026-06-10,2026-06-10,MRP-20260610-00000151,0.0000,,,Sample Business Label 88a91c95,WWGD-20260312-000462,Normal,2026-06-10 10:01:24
JHJY-20260610-00062407,725-000418,Sample Business Label 05087a91,Purchased,Production Project Purchase Request,Sample Business Label f1dcd1a2,2.0000,2.0000,2026-06-10,2026-06-10,2026-06-10,2026-06-10,2026-06-10,2026-06-10,MRP-20260610-00000151,0.0000,,,Sample Business Label 88a91c95,WWGD-20250903-000160,Normal,2026-06-10 10:01:24
JHJY-20260610-00062408,725-000070,Sample Business Label 05087a91,Purchased,Production Project Purchase Request,Sample Business Label f1dcd1a2,200.0000,200.0000,2026-06-10,2026-06-10,2026-06-10,2026-06-10,2026-06-10,2026-06-10,MRP-20260610-00000151,0.0000,,,Sample Business Label 88a91c95,WWGD-20250922-000180,Normal,2026-06-10 10:01:24
JHJY-20260610-00062409,725-000070,Sample Business Label 05087a91,Purchased,Production Project Purchase Request,Sample Business Label f1dcd1a2,2000.0000,2000.0000,2026-06-10,2026-06-10,2026-06-10,2026-06-10,2026-06-10,2026-06-10,MRP-20260610-00000151,0.0000,,,Sample Business Label 88a91c95,WWGD-20251224-000374,Normal,2026-06-10 10:01:24
JHJY-20260610-00062410,725-000070,Sample Business Label 05087a91,Purchased,Production Project Purchase Request,Sample Business Label f1dcd1a2,700.0000,700.0000,2026-06-10,2026-06-10,2026-06-10,2026-06-10,2026-06-10,2026-06-10,MRP-20260610-00000151,0.0000,,,Sample Business Label 88a91c95,YCD2026031600000056,Normal,2026-06-10 10:01:24
JHJY-20260610-00062412,358-000001,Sample Business Label 6e2963c0,Purchased,Production Project Purchase Request,Sample Business Label f1dcd1a2,2100.0000,2100.0000,2026-06-10,2026-06-10,2026-06-10,2026-06-10,2026-06-10,2026-06-10,MRP-20260610-00000151,0.0000,,,Sample Business Label 88a91c95,WWGD-20251224-000374,Normal,2026-06-10 10:01:24
JHJY-20260610-00062413,972-000662,Sample Business Label fb9c1b1c,Purchased,Production Project Purchase Request,Sample Business Label f1dcd1a2,600.0000,600.0000,2026-06-10,2026-06-10,2026-06-10,2026-06-10,2026-06-10,2026-06-10,MRP-20260610-00000151,0.0000,,,Sample Business Label 88a91c95,WWGD-20251224-000374,Normal,2026-06-10 10:01:24
JHJY-20260610-00062414,733-000122,Sample Business Label 1ef5a5d1,Purchased,Production Project Purchase Request,Sample Business Label f1dcd1a2,3.0000,3.0000,2026-06-10,2026-06-10,2026-06-10,2026-06-10,2026-06-10,2026-06-10,MRP-20260610-00000151,0.0000,,,Sample Business Label 88a91c95,WWGD-20250903-000160,Normal,2026-06-10 10:01:24
JHJY-20260610-00062415,972-000152,Sample Business Label 5c617ad2,Purchased,Production Project Purchase Request,Sample Business Label f1dcd1a2,300.0000,300.0000,2026-06-10,2026-06-10,2026-06-10,2026-06-10,2026-06-10,2026-06-10,MRP-20260610-00000151,0.0000,,,Sample Business Label 88a91c95,WWGD-20251224-000374,Normal,2026-06-10 10:01:24
JHJY-20260610-00062417,454-000010,Sample Business Label 0c135faf,Purchased,Production Project Purchase Request,Sample Business Label f1dcd1a2,1500.0000,1500.0000,2026-06-10,2026-06-10,2026-06-10,2026-06-10,2026-06-10,2026-06-10,MRP-20260610-00000151,0.0000,,,Sample Business Label 88a91c95,WWGD-20251224-000374,Normal,2026-06-10 10:01:24
JHJY-20260610-00062418,972-000737,EMMC,Purchased,Production Project Purchase Request,Sample Business Label f1dcd1a2,70.0000,70.0000,2026-06-10,2026-06-10,2026-06-10,2026-06-10,2026-06-10,2026-06-10,MRP-20260610-00000151,0.0000,,,Sample Business Label 88a91c95,YCD2026031600000056,Normal,2026-06-10 10:01:24
JHJY-20260610-00062419,454-000020,Sample Business Label 13a7d943,Purchased,Production Project Purchase Request,Sample Business Label f1dcd1a2,300.0000,300.0000,2026-06-10,2026-06-10,2026-06-10,2026-06-10,2026-06-10,2026-06-10,MRP-20260610-00000151,0.0000,,,Sample Business Label 88a91c95,WWGD-20251224-000374,Normal,2026-06-10 10:01:24
JHJY-20260610-00062420,454-000004,Sample Business Label cd58a380,Purchased,Production Project Purchase Request,Sample Business Label f1dcd1a2,35.0000,35.0000,2026-06-10,2026-06-10,2026-06-10,2026-06-10,2026-06-10,2026-06-10,MRP-20260610-00000151,0.0000,,,Sample Business Label 88a91c95,YCD2026040900000070,Normal,2026-06-10 10:01:24
JHJY-20260610-00062421,454-000004,Sample Business Label cd58a380,Purchased,Production Project Purchase Request,Sample Business Label f1dcd1a2,210.0000,210.0000,2026-06-10,2026-06-10,2026-06-10,2026-06-10,2026-06-10,2026-06-10,MRP-20260610-00000151,0.0000,,,Sample Business Label 88a91c95,YCD2026031600000056,Normal,2026-06-10 10:01:24
JHJY-20260610-00062422,454-000004,Sample Business Label cd58a380,Purchased,Production Project Purchase Request,Sample Business Label f1dcd1a2,70.0000,70.0000,2026-06-10,2026-06-10,2026-06-10,2026-06-10,2026-06-10,2026-06-10,MRP-20260610-00000151,0.0000,,,Sample Business Label 88a91c95,YCD2026031600000056,Normal,2026-06-10 10:01:24
JHJY-20260610-00062423,454-000319,Sample Business Label 13a7d943,Purchased,Production Project Purchase Request,Sample Business Label f1dcd1a2,5.0000,5.0000,2026-06-10,2026-06-10,2026-06-10,2026-06-10,2026-06-10,2026-06-10,MRP-20260610-00000151,0.0000,,,Sample Business Label 88a91c95,YCD2026040900000070,Normal,2026-06-10 10:01:24
JHJY-20260610-00062424,454-000319,Sample Business Label 13a7d943,Purchased,Production Project Purchase Request,Sample Business Label f1dcd1a2,30.0000,30.0000,2026-06-10,2026-06-10,2026-06-10,2026-06-10,2026-06-10,2026-06-10,MRP-20260610-00000151,0.0000,,,Sample Business Label 88a91c95,YCD2026031600000056,Normal,2026-06-10 10:01:24
JHJY-20260610-00062425,454-000319,Sample Business Label 13a7d943,Purchased,Production Project Purchase Request,Sample Business Label f1dcd1a2,10.0000,10.0000,2026-06-10,2026-06-10,2026-06-10,2026-06-10,2026-06-10,2026-06-10,MRP-20260610-00000151,0.0000,,,Sample Business Label 88a91c95,YCD2026031600000056,Normal,2026-06-10 10:01:24
JHJY-20260610-00062426,725-000132,Sample Business Label 05087a91,Purchased,Production Project Purchase Request,Sample Business Label f1dcd1a2,11.0000,11.0000,2026-06-10,2026-06-10,2026-06-10,2026-06-10,2026-06-10,2026-06-10,MRP-20260610-00000151,0.0000,,,Sample Business Label 88a91c95,WWGD-20250903-000160,Normal,2026-06-10 10:01:24
JHJY-20260610-00062427,539-000368,Sample Business Label b85ec631,Purchased,Production Project Purchase Request,Sample Business Label f1dcd1a2,2.0000,2.0000,2026-06-10,2026-06-10,2026-06-10,2026-06-10,2026-06-10,2026-06-10,MRP-20260610-00000151,0.0000,,,Sample Business Label 88a91c95,WWGD-20250903-000160,Normal,2026-06-10 10:01:24
JHJY-20260610-00062429,539-000047,Sample Business Label b85ec631,Purchased,Production Project Purchase Request,Sample Business Label f1dcd1a2,5.0000,5.0000,2026-06-10,2026-06-10,2026-06-10,2026-06-10,2026-06-10,2026-06-10,MRP-20260610-00000151,0.0000,,,Sample Business Label 88a91c95,YCD2026040900000070,Normal,2026-06-10 10:01:24
JHJY-20260610-00062430,539-000047,Sample Business Label b85ec631,Purchased,Production Project Purchase Request,Sample Business Label f1dcd1a2,30.0000,30.0000,2026-06-10,2026-06-10,2026-06-10,2026-06-10,2026-06-10,2026-06-10,MRP-20260610-00000151,0.0000,,,Sample Business Label 88a91c95,YCD2026031600000056,Normal,2026-06-10 10:01:24
JHJY-20260610-00062431,539-000047,Sample Business Label b85ec631,Purchased,Production Project Purchase Request,Sample Business Label f1dcd1a2,10.0000,10.0000,2026-06-10,2026-06-10,2026-06-10,2026-06-10,2026-06-10,2026-06-10,MRP-20260610-00000151,0.0000,,,Sample Business Label 88a91c95,YCD2026031600000056,Normal,2026-06-10 10:01:24
JHJY-20260610-00062432,539-000047,Sample Business Label b85ec631,Purchased,Production Project Purchase Request,Sample Business Label f1dcd1a2,26.0000,26.0000,2026-06-10,2026-06-10,2026-06-10,2026-06-10,2026-06-10,2026-06-10,MRP-20260610-00000151,0.0000,,,Sample Business Label 88a91c95,YCD2026040900000070,Normal,2026-06-10 10:01:24
JHJY-20260610-00062433,539-000047,Sample Business Label b85ec631,Purchased,Production Project Purchase Request,Sample Business Label f1dcd1a2,50.0000,50.0000,2026-06-10,2026-06-10,2026-06-10,2026-06-10,2026-06-10,2026-06-10,MRP-20260610-00000151,0.0000,,,Sample Business Label 88a91c95,HDKJ-20260605-020,Normal,2026-06-10 10:01:24
JHJY-20260610-00062434,539-000047,Sample Business Label b85ec631,Purchased,Production Project Purchase Request,Sample Business Label f1dcd1a2,20.0000,20.0000,2026-06-10,2026-06-10,2026-06-10,2026-06-10,2026-06-10,2026-06-10,MRP-20260610-00000151,0.0000,,,Sample Business Label 88a91c95,HDKJ-20260608-022,Normal,2026-06-10 10:01:24
JHJY-20260610-00062435,733-000034,Sample Business Label 43b7aeb5,Purchased,Production Project Purchase Request,Sample Business Label f1dcd1a2,600.0000,600.0000,2026-06-10,2026-06-10,2026-06-10,2026-06-10,2026-06-10,2026-06-10,MRP-20260610-00000151,0.0000,,,Sample Business Label 88a91c95,WWGD-20251224-000374,Normal,2026-06-10 10:01:24
JHJY-20260610-00062436,733-000123,Sample Business Label 1ef5a5d1,Purchased,Production Project Purchase Request,Sample Business Label f1dcd1a2,1.0000,1.0000,2026-06-10,2026-06-10,2026-06-10,2026-06-10,2026-06-10,2026-06-10,MRP-20260610-00000151,0.0000,,,Sample Business Label 88a91c95,WWGD-20250903-000160,Normal,2026-06-10 10:01:24
JHJY-20260610-00062437,539-000016,Sample Business Label b85ec631,Purchased,Production Project Purchase Request,Sample Business Label f1dcd1a2,300.0000,300.0000,2026-06-10,2026-06-10,2026-06-10,2026-06-10,2026-06-10,2026-06-10,MRP-20260610-00000151,0.0000,,,Sample Business Label 88a91c95,WWGD-20251224-000374,Normal,2026-06-10 10:01:24
JHJY-20260610-00062438,539-000326,Sample Business Label b85ec631,Purchased,Production Project Purchase Request,Sample Business Label f1dcd1a2,3.0000,3.0000,2026-06-10,2026-06-10,2026-06-10,2026-06-10,2026-06-10,2026-06-10,MRP-20260610-00000151,0.0000,,,Sample Business Label 88a91c95,WWGD-20250903-000160,Normal,2026-06-10 10:01:24
JHJY-20260610-00062439,539-000326,Sample Business Label b85ec631,Purchased,Production Project Purchase Request,Sample Business Label f1dcd1a2,80.0000,80.0000,2026-06-10,2026-06-10,2026-06-10,2026-06-10,2026-06-10,2026-06-10,MRP-20260610-00000151,0.0000,,,Sample Business Label 88a91c95,WWGD-20250922-000180,Normal,2026-06-10 10:01:24
JHJY-20260610-00062440,539-000326,Sample Business Label b85ec631,Purchased,Production Project Purchase Request,Sample Business Label f1dcd1a2,800.0000,800.0000,2026-06-10,2026-06-10,2026-06-10,2026-06-10,2026-06-10,2026-06-10,MRP-20260610-00000151,0.0000,,,Sample Business Label 88a91c95,WWGD-20251224-000374,Normal,2026-06-10 10:01:24
JHJY-20260610-00062441,539-000326,Sample Business Label b85ec631,Purchased,Production Project Purchase Request,Sample Business Label f1dcd1a2,280.0000,280.0000,2026-06-10,2026-06-10,2026-06-10,2026-06-10,2026-06-10,2026-06-10,MRP-20260610-00000151,0.0000,,,Sample Business Label 88a91c95,YCD2026031600000056,Normal,2026-06-10 10:01:24
JHJY-20260610-00062442,972-000587,Sample Business Label 47044100,Purchased,Production Project Purchase Request,Sample Business Label f1dcd1a2,7.0000,7.0000,2026-06-10,2026-06-10,2026-06-10,2026-06-10,2026-06-10,2026-06-10,MRP-20260610-00000151,0.0000,,,Sample Business Label 88a91c95,WWGD-20250903-000160,Normal,2026-06-10 10:01:24
JHJY-20260610-00062443,972-000587,Sample Business Label 47044100,Purchased,Production Project Purchase Request,Sample Business Label f1dcd1a2,80.0000,80.0000,2026-06-10,2026-06-10,2026-06-10,2026-06-10,2026-06-10,2026-06-10,MRP-20260610-00000151,0.0000,,,Sample Business Label 88a91c95,WWGD-20250922-000180,Normal,2026-06-10 10:01:24
JHJY-20260610-00062444,972-000587,Sample Business Label 47044100,Purchased,Production Project Purchase Request,Sample Business Label f1dcd1a2,800.0000,800.0000,2026-06-10,2026-06-10,2026-06-10,2026-06-10,2026-06-10,2026-06-10,MRP-20260610-00000151,0.0000,,,Sample Business Label 88a91c95,WWGD-20251224-000374,Normal,2026-06-10 10:01:24
JHJY-20260610-00062445,972-000587,Sample Business Label 47044100,Purchased,Production Project Purchase Request,Sample Business Label f1dcd1a2,280.0000,280.0000,2026-06-10,2026-06-10,2026-06-10,2026-06-10,2026-06-10,2026-06-10,MRP-20260610-00000151,0.0000,,,Sample Business Label 88a91c95,YCD2026031600000056,Normal,2026-06-10 10:01:24
JHJY-20260610-00062446,454-000353,Sample Business Label 0c135faf,Purchased,Production Project Purchase Request,Sample Business Label f1dcd1a2,2.0000,2.0000,2026-06-10,2026-06-10,2026-06-10,2026-06-10,2026-06-10,2026-06-10,MRP-20260610-00000151,0.0000,,,Sample Business Label 88a91c95,WWGD-20250903-000160,Normal,2026-06-10 10:01:24
JHJY-20260610-00062447,849-000215,Sample Business Label 9e9f1581,Purchased,Production Project Purchase Request,Sample Business Label f1dcd1a2,7.0000,7.0000,2026-06-10,2026-06-10,2026-06-10,2026-06-10,2026-06-10,2026-06-10,MRP-20260610-00000151,0.0000,,,Sample Business Label 88a91c95,WWGD-20250903-000160,Normal,2026-06-10 10:01:24
JHJY-20260610-00062448,849-000215,Sample Business Label 9e9f1581,Purchased,Production Project Purchase Request,Sample Business Label f1dcd1a2,80.0000,80.0000,2026-06-10,2026-06-10,2026-06-10,2026-06-10,2026-06-10,2026-06-10,MRP-20260610-00000151,0.0000,,,Sample Business Label 88a91c95,WWGD-20250922-000180,Normal,2026-06-10 10:01:24
JHJY-20260610-00062449,849-000215,Sample Business Label 9e9f1581,Purchased,Production Project Purchase Request,Sample Business Label f1dcd1a2,1014.0000,1014.0000,2026-06-10,2026-06-10,2026-06-10,2026-06-10,2026-06-10,2026-06-10,MRP-20260610-00000151,0.0000,,,Sample Business Label 88a91c95,WWGD-20250922-000180,Normal,2026-06-10 10:01:24
JHJY-20260610-00062450,849-000215,Sample Business Label 9e9f1581,Purchased,Production Project Purchase Request,Sample Business Label f1dcd1a2,800.0000,800.0000,2026-06-10,2026-06-10,2026-06-10,2026-06-10,2026-06-10,2026-06-10,MRP-20260610-00000151,0.0000,,,Sample Business Label 88a91c95,WWGD-20251224-000374,Normal,2026-06-10 10:01:24
JHJY-20260610-00062451,849-000215,Sample Business Label 9e9f1581,Purchased,Production Project Purchase Request,Sample Business Label f1dcd1a2,10.0000,10.0000,2026-06-10,2026-06-10,2026-06-10,2026-06-10,2026-06-10,2026-06-10,MRP-20260610-00000151,0.0000,,,Sample Business Label 88a91c95,YCD2026040900000070,Normal,2026-06-10 10:01:24
JHJY-20260610-00062452,849-000215,Sample Business Label 9e9f1581,Purchased,Production Project Purchase Request,Sample Business Label f1dcd1a2,60.0000,60.0000,2026-06-10,2026-06-10,2026-06-10,2026-06-10,2026-06-10,2026-06-10,MRP-20260610-00000151,0.0000,,,Sample Business Label 88a91c95,YCD2026031600000056,Normal,2026-06-10 10:01:24
JHJY-20260610-00062453,849-000215,Sample Business Label 9e9f1581,Purchased,Production Project Purchase Request,Sample Business Label f1dcd1a2,20.0000,20.0000,2026-06-10,2026-06-10,2026-06-10,2026-06-10,2026-06-10,2026-06-10,MRP-20260610-00000151,0.0000,,,Sample Business Label 88a91c95,YCD2026031600000056,Normal,2026-06-10 10:01:24
JHJY-20260610-00062454,849-000215,Sample Business Label 9e9f1581,Purchased,Production Project Purchase Request,Sample Business Label f1dcd1a2,280.0000,280.0000,2026-06-10,2026-06-10,2026-06-10,2026-06-10,2026-06-10,2026-06-10,MRP-20260610-00000151,0.0000,,,Sample Business Label 88a91c95,YCD2026031600000056,Normal,2026-06-10 10:01:24
JHJY-20260610-00062456,539-000317,Sample Business Label b85ec631,Purchased,Production Project Purchase Request,Sample Business Label f1dcd1a2,2700.0000,2700.0000,2026-06-10,2026-06-10,2026-06-10,2026-06-10,2026-06-10,2026-06-10,MRP-20260610-00000151,0.0000,,,Sample Business Label 88a91c95,WWGD-20251224-000374,Normal,2026-06-10 10:01:24
JHJY-20260610-00062457,539-000317,Sample Business Label b85ec631,Purchased,Production Project Purchase Request,Sample Business Label f1dcd1a2,26.0000,26.0000,2026-06-10,2026-06-10,2026-06-10,2026-06-10,2026-06-10,2026-06-10,MRP-20260610-00000151,0.0000,,,Sample Business Label 88a91c95,YCD2026040900000070,Normal,2026-06-10 10:01:24
JHJY-20260610-00062458,539-000317,Sample Business Label b85ec631,Purchased,Production Project Purchase Request,Sample Business Label f1dcd1a2,50.0000,50.0000,2026-06-10,2026-06-10,2026-06-10,2026-06-10,2026-06-10,2026-06-10,MRP-20260610-00000151,0.0000,,,Sample Business Label 88a91c95,HDKJ-20260605-020,Normal,2026-06-10 10:01:24
JHJY-20260610-00062459,539-000317,Sample Business Label b85ec631,Purchased,Production Project Purchase Request,Sample Business Label f1dcd1a2,20.0000,20.0000,2026-06-10,2026-06-10,2026-06-10,2026-06-10,2026-06-10,2026-06-10,MRP-20260610-00000151,0.0000,,,Sample Business Label 88a91c95,HDKJ-20260608-022,Normal,2026-06-10 10:01:24
JHJY-20260610-00062460,725-000012,Sample Business Label 05087a91,Purchased,Production Project Purchase Request,Sample Business Label f1dcd1a2,34509.5000,34509.5000,2026-06-10,2026-06-10,2026-06-10,2026-06-10,2026-06-10,2026-06-10,MRP-20260610-00000151,0.0000,,,Sample Business Label 88a91c95,WWGD-20251224-000374,Normal,2026-06-10 10:01:24
JHJY-20260610-00062461,725-000030,Sample Business Label 05087a91,Purchased,Production Project Purchase Request,Sample Business Label f1dcd1a2,1205.0000,1205.0000,2026-06-10,2026-06-10,2026-06-10,2026-06-10,2026-06-10,2026-06-10,MRP-20260610-00000151,0.0000,,,Sample Business Label 88a91c95,WWGD-20251224-000374,Normal,2026-06-10 10:01:24
JHJY-20260610-00062462,725-000030,Sample Business Label 05087a91,Purchased,Production Project Purchase Request,Sample Business Label f1dcd1a2,700.0000,700.0000,2026-06-10,2026-06-10,2026-06-10,2026-06-10,2026-06-10,2026-06-10,MRP-20260610-00000151,0.0000,,,Sample Business Label 88a91c95,YCD2026031600000056,Normal,2026-06-10 10:01:24
JHJY-20260610-00062464,539-000312,Sample Business Label b85ec631,Purchased,Production Project Purchase Request,Sample Business Label f1dcd1a2,1.0000,1.0000,2026-06-10,2026-06-10,2026-06-10,2026-06-10,2026-06-10,2026-06-10,MRP-20260610-00000151,0.0000,,,Sample Business Label 88a91c95,WWGD-20250903-000160,Normal,2026-06-10 10:01:24
JHJY-20260610-00062465,539-000312,Sample Business Label b85ec631,Purchased,Production Project Purchase Request,Sample Business Label f1dcd1a2,2400.0000,2400.0000,2026-06-10,2026-06-10,2026-06-10,2026-06-10,2026-06-10,2026-06-10,MRP-20260610-00000151,0.0000,,,Sample Business Label 88a91c95,WWGD-20251224-000374,Normal,2026-06-10 10:01:24
