sales_order_id,contract_number,customer_id,customer_name,product_code,product_name,signing_quantity,signing_date,promised_delivery_date,shipping_quantity,shipping_date,order_status,salesperson
SO0000001,HT-2026-00001,10001,Sample Business Label ad6a7310,382-000005,Beidou Agricultural Navigation Controller,11,2026-04-02,2026-04-23,11,2026-04-23,Confirmed,Sample Business Label dca7c71f
SO0000002,HT-2026-00002,10004,Sample Business Label 9ade495d,382-000005,Beidou Agricultural Navigation Controller,43,2026-04-24,2026-05-14,43,2026-05-14,Confirmed,Sample Business Label 8093f2d9
SO0000003,HT-2026-00003,10007,Sample Business Label 1c37be0a,382-000005,Beidou Agricultural Navigation Controller,32,2026-04-20,2026-06-04,32,2026-06-04,Confirmed,Sample Business Label da14b70a
SO0000004,HT-2026-00004,10010,Sample Business Label 0927c808,382-000005,Beidou Agricultural Navigation Controller,41,2026-04-07,2026-04-30,41,2026-04-22,Confirmed,Sample Business Label dca7c71f
SO0000005,HT-2026-00005,10013,Sample Business Label 8041c5b9,382-000005,Beidou Agricultural Navigation Controller,43,2026-04-03,2026-04-30,39,2026-04-21,Confirmed,Sample Business Label 8093f2d9
SO0000006,HT-2026-00006,10016,Sample Business Label 8923480f,382-000005,Beidou Agricultural Navigation Controller,22,2026-05-29,2026-06-18,22,2026-06-16,Confirmed,Sample Business Label da14b70a
SO0000007,HT-2026-00007,10019,Sample Business Label 666ec7a8,382-000005,Beidou Agricultural Navigation Controller,9,2026-06-04,2026-06-19,9,2026-06-11,Confirmed,Sample Business Label dca7c71f
SO0000008,HT-2026-00008,10022,Sample Business Label c5f17184,382-000005,Beidou Agricultural Navigation Controller,44,2026-03-27,2026-04-12,43,2026-04-12,Confirmed,Sample Business Label 8093f2d9
SO0000009,HT-2026-00009,10025,Sample Business Label a7eb610f,382-000005,Beidou Agricultural Navigation Controller,8,2026-04-20,2026-05-28,8,2026-05-27,Confirmed,Sample Business Label da14b70a
SO0000010,HT-2026-00010,10028,Sample Business Label d203f74f,382-000005,Beidou Agricultural Navigation Controller,24,2026-06-07,2026-07-28,24,2026-07-22,Confirmed,Sample Business Label dca7c71f
SO0000011,HT-2026-00011,10031,Sample Business Label 76e7ccfd,382-000005,Beidou Agricultural Navigation Controller,43,2026-06-09,2026-07-03,43,2026-06-24,Confirmed,Sample Business Label 8093f2d9
SO0000012,HT-2026-00012,10034,Sample Business Label 24b4bfb0,382-000005,Beidou Agricultural Navigation Controller,2,2026-05-02,2026-06-20,2,2026-06-16,Confirmed,Sample Business Label da14b70a
SO0000013,HT-2026-00013,10037,Sample Business Label 8cd69822,382-000005,Beidou Agricultural Navigation Controller,21,2026-06-21,2026-07-27,19,2026-07-20,Confirmed,Sample Business Label dca7c71f
SO0000014,HT-2026-00014,10040,Sample Business Label 2e030d14,382-000005,Beidou Agricultural Navigation Controller,16,2026-05-09,2026-06-23,16,2026-06-14,Confirmed,Sample Business Label 8093f2d9
SO0000015,HT-2026-00015,10043,Sample Business Label fb705a91,382-000005,Beidou Agricultural Navigation Controller,33,2026-04-24,2026-06-17,33,2026-06-13,Confirmed,Sample Business Label da14b70a
SO0000016,HT-2026-00016,10046,Sample Business Label cbaba12e,382-000005,Beidou Agricultural Navigation Controller,24,2026-05-31,2026-07-16,24,2026-07-08,Confirmed,Sample Business Label dca7c71f
SO0000017,HT-2026-00017,10049,Sample Business Label c023b592,382-000005,Beidou Agricultural Navigation Controller,15,2026-06-12,2026-07-28,15,2026-07-21,Confirmed,Sample Business Label 8093f2d9
SO0000018,HT-2026-00018,10052,Sample Business Label 02a62d16,382-000005,Beidou Agricultural Navigation Controller,14,2026-03-05,2026-04-09,14,2026-04-06,Confirmed,Sample Business Label da14b70a
SO0000019,HT-2026-00019,10055,Sample Business Label d6ad6dcb,382-000005,Beidou Agricultural Navigation Controller,29,2026-03-03,2026-03-27,29,2026-03-25,Confirmed,Sample Business Label dca7c71f
SO0000020,HT-2026-00020,10058,Sample Business Label 8d9a7569,382-000005,Beidou Agricultural Navigation Controller,23,2026-06-05,2026-07-17,23,2026-07-13,Confirmed,Sample Business Label 8093f2d9
SO0000021,HT-2026-00021,10061,Sample Business Label 5fec3637,382-000006,Beidou Agricultural Navigation Controller,23,2026-06-07,2026-07-22,23,2026-07-16,Confirmed,Sample Business Label da14b70a
SO0000022,HT-2026-00022,10064,Sample Business Label 8de24d68,382-000006,Beidou Agricultural Navigation Controller,10,2026-04-25,2026-06-07,10,2026-06-04,Confirmed,Sample Business Label dca7c71f
SO0000023,HT-2026-00023,10067,Sample Business Label b2d7cf3d,382-000006,Beidou Agricultural Navigation Controller,8,2026-04-11,2026-05-06,8,2026-04-30,Confirmed,Sample Business Label 8093f2d9
SO0000024,HT-2026-00024,10070,Sample Business Label f6e8209f,382-000006,Beidou Agricultural Navigation Controller,16,2026-03-05,2026-04-15,16,2026-04-14,Confirmed,Sample Business Label da14b70a
SO0000025,HT-2026-00025,10073,Sample Business Label 1ff215b5,382-000006,Beidou Agricultural Navigation Controller,35,2026-06-16,2026-06-30,35,2026-06-22,Confirmed,Sample Business Label dca7c71f
SO0000026,HT-2026-00026,10076,Sample Business Label 28597042,382-000006,Beidou Agricultural Navigation Controller,13,2026-04-18,2026-05-30,13,2026-05-23,Confirmed,Sample Business Label 8093f2d9
SO0000027,HT-2026-00027,10079,Sample Business Label 2e7d0ed1,382-000006,Beidou Agricultural Navigation Controller,47,2026-03-19,2026-04-12,47,2026-04-11,Confirmed,Sample Business Label da14b70a
SO0000028,HT-2026-00028,10082,Sample Business Label 7195797b,382-000006,Beidou Agricultural Navigation Controller,8,2026-05-23,2026-06-07,8,2026-06-01,Confirmed,Sample Business Label dca7c71f
SO0000029,HT-2026-00029,10085,Sample Business Label c5e50421,382-000006,Beidou Agricultural Navigation Controller,1,2026-04-08,2026-05-31,0,,Sample Business Label 1f425b6b,Sample Business Label 8093f2d9
SO0000030,HT-2026-00030,10088,Sample Business Label 4c53a90c,382-000006,Beidou Agricultural Navigation Controller,42,2026-06-26,2026-07-25,42,2026-07-19,Confirmed,Sample Business Label da14b70a
SO0000031,HT-2026-00031,10091,Sample Business Label dfdc27d1,382-000006,Beidou Agricultural Navigation Controller,21,2026-04-22,2026-05-29,21,2026-05-28,Confirmed,Sample Business Label dca7c71f
SO0000032,HT-2026-00032,10094,Sample Business Label ec8f70d3,382-000006,Beidou Agricultural Navigation Controller,19,2026-03-22,2026-04-22,19,2026-04-22,Confirmed,Sample Business Label 8093f2d9
SO0000033,HT-2026-00033,10097,Sample Business Label 85726bbf,382-000006,Beidou Agricultural Navigation Controller,34,2026-05-15,2026-06-26,30,2026-06-21,Confirmed,Sample Business Label da14b70a
SO0000034,HT-2026-00034,10100,Sample Business Label dc299d1e,382-000006,Beidou Agricultural Navigation Controller,33,2026-06-07,2026-07-11,33,2026-07-02,Confirmed,Sample Business Label dca7c71f
SO0000035,HT-2026-00035,10103,Sample Business Label 87fd5450,382-000006,Beidou Agricultural Navigation Controller,33,2026-03-01,2026-04-07,33,2026-04-07,Confirmed,Sample Business Label 8093f2d9
SO0000036,HT-2026-00036,10106,Sample Business Label 4f25f3ee,382-000006,Beidou Agricultural Navigation Controller,20,2026-04-19,2026-05-13,19,2026-05-07,Confirmed,Sample Business Label da14b70a
SO0000037,HT-2026-00037,10109,Sample Business Label c6885caf,382-000006,Beidou Agricultural Navigation Controller,37,2026-04-25,2026-06-03,35,2026-05-30,Confirmed,Sample Business Label dca7c71f
SO0000038,HT-2026-00038,10112,Sample Business Label 3013bff3,382-000006,Beidou Agricultural Navigation Controller,36,2026-06-05,2026-07-17,35,2026-07-16,Confirmed,Sample Business Label 8093f2d9
SO0000039,HT-2026-00039,10115,Sample Business Label 54604af8,382-000006,Beidou Agricultural Navigation Controller,48,2026-03-09,2026-04-08,48,2026-04-01,Confirmed,Sample Business Label da14b70a
SO0000040,HT-2026-00040,10118,Sample Business Label 5cf43b91,382-000006,Beidou Agricultural Navigation Controller,41,2026-03-12,2026-05-09,41,2026-04-30,Confirmed,Sample Business Label dca7c71f
SO0000041,HT-2026-00041,10121,Sample Business Label baf4d703,526-000001,Beidou Agricultural Navigation Controller,5,2026-03-19,2026-04-28,5,2026-04-24,Confirmed,Sample Business Label 8093f2d9
SO0000042,HT-2026-00042,10124,Sample Business Label d8d646d4,526-000001,Beidou Agricultural Navigation Controller,35,2026-03-11,2026-04-19,35,2026-04-18,Confirmed,Sample Business Label da14b70a
SO0000043,HT-2026-00043,10127,Sample Business Label 89641285,526-000001,Beidou Agricultural Navigation Controller,49,2026-06-25,2026-07-28,49,2026-07-21,Confirmed,Sample Business Label dca7c71f
SO0000044,HT-2026-00044,10130,Sample Business Label d10e43e2,526-000001,Beidou Agricultural Navigation Controller,19,2026-03-17,2026-04-03,19,2026-03-30,Confirmed,Sample Business Label 8093f2d9
SO0000045,HT-2026-00045,10133,Sample Business Label b6718395,526-000001,Beidou Agricultural Navigation Controller,32,2026-04-10,2026-05-05,30,2026-05-01,Confirmed,Sample Business Label da14b70a
SO0000046,HT-2026-00046,10136,Sample Business Label 9dbff699,526-000001,Beidou Agricultural Navigation Controller,40,2026-03-03,2026-04-27,40,2026-04-21,Confirmed,Sample Business Label dca7c71f
SO0000047,HT-2026-00047,10139,Sample Business Label 0763e5ee,526-000001,Beidou Agricultural Navigation Controller,30,2026-06-14,2026-07-29,27,2026-07-29,Confirmed,Sample Business Label 8093f2d9
SO0000048,HT-2026-00048,10142,Sample Business Label c0431b9f,526-000001,Beidou Agricultural Navigation Controller,50,2026-05-04,2026-06-10,50,2026-06-02,Confirmed,Sample Business Label da14b70a
SO0000049,HT-2026-00049,10145,Sample Business Label f2a5c558,526-000001,Beidou Agricultural Navigation Controller,27,2026-05-09,2026-06-22,25,2026-06-16,Confirmed,Sample Business Label dca7c71f
SO0000050,HT-2026-00050,10148,Sample Business Label 1ed85681,526-000001,Beidou Agricultural Navigation Controller,48,2026-03-15,2026-05-12,48,2026-05-04,Confirmed,Sample Business Label 8093f2d9
SO0000051,HT-2026-00051,10151,Sample Business Label 543a7134,526-000001,Beidou Agricultural Navigation Controller,3,2026-03-06,2026-03-23,3,2026-03-20,Confirmed,Sample Business Label da14b70a
SO0000052,HT-2026-00052,10154,Sample Business Label 74169e2b,526-000001,Beidou Agricultural Navigation Controller,16,2026-03-10,2026-04-05,16,2026-04-04,Confirmed,Sample Business Label dca7c71f
SO0000053,HT-2026-00053,10157,Sample Business Label f5bb9b11,526-000001,Beidou Agricultural Navigation Controller,43,2026-03-01,2026-04-05,43,2026-03-31,Confirmed,Sample Business Label 8093f2d9
SO0000054,HT-2026-00054,10160,Sample Business Label 2635cac5,526-000001,Beidou Agricultural Navigation Controller,18,2026-05-03,2026-05-25,18,2026-05-18,Confirmed,Sample Business Label da14b70a
SO0000055,HT-2026-00055,10163,Sample Business Label 0a0bea3e,526-000001,Beidou Agricultural Navigation Controller,48,2026-03-13,2026-04-23,48,2026-04-23,Confirmed,Sample Business Label dca7c71f
SO0000056,HT-2026-00056,10166,Sample Business Label eed58a9c,526-000001,Beidou Agricultural Navigation Controller,13,2026-04-13,2026-05-30,13,2026-05-26,Confirmed,Sample Business Label 8093f2d9
SO0000057,HT-2026-00057,10169,Sample Business Label 4c7d5b1e,526-000001,Beidou Agricultural Navigation Controller,23,2026-04-14,2026-06-07,19,2026-06-04,Confirmed,Sample Business Label da14b70a
SO0000058,HT-2026-00058,10172,Sample Business Label 3893f893,526-000001,Beidou Agricultural Navigation Controller,48,2026-04-15,2026-05-21,45,2026-05-15,Confirmed,Sample Business Label dca7c71f
SO0000059,HT-2026-00059,10175,Sample Business Label 0f0e591f,526-000001,Beidou Agricultural Navigation Controller,16,2026-05-01,2026-06-20,16,2026-06-20,Confirmed,Sample Business Label 8093f2d9
SO0000060,HT-2026-00060,10178,Sample Business Label 9ae2fe59,526-000001,Beidou Agricultural Navigation Controller,10,2026-06-09,2026-07-17,10,2026-07-08,Confirmed,Sample Business Label da14b70a
SO0000061,HT-2026-00061,10001,Sample Business Label ad6a7310,526-000005,Beidou Agricultural Navigation Controller,42,2026-05-22,2026-06-12,39,2026-06-05,Confirmed,Sample Business Label dca7c71f
SO0000062,HT-2026-00062,10004,Sample Business Label 9ade495d,526-000005,Beidou Agricultural Navigation Controller,50,2026-03-31,2026-05-07,50,2026-05-01,Confirmed,Sample Business Label 8093f2d9
SO0000063,HT-2026-00063,10007,Sample Business Label 1c37be0a,526-000005,Beidou Agricultural Navigation Controller,46,2026-04-09,2026-05-05,42,2026-05-04,Confirmed,Sample Business Label da14b70a
SO0000064,HT-2026-00064,10010,Sample Business Label 0927c808,526-000005,Beidou Agricultural Navigation Controller,37,2026-06-10,2026-07-13,33,2026-07-04,Confirmed,Sample Business Label dca7c71f
SO0000065,HT-2026-00065,10013,Sample Business Label 8041c5b9,526-000005,Beidou Agricultural Navigation Controller,45,2026-04-02,2026-05-12,45,2026-05-05,Confirmed,Sample Business Label 8093f2d9
SO0000066,HT-2026-00066,10016,Sample Business Label 8923480f,526-000005,Beidou Agricultural Navigation Controller,1,2026-04-14,2026-06-06,1,2026-06-02,Confirmed,Sample Business Label da14b70a
SO0000067,HT-2026-00067,10019,Sample Business Label 666ec7a8,526-000005,Beidou Agricultural Navigation Controller,2,2026-03-12,2026-04-27,2,2026-04-26,Confirmed,Sample Business Label dca7c71f
SO0000068,HT-2026-00068,10022,Sample Business Label c5f17184,526-000005,Beidou Agricultural Navigation Controller,47,2026-04-25,2026-06-13,44,2026-06-04,Confirmed,Sample Business Label 8093f2d9
SO0000069,HT-2026-00069,10025,Sample Business Label a7eb610f,526-000005,Beidou Agricultural Navigation Controller,3,2026-05-18,2026-07-13,0,,Sample Business Label 1f425b6b,Sample Business Label da14b70a
SO0000070,HT-2026-00070,10028,Sample Business Label d203f74f,526-000005,Beidou Agricultural Navigation Controller,35,2026-03-07,2026-03-30,35,2026-03-29,Confirmed,Sample Business Label dca7c71f
SO0000071,HT-2026-00071,10031,Sample Business Label 76e7ccfd,526-000005,Beidou Agricultural Navigation Controller,42,2026-06-22,2026-07-06,42,2026-06-27,Confirmed,Sample Business Label 8093f2d9
SO0000072,HT-2026-00072,10034,Sample Business Label 24b4bfb0,526-000005,Beidou Agricultural Navigation Controller,13,2026-05-25,2026-06-18,10,2026-06-13,Confirmed,Sample Business Label da14b70a
SO0000073,HT-2026-00073,10037,Sample Business Label 8cd69822,526-000005,Beidou Agricultural Navigation Controller,21,2026-03-13,2026-03-29,19,2026-03-25,Confirmed,Sample Business Label dca7c71f
SO0000074,HT-2026-00074,10040,Sample Business Label 2e030d14,526-000005,Beidou Agricultural Navigation Controller,34,2026-03-03,2026-03-26,34,2026-03-19,Confirmed,Sample Business Label 8093f2d9
SO0000075,HT-2026-00075,10043,Sample Business Label fb705a91,526-000005,Beidou Agricultural Navigation Controller,38,2026-06-01,2026-07-11,36,2026-07-09,Confirmed,Sample Business Label da14b70a
SO0000076,HT-2026-00076,10046,Sample Business Label cbaba12e,526-000005,Beidou Agricultural Navigation Controller,19,2026-05-02,2026-05-17,19,2026-05-10,Confirmed,Sample Business Label dca7c71f
SO0000077,HT-2026-00077,10049,Sample Business Label c023b592,526-000005,Beidou Agricultural Navigation Controller,42,2026-04-15,2026-05-10,42,2026-05-07,Confirmed,Sample Business Label 8093f2d9
SO0000078,HT-2026-00078,10052,Sample Business Label 02a62d16,526-000005,Beidou Agricultural Navigation Controller,22,2026-04-21,2026-06-02,19,2026-05-27,Confirmed,Sample Business Label da14b70a
SO0000079,HT-2026-00079,10055,Sample Business Label d6ad6dcb,526-000005,Beidou Agricultural Navigation Controller,33,2026-03-26,2026-04-25,30,2026-04-19,Confirmed,Sample Business Label dca7c71f
SO0000080,HT-2026-00080,10058,Sample Business Label 8d9a7569,526-000005,Beidou Agricultural Navigation Controller,38,2026-03-15,2026-05-11,37,2026-05-02,Confirmed,Sample Business Label 8093f2d9
SO0000081,HT-2026-00081,10061,Sample Business Label 5fec3637,526-000006,Beidou Agricultural Navigation Controller,18,2026-06-04,2026-07-14,18,2026-07-12,Confirmed,Sample Business Label da14b70a
SO0000082,HT-2026-00082,10064,Sample Business Label 8de24d68,526-000006,Beidou Agricultural Navigation Controller,19,2026-05-12,2026-05-28,19,2026-05-23,Confirmed,Sample Business Label dca7c71f
SO0000083,HT-2026-00083,10067,Sample Business Label b2d7cf3d,526-000006,Beidou Agricultural Navigation Controller,37,2026-05-17,2026-06-01,37,2026-05-29,Confirmed,Sample Business Label 8093f2d9
SO0000084,HT-2026-00084,10070,Sample Business Label f6e8209f,526-000006,Beidou Agricultural Navigation Controller,27,2026-05-06,2026-06-18,27,2026-06-09,Confirmed,Sample Business Label da14b70a
SO0000085,HT-2026-00085,10073,Sample Business Label 1ff215b5,526-000006,Beidou Agricultural Navigation Controller,31,2026-03-02,2026-03-30,31,2026-03-24,Confirmed,Sample Business Label dca7c71f
SO0000086,HT-2026-00086,10076,Sample Business Label 28597042,526-000006,Beidou Agricultural Navigation Controller,41,2026-06-13,2026-07-05,41,2026-06-29,Confirmed,Sample Business Label 8093f2d9
SO0000087,HT-2026-00087,10079,Sample Business Label 2e7d0ed1,526-000006,Beidou Agricultural Navigation Controller,20,2026-05-17,2026-06-29,20,2026-06-25,Confirmed,Sample Business Label da14b70a
SO0000088,HT-2026-00088,10082,Sample Business Label 7195797b,526-000006,Beidou Agricultural Navigation Controller,28,2026-03-22,2026-05-10,28,2026-05-02,Confirmed,Sample Business Label dca7c71f
SO0000089,HT-2026-00089,10085,Sample Business Label c5e50421,526-000006,Beidou Agricultural Navigation Controller,4,2026-05-09,2026-06-21,3,2026-06-15,Confirmed,Sample Business Label 8093f2d9
SO0000090,HT-2026-00090,10088,Sample Business Label 4c53a90c,526-000006,Beidou Agricultural Navigation Controller,32,2026-05-04,2026-06-16,32,2026-06-13,Confirmed,Sample Business Label da14b70a
SO0000091,HT-2026-00091,10091,Sample Business Label dfdc27d1,526-000006,Beidou Agricultural Navigation Controller,3,2026-04-03,2026-05-12,0,,Sample Business Label 1f425b6b,Sample Business Label dca7c71f
SO0000092,HT-2026-00092,10094,Sample Business Label ec8f70d3,526-000006,Beidou Agricultural Navigation Controller,19,2026-05-16,2026-07-13,15,2026-07-10,Confirmed,Sample Business Label 8093f2d9
SO0000093,HT-2026-00093,10097,Sample Business Label 85726bbf,526-000006,Beidou Agricultural Navigation Controller,36,2026-04-26,2026-05-15,36,2026-05-08,Confirmed,Sample Business Label da14b70a
SO0000094,HT-2026-00094,10100,Sample Business Label dc299d1e,526-000006,Beidou Agricultural Navigation Controller,28,2026-03-25,2026-05-20,26,2026-05-14,Confirmed,Sample Business Label dca7c71f
SO0000095,HT-2026-00095,10103,Sample Business Label 87fd5450,526-000006,Beidou Agricultural Navigation Controller,11,2026-05-13,2026-06-09,11,2026-06-06,Confirmed,Sample Business Label 8093f2d9
SO0000096,HT-2026-00096,10106,Sample Business Label 4f25f3ee,526-000006,Beidou Agricultural Navigation Controller,34,2026-06-23,2026-08-08,32,2026-08-04,Confirmed,Sample Business Label da14b70a
SO0000097,HT-2026-00097,10109,Sample Business Label c6885caf,526-000006,Beidou Agricultural Navigation Controller,48,2026-05-06,2026-06-03,47,2026-06-02,Confirmed,Sample Business Label dca7c71f
SO0000098,HT-2026-00098,10112,Sample Business Label 3013bff3,526-000006,Beidou Agricultural Navigation Controller,50,2026-04-21,2026-06-03,50,2026-05-28,Confirmed,Sample Business Label 8093f2d9
SO0000099,HT-2026-00099,10115,Sample Business Label 54604af8,526-000006,Beidou Agricultural Navigation Controller,35,2026-05-25,2026-06-17,31,2026-06-12,Confirmed,Sample Business Label da14b70a
SO0000100,HT-2026-00100,10118,Sample Business Label 5cf43b91,526-000006,Beidou Agricultural Navigation Controller,5,2026-04-12,2026-05-10,5,2026-05-06,Confirmed,Sample Business Label dca7c71f
SO0000101,HT-2026-00101,10121,Sample Business Label baf4d703,623-000034,408 Satellite Land Leveling System (Overseas),10,2026-03-22,2026-04-18,9,2026-04-09,Confirmed,Sample Business Label 8093f2d9
SO0000102,HT-2026-00102,10124,Sample Business Label d8d646d4,623-000034,408 Satellite Land Leveling System (Overseas),48,2026-06-03,2026-07-17,46,2026-07-13,Confirmed,Sample Business Label da14b70a
SO0000103,HT-2026-00103,10127,Sample Business Label 89641285,623-000034,408 Satellite Land Leveling System (Overseas),38,2026-04-05,2026-04-25,38,2026-04-24,Confirmed,Sample Business Label dca7c71f
SO0000104,HT-2026-00104,10130,Sample Business Label d10e43e2,623-000034,408 Satellite Land Leveling System (Overseas),22,2026-03-20,2026-04-23,22,2026-04-14,Confirmed,Sample Business Label 8093f2d9
SO0000105,HT-2026-00105,10133,Sample Business Label b6718395,623-000034,408 Satellite Land Leveling System (Overseas),31,2026-04-08,2026-05-25,31,2026-05-24,Confirmed,Sample Business Label da14b70a
SO0000106,HT-2026-00106,10136,Sample Business Label 9dbff699,623-000034,408 Satellite Land Leveling System (Overseas),19,2026-04-24,2026-06-13,19,2026-06-12,Confirmed,Sample Business Label dca7c71f
SO0000107,HT-2026-00107,10139,Sample Business Label 0763e5ee,623-000034,408 Satellite Land Leveling System (Overseas),41,2026-03-04,2026-04-19,41,2026-04-17,Confirmed,Sample Business Label 8093f2d9
SO0000108,HT-2026-00108,10142,Sample Business Label c0431b9f,623-000034,408 Satellite Land Leveling System (Overseas),47,2026-03-11,2026-04-11,47,2026-04-10,Confirmed,Sample Business Label da14b70a
SO0000109,HT-2026-00109,10145,Sample Business Label f2a5c558,623-000034,408 Satellite Land Leveling System (Overseas),5,2026-04-13,2026-05-24,3,2026-05-22,Confirmed,Sample Business Label dca7c71f
SO0000110,HT-2026-00110,10148,Sample Business Label 1ed85681,367-000061,Sample Business Label cb6463ca,36,2026-04-07,2026-05-15,35,2026-05-11,Confirmed,Sample Business Label 8093f2d9
SO0000111,HT-2026-00111,10151,Sample Business Label 543a7134,367-000061,Sample Business Label cb6463ca,21,2026-04-29,2026-05-21,21,2026-05-18,Confirmed,Sample Business Label da14b70a
SO0000112,HT-2026-00112,10154,Sample Business Label 74169e2b,367-000061,Sample Business Label cb6463ca,49,2026-03-14,2026-04-06,49,2026-04-04,Confirmed,Sample Business Label dca7c71f
SO0000113,HT-2026-00113,10157,Sample Business Label f5bb9b11,367-000061,Sample Business Label cb6463ca,36,2026-03-20,2026-05-06,36,2026-05-05,Confirmed,Sample Business Label 8093f2d9
SO0000114,HT-2026-00114,10160,Sample Business Label 2635cac5,367-000061,Sample Business Label cb6463ca,21,2026-03-07,2026-04-22,21,2026-04-22,Confirmed,Sample Business Label da14b70a
SO0000115,HT-2026-00115,10163,Sample Business Label 0a0bea3e,367-000061,Sample Business Label cb6463ca,32,2026-05-24,2026-07-17,28,2026-07-10,Confirmed,Sample Business Label dca7c71f
SO0000116,HT-2026-00116,10166,Sample Business Label eed58a9c,367-000061,Sample Business Label cb6463ca,19,2026-06-26,2026-08-18,19,2026-08-15,Confirmed,Sample Business Label 8093f2d9
SO0000117,HT-2026-00117,10169,Sample Business Label 4c7d5b1e,367-000061,Sample Business Label cb6463ca,29,2026-04-11,2026-06-03,29,2026-06-02,Confirmed,Sample Business Label da14b70a
SO0000118,HT-2026-00118,10172,Sample Business Label 3893f893,367-000061,Sample Business Label cb6463ca,28,2026-04-22,2026-06-02,28,2026-06-02,Confirmed,Sample Business Label dca7c71f
SO0000119,HT-2026-00119,10175,Sample Business Label 0f0e591f,367-000061,Sample Business Label cb6463ca,30,2026-04-18,2026-05-22,28,2026-05-16,Confirmed,Sample Business Label 8093f2d9
SO0000120,HT-2026-00120,10178,Sample Business Label 9ae2fe59,367-000061,Sample Business Label cb6463ca,9,2026-06-22,2026-07-13,9,2026-07-09,Confirmed,Sample Business Label da14b70a
SO0000121,HT-2026-00121,10001,Sample Business Label ad6a7310,367-000097,Sample Business Label e8c4b42d,41,2026-03-21,2026-04-12,41,2026-04-09,Confirmed,Sample Business Label dca7c71f
SO0000122,HT-2026-00122,10004,Sample Business Label 9ade495d,367-000097,Sample Business Label e8c4b42d,1,2026-05-25,2026-07-15,1,2026-07-13,Confirmed,Sample Business Label 8093f2d9
SO0000123,HT-2026-00123,10007,Sample Business Label 1c37be0a,367-000097,Sample Business Label e8c4b42d,24,2026-04-04,2026-04-25,24,2026-04-16,Confirmed,Sample Business Label da14b70a
SO0000124,HT-2026-00124,10010,Sample Business Label 0927c808,367-000097,Sample Business Label e8c4b42d,42,2026-04-30,2026-06-14,41,2026-06-13,Confirmed,Sample Business Label dca7c71f
SO0000125,HT-2026-00125,10013,Sample Business Label 8041c5b9,367-000097,Sample Business Label e8c4b42d,5,2026-04-05,2026-05-15,5,2026-05-08,Confirmed,Sample Business Label 8093f2d9
SO0000126,HT-2026-00126,10016,Sample Business Label 8923480f,367-000097,Sample Business Label e8c4b42d,46,2026-05-07,2026-06-02,45,2026-06-01,Confirmed,Sample Business Label da14b70a
SO0000127,HT-2026-00127,10019,Sample Business Label 666ec7a8,367-000097,Sample Business Label e8c4b42d,45,2026-04-28,2026-06-24,45,2026-06-21,Confirmed,Sample Business Label dca7c71f
SO0000128,HT-2026-00128,10022,Sample Business Label c5f17184,367-000097,Sample Business Label e8c4b42d,1,2026-04-02,2026-05-25,1,2026-05-17,Confirmed,Sample Business Label 8093f2d9
SO0000129,HT-2026-00129,10025,Sample Business Label a7eb610f,367-000102,Sample Business Label e8c4b42d,46,2026-03-23,2026-05-18,46,2026-05-09,Confirmed,Sample Business Label da14b70a
SO0000130,HT-2026-00130,10028,Sample Business Label d203f74f,367-000102,Sample Business Label e8c4b42d,45,2026-04-07,2026-04-22,45,2026-04-18,Confirmed,Sample Business Label dca7c71f
SO0000131,HT-2026-00131,10031,Sample Business Label 76e7ccfd,367-000102,Sample Business Label e8c4b42d,10,2026-04-24,2026-05-09,10,2026-05-04,Confirmed,Sample Business Label 8093f2d9
SO0000132,HT-2026-00132,10034,Sample Business Label 24b4bfb0,367-000102,Sample Business Label e8c4b42d,25,2026-04-28,2026-06-03,21,2026-05-27,Confirmed,Sample Business Label da14b70a
SO0000133,HT-2026-00133,10037,Sample Business Label 8cd69822,367-000102,Sample Business Label e8c4b42d,26,2026-03-14,2026-03-30,26,2026-03-22,Confirmed,Sample Business Label dca7c71f
SO0000134,HT-2026-00134,10040,Sample Business Label 2e030d14,367-000102,Sample Business Label e8c4b42d,39,2026-05-25,2026-06-26,39,2026-06-23,Confirmed,Sample Business Label 8093f2d9
SO0000135,HT-2026-00135,10043,Sample Business Label fb705a91,367-000102,Sample Business Label e8c4b42d,16,2026-06-03,2026-07-07,16,2026-07-03,Confirmed,Sample Business Label da14b70a
SO0000136,HT-2026-00136,10046,Sample Business Label cbaba12e,367-000102,Sample Business Label e8c4b42d,16,2026-05-22,2026-07-02,16,2026-06-24,Confirmed,Sample Business Label dca7c71f
SO0000137,HT-2026-00137,10049,Sample Business Label c023b592,367-000102,Sample Business Label e8c4b42d,40,2026-06-27,2026-08-11,38,2026-08-11,Confirmed,Sample Business Label 8093f2d9
SO0000138,HT-2026-00138,10052,Sample Business Label 02a62d16,367-000102,Sample Business Label e8c4b42d,37,2026-04-03,2026-05-10,35,2026-05-04,Confirmed,Sample Business Label da14b70a
SO0000139,HT-2026-00139,10055,Sample Business Label d6ad6dcb,367-000130,Sample Business Label 766526c9,16,2026-05-15,2026-05-30,16,2026-05-26,Confirmed,Sample Business Label dca7c71f
SO0000140,HT-2026-00140,10058,Sample Business Label 8d9a7569,367-000130,Sample Business Label 766526c9,36,2026-03-07,2026-04-01,36,2026-03-24,Confirmed,Sample Business Label 8093f2d9
SO0000141,HT-2026-00141,10061,Sample Business Label 5fec3637,367-000130,Sample Business Label 766526c9,26,2026-04-20,2026-06-03,26,2026-05-30,Confirmed,Sample Business Label da14b70a
SO0000142,HT-2026-00142,10064,Sample Business Label 8de24d68,367-000130,Sample Business Label 766526c9,45,2026-06-19,2026-07-20,45,2026-07-16,Confirmed,Sample Business Label dca7c71f
SO0000143,HT-2026-00143,10067,Sample Business Label b2d7cf3d,367-000130,Sample Business Label 766526c9,47,2026-04-03,2026-04-28,47,2026-04-20,Confirmed,Sample Business Label 8093f2d9
SO0000144,HT-2026-00144,10070,Sample Business Label f6e8209f,367-000130,Sample Business Label 766526c9,21,2026-03-29,2026-05-21,21,2026-05-19,Confirmed,Sample Business Label da14b70a
SO0000145,HT-2026-00145,10073,Sample Business Label 1ff215b5,367-000130,Sample Business Label 766526c9,29,2026-05-14,2026-06-18,29,2026-06-11,Confirmed,Sample Business Label dca7c71f
SO0000146,HT-2026-00146,10076,Sample Business Label 28597042,367-000130,Sample Business Label 766526c9,19,2026-03-21,2026-04-22,16,2026-04-22,Confirmed,Sample Business Label 8093f2d9
SO0000147,HT-2026-00147,10079,Sample Business Label 2e7d0ed1,367-000130,Sample Business Label 766526c9,45,2026-04-03,2026-04-22,45,2026-04-15,Confirmed,Sample Business Label da14b70a
SO0000148,HT-2026-00148,10082,Sample Business Label 7195797b,367-000130,Sample Business Label 766526c9,33,2026-04-01,2026-05-10,33,2026-05-08,Confirmed,Sample Business Label dca7c71f
SO0000149,HT-2026-00149,10085,Sample Business Label c5e50421,367-000130,Sample Business Label 766526c9,33,2026-05-02,2026-06-02,33,2026-06-01,Confirmed,Sample Business Label 8093f2d9
SO0000150,HT-2026-00150,10088,Sample Business Label 4c53a90c,367-000130,Sample Business Label 766526c9,39,2026-03-28,2026-05-14,39,2026-05-05,Confirmed,Sample Business Label da14b70a
SO0000151,HT-2026-00151,10091,Sample Business Label dfdc27d1,367-000130,Sample Business Label 766526c9,14,2026-06-21,2026-08-11,14,2026-08-02,Confirmed,Sample Business Label dca7c71f
SO0000152,HT-2026-00152,10094,Sample Business Label ec8f70d3,367-000130,Sample Business Label 766526c9,23,2026-03-11,2026-03-29,23,2026-03-21,Confirmed,Sample Business Label 8093f2d9
SO0000153,HT-2026-00153,10097,Sample Business Label 85726bbf,367-000130,Sample Business Label 766526c9,41,2026-03-13,2026-03-31,41,2026-03-26,Confirmed,Sample Business Label da14b70a
SO0000154,HT-2026-00154,10100,Sample Business Label dc299d1e,367-000130,Sample Business Label 766526c9,26,2026-05-18,2026-06-11,26,2026-06-02,Confirmed,Sample Business Label dca7c71f
SO0000155,HT-2026-00155,10103,Sample Business Label 87fd5450,367-000130,Sample Business Label 766526c9,31,2026-03-05,2026-03-19,31,2026-03-12,Confirmed,Sample Business Label 8093f2d9
SO0000156,HT-2026-00156,10106,Sample Business Label 4f25f3ee,367-000130,Sample Business Label 766526c9,9,2026-06-18,2026-07-27,7,2026-07-19,Confirmed,Sample Business Label da14b70a
SO0000157,HT-2026-00157,10109,Sample Business Label c6885caf,367-000130,Sample Business Label 766526c9,14,2026-05-10,2026-06-28,14,2026-06-28,Confirmed,Sample Business Label dca7c71f
SO0000158,HT-2026-00158,10112,Sample Business Label 3013bff3,367-000130,Sample Business Label 766526c9,4,2026-03-10,2026-04-05,0,,Sample Business Label 1f425b6b,Sample Business Label 8093f2d9
SO0000159,HT-2026-00159,10115,Sample Business Label 54604af8,367-000131,Sample Business Label 766526c9,20,2026-04-02,2026-05-01,20,2026-04-29,Confirmed,Sample Business Label da14b70a
SO0000160,HT-2026-00160,10118,Sample Business Label 5cf43b91,367-000131,Sample Business Label 766526c9,40,2026-04-23,2026-05-22,39,2026-05-15,Confirmed,Sample Business Label dca7c71f
SO0000161,HT-2026-00161,10121,Sample Business Label baf4d703,367-000131,Sample Business Label 766526c9,18,2026-06-01,2026-06-26,18,2026-06-19,Confirmed,Sample Business Label 8093f2d9
SO0000162,HT-2026-00162,10124,Sample Business Label d8d646d4,367-000131,Sample Business Label 766526c9,12,2026-04-08,2026-05-01,12,2026-04-26,Confirmed,Sample Business Label da14b70a
SO0000163,HT-2026-00163,10127,Sample Business Label 89641285,367-000131,Sample Business Label 766526c9,21,2026-06-22,2026-07-12,20,2026-07-05,Confirmed,Sample Business Label dca7c71f
SO0000164,HT-2026-00164,10130,Sample Business Label d10e43e2,367-000131,Sample Business Label 766526c9,43,2026-05-13,2026-06-20,43,2026-06-11,Confirmed,Sample Business Label 8093f2d9
SO0000165,HT-2026-00165,10133,Sample Business Label b6718395,367-000131,Sample Business Label 766526c9,29,2026-06-27,2026-08-11,28,2026-08-10,Confirmed,Sample Business Label da14b70a
SO0000166,HT-2026-00166,10136,Sample Business Label 9dbff699,367-000131,Sample Business Label 766526c9,13,2026-04-05,2026-05-29,13,2026-05-24,Confirmed,Sample Business Label dca7c71f
SO0000167,HT-2026-00167,10139,Sample Business Label 0763e5ee,367-000131,Sample Business Label 766526c9,47,2026-03-17,2026-04-23,45,2026-04-14,Confirmed,Sample Business Label 8093f2d9
SO0000168,HT-2026-00168,10142,Sample Business Label c0431b9f,367-000131,Sample Business Label 766526c9,49,2026-04-08,2026-05-01,49,2026-04-29,Confirmed,Sample Business Label da14b70a
SO0000169,HT-2026-00169,10145,Sample Business Label f2a5c558,367-000131,Sample Business Label 766526c9,16,2026-03-19,2026-05-05,16,2026-05-04,Confirmed,Sample Business Label dca7c71f
SO0000170,HT-2026-00170,10148,Sample Business Label 1ed85681,367-000131,Sample Business Label 766526c9,47,2026-04-07,2026-05-02,47,2026-04-26,Confirmed,Sample Business Label 8093f2d9
SO0000171,HT-2026-00171,10151,Sample Business Label 543a7134,367-000131,Sample Business Label 766526c9,9,2026-03-12,2026-05-07,5,2026-05-06,Confirmed,Sample Business Label da14b70a
SO0000172,HT-2026-00172,10154,Sample Business Label 74169e2b,367-000131,Sample Business Label 766526c9,9,2026-05-21,2026-06-10,9,2026-06-10,Confirmed,Sample Business Label dca7c71f
SO0000173,HT-2026-00173,10157,Sample Business Label f5bb9b11,590-000064,Full-cycle Agricultural Operation Detection System,15,2026-04-01,2026-04-21,15,2026-04-15,Confirmed,Sample Business Label 8093f2d9
SO0000174,HT-2026-00174,10160,Sample Business Label 2635cac5,590-000064,Full-cycle Agricultural Operation Detection System,11,2026-06-02,2026-07-20,11,2026-07-11,Confirmed,Sample Business Label da14b70a
SO0000175,HT-2026-00175,10163,Sample Business Label 0a0bea3e,590-000064,Full-cycle Agricultural Operation Detection System,37,2026-03-30,2026-05-03,37,2026-05-02,Confirmed,Sample Business Label dca7c71f
SO0000176,HT-2026-00176,10166,Sample Business Label eed58a9c,590-000064,Full-cycle Agricultural Operation Detection System,13,2026-06-09,2026-07-28,13,2026-07-27,Confirmed,Sample Business Label 8093f2d9
SO0000177,HT-2026-00177,10169,Sample Business Label 4c7d5b1e,590-000064,Full-cycle Agricultural Operation Detection System,35,2026-03-06,2026-04-20,33,2026-04-14,Confirmed,Sample Business Label da14b70a
SO0000178,HT-2026-00178,10172,Sample Business Label 3893f893,590-000064,Full-cycle Agricultural Operation Detection System,3,2026-04-21,2026-05-31,3,2026-05-27,Confirmed,Sample Business Label dca7c71f
SO0000179,HT-2026-00179,10175,Sample Business Label 0f0e591f,590-000064,Full-cycle Agricultural Operation Detection System,15,2026-04-05,2026-04-23,15,2026-04-23,Confirmed,Sample Business Label 8093f2d9
SO0000180,HT-2026-00180,10178,Sample Business Label 9ae2fe59,590-000064,Full-cycle Agricultural Operation Detection System,5,2026-06-21,2026-08-07,3,2026-08-01,Confirmed,Sample Business Label da14b70a
SO0000181,HT-2026-00181,10001,Sample Business Label ad6a7310,590-000064,Full-cycle Agricultural Operation Detection System,29,2026-04-20,2026-05-21,29,2026-05-20,Confirmed,Sample Business Label dca7c71f
SO0000182,HT-2026-00182,10004,Sample Business Label 9ade495d,590-000064,Full-cycle Agricultural Operation Detection System,27,2026-03-06,2026-05-03,27,2026-04-28,Confirmed,Sample Business Label 8093f2d9
SO0000183,HT-2026-00183,10007,Sample Business Label 1c37be0a,590-000064,Full-cycle Agricultural Operation Detection System,9,2026-05-09,2026-06-03,9,2026-05-26,Confirmed,Sample Business Label da14b70a
SO0000184,HT-2026-00184,10010,Sample Business Label 0927c808,590-000064,Full-cycle Agricultural Operation Detection System,22,2026-04-05,2026-05-19,18,2026-05-14,Confirmed,Sample Business Label dca7c71f
SO0000185,HT-2026-00185,10013,Sample Business Label 8041c5b9,590-000064,Full-cycle Agricultural Operation Detection System,17,2026-06-11,2026-07-21,13,2026-07-13,Confirmed,Sample Business Label 8093f2d9
SO0000186,HT-2026-00186,10016,Sample Business Label 8923480f,590-000064,Full-cycle Agricultural Operation Detection System,48,2026-05-22,2026-06-16,48,2026-06-09,Confirmed,Sample Business Label da14b70a
SO0000187,HT-2026-00187,10019,Sample Business Label 666ec7a8,590-000064,Full-cycle Agricultural Operation Detection System,1,2026-03-24,2026-05-06,0,,Sample Business Label 1f425b6b,Sample Business Label dca7c71f
SO0000188,HT-2026-00188,10022,Sample Business Label c5f17184,590-000064,Full-cycle Agricultural Operation Detection System,6,2026-05-16,2026-06-02,6,2026-05-25,Confirmed,Sample Business Label 8093f2d9
SO0000189,HT-2026-00189,10025,Sample Business Label a7eb610f,590-000064,Full-cycle Agricultural Operation Detection System,41,2026-03-27,2026-04-23,41,2026-04-21,Confirmed,Sample Business Label da14b70a
SO0000190,HT-2026-00190,10028,Sample Business Label d203f74f,590-000064,Full-cycle Agricultural Operation Detection System,18,2026-04-12,2026-04-29,16,2026-04-21,Confirmed,Sample Business Label dca7c71f
SO0000191,HT-2026-00191,10031,Sample Business Label 76e7ccfd,590-000064,Full-cycle Agricultural Operation Detection System,15,2026-05-20,2026-07-11,12,2026-07-04,Confirmed,Sample Business Label 8093f2d9
SO0000192,HT-2026-00192,10034,Sample Business Label 24b4bfb0,590-000064,Full-cycle Agricultural Operation Detection System,30,2026-03-10,2026-03-25,30,2026-03-22,Confirmed,Sample Business Label da14b70a
SO0000193,HT-2026-00193,10037,Sample Business Label 8cd69822,590-000072,Full-cycle Agricultural Operation Detection System,32,2026-06-06,2026-07-29,29,2026-07-23,Confirmed,Sample Business Label dca7c71f
SO0000194,HT-2026-00194,10040,Sample Business Label 2e030d14,590-000072,Full-cycle Agricultural Operation Detection System,6,2026-05-11,2026-06-10,2,2026-06-05,Confirmed,Sample Business Label 8093f2d9
SO0000195,HT-2026-00195,10043,Sample Business Label fb705a91,590-000072,Full-cycle Agricultural Operation Detection System,37,2026-04-23,2026-05-08,37,2026-05-06,Confirmed,Sample Business Label da14b70a
SO0000196,HT-2026-00196,10046,Sample Business Label cbaba12e,590-000072,Full-cycle Agricultural Operation Detection System,26,2026-03-23,2026-04-07,26,2026-04-02,Confirmed,Sample Business Label dca7c71f
SO0000197,HT-2026-00197,10049,Sample Business Label c023b592,590-000072,Full-cycle Agricultural Operation Detection System,49,2026-06-25,2026-08-06,47,2026-08-02,Confirmed,Sample Business Label 8093f2d9
SO0000198,HT-2026-00198,10052,Sample Business Label 02a62d16,590-000072,Full-cycle Agricultural Operation Detection System,4,2026-04-22,2026-05-16,4,2026-05-15,Confirmed,Sample Business Label da14b70a
SO0000199,HT-2026-00199,10055,Sample Business Label d6ad6dcb,590-000072,Full-cycle Agricultural Operation Detection System,24,2026-03-12,2026-04-21,24,2026-04-14,Confirmed,Sample Business Label dca7c71f
SO0000200,HT-2026-00200,10058,Sample Business Label 8d9a7569,590-000072,Full-cycle Agricultural Operation Detection System,40,2026-03-03,2026-03-18,39,2026-03-17,Confirmed,Sample Business Label 8093f2d9
SO0000201,HT-2026-00201,10061,Sample Business Label 5fec3637,590-000072,Full-cycle Agricultural Operation Detection System,22,2026-05-15,2026-07-05,22,2026-06-30,Confirmed,Sample Business Label da14b70a
SO0000202,HT-2026-00202,10064,Sample Business Label 8de24d68,590-000072,Full-cycle Agricultural Operation Detection System,50,2026-06-20,2026-07-24,50,2026-07-23,Confirmed,Sample Business Label dca7c71f
SO0000203,HT-2026-00203,10067,Sample Business Label b2d7cf3d,590-000072,Full-cycle Agricultural Operation Detection System,46,2026-03-11,2026-04-30,45,2026-04-21,Confirmed,Sample Business Label 8093f2d9
SO0000204,HT-2026-00204,10070,Sample Business Label f6e8209f,590-000072,Full-cycle Agricultural Operation Detection System,4,2026-03-14,2026-04-14,1,2026-04-11,Confirmed,Sample Business Label da14b70a
SO0000205,HT-2026-00205,10073,Sample Business Label 1ff215b5,590-000072,Full-cycle Agricultural Operation Detection System,8,2026-06-24,2026-07-31,7,2026-07-26,Confirmed,Sample Business Label dca7c71f
SO0000206,HT-2026-00206,10076,Sample Business Label 28597042,590-000072,Full-cycle Agricultural Operation Detection System,41,2026-05-27,2026-07-12,41,2026-07-07,Confirmed,Sample Business Label 8093f2d9
SO0000207,HT-2026-00207,10079,Sample Business Label 2e7d0ed1,590-000072,Full-cycle Agricultural Operation Detection System,19,2026-05-05,2026-05-23,19,2026-05-23,Confirmed,Sample Business Label da14b70a
SO0000208,HT-2026-00208,10082,Sample Business Label 7195797b,590-000072,Full-cycle Agricultural Operation Detection System,46,2026-05-06,2026-05-22,46,2026-05-17,Confirmed,Sample Business Label dca7c71f
SO0000209,HT-2026-00209,10085,Sample Business Label c5e50421,590-000072,Full-cycle Agricultural Operation Detection System,24,2026-03-15,2026-04-12,24,2026-04-10,Confirmed,Sample Business Label 8093f2d9
SO0000210,HT-2026-00210,10088,Sample Business Label 4c53a90c,590-000072,Full-cycle Agricultural Operation Detection System,25,2026-03-19,2026-04-04,25,2026-03-29,Confirmed,Sample Business Label da14b70a
SO0000211,HT-2026-00211,10091,Sample Business Label dfdc27d1,590-000072,Full-cycle Agricultural Operation Detection System,25,2026-06-26,2026-07-30,23,2026-07-27,Confirmed,Sample Business Label dca7c71f
SO0000212,HT-2026-00212,10094,Sample Business Label ec8f70d3,590-000072,Full-cycle Agricultural Operation Detection System,48,2026-04-15,2026-05-05,48,2026-04-26,Confirmed,Sample Business Label 8093f2d9
SO0000213,HT-2026-00213,10097,Sample Business Label 85726bbf,590-000073,Full-cycle Agricultural Operation Detection System,41,2026-05-19,2026-06-07,40,2026-06-03,Confirmed,Sample Business Label da14b70a
SO0000214,HT-2026-00214,10100,Sample Business Label dc299d1e,590-000073,Full-cycle Agricultural Operation Detection System,30,2026-03-16,2026-05-03,27,2026-04-26,Confirmed,Sample Business Label dca7c71f
SO0000215,HT-2026-00215,10103,Sample Business Label 87fd5450,590-000073,Full-cycle Agricultural Operation Detection System,11,2026-06-21,2026-08-05,11,2026-07-31,Confirmed,Sample Business Label 8093f2d9
SO0000216,HT-2026-00216,10106,Sample Business Label 4f25f3ee,590-000073,Full-cycle Agricultural Operation Detection System,36,2026-06-10,2026-07-09,36,2026-07-08,Confirmed,Sample Business Label da14b70a
SO0000217,HT-2026-00217,10109,Sample Business Label c6885caf,590-000073,Full-cycle Agricultural Operation Detection System,5,2026-04-24,2026-06-13,5,2026-06-09,Confirmed,Sample Business Label dca7c71f
SO0000218,HT-2026-00218,10112,Sample Business Label 3013bff3,590-000073,Full-cycle Agricultural Operation Detection System,45,2026-04-11,2026-06-05,45,2026-05-28,Confirmed,Sample Business Label 8093f2d9
SO0000219,HT-2026-00219,10115,Sample Business Label 54604af8,590-000073,Full-cycle Agricultural Operation Detection System,11,2026-04-22,2026-06-03,11,2026-05-27,Confirmed,Sample Business Label da14b70a
SO0000220,HT-2026-00220,10118,Sample Business Label 5cf43b91,590-000073,Full-cycle Agricultural Operation Detection System,38,2026-03-24,2026-05-11,38,2026-05-08,Confirmed,Sample Business Label dca7c71f
SO0000221,HT-2026-00221,10121,Sample Business Label baf4d703,590-000073,Full-cycle Agricultural Operation Detection System,25,2026-04-04,2026-04-24,25,2026-04-22,Confirmed,Sample Business Label 8093f2d9
SO0000222,HT-2026-00222,10124,Sample Business Label d8d646d4,590-000073,Full-cycle Agricultural Operation Detection System,5,2026-05-20,2026-06-11,5,2026-06-10,Confirmed,Sample Business Label da14b70a
SO0000223,HT-2026-00223,10127,Sample Business Label 89641285,590-000073,Full-cycle Agricultural Operation Detection System,15,2026-06-24,2026-07-18,12,2026-07-18,Confirmed,Sample Business Label dca7c71f
SO0000224,HT-2026-00224,10130,Sample Business Label d10e43e2,590-000073,Full-cycle Agricultural Operation Detection System,30,2026-03-30,2026-05-15,30,2026-05-15,Confirmed,Sample Business Label 8093f2d9
SO0000225,HT-2026-00225,10133,Sample Business Label b6718395,590-000073,Full-cycle Agricultural Operation Detection System,48,2026-06-11,2026-06-29,48,2026-06-25,Confirmed,Sample Business Label da14b70a
SO0000226,HT-2026-00226,10136,Sample Business Label 9dbff699,590-000073,Full-cycle Agricultural Operation Detection System,50,2026-05-28,2026-07-21,49,2026-07-20,Confirmed,Sample Business Label dca7c71f
SO0000227,HT-2026-00227,10139,Sample Business Label 0763e5ee,590-000073,Full-cycle Agricultural Operation Detection System,41,2026-06-15,2026-07-10,41,2026-07-06,Confirmed,Sample Business Label 8093f2d9
SO0000228,HT-2026-00228,10142,Sample Business Label c0431b9f,590-000073,Full-cycle Agricultural Operation Detection System,36,2026-05-27,2026-06-23,36,2026-06-21,Confirmed,Sample Business Label da14b70a
SO0000229,HT-2026-00229,10145,Sample Business Label f2a5c558,590-000073,Full-cycle Agricultural Operation Detection System,47,2026-04-07,2026-04-30,47,2026-04-30,Confirmed,Sample Business Label dca7c71f
SO0000230,HT-2026-00230,10148,Sample Business Label 1ed85681,590-000073,Full-cycle Agricultural Operation Detection System,21,2026-04-15,2026-05-06,21,2026-05-03,Confirmed,Sample Business Label 8093f2d9
SO0000231,HT-2026-00231,10151,Sample Business Label 543a7134,590-000073,Full-cycle Agricultural Operation Detection System,35,2026-06-04,2026-07-01,33,2026-06-25,Confirmed,Sample Business Label da14b70a
SO0000232,HT-2026-00232,10154,Sample Business Label 74169e2b,590-000073,Full-cycle Agricultural Operation Detection System,34,2026-03-10,2026-04-02,34,2026-03-26,Confirmed,Sample Business Label dca7c71f
SO0000233,HT-2026-00233,10157,Sample Business Label f5bb9b11,590-000074,Full-cycle Agricultural Operation Detection System,24,2026-04-18,2026-05-28,24,2026-05-19,Confirmed,Sample Business Label 8093f2d9
SO0000234,HT-2026-00234,10160,Sample Business Label 2635cac5,590-000074,Full-cycle Agricultural Operation Detection System,14,2026-03-01,2026-04-10,14,2026-04-07,Confirmed,Sample Business Label da14b70a
SO0000235,HT-2026-00235,10163,Sample Business Label 0a0bea3e,590-000074,Full-cycle Agricultural Operation Detection System,8,2026-05-26,2026-07-06,8,2026-06-29,Confirmed,Sample Business Label dca7c71f
SO0000236,HT-2026-00236,10166,Sample Business Label eed58a9c,590-000074,Full-cycle Agricultural Operation Detection System,1,2026-05-11,2026-05-25,1,2026-05-16,Confirmed,Sample Business Label 8093f2d9
SO0000237,HT-2026-00237,10169,Sample Business Label 4c7d5b1e,590-000074,Full-cycle Agricultural Operation Detection System,37,2026-06-24,2026-08-21,37,2026-08-13,Confirmed,Sample Business Label da14b70a
SO0000238,HT-2026-00238,10172,Sample Business Label 3893f893,590-000074,Full-cycle Agricultural Operation Detection System,35,2026-04-19,2026-06-06,35,2026-06-03,Confirmed,Sample Business Label dca7c71f
SO0000239,HT-2026-00239,10175,Sample Business Label 0f0e591f,590-000074,Full-cycle Agricultural Operation Detection System,36,2026-03-27,2026-05-10,32,2026-05-07,Confirmed,Sample Business Label 8093f2d9
SO0000240,HT-2026-00240,10178,Sample Business Label 9ae2fe59,590-000074,Full-cycle Agricultural Operation Detection System,18,2026-03-05,2026-05-02,18,2026-05-02,Confirmed,Sample Business Label da14b70a
SO0000241,HT-2026-00241,10001,Sample Business Label ad6a7310,590-000074,Full-cycle Agricultural Operation Detection System,32,2026-03-16,2026-04-07,32,2026-04-07,Confirmed,Sample Business Label dca7c71f
SO0000242,HT-2026-00242,10004,Sample Business Label 9ade495d,590-000074,Full-cycle Agricultural Operation Detection System,15,2026-03-07,2026-04-06,15,2026-04-02,Confirmed,Sample Business Label 8093f2d9
SO0000243,HT-2026-00243,10007,Sample Business Label 1c37be0a,590-000074,Full-cycle Agricultural Operation Detection System,49,2026-05-25,2026-07-20,49,2026-07-20,Confirmed,Sample Business Label da14b70a
SO0000244,HT-2026-00244,10010,Sample Business Label 0927c808,590-000074,Full-cycle Agricultural Operation Detection System,47,2026-03-08,2026-04-19,47,2026-04-13,Confirmed,Sample Business Label dca7c71f
SO0000245,HT-2026-00245,10013,Sample Business Label 8041c5b9,590-000074,Full-cycle Agricultural Operation Detection System,21,2026-03-04,2026-03-29,18,2026-03-21,Confirmed,Sample Business Label 8093f2d9
SO0000246,HT-2026-00246,10016,Sample Business Label 8923480f,590-000074,Full-cycle Agricultural Operation Detection System,14,2026-05-24,2026-06-15,14,2026-06-10,Confirmed,Sample Business Label da14b70a
SO0000247,HT-2026-00247,10019,Sample Business Label 666ec7a8,590-000074,Full-cycle Agricultural Operation Detection System,35,2026-03-26,2026-04-17,31,2026-04-15,Confirmed,Sample Business Label dca7c71f
SO0000248,HT-2026-00248,10022,Sample Business Label c5f17184,590-000074,Full-cycle Agricultural Operation Detection System,35,2026-06-28,2026-08-10,35,2026-08-08,Confirmed,Sample Business Label 8093f2d9
SO0000249,HT-2026-00249,10025,Sample Business Label a7eb610f,590-000074,Full-cycle Agricultural Operation Detection System,28,2026-05-01,2026-06-15,28,2026-06-14,Confirmed,Sample Business Label da14b70a
SO0000250,HT-2026-00250,10028,Sample Business Label d203f74f,590-000074,Full-cycle Agricultural Operation Detection System,27,2026-03-11,2026-04-06,27,2026-04-04,Confirmed,Sample Business Label dca7c71f
SO0000251,HT-2026-00251,10031,Sample Business Label 76e7ccfd,590-000074,Full-cycle Agricultural Operation Detection System,15,2026-06-12,2026-07-21,15,2026-07-18,Confirmed,Sample Business Label 8093f2d9
SO0000252,HT-2026-00252,10034,Sample Business Label 24b4bfb0,590-000074,Full-cycle Agricultural Operation Detection System,40,2026-05-22,2026-06-11,40,2026-06-08,Confirmed,Sample Business Label da14b70a
SO0000253,HT-2026-00253,10037,Sample Business Label 8cd69822,590-000075,Full-cycle Agricultural Operation Detection System,2,2026-03-16,2026-04-01,0,,Sample Business Label 1f425b6b,Sample Business Label dca7c71f
SO0000254,HT-2026-00254,10040,Sample Business Label 2e030d14,590-000075,Full-cycle Agricultural Operation Detection System,40,2026-03-08,2026-04-12,40,2026-04-12,Confirmed,Sample Business Label 8093f2d9
SO0000255,HT-2026-00255,10043,Sample Business Label fb705a91,590-000075,Full-cycle Agricultural Operation Detection System,3,2026-03-21,2026-04-15,3,2026-04-06,Confirmed,Sample Business Label da14b70a
SO0000256,HT-2026-00256,10046,Sample Business Label cbaba12e,590-000075,Full-cycle Agricultural Operation Detection System,21,2026-04-19,2026-05-24,21,2026-05-24,Confirmed,Sample Business Label dca7c71f
SO0000257,HT-2026-00257,10049,Sample Business Label c023b592,590-000075,Full-cycle Agricultural Operation Detection System,9,2026-03-28,2026-04-17,9,2026-04-14,Confirmed,Sample Business Label 8093f2d9
SO0000258,HT-2026-00258,10052,Sample Business Label 02a62d16,590-000075,Full-cycle Agricultural Operation Detection System,29,2026-04-17,2026-06-09,29,2026-06-01,Confirmed,Sample Business Label da14b70a
SO0000259,HT-2026-00259,10055,Sample Business Label d6ad6dcb,590-000075,Full-cycle Agricultural Operation Detection System,29,2026-04-21,2026-06-16,29,2026-06-13,Confirmed,Sample Business Label dca7c71f
SO0000260,HT-2026-00260,10058,Sample Business Label 8d9a7569,590-000075,Full-cycle Agricultural Operation Detection System,27,2026-05-14,2026-07-07,27,2026-07-04,Confirmed,Sample Business Label 8093f2d9
SO0000261,HT-2026-00261,10061,Sample Business Label 5fec3637,590-000075,Full-cycle Agricultural Operation Detection System,22,2026-05-08,2026-06-04,21,2026-06-04,Confirmed,Sample Business Label da14b70a
SO0000262,HT-2026-00262,10064,Sample Business Label 8de24d68,590-000075,Full-cycle Agricultural Operation Detection System,4,2026-03-06,2026-03-25,0,,Sample Business Label 1f425b6b,Sample Business Label dca7c71f
SO0000263,HT-2026-00263,10067,Sample Business Label b2d7cf3d,590-000075,Full-cycle Agricultural Operation Detection System,47,2026-04-16,2026-05-12,47,2026-05-11,Confirmed,Sample Business Label 8093f2d9
SO0000264,HT-2026-00264,10070,Sample Business Label f6e8209f,590-000075,Full-cycle Agricultural Operation Detection System,43,2026-04-06,2026-05-08,43,2026-05-05,Confirmed,Sample Business Label da14b70a
SO0000265,HT-2026-00265,10073,Sample Business Label 1ff215b5,590-000075,Full-cycle Agricultural Operation Detection System,19,2026-05-07,2026-05-21,19,2026-05-19,Confirmed,Sample Business Label dca7c71f
SO0000266,HT-2026-00266,10076,Sample Business Label 28597042,590-000075,Full-cycle Agricultural Operation Detection System,18,2026-03-01,2026-04-24,18,2026-04-19,Confirmed,Sample Business Label 8093f2d9
SO0000267,HT-2026-00267,10079,Sample Business Label 2e7d0ed1,590-000075,Full-cycle Agricultural Operation Detection System,38,2026-03-09,2026-04-13,38,2026-04-04,Confirmed,Sample Business Label da14b70a
SO0000268,HT-2026-00268,10082,Sample Business Label 7195797b,590-000075,Full-cycle Agricultural Operation Detection System,43,2026-04-06,2026-05-11,43,2026-05-07,Confirmed,Sample Business Label dca7c71f
SO0000269,HT-2026-00269,10085,Sample Business Label c5e50421,590-000075,Full-cycle Agricultural Operation Detection System,29,2026-03-22,2026-04-12,29,2026-04-03,Confirmed,Sample Business Label 8093f2d9
SO0000270,HT-2026-00270,10088,Sample Business Label 4c53a90c,590-000075,Full-cycle Agricultural Operation Detection System,41,2026-04-29,2026-06-11,41,2026-06-09,Confirmed,Sample Business Label da14b70a
SO0000271,HT-2026-00271,10091,Sample Business Label dfdc27d1,590-000075,Full-cycle Agricultural Operation Detection System,6,2026-03-19,2026-04-13,6,2026-04-10,Confirmed,Sample Business Label dca7c71f
SO0000272,HT-2026-00272,10094,Sample Business Label ec8f70d3,590-000075,Full-cycle Agricultural Operation Detection System,21,2026-06-11,2026-07-16,21,2026-07-07,Confirmed,Sample Business Label 8093f2d9
SO0000273,HT-2026-00273,10097,Sample Business Label 85726bbf,590-000100,Agricultural Machinery Detection System,27,2026-04-15,2026-05-10,27,2026-05-02,Confirmed,Sample Business Label da14b70a
SO0000274,HT-2026-00274,10100,Sample Business Label dc299d1e,590-000100,Agricultural Machinery Detection System,34,2026-06-22,2026-07-15,34,2026-07-08,Confirmed,Sample Business Label dca7c71f
SO0000275,HT-2026-00275,10103,Sample Business Label 87fd5450,590-000100,Agricultural Machinery Detection System,45,2026-04-07,2026-05-03,45,2026-04-26,Confirmed,Sample Business Label 8093f2d9
SO0000276,HT-2026-00276,10106,Sample Business Label 4f25f3ee,590-000100,Agricultural Machinery Detection System,17,2026-03-08,2026-04-06,17,2026-04-02,Confirmed,Sample Business Label da14b70a
SO0000277,HT-2026-00277,10109,Sample Business Label c6885caf,590-000100,Agricultural Machinery Detection System,34,2026-06-27,2026-08-11,34,2026-08-10,Confirmed,Sample Business Label dca7c71f
SO0000278,HT-2026-00278,10112,Sample Business Label 3013bff3,590-000100,Agricultural Machinery Detection System,25,2026-03-19,2026-04-10,25,2026-04-06,Confirmed,Sample Business Label 8093f2d9
SO0000279,HT-2026-00279,10115,Sample Business Label 54604af8,590-000100,Agricultural Machinery Detection System,43,2026-04-01,2026-05-08,43,2026-04-30,Confirmed,Sample Business Label da14b70a
SO0000280,HT-2026-00280,10118,Sample Business Label 5cf43b91,590-000100,Agricultural Machinery Detection System,3,2026-04-29,2026-06-04,3,2026-05-29,Confirmed,Sample Business Label dca7c71f
SO0000281,HT-2026-00281,10121,Sample Business Label baf4d703,590-000100,Agricultural Machinery Detection System,18,2026-06-24,2026-08-05,18,2026-08-05,Confirmed,Sample Business Label 8093f2d9
SO0000282,HT-2026-00282,10124,Sample Business Label d8d646d4,590-000100,Agricultural Machinery Detection System,37,2026-03-27,2026-05-06,37,2026-05-04,Confirmed,Sample Business Label da14b70a
SO0000283,HT-2026-00283,10127,Sample Business Label 89641285,590-000100,Agricultural Machinery Detection System,38,2026-04-30,2026-05-16,38,2026-05-14,Confirmed,Sample Business Label dca7c71f
SO0000284,HT-2026-00284,10130,Sample Business Label d10e43e2,590-000100,Agricultural Machinery Detection System,5,2026-04-21,2026-05-05,5,2026-04-28,Confirmed,Sample Business Label 8093f2d9
SO0000285,HT-2026-00285,10133,Sample Business Label b6718395,590-000100,Agricultural Machinery Detection System,21,2026-05-23,2026-06-17,21,2026-06-10,Confirmed,Sample Business Label da14b70a
SO0000286,HT-2026-00286,10136,Sample Business Label 9dbff699,590-000100,Agricultural Machinery Detection System,27,2026-04-09,2026-06-02,27,2026-06-01,Confirmed,Sample Business Label dca7c71f
SO0000287,HT-2026-00287,10139,Sample Business Label 0763e5ee,590-000100,Agricultural Machinery Detection System,16,2026-04-08,2026-05-13,16,2026-05-09,Confirmed,Sample Business Label 8093f2d9
SO0000288,HT-2026-00288,10142,Sample Business Label c0431b9f,590-000100,Agricultural Machinery Detection System,24,2026-03-29,2026-04-26,24,2026-04-20,Confirmed,Sample Business Label da14b70a
SO0000289,HT-2026-00289,10145,Sample Business Label f2a5c558,590-000100,Agricultural Machinery Detection System,37,2026-05-14,2026-06-26,37,2026-06-22,Confirmed,Sample Business Label dca7c71f
SO0000290,HT-2026-00290,10148,Sample Business Label 1ed85681,590-000100,Agricultural Machinery Detection System,15,2026-03-11,2026-03-30,15,2026-03-27,Confirmed,Sample Business Label 8093f2d9
SO0000291,HT-2026-00291,10151,Sample Business Label 543a7134,590-000100,Agricultural Machinery Detection System,45,2026-03-14,2026-05-02,45,2026-04-27,Confirmed,Sample Business Label da14b70a
SO0000292,HT-2026-00292,10154,Sample Business Label 74169e2b,590-000100,Agricultural Machinery Detection System,48,2026-06-17,2026-07-25,48,2026-07-19,Confirmed,Sample Business Label dca7c71f
SO0000293,HT-2026-00293,10157,Sample Business Label f5bb9b11,734-000001,Sample Business Label 108580c2,5,2026-06-08,2026-07-13,5,2026-07-13,Confirmed,Sample Business Label 8093f2d9
SO0000294,HT-2026-00294,10160,Sample Business Label 2635cac5,734-000001,Sample Business Label 108580c2,42,2026-04-17,2026-05-08,42,2026-05-06,Confirmed,Sample Business Label da14b70a
SO0000295,HT-2026-00295,10163,Sample Business Label 0a0bea3e,734-000001,Sample Business Label 108580c2,29,2026-05-17,2026-06-28,27,2026-06-26,Confirmed,Sample Business Label dca7c71f
SO0000296,HT-2026-00296,10166,Sample Business Label eed58a9c,734-000001,Sample Business Label 108580c2,4,2026-03-04,2026-04-26,4,2026-04-21,Confirmed,Sample Business Label 8093f2d9
SO0000297,HT-2026-00297,10169,Sample Business Label 4c7d5b1e,734-000003,Sample Business Label cf4897a8,7,2026-03-21,2026-05-14,7,2026-05-13,Confirmed,Sample Business Label da14b70a
SO0000298,HT-2026-00298,10172,Sample Business Label 3893f893,734-000003,Sample Business Label cf4897a8,19,2026-03-27,2026-04-29,19,2026-04-22,Confirmed,Sample Business Label dca7c71f
SO0000299,HT-2026-00299,10175,Sample Business Label 0f0e591f,734-000003,Sample Business Label cf4897a8,42,2026-03-05,2026-03-30,42,2026-03-27,Confirmed,Sample Business Label 8093f2d9
SO0000300,HT-2026-00300,10178,Sample Business Label 9ae2fe59,U00-000080,Beidou Vehicle Telematics Terminal System,18,2026-03-24,2026-04-18,18,2026-04-18,Confirmed,Sample Business Label da14b70a
SO0000301,HT-2026-00301,10001,Sample Business Label ad6a7310,U00-000080,Beidou Vehicle Telematics Terminal System,14,2026-05-30,2026-07-03,14,2026-07-01,Confirmed,Sample Business Label dca7c71f
SO0000302,HT-2026-00302,10004,Sample Business Label 9ade495d,U00-000080,Beidou Vehicle Telematics Terminal System,24,2026-05-24,2026-06-16,24,2026-06-14,Confirmed,Sample Business Label 8093f2d9
SO0000303,HT-2026-00303,10007,Sample Business Label 1c37be0a,U00-000080,Beidou Vehicle Telematics Terminal System,24,2026-05-01,2026-05-21,23,2026-05-21,Confirmed,Sample Business Label da14b70a
SO0000304,HT-2026-00304,10010,Sample Business Label 0927c808,U00-000080,Beidou Vehicle Telematics Terminal System,46,2026-06-08,2026-07-23,46,2026-07-19,Confirmed,Sample Business Label dca7c71f
SO0000305,HT-2026-00305,10013,Sample Business Label 8041c5b9,U00-000080,Beidou Vehicle Telematics Terminal System,14,2026-03-17,2026-04-07,14,2026-04-02,Confirmed,Sample Business Label 8093f2d9
SO0000306,HT-2026-00306,10016,Sample Business Label 8923480f,U00-000080,Beidou Vehicle Telematics Terminal System,13,2026-05-14,2026-06-01,13,2026-05-24,Confirmed,Sample Business Label da14b70a
SO0000307,HT-2026-00307,10019,Sample Business Label 666ec7a8,U00-000080,Beidou Vehicle Telematics Terminal System,45,2026-06-27,2026-07-31,45,2026-07-22,Confirmed,Sample Business Label dca7c71f
SO0000308,HT-2026-00308,10022,Sample Business Label c5f17184,U00-000080,Beidou Vehicle Telematics Terminal System,27,2026-05-03,2026-06-23,27,2026-06-20,Confirmed,Sample Business Label 8093f2d9
SO0000309,HT-2026-00309,10025,Sample Business Label a7eb610f,U00-000080,Beidou Vehicle Telematics Terminal System,22,2026-03-12,2026-04-29,22,2026-04-22,Confirmed,Sample Business Label da14b70a
SO0000310,HT-2026-00310,10028,Sample Business Label d203f74f,U00-000080,Beidou Vehicle Telematics Terminal System,6,2026-06-22,2026-08-09,2,2026-08-03,Confirmed,Sample Business Label dca7c71f
SO0000311,HT-2026-00311,10031,Sample Business Label 76e7ccfd,U00-000080,Beidou Vehicle Telematics Terminal System,6,2026-06-24,2026-07-13,6,2026-07-05,Confirmed,Sample Business Label 8093f2d9
SO0000312,HT-2026-00312,10034,Sample Business Label 24b4bfb0,U00-000080,Beidou Vehicle Telematics Terminal System,43,2026-03-27,2026-05-06,40,2026-04-27,Confirmed,Sample Business Label da14b70a
SO0000313,HT-2026-00313,10037,Sample Business Label 8cd69822,U00-000080,Beidou Vehicle Telematics Terminal System,31,2026-05-29,2026-06-17,31,2026-06-12,Confirmed,Sample Business Label dca7c71f
SO0000314,HT-2026-00314,10040,Sample Business Label 2e030d14,U00-000080,Beidou Vehicle Telematics Terminal System,36,2026-04-01,2026-05-01,34,2026-04-24,Confirmed,Sample Business Label 8093f2d9
SO0000315,HT-2026-00315,10043,Sample Business Label fb705a91,U00-000080,Beidou Vehicle Telematics Terminal System,35,2026-05-04,2026-06-10,34,2026-06-02,Confirmed,Sample Business Label da14b70a
SO0000316,HT-2026-00316,10046,Sample Business Label cbaba12e,U00-000080,Beidou Vehicle Telematics Terminal System,42,2026-03-20,2026-05-11,42,2026-05-05,Confirmed,Sample Business Label dca7c71f
SO0000317,HT-2026-00317,10049,Sample Business Label c023b592,U00-000080,Beidou Vehicle Telematics Terminal System,24,2026-03-13,2026-04-16,24,2026-04-14,Confirmed,Sample Business Label 8093f2d9
SO0000318,HT-2026-00318,10052,Sample Business Label 02a62d16,U00-000080,Beidou Vehicle Telematics Terminal System,27,2026-03-07,2026-03-25,27,2026-03-20,Confirmed,Sample Business Label da14b70a
SO0000319,HT-2026-00319,10055,Sample Business Label d6ad6dcb,U00-000080,Beidou Vehicle Telematics Terminal System,35,2026-05-05,2026-07-01,35,2026-06-23,Confirmed,Sample Business Label dca7c71f
SO0000320,HT-2026-00320,10058,Sample Business Label 8d9a7569,U00-000151,Beidou Vehicle Telematics Terminal System,23,2026-06-14,2026-08-03,23,2026-08-01,Confirmed,Sample Business Label 8093f2d9
SO0000321,HT-2026-00321,10061,Sample Business Label 5fec3637,U00-000151,Beidou Vehicle Telematics Terminal System,47,2026-03-05,2026-03-20,47,2026-03-19,Confirmed,Sample Business Label da14b70a
SO0000322,HT-2026-00322,10064,Sample Business Label 8de24d68,U00-000151,Beidou Vehicle Telematics Terminal System,9,2026-06-24,2026-07-11,9,2026-07-05,Confirmed,Sample Business Label dca7c71f
SO0000323,HT-2026-00323,10067,Sample Business Label b2d7cf3d,U00-000151,Beidou Vehicle Telematics Terminal System,6,2026-06-09,2026-06-27,6,2026-06-27,Confirmed,Sample Business Label 8093f2d9
SO0000324,HT-2026-00324,10070,Sample Business Label f6e8209f,U00-000151,Beidou Vehicle Telematics Terminal System,50,2026-03-11,2026-04-18,48,2026-04-16,Confirmed,Sample Business Label da14b70a
SO0000325,HT-2026-00325,10073,Sample Business Label 1ff215b5,U00-000151,Beidou Vehicle Telematics Terminal System,9,2026-03-04,2026-04-03,6,2026-03-31,Confirmed,Sample Business Label dca7c71f
SO0000326,HT-2026-00326,10076,Sample Business Label 28597042,U00-000151,Beidou Vehicle Telematics Terminal System,1,2026-04-18,2026-05-20,1,2026-05-16,Confirmed,Sample Business Label 8093f2d9
SO0000327,HT-2026-00327,10079,Sample Business Label 2e7d0ed1,U00-000151,Beidou Vehicle Telematics Terminal System,4,2026-03-24,2026-04-09,4,2026-04-08,Confirmed,Sample Business Label da14b70a
SO0000328,HT-2026-00328,10082,Sample Business Label 7195797b,U00-000151,Beidou Vehicle Telematics Terminal System,16,2026-03-16,2026-04-18,16,2026-04-17,Confirmed,Sample Business Label dca7c71f
SO0000329,HT-2026-00329,10085,Sample Business Label c5e50421,U00-000151,Beidou Vehicle Telematics Terminal System,34,2026-04-30,2026-06-25,34,2026-06-17,Confirmed,Sample Business Label 8093f2d9
SO0000330,HT-2026-00330,10088,Sample Business Label 4c53a90c,U00-000151,Beidou Vehicle Telematics Terminal System,3,2026-03-18,2026-04-10,3,2026-04-02,Confirmed,Sample Business Label da14b70a
SO0000331,HT-2026-00331,10091,Sample Business Label dfdc27d1,U00-000151,Beidou Vehicle Telematics Terminal System,9,2026-03-06,2026-05-01,9,2026-05-01,Confirmed,Sample Business Label dca7c71f
SO0000332,HT-2026-00332,10094,Sample Business Label ec8f70d3,U00-000151,Beidou Vehicle Telematics Terminal System,38,2026-06-23,2026-07-26,38,2026-07-19,Confirmed,Sample Business Label 8093f2d9
SO0000333,HT-2026-00333,10097,Sample Business Label 85726bbf,U00-000151,Beidou Vehicle Telematics Terminal System,27,2026-05-16,2026-07-12,27,2026-07-03,Confirmed,Sample Business Label da14b70a
SO0000334,HT-2026-00334,10100,Sample Business Label dc299d1e,U00-000151,Beidou Vehicle Telematics Terminal System,15,2026-03-17,2026-05-06,15,2026-04-27,Confirmed,Sample Business Label dca7c71f
SO0000335,HT-2026-00335,10103,Sample Business Label 87fd5450,U00-000151,Beidou Vehicle Telematics Terminal System,30,2026-04-29,2026-05-27,30,2026-05-18,Confirmed,Sample Business Label 8093f2d9
SO0000336,HT-2026-00336,10106,Sample Business Label 4f25f3ee,U00-000151,Beidou Vehicle Telematics Terminal System,12,2026-05-01,2026-06-20,12,2026-06-14,Confirmed,Sample Business Label da14b70a
SO0000337,HT-2026-00337,10109,Sample Business Label c6885caf,U00-000151,Beidou Vehicle Telematics Terminal System,44,2026-06-09,2026-07-27,44,2026-07-22,Confirmed,Sample Business Label dca7c71f
SO0000338,HT-2026-00338,10112,Sample Business Label 3013bff3,U00-000151,Beidou Vehicle Telematics Terminal System,29,2026-03-14,2026-04-09,29,2026-04-07,Confirmed,Sample Business Label 8093f2d9
SO0000339,HT-2026-00339,10115,Sample Business Label 54604af8,U00-000151,Beidou Vehicle Telematics Terminal System,20,2026-06-19,2026-07-15,20,2026-07-12,Confirmed,Sample Business Label da14b70a
SO0000340,HT-2026-00340,10118,Sample Business Label 5cf43b91,U00-000155,Beidou Vehicle Telematics Terminal System,8,2026-06-14,2026-08-02,8,2026-08-01,Confirmed,Sample Business Label dca7c71f
SO0000341,HT-2026-00341,10121,Sample Business Label baf4d703,U00-000155,Beidou Vehicle Telematics Terminal System,20,2026-04-28,2026-05-12,20,2026-05-10,Confirmed,Sample Business Label 8093f2d9
SO0000342,HT-2026-00342,10124,Sample Business Label d8d646d4,U00-000155,Beidou Vehicle Telematics Terminal System,24,2026-04-14,2026-05-24,24,2026-05-19,Confirmed,Sample Business Label da14b70a
SO0000343,HT-2026-00343,10127,Sample Business Label 89641285,U00-000155,Beidou Vehicle Telematics Terminal System,4,2026-05-02,2026-06-29,4,2026-06-26,Confirmed,Sample Business Label dca7c71f
SO0000344,HT-2026-00344,10130,Sample Business Label d10e43e2,U00-000155,Beidou Vehicle Telematics Terminal System,2,2026-05-19,2026-06-09,2,2026-05-31,Confirmed,Sample Business Label 8093f2d9
SO0000345,HT-2026-00345,10133,Sample Business Label b6718395,U00-000155,Beidou Vehicle Telematics Terminal System,38,2026-04-25,2026-05-14,38,2026-05-06,Confirmed,Sample Business Label da14b70a
SO0000346,HT-2026-00346,10136,Sample Business Label 9dbff699,U00-000155,Beidou Vehicle Telematics Terminal System,24,2026-03-16,2026-04-02,24,2026-03-27,Confirmed,Sample Business Label dca7c71f
SO0000347,HT-2026-00347,10139,Sample Business Label 0763e5ee,U00-000155,Beidou Vehicle Telematics Terminal System,17,2026-03-26,2026-04-13,16,2026-04-04,Confirmed,Sample Business Label 8093f2d9
SO0000348,HT-2026-00348,10142,Sample Business Label c0431b9f,U00-000155,Beidou Vehicle Telematics Terminal System,34,2026-06-01,2026-07-17,34,2026-07-17,Confirmed,Sample Business Label da14b70a
SO0000349,HT-2026-00349,10145,Sample Business Label f2a5c558,U00-000155,Beidou Vehicle Telematics Terminal System,43,2026-05-30,2026-06-13,43,2026-06-07,Confirmed,Sample Business Label dca7c71f
SO0000350,HT-2026-00350,10148,Sample Business Label 1ed85681,U00-000155,Beidou Vehicle Telematics Terminal System,30,2026-03-13,2026-04-29,30,2026-04-26,Confirmed,Sample Business Label 8093f2d9
SO0000351,HT-2026-00351,10151,Sample Business Label 543a7134,U00-000155,Beidou Vehicle Telematics Terminal System,10,2026-04-05,2026-05-29,10,2026-05-29,Confirmed,Sample Business Label da14b70a
SO0000352,HT-2026-00352,10154,Sample Business Label 74169e2b,U00-000155,Beidou Vehicle Telematics Terminal System,11,2026-03-14,2026-05-06,11,2026-05-01,Confirmed,Sample Business Label dca7c71f
SO0000353,HT-2026-00353,10157,Sample Business Label f5bb9b11,U00-000155,Beidou Vehicle Telematics Terminal System,15,2026-04-09,2026-05-14,15,2026-05-08,Confirmed,Sample Business Label 8093f2d9
SO0000354,HT-2026-00354,10160,Sample Business Label 2635cac5,U00-000155,Beidou Vehicle Telematics Terminal System,17,2026-04-11,2026-05-08,17,2026-05-06,Confirmed,Sample Business Label da14b70a
SO0000355,HT-2026-00355,10163,Sample Business Label 0a0bea3e,U00-000155,Beidou Vehicle Telematics Terminal System,12,2026-05-09,2026-06-27,12,2026-06-25,Confirmed,Sample Business Label dca7c71f
SO0000356,HT-2026-00356,10166,Sample Business Label eed58a9c,U00-000155,Beidou Vehicle Telematics Terminal System,30,2026-06-18,2026-08-14,30,2026-08-10,Confirmed,Sample Business Label 8093f2d9
SO0000357,HT-2026-00357,10169,Sample Business Label 4c7d5b1e,U00-000155,Beidou Vehicle Telematics Terminal System,3,2026-06-02,2026-07-26,3,2026-07-25,Confirmed,Sample Business Label da14b70a
SO0000358,HT-2026-00358,10172,Sample Business Label 3893f893,U00-000155,Beidou Vehicle Telematics Terminal System,28,2026-03-07,2026-04-28,25,2026-04-22,Confirmed,Sample Business Label dca7c71f
SO0000359,HT-2026-00359,10175,Sample Business Label 0f0e591f,U00-000155,Beidou Vehicle Telematics Terminal System,8,2026-04-15,2026-05-18,8,2026-05-13,Confirmed,Sample Business Label 8093f2d9
SO0000360,HT-2026-00360,10178,Sample Business Label 9ae2fe59,U00-000159,Beidou Vehicle Telematics Terminal System,5,2026-03-03,2026-04-11,4,2026-04-08,Confirmed,Sample Business Label da14b70a
SO0000361,HT-2026-00361,10001,Sample Business Label ad6a7310,U00-000159,Beidou Vehicle Telematics Terminal System,31,2026-05-11,2026-05-25,27,2026-05-21,Confirmed,Sample Business Label dca7c71f
SO0000362,HT-2026-00362,10004,Sample Business Label 9ade495d,U00-000159,Beidou Vehicle Telematics Terminal System,45,2026-06-04,2026-07-19,43,2026-07-10,Confirmed,Sample Business Label 8093f2d9
SO0000363,HT-2026-00363,10007,Sample Business Label 1c37be0a,U00-000159,Beidou Vehicle Telematics Terminal System,20,2026-03-07,2026-04-25,19,2026-04-18,Confirmed,Sample Business Label da14b70a
SO0000364,HT-2026-00364,10010,Sample Business Label 0927c808,U00-000159,Beidou Vehicle Telematics Terminal System,16,2026-03-07,2026-04-21,16,2026-04-18,Confirmed,Sample Business Label dca7c71f
SO0000365,HT-2026-00365,10013,Sample Business Label 8041c5b9,U00-000159,Beidou Vehicle Telematics Terminal System,28,2026-03-13,2026-04-04,28,2026-04-03,Confirmed,Sample Business Label 8093f2d9
SO0000366,HT-2026-00366,10016,Sample Business Label 8923480f,U00-000159,Beidou Vehicle Telematics Terminal System,18,2026-06-01,2026-06-19,18,2026-06-15,Confirmed,Sample Business Label da14b70a
SO0000367,HT-2026-00367,10019,Sample Business Label 666ec7a8,U00-000159,Beidou Vehicle Telematics Terminal System,23,2026-05-20,2026-06-16,23,2026-06-15,Confirmed,Sample Business Label dca7c71f
SO0000368,HT-2026-00368,10022,Sample Business Label c5f17184,U00-000159,Beidou Vehicle Telematics Terminal System,10,2026-05-04,2026-06-14,10,2026-06-09,Confirmed,Sample Business Label 8093f2d9
SO0000369,HT-2026-00369,10025,Sample Business Label a7eb610f,U00-000159,Beidou Vehicle Telematics Terminal System,28,2026-06-20,2026-07-07,28,2026-06-28,Confirmed,Sample Business Label da14b70a
SO0000370,HT-2026-00370,10028,Sample Business Label d203f74f,U00-000159,Beidou Vehicle Telematics Terminal System,27,2026-05-29,2026-07-19,27,2026-07-11,Confirmed,Sample Business Label dca7c71f
SO0000371,HT-2026-00371,10031,Sample Business Label 76e7ccfd,U00-000159,Beidou Vehicle Telematics Terminal System,44,2026-05-30,2026-06-25,44,2026-06-24,Confirmed,Sample Business Label 8093f2d9
SO0000372,HT-2026-00372,10034,Sample Business Label 24b4bfb0,U00-000159,Beidou Vehicle Telematics Terminal System,44,2026-04-16,2026-05-05,44,2026-05-01,Confirmed,Sample Business Label da14b70a
SO0000373,HT-2026-00373,10037,Sample Business Label 8cd69822,U00-000159,Beidou Vehicle Telematics Terminal System,44,2026-04-29,2026-06-16,44,2026-06-08,Confirmed,Sample Business Label dca7c71f
SO0000374,HT-2026-00374,10040,Sample Business Label 2e030d14,U00-000159,Beidou Vehicle Telematics Terminal System,45,2026-04-05,2026-04-29,45,2026-04-24,Confirmed,Sample Business Label 8093f2d9
SO0000375,HT-2026-00375,10043,Sample Business Label fb705a91,U00-000159,Beidou Vehicle Telematics Terminal System,25,2026-06-08,2026-07-01,25,2026-06-24,Confirmed,Sample Business Label da14b70a
SO0000376,HT-2026-00376,10046,Sample Business Label cbaba12e,U00-000159,Beidou Vehicle Telematics Terminal System,12,2026-03-10,2026-03-30,12,2026-03-28,Confirmed,Sample Business Label dca7c71f
SO0000377,HT-2026-00377,10049,Sample Business Label c023b592,U00-000159,Beidou Vehicle Telematics Terminal System,22,2026-03-22,2026-05-13,22,2026-05-08,Confirmed,Sample Business Label 8093f2d9
SO0000378,HT-2026-00378,10052,Sample Business Label 02a62d16,U00-000159,Beidou Vehicle Telematics Terminal System,18,2026-06-09,2026-07-05,17,2026-06-27,Confirmed,Sample Business Label da14b70a
SO0000379,HT-2026-00379,10055,Sample Business Label d6ad6dcb,U00-000159,Beidou Vehicle Telematics Terminal System,34,2026-06-12,2026-06-28,33,2026-06-26,Confirmed,Sample Business Label dca7c71f
SO0000380,HT-2026-00380,10058,Sample Business Label 8d9a7569,U00-000160,Beidou Vehicle Telematics Terminal System,42,2026-03-13,2026-04-21,42,2026-04-17,Confirmed,Sample Business Label 8093f2d9
SO0000381,HT-2026-00381,10061,Sample Business Label 5fec3637,U00-000160,Beidou Vehicle Telematics Terminal System,45,2026-05-12,2026-07-01,45,2026-06-24,Confirmed,Sample Business Label da14b70a
SO0000382,HT-2026-00382,10064,Sample Business Label 8de24d68,U00-000160,Beidou Vehicle Telematics Terminal System,22,2026-03-07,2026-04-16,18,2026-04-07,Confirmed,Sample Business Label dca7c71f
SO0000383,HT-2026-00383,10067,Sample Business Label b2d7cf3d,U00-000160,Beidou Vehicle Telematics Terminal System,25,2026-04-20,2026-05-16,25,2026-05-14,Confirmed,Sample Business Label 8093f2d9
SO0000384,HT-2026-00384,10070,Sample Business Label f6e8209f,U00-000160,Beidou Vehicle Telematics Terminal System,41,2026-06-18,2026-08-14,38,2026-08-12,Confirmed,Sample Business Label da14b70a
SO0000385,HT-2026-00385,10073,Sample Business Label 1ff215b5,U00-000160,Beidou Vehicle Telematics Terminal System,14,2026-03-29,2026-05-04,14,2026-04-28,Confirmed,Sample Business Label dca7c71f
SO0000386,HT-2026-00386,10076,Sample Business Label 28597042,U00-000160,Beidou Vehicle Telematics Terminal System,11,2026-05-23,2026-06-13,11,2026-06-13,Confirmed,Sample Business Label 8093f2d9
SO0000387,HT-2026-00387,10079,Sample Business Label 2e7d0ed1,U00-000160,Beidou Vehicle Telematics Terminal System,32,2026-05-12,2026-06-13,32,2026-06-08,Confirmed,Sample Business Label da14b70a
SO0000388,HT-2026-00388,10082,Sample Business Label 7195797b,U00-000160,Beidou Vehicle Telematics Terminal System,28,2026-05-24,2026-07-04,28,2026-06-29,Confirmed,Sample Business Label dca7c71f
SO0000389,HT-2026-00389,10085,Sample Business Label c5e50421,U00-000160,Beidou Vehicle Telematics Terminal System,8,2026-03-20,2026-04-27,5,2026-04-18,Confirmed,Sample Business Label 8093f2d9
SO0000390,HT-2026-00390,10088,Sample Business Label 4c53a90c,U00-000160,Beidou Vehicle Telematics Terminal System,35,2026-03-08,2026-03-30,35,2026-03-30,Confirmed,Sample Business Label da14b70a
SO0000391,HT-2026-00391,10091,Sample Business Label dfdc27d1,U00-000160,Beidou Vehicle Telematics Terminal System,9,2026-06-13,2026-07-30,9,2026-07-27,Confirmed,Sample Business Label dca7c71f
SO0000392,HT-2026-00392,10094,Sample Business Label ec8f70d3,U00-000160,Beidou Vehicle Telematics Terminal System,38,2026-05-13,2026-06-05,38,2026-05-30,Confirmed,Sample Business Label 8093f2d9
SO0000393,HT-2026-00393,10097,Sample Business Label 85726bbf,U00-000160,Beidou Vehicle Telematics Terminal System,18,2026-03-01,2026-04-21,16,2026-04-21,Confirmed,Sample Business Label da14b70a
SO0000394,HT-2026-00394,10100,Sample Business Label dc299d1e,U00-000160,Beidou Vehicle Telematics Terminal System,46,2026-05-15,2026-06-12,46,2026-06-10,Confirmed,Sample Business Label dca7c71f
SO0000395,HT-2026-00395,10103,Sample Business Label 87fd5450,U00-000160,Beidou Vehicle Telematics Terminal System,6,2026-05-25,2026-06-29,6,2026-06-21,Confirmed,Sample Business Label 8093f2d9
SO0000396,HT-2026-00396,10106,Sample Business Label 4f25f3ee,U00-000160,Beidou Vehicle Telematics Terminal System,29,2026-05-21,2026-07-03,29,2026-06-27,Confirmed,Sample Business Label da14b70a
SO0000397,HT-2026-00397,10109,Sample Business Label c6885caf,U00-000160,Beidou Vehicle Telematics Terminal System,39,2026-03-28,2026-05-07,39,2026-04-28,Confirmed,Sample Business Label dca7c71f
SO0000398,HT-2026-00398,10112,Sample Business Label 3013bff3,U00-000160,Beidou Vehicle Telematics Terminal System,22,2026-03-26,2026-04-16,19,2026-04-08,Confirmed,Sample Business Label 8093f2d9
SO0000399,HT-2026-00399,10115,Sample Business Label 54604af8,U00-000160,Beidou Vehicle Telematics Terminal System,50,2026-04-10,2026-05-26,50,2026-05-24,Confirmed,Sample Business Label da14b70a
SO0000400,HT-2026-00400,10118,Sample Business Label 5cf43b91,U00-000161,Beidou Vehicle Telematics Terminal System,20,2026-03-30,2026-05-26,20,2026-05-23,Confirmed,Sample Business Label dca7c71f
SO0000401,HT-2026-00401,10121,Sample Business Label baf4d703,U00-000161,Beidou Vehicle Telematics Terminal System,39,2026-03-08,2026-04-01,39,2026-03-26,Confirmed,Sample Business Label 8093f2d9
SO0000402,HT-2026-00402,10124,Sample Business Label d8d646d4,U00-000161,Beidou Vehicle Telematics Terminal System,12,2026-05-06,2026-05-26,12,2026-05-22,Confirmed,Sample Business Label da14b70a
SO0000403,HT-2026-00403,10127,Sample Business Label 89641285,U00-000161,Beidou Vehicle Telematics Terminal System,24,2026-03-21,2026-04-27,21,2026-04-25,Confirmed,Sample Business Label dca7c71f
SO0000404,HT-2026-00404,10130,Sample Business Label d10e43e2,U00-000161,Beidou Vehicle Telematics Terminal System,4,2026-04-18,2026-05-15,0,,Sample Business Label 1f425b6b,Sample Business Label 8093f2d9
SO0000405,HT-2026-00405,10133,Sample Business Label b6718395,U00-000161,Beidou Vehicle Telematics Terminal System,19,2026-04-21,2026-06-05,19,2026-06-01,Confirmed,Sample Business Label da14b70a
SO0000406,HT-2026-00406,10136,Sample Business Label 9dbff699,U00-000161,Beidou Vehicle Telematics Terminal System,13,2026-03-23,2026-04-26,13,2026-04-17,Confirmed,Sample Business Label dca7c71f
SO0000407,HT-2026-00407,10139,Sample Business Label 0763e5ee,U00-000161,Beidou Vehicle Telematics Terminal System,1,2026-06-21,2026-07-20,1,2026-07-11,Confirmed,Sample Business Label 8093f2d9
SO0000408,HT-2026-00408,10142,Sample Business Label c0431b9f,U00-000161,Beidou Vehicle Telematics Terminal System,8,2026-03-13,2026-04-11,8,2026-04-03,Confirmed,Sample Business Label da14b70a
SO0000409,HT-2026-00409,10145,Sample Business Label f2a5c558,U00-000161,Beidou Vehicle Telematics Terminal System,10,2026-03-11,2026-05-07,10,2026-05-05,Confirmed,Sample Business Label dca7c71f
SO0000410,HT-2026-00410,10148,Sample Business Label 1ed85681,U00-000161,Beidou Vehicle Telematics Terminal System,4,2026-04-12,2026-04-29,4,2026-04-21,Confirmed,Sample Business Label 8093f2d9
SO0000411,HT-2026-00411,10151,Sample Business Label 543a7134,U00-000161,Beidou Vehicle Telematics Terminal System,23,2026-06-20,2026-07-13,23,2026-07-08,Confirmed,Sample Business Label da14b70a
SO0000412,HT-2026-00412,10154,Sample Business Label 74169e2b,U00-000161,Beidou Vehicle Telematics Terminal System,23,2026-03-28,2026-05-13,23,2026-05-08,Confirmed,Sample Business Label dca7c71f
SO0000413,HT-2026-00413,10157,Sample Business Label f5bb9b11,U00-000161,Beidou Vehicle Telematics Terminal System,23,2026-04-25,2026-05-15,23,2026-05-12,Confirmed,Sample Business Label 8093f2d9
SO0000414,HT-2026-00414,10160,Sample Business Label 2635cac5,U00-000161,Beidou Vehicle Telematics Terminal System,25,2026-05-07,2026-05-24,25,2026-05-24,Confirmed,Sample Business Label da14b70a
SO0000415,HT-2026-00415,10163,Sample Business Label 0a0bea3e,U00-000161,Beidou Vehicle Telematics Terminal System,3,2026-05-04,2026-06-14,3,2026-06-08,Confirmed,Sample Business Label dca7c71f
SO0000416,HT-2026-00416,10166,Sample Business Label eed58a9c,U00-000161,Beidou Vehicle Telematics Terminal System,31,2026-06-20,2026-07-26,29,2026-07-19,Confirmed,Sample Business Label 8093f2d9
SO0000417,HT-2026-00417,10169,Sample Business Label 4c7d5b1e,U00-000161,Beidou Vehicle Telematics Terminal System,33,2026-06-10,2026-07-04,33,2026-06-30,Confirmed,Sample Business Label da14b70a
SO0000418,HT-2026-00418,10172,Sample Business Label 3893f893,U00-000161,Beidou Vehicle Telematics Terminal System,29,2026-03-10,2026-04-23,29,2026-04-14,Confirmed,Sample Business Label dca7c71f
SO0000419,HT-2026-00419,10175,Sample Business Label 0f0e591f,U00-000161,Beidou Vehicle Telematics Terminal System,35,2026-04-11,2026-05-19,33,2026-05-15,Confirmed,Sample Business Label 8093f2d9
SO0000420,HT-2026-00420,10178,Sample Business Label 9ae2fe59,U00-000170,Beidou Vehicle Telematics Terminal System,1,2026-04-15,2026-05-19,0,,Sample Business Label 1f425b6b,Sample Business Label da14b70a
SO0000421,HT-2026-00421,10001,Sample Business Label ad6a7310,U00-000170,Beidou Vehicle Telematics Terminal System,41,2026-03-07,2026-05-02,41,2026-04-23,Confirmed,Sample Business Label dca7c71f
SO0000422,HT-2026-00422,10004,Sample Business Label 9ade495d,U00-000170,Beidou Vehicle Telematics Terminal System,28,2026-05-27,2026-06-10,28,2026-06-07,Confirmed,Sample Business Label 8093f2d9
SO0000423,HT-2026-00423,10007,Sample Business Label 1c37be0a,U00-000170,Beidou Vehicle Telematics Terminal System,12,2026-03-10,2026-05-03,12,2026-04-25,Confirmed,Sample Business Label da14b70a
SO0000424,HT-2026-00424,10010,Sample Business Label 0927c808,U00-000170,Beidou Vehicle Telematics Terminal System,40,2026-04-02,2026-05-10,40,2026-05-05,Confirmed,Sample Business Label dca7c71f
SO0000425,HT-2026-00425,10013,Sample Business Label 8041c5b9,U00-000170,Beidou Vehicle Telematics Terminal System,25,2026-05-07,2026-06-28,21,2026-06-19,Confirmed,Sample Business Label 8093f2d9
SO0000426,HT-2026-00426,10016,Sample Business Label 8923480f,U00-000170,Beidou Vehicle Telematics Terminal System,28,2026-03-10,2026-04-13,28,2026-04-13,Confirmed,Sample Business Label da14b70a
SO0000427,HT-2026-00427,10019,Sample Business Label 666ec7a8,U00-000170,Beidou Vehicle Telematics Terminal System,46,2026-04-01,2026-04-26,46,2026-04-25,Confirmed,Sample Business Label dca7c71f
SO0000428,HT-2026-00428,10022,Sample Business Label c5f17184,U00-000170,Beidou Vehicle Telematics Terminal System,5,2026-04-09,2026-05-25,5,2026-05-25,Confirmed,Sample Business Label 8093f2d9
SO0000429,HT-2026-00429,10025,Sample Business Label a7eb610f,U00-000170,Beidou Vehicle Telematics Terminal System,20,2026-04-17,2026-05-01,20,2026-04-23,Confirmed,Sample Business Label da14b70a
SO0000430,HT-2026-00430,10028,Sample Business Label d203f74f,U00-000170,Beidou Vehicle Telematics Terminal System,6,2026-04-02,2026-05-05,3,2026-04-30,Confirmed,Sample Business Label dca7c71f
SO0000431,HT-2026-00431,10031,Sample Business Label 76e7ccfd,U00-000170,Beidou Vehicle Telematics Terminal System,50,2026-04-04,2026-05-31,50,2026-05-25,Confirmed,Sample Business Label 8093f2d9
SO0000432,HT-2026-00432,10034,Sample Business Label 24b4bfb0,U00-000170,Beidou Vehicle Telematics Terminal System,7,2026-03-16,2026-05-08,7,2026-05-04,Confirmed,Sample Business Label da14b70a
SO0000433,HT-2026-00433,10037,Sample Business Label 8cd69822,U00-000170,Beidou Vehicle Telematics Terminal System,35,2026-03-05,2026-04-13,34,2026-04-04,Confirmed,Sample Business Label dca7c71f
SO0000434,HT-2026-00434,10040,Sample Business Label 2e030d14,U00-000170,Beidou Vehicle Telematics Terminal System,17,2026-06-05,2026-07-19,17,2026-07-13,Confirmed,Sample Business Label 8093f2d9
SO0000435,HT-2026-00435,10043,Sample Business Label fb705a91,U00-000170,Beidou Vehicle Telematics Terminal System,48,2026-06-24,2026-08-12,45,2026-08-08,Confirmed,Sample Business Label da14b70a
SO0000436,HT-2026-00436,10046,Sample Business Label cbaba12e,U00-000170,Beidou Vehicle Telematics Terminal System,32,2026-04-14,2026-05-26,32,2026-05-17,Confirmed,Sample Business Label dca7c71f
SO0000437,HT-2026-00437,10049,Sample Business Label c023b592,U00-000170,Beidou Vehicle Telematics Terminal System,36,2026-06-28,2026-07-15,36,2026-07-14,Confirmed,Sample Business Label 8093f2d9
SO0000438,HT-2026-00438,10052,Sample Business Label 02a62d16,U00-000170,Beidou Vehicle Telematics Terminal System,43,2026-05-25,2026-06-14,39,2026-06-08,Confirmed,Sample Business Label da14b70a
SO0000439,HT-2026-00439,10055,Sample Business Label d6ad6dcb,U00-000170,Beidou Vehicle Telematics Terminal System,34,2026-03-05,2026-04-07,34,2026-03-31,Confirmed,Sample Business Label dca7c71f
SO0000440,HT-2026-00440,10058,Sample Business Label 8d9a7569,P69-000060,Sample Business Label 713c8bb9,1,2026-05-15,2026-06-07,1,2026-05-30,Confirmed,Sample Business Label 8093f2d9
SO0000441,HT-2026-00441,10061,Sample Business Label 5fec3637,P69-000060,Sample Business Label 713c8bb9,41,2026-05-02,2026-05-29,40,2026-05-24,Confirmed,Sample Business Label da14b70a
SO0000442,HT-2026-00442,10064,Sample Business Label 8de24d68,P69-000060,Sample Business Label 713c8bb9,8,2026-04-14,2026-05-07,8,2026-04-29,Confirmed,Sample Business Label dca7c71f
SO0000443,HT-2026-00443,10067,Sample Business Label b2d7cf3d,P69-000060,Sample Business Label 713c8bb9,26,2026-06-03,2026-07-15,26,2026-07-06,Confirmed,Sample Business Label 8093f2d9
SO0000444,HT-2026-00444,10070,Sample Business Label f6e8209f,P69-000060,Sample Business Label 713c8bb9,35,2026-06-15,2026-07-07,35,2026-06-28,Confirmed,Sample Business Label da14b70a
SO0000445,HT-2026-00445,10073,Sample Business Label 1ff215b5,P69-000060,Sample Business Label 713c8bb9,23,2026-06-14,2026-07-25,23,2026-07-18,Confirmed,Sample Business Label dca7c71f
SO0000446,HT-2026-00446,10076,Sample Business Label 28597042,P69-000060,Sample Business Label 713c8bb9,26,2026-04-06,2026-05-23,26,2026-05-14,Confirmed,Sample Business Label 8093f2d9
SO0000447,HT-2026-00447,10079,Sample Business Label 2e7d0ed1,P69-000060,Sample Business Label 713c8bb9,18,2026-04-04,2026-05-01,18,2026-04-28,Confirmed,Sample Business Label da14b70a
SO0000448,HT-2026-00448,10082,Sample Business Label 7195797b,P69-000060,Sample Business Label 713c8bb9,13,2026-06-18,2026-07-20,13,2026-07-20,Confirmed,Sample Business Label dca7c71f
SO0000449,HT-2026-00449,10085,Sample Business Label c5e50421,P69-000060,Sample Business Label 713c8bb9,18,2026-03-17,2026-04-25,18,2026-04-17,Confirmed,Sample Business Label 8093f2d9
SO0000450,HT-2026-00450,10088,Sample Business Label 4c53a90c,P69-000060,Sample Business Label 713c8bb9,20,2026-03-15,2026-05-03,16,2026-04-24,Confirmed,Sample Business Label da14b70a
SO0000451,HT-2026-00451,10091,Sample Business Label dfdc27d1,P69-000060,Sample Business Label 713c8bb9,17,2026-04-08,2026-05-31,17,2026-05-26,Confirmed,Sample Business Label dca7c71f
SO0000452,HT-2026-00452,10094,Sample Business Label ec8f70d3,P69-000060,Sample Business Label 713c8bb9,20,2026-06-21,2026-07-20,20,2026-07-20,Confirmed,Sample Business Label 8093f2d9
SO0000453,HT-2026-00453,10097,Sample Business Label 85726bbf,P69-000060,Sample Business Label 713c8bb9,35,2026-06-09,2026-06-30,35,2026-06-27,Confirmed,Sample Business Label da14b70a
SO0000454,HT-2026-00454,10100,Sample Business Label dc299d1e,P69-000060,Sample Business Label 713c8bb9,31,2026-05-08,2026-06-09,31,2026-06-03,Confirmed,Sample Business Label dca7c71f
SO0000455,HT-2026-00455,10103,Sample Business Label 87fd5450,P69-000060,Sample Business Label 713c8bb9,31,2026-03-27,2026-05-15,31,2026-05-06,Confirmed,Sample Business Label 8093f2d9
SO0000456,HT-2026-00456,10106,Sample Business Label 4f25f3ee,P69-000060,Sample Business Label 713c8bb9,14,2026-05-20,2026-07-06,14,2026-06-30,Confirmed,Sample Business Label da14b70a
SO0000457,HT-2026-00457,10109,Sample Business Label c6885caf,P69-000060,Sample Business Label 713c8bb9,10,2026-06-23,2026-08-19,10,2026-08-10,Confirmed,Sample Business Label dca7c71f
SO0000458,HT-2026-00458,10112,Sample Business Label 3013bff3,P69-000060,Sample Business Label 713c8bb9,12,2026-03-09,2026-05-03,12,2026-05-02,Confirmed,Sample Business Label 8093f2d9
SO0000459,HT-2026-00459,10115,Sample Business Label 54604af8,P69-000060,Sample Business Label 713c8bb9,23,2026-04-13,2026-05-28,23,2026-05-28,Confirmed,Sample Business Label da14b70a
SO0000460,HT-2026-00460,10118,Sample Business Label 5cf43b91,P61-000328,Sample Business Label 8a608f8b,41,2026-04-11,2026-06-06,39,2026-05-30,Confirmed,Sample Business Label dca7c71f
SO0000461,HT-2026-00461,10121,Sample Business Label baf4d703,P61-000328,Sample Business Label 8a608f8b,40,2026-03-06,2026-03-24,40,2026-03-23,Confirmed,Sample Business Label 8093f2d9
SO0000462,HT-2026-00462,10124,Sample Business Label d8d646d4,P61-000328,Sample Business Label 8a608f8b,3,2026-05-31,2026-06-16,3,2026-06-10,Confirmed,Sample Business Label da14b70a
SO0000463,HT-2026-00463,10127,Sample Business Label 89641285,P61-000328,Sample Business Label 8a608f8b,7,2026-05-24,2026-06-21,7,2026-06-15,Confirmed,Sample Business Label dca7c71f
SO0000464,HT-2026-00464,10130,Sample Business Label d10e43e2,P61-000328,Sample Business Label 8a608f8b,21,2026-06-01,2026-07-20,17,2026-07-14,Confirmed,Sample Business Label 8093f2d9
SO0000465,HT-2026-00465,10133,Sample Business Label b6718395,P61-000328,Sample Business Label 8a608f8b,49,2026-06-28,2026-08-14,49,2026-08-13,Confirmed,Sample Business Label da14b70a
SO0000466,HT-2026-00466,10136,Sample Business Label 9dbff699,P61-000328,Sample Business Label 8a608f8b,18,2026-04-24,2026-06-19,18,2026-06-19,Confirmed,Sample Business Label dca7c71f
SO0000467,HT-2026-00467,10139,Sample Business Label 0763e5ee,P61-000328,Sample Business Label 8a608f8b,37,2026-03-30,2026-05-01,36,2026-04-29,Confirmed,Sample Business Label 8093f2d9
SO0000468,HT-2026-00468,10142,Sample Business Label c0431b9f,P61-000328,Sample Business Label 8a608f8b,31,2026-05-08,2026-07-02,31,2026-06-30,Confirmed,Sample Business Label da14b70a
SO0000469,HT-2026-00469,10145,Sample Business Label f2a5c558,P61-000328,Sample Business Label 8a608f8b,3,2026-04-19,2026-06-05,3,2026-05-30,Confirmed,Sample Business Label dca7c71f
SO0000470,HT-2026-00470,10148,Sample Business Label 1ed85681,P61-000328,Sample Business Label 8a608f8b,41,2026-04-17,2026-06-12,39,2026-06-03,Confirmed,Sample Business Label 8093f2d9
SO0000471,HT-2026-00471,10151,Sample Business Label 543a7134,P61-000328,Sample Business Label 8a608f8b,29,2026-03-28,2026-04-21,25,2026-04-13,Confirmed,Sample Business Label da14b70a
SO0000472,HT-2026-00472,10154,Sample Business Label 74169e2b,P61-000328,Sample Business Label 8a608f8b,28,2026-06-02,2026-07-20,28,2026-07-14,Confirmed,Sample Business Label dca7c71f
SO0000473,HT-2026-00473,10157,Sample Business Label f5bb9b11,P61-000328,Sample Business Label 8a608f8b,22,2026-05-07,2026-06-05,22,2026-05-31,Confirmed,Sample Business Label 8093f2d9
SO0000474,HT-2026-00474,10160,Sample Business Label 2635cac5,P61-000328,Sample Business Label 8a608f8b,50,2026-04-09,2026-05-23,50,2026-05-22,Confirmed,Sample Business Label da14b70a
SO0000475,HT-2026-00475,10163,Sample Business Label 0a0bea3e,P61-000328,Sample Business Label 8a608f8b,9,2026-06-11,2026-06-30,9,2026-06-30,Confirmed,Sample Business Label dca7c71f
SO0000476,HT-2026-00476,10166,Sample Business Label eed58a9c,P61-000328,Sample Business Label 8a608f8b,5,2026-04-24,2026-06-01,5,2026-05-29,Confirmed,Sample Business Label 8093f2d9
SO0000477,HT-2026-00477,10169,Sample Business Label 4c7d5b1e,P61-000328,Sample Business Label 8a608f8b,13,2026-03-10,2026-03-26,10,2026-03-26,Confirmed,Sample Business Label da14b70a
SO0000478,HT-2026-00478,10172,Sample Business Label 3893f893,P61-000328,Sample Business Label 8a608f8b,3,2026-03-30,2026-05-06,3,2026-04-29,Confirmed,Sample Business Label dca7c71f
SO0000479,HT-2026-00479,10175,Sample Business Label 0f0e591f,P61-000328,Sample Business Label 8a608f8b,49,2026-04-01,2026-05-07,49,2026-04-28,Confirmed,Sample Business Label 8093f2d9
SO0000480,HT-2026-00480,10178,Sample Business Label 9ae2fe59,P61-000331,Sample Business Label 8a608f8b,14,2026-03-16,2026-05-04,14,2026-04-29,Confirmed,Sample Business Label da14b70a
SO0000481,HT-2026-00481,10001,Sample Business Label ad6a7310,P61-000351,Sample Business Label 8a608f8b,25,2026-04-09,2026-06-02,25,2026-06-01,Confirmed,Sample Business Label dca7c71f
SO0000482,HT-2026-00482,10004,Sample Business Label 9ade495d,P61-000351,Sample Business Label 8a608f8b,31,2026-06-16,2026-07-25,31,2026-07-20,Confirmed,Sample Business Label 8093f2d9
SO0000483,HT-2026-00483,10007,Sample Business Label 1c37be0a,P61-000351,Sample Business Label 8a608f8b,18,2026-06-14,2026-07-17,18,2026-07-15,Confirmed,Sample Business Label da14b70a
SO0000484,HT-2026-00484,10010,Sample Business Label 0927c808,P61-000351,Sample Business Label 8a608f8b,36,2026-03-29,2026-04-20,32,2026-04-12,Confirmed,Sample Business Label dca7c71f
SO0000485,HT-2026-00485,10013,Sample Business Label 8041c5b9,P61-000351,Sample Business Label 8a608f8b,12,2026-04-25,2026-05-24,12,2026-05-24,Confirmed,Sample Business Label 8093f2d9
SO0000486,HT-2026-00486,10016,Sample Business Label 8923480f,P61-000351,Sample Business Label 8a608f8b,11,2026-06-05,2026-06-27,11,2026-06-21,Confirmed,Sample Business Label da14b70a
SO0000487,HT-2026-00487,10019,Sample Business Label 666ec7a8,P61-000351,Sample Business Label 8a608f8b,6,2026-03-06,2026-04-22,6,2026-04-22,Confirmed,Sample Business Label dca7c71f
SO0000488,HT-2026-00488,10022,Sample Business Label c5f17184,P61-000351,Sample Business Label 8a608f8b,46,2026-04-26,2026-05-31,42,2026-05-24,Confirmed,Sample Business Label 8093f2d9
SO0000489,HT-2026-00489,10025,Sample Business Label a7eb610f,P61-000351,Sample Business Label 8a608f8b,23,2026-04-16,2026-06-03,23,2026-05-27,Confirmed,Sample Business Label da14b70a
SO0000490,HT-2026-00490,10028,Sample Business Label d203f74f,P61-000351,Sample Business Label 8a608f8b,18,2026-06-11,2026-08-08,17,2026-07-31,Confirmed,Sample Business Label dca7c71f
SO0000491,HT-2026-00491,10031,Sample Business Label 76e7ccfd,P61-000351,Sample Business Label 8a608f8b,49,2026-04-21,2026-05-24,49,2026-05-16,Confirmed,Sample Business Label 8093f2d9
SO0000492,HT-2026-00492,10034,Sample Business Label 24b4bfb0,P61-000351,Sample Business Label 8a608f8b,34,2026-05-05,2026-06-29,31,2026-06-27,Confirmed,Sample Business Label da14b70a
SO0000493,HT-2026-00493,10037,Sample Business Label 8cd69822,P61-000351,Sample Business Label 8a608f8b,30,2026-05-20,2026-07-17,30,2026-07-10,Confirmed,Sample Business Label dca7c71f
SO0000494,HT-2026-00494,10040,Sample Business Label 2e030d14,P61-000351,Sample Business Label 8a608f8b,6,2026-04-03,2026-05-25,6,2026-05-21,Confirmed,Sample Business Label 8093f2d9
SO0000495,HT-2026-00495,10043,Sample Business Label fb705a91,P61-000351,Sample Business Label 8a608f8b,2,2026-06-08,2026-06-30,2,2026-06-25,Confirmed,Sample Business Label da14b70a
SO0000496,HT-2026-00496,10046,Sample Business Label cbaba12e,P61-000351,Sample Business Label 8a608f8b,37,2026-05-03,2026-06-11,37,2026-06-08,Confirmed,Sample Business Label dca7c71f
SO0000497,HT-2026-00497,10049,Sample Business Label c023b592,P61-000351,Sample Business Label 8a608f8b,49,2026-03-07,2026-04-19,49,2026-04-16,Confirmed,Sample Business Label 8093f2d9
SO0000498,HT-2026-00498,10052,Sample Business Label 02a62d16,P61-000351,Sample Business Label 8a608f8b,32,2026-04-28,2026-06-21,32,2026-06-16,Confirmed,Sample Business Label da14b70a
SO0000499,HT-2026-00499,10055,Sample Business Label d6ad6dcb,P61-000351,Sample Business Label 8a608f8b,31,2026-03-21,2026-05-13,31,2026-05-13,Confirmed,Sample Business Label dca7c71f
SO0000500,HT-2026-00500,10058,Sample Business Label 8d9a7569,P61-000351,Sample Business Label 8a608f8b,34,2026-05-17,2026-06-05,34,2026-06-02,Confirmed,Sample Business Label 8093f2d9
SO0000501,HT-2026-00501,10061,Sample Business Label 5fec3637,382-000005,Beidou Agricultural Navigation Controller,45,2026-03-11,2026-03-31,45,2026-03-25,Confirmed,Sample Business Label da14b70a
SO0000502,HT-2026-00502,10064,Sample Business Label 8de24d68,382-000005,Beidou Agricultural Navigation Controller,10,2026-06-06,2026-06-21,6,2026-06-13,Confirmed,Sample Business Label dca7c71f
SO0000503,HT-2026-00503,10067,Sample Business Label b2d7cf3d,382-000005,Beidou Agricultural Navigation Controller,41,2026-05-12,2026-06-17,41,2026-06-11,Confirmed,Sample Business Label 8093f2d9
SO0000504,HT-2026-00504,10070,Sample Business Label f6e8209f,382-000005,Beidou Agricultural Navigation Controller,2,2026-03-12,2026-04-07,2,2026-03-31,Confirmed,Sample Business Label da14b70a
SO0000505,HT-2026-00505,10073,Sample Business Label 1ff215b5,382-000005,Beidou Agricultural Navigation Controller,23,2026-05-08,2026-06-26,23,2026-06-18,Confirmed,Sample Business Label dca7c71f
SO0000506,HT-2026-00506,10076,Sample Business Label 28597042,382-000005,Beidou Agricultural Navigation Controller,3,2026-04-08,2026-06-02,1,2026-05-24,Confirmed,Sample Business Label 8093f2d9
SO0000507,HT-2026-00507,10079,Sample Business Label 2e7d0ed1,382-000005,Beidou Agricultural Navigation Controller,10,2026-04-01,2026-05-23,10,2026-05-18,Confirmed,Sample Business Label da14b70a
SO0000508,HT-2026-00508,10082,Sample Business Label 7195797b,382-000005,Beidou Agricultural Navigation Controller,48,2026-06-03,2026-06-25,48,2026-06-25,Confirmed,Sample Business Label dca7c71f
SO0000509,HT-2026-00509,10085,Sample Business Label c5e50421,382-000005,Beidou Agricultural Navigation Controller,50,2026-03-03,2026-03-25,50,2026-03-17,Confirmed,Sample Business Label 8093f2d9
SO0000510,HT-2026-00510,10088,Sample Business Label 4c53a90c,382-000005,Beidou Agricultural Navigation Controller,2,2026-04-02,2026-04-19,2,2026-04-12,Confirmed,Sample Business Label da14b70a
SO0000511,HT-2026-00511,10091,Sample Business Label dfdc27d1,382-000005,Beidou Agricultural Navigation Controller,46,2026-04-07,2026-05-30,46,2026-05-21,Confirmed,Sample Business Label dca7c71f
SO0000512,HT-2026-00512,10094,Sample Business Label ec8f70d3,382-000005,Beidou Agricultural Navigation Controller,48,2026-03-24,2026-04-26,48,2026-04-20,Confirmed,Sample Business Label 8093f2d9
SO0000513,HT-2026-00513,10097,Sample Business Label 85726bbf,382-000005,Beidou Agricultural Navigation Controller,13,2026-03-02,2026-04-12,13,2026-04-09,Confirmed,Sample Business Label da14b70a
SO0000514,HT-2026-00514,10100,Sample Business Label dc299d1e,382-000005,Beidou Agricultural Navigation Controller,41,2026-05-10,2026-06-26,41,2026-06-26,Confirmed,Sample Business Label dca7c71f
SO0000515,HT-2026-00515,10103,Sample Business Label 87fd5450,382-000005,Beidou Agricultural Navigation Controller,42,2026-06-08,2026-06-22,42,2026-06-22,Confirmed,Sample Business Label 8093f2d9
SO0000516,HT-2026-00516,10106,Sample Business Label 4f25f3ee,382-000005,Beidou Agricultural Navigation Controller,34,2026-03-09,2026-04-10,34,2026-04-07,Confirmed,Sample Business Label da14b70a
SO0000517,HT-2026-00517,10109,Sample Business Label c6885caf,382-000005,Beidou Agricultural Navigation Controller,37,2026-06-09,2026-06-23,35,2026-06-20,Confirmed,Sample Business Label dca7c71f
SO0000518,HT-2026-00518,10112,Sample Business Label 3013bff3,382-000005,Beidou Agricultural Navigation Controller,41,2026-05-12,2026-06-02,41,2026-05-28,Confirmed,Sample Business Label 8093f2d9
SO0000519,HT-2026-00519,10115,Sample Business Label 54604af8,382-000005,Beidou Agricultural Navigation Controller,1,2026-04-03,2026-05-14,1,2026-05-07,Confirmed,Sample Business Label da14b70a
SO0000520,HT-2026-00520,10118,Sample Business Label 5cf43b91,382-000005,Beidou Agricultural Navigation Controller,47,2026-06-21,2026-08-16,47,2026-08-10,Confirmed,Sample Business Label dca7c71f
SO0000521,HT-2026-00521,10121,Sample Business Label baf4d703,382-000006,Beidou Agricultural Navigation Controller,42,2026-03-04,2026-03-26,42,2026-03-18,Confirmed,Sample Business Label 8093f2d9
SO0000522,HT-2026-00522,10124,Sample Business Label d8d646d4,382-000006,Beidou Agricultural Navigation Controller,47,2026-04-03,2026-05-26,47,2026-05-17,Confirmed,Sample Business Label da14b70a
SO0000523,HT-2026-00523,10127,Sample Business Label 89641285,382-000006,Beidou Agricultural Navigation Controller,41,2026-06-25,2026-07-29,41,2026-07-21,Confirmed,Sample Business Label dca7c71f
SO0000524,HT-2026-00524,10130,Sample Business Label d10e43e2,382-000006,Beidou Agricultural Navigation Controller,4,2026-05-12,2026-06-02,4,2026-05-25,Confirmed,Sample Business Label 8093f2d9
SO0000525,HT-2026-00525,10133,Sample Business Label b6718395,382-000006,Beidou Agricultural Navigation Controller,23,2026-06-26,2026-07-15,23,2026-07-12,Confirmed,Sample Business Label da14b70a
SO0000526,HT-2026-00526,10136,Sample Business Label 9dbff699,382-000006,Beidou Agricultural Navigation Controller,25,2026-05-25,2026-07-15,25,2026-07-12,Confirmed,Sample Business Label dca7c71f
SO0000527,HT-2026-00527,10139,Sample Business Label 0763e5ee,382-000006,Beidou Agricultural Navigation Controller,43,2026-03-02,2026-03-23,39,2026-03-18,Confirmed,Sample Business Label 8093f2d9
SO0000528,HT-2026-00528,10142,Sample Business Label c0431b9f,382-000006,Beidou Agricultural Navigation Controller,40,2026-04-12,2026-05-29,40,2026-05-22,Confirmed,Sample Business Label da14b70a
SO0000529,HT-2026-00529,10145,Sample Business Label f2a5c558,382-000006,Beidou Agricultural Navigation Controller,4,2026-03-09,2026-04-23,2,2026-04-18,Confirmed,Sample Business Label dca7c71f
SO0000530,HT-2026-00530,10148,Sample Business Label 1ed85681,382-000006,Beidou Agricultural Navigation Controller,35,2026-05-25,2026-06-30,32,2026-06-29,Confirmed,Sample Business Label 8093f2d9
SO0000531,HT-2026-00531,10151,Sample Business Label 543a7134,382-000006,Beidou Agricultural Navigation Controller,32,2026-06-18,2026-07-09,32,2026-07-09,Confirmed,Sample Business Label da14b70a
SO0000532,HT-2026-00532,10154,Sample Business Label 74169e2b,382-000006,Beidou Agricultural Navigation Controller,24,2026-06-07,2026-08-03,24,2026-07-28,Confirmed,Sample Business Label dca7c71f
SO0000533,HT-2026-00533,10157,Sample Business Label f5bb9b11,382-000006,Beidou Agricultural Navigation Controller,2,2026-03-01,2026-04-02,0,,Sample Business Label 1f425b6b,Sample Business Label 8093f2d9
SO0000534,HT-2026-00534,10160,Sample Business Label 2635cac5,382-000006,Beidou Agricultural Navigation Controller,44,2026-04-29,2026-05-29,44,2026-05-27,Confirmed,Sample Business Label da14b70a
SO0000535,HT-2026-00535,10163,Sample Business Label 0a0bea3e,382-000006,Beidou Agricultural Navigation Controller,27,2026-04-29,2026-05-29,27,2026-05-26,Confirmed,Sample Business Label dca7c71f
SO0000536,HT-2026-00536,10166,Sample Business Label eed58a9c,382-000006,Beidou Agricultural Navigation Controller,24,2026-06-25,2026-08-03,24,2026-07-29,Confirmed,Sample Business Label 8093f2d9
SO0000537,HT-2026-00537,10169,Sample Business Label 4c7d5b1e,382-000006,Beidou Agricultural Navigation Controller,21,2026-04-17,2026-05-28,21,2026-05-26,Confirmed,Sample Business Label da14b70a
SO0000538,HT-2026-00538,10172,Sample Business Label 3893f893,382-000006,Beidou Agricultural Navigation Controller,4,2026-03-01,2026-03-16,2,2026-03-14,Confirmed,Sample Business Label dca7c71f
SO0000539,HT-2026-00539,10175,Sample Business Label 0f0e591f,382-000006,Beidou Agricultural Navigation Controller,47,2026-06-12,2026-08-08,47,2026-08-08,Confirmed,Sample Business Label 8093f2d9
SO0000540,HT-2026-00540,10178,Sample Business Label 9ae2fe59,382-000006,Beidou Agricultural Navigation Controller,42,2026-03-19,2026-04-02,42,2026-03-28,Confirmed,Sample Business Label da14b70a
SO0000541,HT-2026-00541,10001,Sample Business Label ad6a7310,526-000001,Beidou Agricultural Navigation Controller,43,2026-04-12,2026-05-04,39,2026-04-29,Confirmed,Sample Business Label dca7c71f
SO0000542,HT-2026-00542,10004,Sample Business Label 9ade495d,526-000001,Beidou Agricultural Navigation Controller,1,2026-05-23,2026-06-30,0,,Sample Business Label 1f425b6b,Sample Business Label 8093f2d9
SO0000543,HT-2026-00543,10007,Sample Business Label 1c37be0a,526-000001,Beidou Agricultural Navigation Controller,2,2026-04-23,2026-05-25,2,2026-05-24,Confirmed,Sample Business Label da14b70a
SO0000544,HT-2026-00544,10010,Sample Business Label 0927c808,526-000001,Beidou Agricultural Navigation Controller,1,2026-03-15,2026-04-29,0,,Sample Business Label 1f425b6b,Sample Business Label dca7c71f
SO0000545,HT-2026-00545,10013,Sample Business Label 8041c5b9,526-000001,Beidou Agricultural Navigation Controller,18,2026-03-05,2026-03-24,18,2026-03-21,Confirmed,Sample Business Label 8093f2d9
SO0000546,HT-2026-00546,10016,Sample Business Label 8923480f,526-000001,Beidou Agricultural Navigation Controller,37,2026-03-15,2026-04-20,37,2026-04-20,Confirmed,Sample Business Label da14b70a
SO0000547,HT-2026-00547,10019,Sample Business Label 666ec7a8,526-000001,Beidou Agricultural Navigation Controller,42,2026-04-28,2026-05-31,39,2026-05-22,Confirmed,Sample Business Label dca7c71f
SO0000548,HT-2026-00548,10022,Sample Business Label c5f17184,526-000001,Beidou Agricultural Navigation Controller,14,2026-06-02,2026-06-17,14,2026-06-08,Confirmed,Sample Business Label 8093f2d9
SO0000549,HT-2026-00549,10025,Sample Business Label a7eb610f,526-000001,Beidou Agricultural Navigation Controller,8,2026-05-20,2026-07-13,8,2026-07-06,Confirmed,Sample Business Label da14b70a
SO0000550,HT-2026-00550,10028,Sample Business Label d203f74f,526-000001,Beidou Agricultural Navigation Controller,47,2026-04-30,2026-05-29,47,2026-05-29,Confirmed,Sample Business Label dca7c71f
SO0000551,HT-2026-00551,10031,Sample Business Label 76e7ccfd,526-000001,Beidou Agricultural Navigation Controller,36,2026-04-26,2026-06-19,36,2026-06-13,Confirmed,Sample Business Label 8093f2d9
SO0000552,HT-2026-00552,10034,Sample Business Label 24b4bfb0,526-000001,Beidou Agricultural Navigation Controller,45,2026-05-01,2026-06-02,45,2026-05-26,Confirmed,Sample Business Label da14b70a
SO0000553,HT-2026-00553,10037,Sample Business Label 8cd69822,526-000001,Beidou Agricultural Navigation Controller,39,2026-03-06,2026-04-21,37,2026-04-13,Confirmed,Sample Business Label dca7c71f
SO0000554,HT-2026-00554,10040,Sample Business Label 2e030d14,526-000001,Beidou Agricultural Navigation Controller,3,2026-03-25,2026-04-17,3,2026-04-11,Confirmed,Sample Business Label 8093f2d9
SO0000555,HT-2026-00555,10043,Sample Business Label fb705a91,526-000001,Beidou Agricultural Navigation Controller,28,2026-05-07,2026-06-24,28,2026-06-21,Confirmed,Sample Business Label da14b70a
SO0000556,HT-2026-00556,10046,Sample Business Label cbaba12e,526-000001,Beidou Agricultural Navigation Controller,6,2026-04-23,2026-05-26,6,2026-05-19,Confirmed,Sample Business Label dca7c71f
SO0000557,HT-2026-00557,10049,Sample Business Label c023b592,526-000001,Beidou Agricultural Navigation Controller,47,2026-06-19,2026-08-10,47,2026-08-01,Confirmed,Sample Business Label 8093f2d9
SO0000558,HT-2026-00558,10052,Sample Business Label 02a62d16,526-000001,Beidou Agricultural Navigation Controller,4,2026-05-21,2026-06-27,4,2026-06-26,Confirmed,Sample Business Label da14b70a
SO0000559,HT-2026-00559,10055,Sample Business Label d6ad6dcb,526-000001,Beidou Agricultural Navigation Controller,30,2026-05-22,2026-06-05,30,2026-05-28,Confirmed,Sample Business Label dca7c71f
SO0000560,HT-2026-00560,10058,Sample Business Label 8d9a7569,526-000001,Beidou Agricultural Navigation Controller,17,2026-03-26,2026-04-21,16,2026-04-14,Confirmed,Sample Business Label 8093f2d9
SO0000561,HT-2026-00561,10061,Sample Business Label 5fec3637,526-000005,Beidou Agricultural Navigation Controller,30,2026-06-11,2026-08-02,28,2026-07-25,Confirmed,Sample Business Label da14b70a
SO0000562,HT-2026-00562,10064,Sample Business Label 8de24d68,526-000005,Beidou Agricultural Navigation Controller,7,2026-03-10,2026-04-09,3,2026-04-09,Confirmed,Sample Business Label dca7c71f
SO0000563,HT-2026-00563,10067,Sample Business Label b2d7cf3d,526-000005,Beidou Agricultural Navigation Controller,8,2026-05-30,2026-06-18,8,2026-06-12,Confirmed,Sample Business Label 8093f2d9
SO0000564,HT-2026-00564,10070,Sample Business Label f6e8209f,526-000005,Beidou Agricultural Navigation Controller,50,2026-04-07,2026-05-20,50,2026-05-12,Confirmed,Sample Business Label da14b70a
SO0000565,HT-2026-00565,10073,Sample Business Label 1ff215b5,526-000005,Beidou Agricultural Navigation Controller,41,2026-04-12,2026-04-28,41,2026-04-27,Confirmed,Sample Business Label dca7c71f
SO0000566,HT-2026-00566,10076,Sample Business Label 28597042,526-000005,Beidou Agricultural Navigation Controller,10,2026-03-14,2026-05-01,10,2026-04-29,Confirmed,Sample Business Label 8093f2d9
SO0000567,HT-2026-00567,10079,Sample Business Label 2e7d0ed1,526-000005,Beidou Agricultural Navigation Controller,35,2026-03-17,2026-04-12,32,2026-04-10,Confirmed,Sample Business Label da14b70a
SO0000568,HT-2026-00568,10082,Sample Business Label 7195797b,526-000005,Beidou Agricultural Navigation Controller,17,2026-04-07,2026-05-09,17,2026-05-02,Confirmed,Sample Business Label dca7c71f
SO0000569,HT-2026-00569,10085,Sample Business Label c5e50421,526-000005,Beidou Agricultural Navigation Controller,45,2026-05-07,2026-06-27,45,2026-06-23,Confirmed,Sample Business Label 8093f2d9
SO0000570,HT-2026-00570,10088,Sample Business Label 4c53a90c,526-000005,Beidou Agricultural Navigation Controller,33,2026-05-25,2026-06-26,33,2026-06-20,Confirmed,Sample Business Label da14b70a
SO0000571,HT-2026-00571,10091,Sample Business Label dfdc27d1,526-000005,Beidou Agricultural Navigation Controller,50,2026-06-13,2026-06-27,50,2026-06-25,Confirmed,Sample Business Label dca7c71f
SO0000572,HT-2026-00572,10094,Sample Business Label ec8f70d3,526-000005,Beidou Agricultural Navigation Controller,26,2026-03-05,2026-04-25,26,2026-04-16,Confirmed,Sample Business Label 8093f2d9
SO0000573,HT-2026-00573,10097,Sample Business Label 85726bbf,526-000005,Beidou Agricultural Navigation Controller,38,2026-03-29,2026-04-15,38,2026-04-11,Confirmed,Sample Business Label da14b70a
SO0000574,HT-2026-00574,10100,Sample Business Label dc299d1e,526-000005,Beidou Agricultural Navigation Controller,46,2026-06-24,2026-08-19,46,2026-08-12,Confirmed,Sample Business Label dca7c71f
SO0000575,HT-2026-00575,10103,Sample Business Label 87fd5450,526-000005,Beidou Agricultural Navigation Controller,12,2026-04-05,2026-04-19,12,2026-04-13,Confirmed,Sample Business Label 8093f2d9
SO0000576,HT-2026-00576,10106,Sample Business Label 4f25f3ee,526-000005,Beidou Agricultural Navigation Controller,1,2026-06-06,2026-07-18,0,,Sample Business Label 1f425b6b,Sample Business Label da14b70a
SO0000577,HT-2026-00577,10109,Sample Business Label c6885caf,526-000005,Beidou Agricultural Navigation Controller,40,2026-06-19,2026-08-05,40,2026-08-03,Confirmed,Sample Business Label dca7c71f
SO0000578,HT-2026-00578,10112,Sample Business Label 3013bff3,526-000005,Beidou Agricultural Navigation Controller,6,2026-04-02,2026-04-24,6,2026-04-22,Confirmed,Sample Business Label 8093f2d9
SO0000579,HT-2026-00579,10115,Sample Business Label 54604af8,526-000005,Beidou Agricultural Navigation Controller,50,2026-05-07,2026-06-11,50,2026-06-06,Confirmed,Sample Business Label da14b70a
SO0000580,HT-2026-00580,10118,Sample Business Label 5cf43b91,526-000005,Beidou Agricultural Navigation Controller,45,2026-05-24,2026-07-05,45,2026-07-02,Confirmed,Sample Business Label dca7c71f
SO0000581,HT-2026-00581,10121,Sample Business Label baf4d703,526-000006,Beidou Agricultural Navigation Controller,5,2026-03-07,2026-04-16,2,2026-04-11,Confirmed,Sample Business Label 8093f2d9
SO0000582,HT-2026-00582,10124,Sample Business Label d8d646d4,526-000006,Beidou Agricultural Navigation Controller,37,2026-04-22,2026-05-15,37,2026-05-12,Confirmed,Sample Business Label da14b70a
SO0000583,HT-2026-00583,10127,Sample Business Label 89641285,526-000006,Beidou Agricultural Navigation Controller,9,2026-04-20,2026-05-27,6,2026-05-20,Confirmed,Sample Business Label dca7c71f
SO0000584,HT-2026-00584,10130,Sample Business Label d10e43e2,526-000006,Beidou Agricultural Navigation Controller,11,2026-05-15,2026-06-04,11,2026-05-26,Confirmed,Sample Business Label 8093f2d9
SO0000585,HT-2026-00585,10133,Sample Business Label b6718395,526-000006,Beidou Agricultural Navigation Controller,26,2026-04-05,2026-06-01,26,2026-05-27,Confirmed,Sample Business Label da14b70a
SO0000586,HT-2026-00586,10136,Sample Business Label 9dbff699,526-000006,Beidou Agricultural Navigation Controller,40,2026-05-15,2026-05-31,36,2026-05-29,Confirmed,Sample Business Label dca7c71f
SO0000587,HT-2026-00587,10139,Sample Business Label 0763e5ee,526-000006,Beidou Agricultural Navigation Controller,49,2026-05-21,2026-07-12,49,2026-07-07,Confirmed,Sample Business Label 8093f2d9
SO0000588,HT-2026-00588,10142,Sample Business Label c0431b9f,526-000006,Beidou Agricultural Navigation Controller,22,2026-03-25,2026-05-19,22,2026-05-14,Confirmed,Sample Business Label da14b70a
SO0000589,HT-2026-00589,10145,Sample Business Label f2a5c558,526-000006,Beidou Agricultural Navigation Controller,24,2026-03-01,2026-04-04,24,2026-04-03,Confirmed,Sample Business Label dca7c71f
SO0000590,HT-2026-00590,10148,Sample Business Label 1ed85681,526-000006,Beidou Agricultural Navigation Controller,45,2026-03-14,2026-04-19,45,2026-04-15,Confirmed,Sample Business Label 8093f2d9
SO0000591,HT-2026-00591,10151,Sample Business Label 543a7134,526-000006,Beidou Agricultural Navigation Controller,12,2026-05-11,2026-06-01,12,2026-05-30,Confirmed,Sample Business Label da14b70a
SO0000592,HT-2026-00592,10154,Sample Business Label 74169e2b,526-000006,Beidou Agricultural Navigation Controller,14,2026-06-20,2026-07-27,12,2026-07-25,Confirmed,Sample Business Label dca7c71f
SO0000593,HT-2026-00593,10157,Sample Business Label f5bb9b11,526-000006,Beidou Agricultural Navigation Controller,19,2026-05-23,2026-06-19,19,2026-06-18,Confirmed,Sample Business Label 8093f2d9
SO0000594,HT-2026-00594,10160,Sample Business Label 2635cac5,526-000006,Beidou Agricultural Navigation Controller,30,2026-06-23,2026-07-08,30,2026-06-29,Confirmed,Sample Business Label da14b70a
SO0000595,HT-2026-00595,10163,Sample Business Label 0a0bea3e,526-000006,Beidou Agricultural Navigation Controller,5,2026-03-04,2026-04-17,5,2026-04-11,Confirmed,Sample Business Label dca7c71f
SO0000596,HT-2026-00596,10166,Sample Business Label eed58a9c,526-000006,Beidou Agricultural Navigation Controller,8,2026-04-06,2026-05-06,8,2026-05-03,Confirmed,Sample Business Label 8093f2d9
SO0000597,HT-2026-00597,10169,Sample Business Label 4c7d5b1e,526-000006,Beidou Agricultural Navigation Controller,9,2026-05-01,2026-05-24,7,2026-05-15,Confirmed,Sample Business Label da14b70a
SO0000598,HT-2026-00598,10172,Sample Business Label 3893f893,526-000006,Beidou Agricultural Navigation Controller,39,2026-06-16,2026-07-17,37,2026-07-14,Confirmed,Sample Business Label dca7c71f
SO0000599,HT-2026-00599,10175,Sample Business Label 0f0e591f,526-000006,Beidou Agricultural Navigation Controller,48,2026-05-16,2026-06-09,48,2026-06-09,Confirmed,Sample Business Label 8093f2d9
SO0000600,HT-2026-00600,10178,Sample Business Label 9ae2fe59,526-000006,Beidou Agricultural Navigation Controller,3,2026-05-07,2026-06-26,3,2026-06-25,Confirmed,Sample Business Label da14b70a
SO0000601,HT-2026-00601,10001,Sample Business Label ad6a7310,623-000034,408 Satellite Land Leveling System (Overseas),14,2026-03-10,2026-04-30,11,2026-04-29,Confirmed,Sample Business Label dca7c71f
SO0000602,HT-2026-00602,10004,Sample Business Label 9ade495d,623-000034,408 Satellite Land Leveling System (Overseas),13,2026-03-28,2026-05-22,13,2026-05-21,Confirmed,Sample Business Label 8093f2d9
SO0000603,HT-2026-00603,10007,Sample Business Label 1c37be0a,623-000034,408 Satellite Land Leveling System (Overseas),43,2026-05-22,2026-06-21,43,2026-06-19,Confirmed,Sample Business Label da14b70a
SO0000604,HT-2026-00604,10010,Sample Business Label 0927c808,623-000034,408 Satellite Land Leveling System (Overseas),13,2026-05-10,2026-05-26,11,2026-05-18,Confirmed,Sample Business Label dca7c71f
SO0000605,HT-2026-00605,10013,Sample Business Label 8041c5b9,623-000034,408 Satellite Land Leveling System (Overseas),29,2026-05-30,2026-06-20,29,2026-06-19,Confirmed,Sample Business Label 8093f2d9
SO0000606,HT-2026-00606,10016,Sample Business Label 8923480f,623-000034,408 Satellite Land Leveling System (Overseas),2,2026-03-20,2026-04-08,2,2026-04-02,Confirmed,Sample Business Label da14b70a
SO0000607,HT-2026-00607,10019,Sample Business Label 666ec7a8,623-000034,408 Satellite Land Leveling System (Overseas),11,2026-03-03,2026-04-02,11,2026-03-24,Confirmed,Sample Business Label dca7c71f
SO0000608,HT-2026-00608,10022,Sample Business Label c5f17184,623-000034,408 Satellite Land Leveling System (Overseas),7,2026-04-18,2026-05-12,6,2026-05-03,Confirmed,Sample Business Label 8093f2d9
SO0000609,HT-2026-00609,10025,Sample Business Label a7eb610f,623-000034,408 Satellite Land Leveling System (Overseas),7,2026-04-30,2026-06-15,7,2026-06-12,Confirmed,Sample Business Label da14b70a
SO0000610,HT-2026-00610,10028,Sample Business Label d203f74f,367-000061,Sample Business Label cb6463ca,8,2026-05-27,2026-06-19,8,2026-06-12,Confirmed,Sample Business Label dca7c71f
SO0000611,HT-2026-00611,10031,Sample Business Label 76e7ccfd,367-000061,Sample Business Label cb6463ca,16,2026-03-03,2026-03-23,16,2026-03-18,Confirmed,Sample Business Label 8093f2d9
SO0000612,HT-2026-00612,10034,Sample Business Label 24b4bfb0,367-000061,Sample Business Label cb6463ca,8,2026-06-12,2026-07-21,8,2026-07-15,Confirmed,Sample Business Label da14b70a
SO0000613,HT-2026-00613,10037,Sample Business Label 8cd69822,367-000061,Sample Business Label cb6463ca,19,2026-03-23,2026-05-18,19,2026-05-18,Confirmed,Sample Business Label dca7c71f
SO0000614,HT-2026-00614,10040,Sample Business Label 2e030d14,367-000061,Sample Business Label cb6463ca,2,2026-05-19,2026-06-07,0,,Sample Business Label 1f425b6b,Sample Business Label 8093f2d9
SO0000615,HT-2026-00615,10043,Sample Business Label fb705a91,367-000061,Sample Business Label cb6463ca,7,2026-04-24,2026-06-13,3,2026-06-11,Confirmed,Sample Business Label da14b70a
SO0000616,HT-2026-00616,10046,Sample Business Label cbaba12e,367-000061,Sample Business Label cb6463ca,38,2026-03-31,2026-04-17,38,2026-04-11,Confirmed,Sample Business Label dca7c71f
SO0000617,HT-2026-00617,10049,Sample Business Label c023b592,367-000061,Sample Business Label cb6463ca,34,2026-04-05,2026-05-14,34,2026-05-05,Confirmed,Sample Business Label 8093f2d9
SO0000618,HT-2026-00618,10052,Sample Business Label 02a62d16,367-000061,Sample Business Label cb6463ca,34,2026-05-10,2026-06-02,34,2026-06-01,Confirmed,Sample Business Label da14b70a
SO0000619,HT-2026-00619,10055,Sample Business Label d6ad6dcb,367-000061,Sample Business Label cb6463ca,50,2026-06-17,2026-07-18,50,2026-07-13,Confirmed,Sample Business Label dca7c71f
SO0000620,HT-2026-00620,10058,Sample Business Label 8d9a7569,367-000061,Sample Business Label cb6463ca,33,2026-06-03,2026-06-30,33,2026-06-22,Confirmed,Sample Business Label 8093f2d9
SO0000621,HT-2026-00621,10061,Sample Business Label 5fec3637,367-000097,Sample Business Label e8c4b42d,33,2026-05-18,2026-06-04,29,2026-05-26,Confirmed,Sample Business Label da14b70a
SO0000622,HT-2026-00622,10064,Sample Business Label 8de24d68,367-000097,Sample Business Label e8c4b42d,24,2026-05-08,2026-05-27,21,2026-05-22,Confirmed,Sample Business Label dca7c71f
SO0000623,HT-2026-00623,10067,Sample Business Label b2d7cf3d,367-000097,Sample Business Label e8c4b42d,36,2026-06-21,2026-07-22,36,2026-07-22,Confirmed,Sample Business Label 8093f2d9
SO0000624,HT-2026-00624,10070,Sample Business Label f6e8209f,367-000097,Sample Business Label e8c4b42d,47,2026-04-25,2026-06-02,47,2026-06-01,Confirmed,Sample Business Label da14b70a
SO0000625,HT-2026-00625,10073,Sample Business Label 1ff215b5,367-000097,Sample Business Label e8c4b42d,7,2026-04-04,2026-04-24,7,2026-04-19,Confirmed,Sample Business Label dca7c71f
SO0000626,HT-2026-00626,10076,Sample Business Label 28597042,367-000097,Sample Business Label e8c4b42d,5,2026-04-16,2026-05-15,5,2026-05-15,Confirmed,Sample Business Label 8093f2d9
SO0000627,HT-2026-00627,10079,Sample Business Label 2e7d0ed1,367-000097,Sample Business Label e8c4b42d,4,2026-05-06,2026-06-05,4,2026-05-29,Confirmed,Sample Business Label da14b70a
SO0000628,HT-2026-00628,10082,Sample Business Label 7195797b,367-000097,Sample Business Label e8c4b42d,23,2026-05-07,2026-05-31,19,2026-05-23,Confirmed,Sample Business Label dca7c71f
SO0000629,HT-2026-00629,10085,Sample Business Label c5e50421,367-000102,Sample Business Label e8c4b42d,22,2026-06-07,2026-07-07,22,2026-07-03,Confirmed,Sample Business Label 8093f2d9
SO0000630,HT-2026-00630,10088,Sample Business Label 4c53a90c,367-000102,Sample Business Label e8c4b42d,23,2026-04-07,2026-05-05,23,2026-04-29,Confirmed,Sample Business Label da14b70a
SO0000631,HT-2026-00631,10091,Sample Business Label dfdc27d1,367-000102,Sample Business Label e8c4b42d,15,2026-03-29,2026-05-01,15,2026-04-24,Confirmed,Sample Business Label dca7c71f
SO0000632,HT-2026-00632,10094,Sample Business Label ec8f70d3,367-000102,Sample Business Label e8c4b42d,36,2026-05-20,2026-06-25,36,2026-06-16,Confirmed,Sample Business Label 8093f2d9
SO0000633,HT-2026-00633,10097,Sample Business Label 85726bbf,367-000102,Sample Business Label e8c4b42d,34,2026-05-22,2026-06-29,34,2026-06-22,Confirmed,Sample Business Label da14b70a
SO0000634,HT-2026-00634,10100,Sample Business Label dc299d1e,367-000102,Sample Business Label e8c4b42d,25,2026-05-04,2026-05-23,25,2026-05-16,Confirmed,Sample Business Label dca7c71f
SO0000635,HT-2026-00635,10103,Sample Business Label 87fd5450,367-000102,Sample Business Label e8c4b42d,8,2026-05-11,2026-06-19,8,2026-06-19,Confirmed,Sample Business Label 8093f2d9
SO0000636,HT-2026-00636,10106,Sample Business Label 4f25f3ee,367-000102,Sample Business Label e8c4b42d,23,2026-05-15,2026-06-30,23,2026-06-22,Confirmed,Sample Business Label da14b70a
SO0000637,HT-2026-00637,10109,Sample Business Label c6885caf,367-000102,Sample Business Label e8c4b42d,20,2026-03-18,2026-05-14,19,2026-05-14,Confirmed,Sample Business Label dca7c71f
SO0000638,HT-2026-00638,10112,Sample Business Label 3013bff3,367-000102,Sample Business Label e8c4b42d,16,2026-04-11,2026-05-09,16,2026-05-02,Confirmed,Sample Business Label 8093f2d9
SO0000639,HT-2026-00639,10115,Sample Business Label 54604af8,367-000130,Sample Business Label 766526c9,1,2026-05-25,2026-06-28,1,2026-06-27,Confirmed,Sample Business Label da14b70a
SO0000640,HT-2026-00640,10118,Sample Business Label 5cf43b91,367-000130,Sample Business Label 766526c9,13,2026-03-31,2026-05-05,13,2026-04-28,Confirmed,Sample Business Label dca7c71f
SO0000641,HT-2026-00641,10121,Sample Business Label baf4d703,367-000130,Sample Business Label 766526c9,31,2026-04-07,2026-04-22,31,2026-04-21,Confirmed,Sample Business Label 8093f2d9
SO0000642,HT-2026-00642,10124,Sample Business Label d8d646d4,367-000130,Sample Business Label 766526c9,38,2026-03-22,2026-05-17,36,2026-05-14,Confirmed,Sample Business Label da14b70a
SO0000643,HT-2026-00643,10127,Sample Business Label 89641285,367-000130,Sample Business Label 766526c9,12,2026-06-19,2026-08-16,12,2026-08-15,Confirmed,Sample Business Label dca7c71f
SO0000644,HT-2026-00644,10130,Sample Business Label d10e43e2,367-000130,Sample Business Label 766526c9,3,2026-04-09,2026-05-12,1,2026-05-04,Confirmed,Sample Business Label 8093f2d9
SO0000645,HT-2026-00645,10133,Sample Business Label b6718395,367-000130,Sample Business Label 766526c9,7,2026-03-06,2026-04-28,7,2026-04-23,Confirmed,Sample Business Label da14b70a
SO0000646,HT-2026-00646,10136,Sample Business Label 9dbff699,367-000130,Sample Business Label 766526c9,12,2026-03-15,2026-04-06,12,2026-03-29,Confirmed,Sample Business Label dca7c71f
SO0000647,HT-2026-00647,10139,Sample Business Label 0763e5ee,367-000130,Sample Business Label 766526c9,44,2026-06-16,2026-07-14,43,2026-07-12,Confirmed,Sample Business Label 8093f2d9
SO0000648,HT-2026-00648,10142,Sample Business Label c0431b9f,367-000130,Sample Business Label 766526c9,36,2026-06-03,2026-07-14,35,2026-07-09,Confirmed,Sample Business Label da14b70a
SO0000649,HT-2026-00649,10145,Sample Business Label f2a5c558,367-000130,Sample Business Label 766526c9,21,2026-06-04,2026-07-16,19,2026-07-12,Confirmed,Sample Business Label dca7c71f
SO0000650,HT-2026-00650,10148,Sample Business Label 1ed85681,367-000130,Sample Business Label 766526c9,40,2026-04-07,2026-04-30,40,2026-04-24,Confirmed,Sample Business Label 8093f2d9
SO0000651,HT-2026-00651,10151,Sample Business Label 543a7134,367-000130,Sample Business Label 766526c9,23,2026-06-18,2026-07-06,23,2026-07-05,Confirmed,Sample Business Label da14b70a
SO0000652,HT-2026-00652,10154,Sample Business Label 74169e2b,367-000130,Sample Business Label 766526c9,5,2026-03-29,2026-04-22,3,2026-04-22,Confirmed,Sample Business Label dca7c71f
SO0000653,HT-2026-00653,10157,Sample Business Label f5bb9b11,367-000130,Sample Business Label 766526c9,13,2026-03-11,2026-04-28,13,2026-04-24,Confirmed,Sample Business Label 8093f2d9
SO0000654,HT-2026-00654,10160,Sample Business Label 2635cac5,367-000130,Sample Business Label 766526c9,32,2026-04-20,2026-05-05,32,2026-05-05,Confirmed,Sample Business Label da14b70a
SO0000655,HT-2026-00655,10163,Sample Business Label 0a0bea3e,367-000130,Sample Business Label 766526c9,45,2026-06-27,2026-08-10,45,2026-08-03,Confirmed,Sample Business Label dca7c71f
SO0000656,HT-2026-00656,10166,Sample Business Label eed58a9c,367-000130,Sample Business Label 766526c9,20,2026-06-16,2026-07-16,20,2026-07-14,Confirmed,Sample Business Label 8093f2d9
SO0000657,HT-2026-00657,10169,Sample Business Label 4c7d5b1e,367-000130,Sample Business Label 766526c9,36,2026-05-18,2026-06-22,34,2026-06-16,Confirmed,Sample Business Label da14b70a
SO0000658,HT-2026-00658,10172,Sample Business Label 3893f893,367-000130,Sample Business Label 766526c9,34,2026-06-02,2026-07-30,34,2026-07-26,Confirmed,Sample Business Label dca7c71f
SO0000659,HT-2026-00659,10175,Sample Business Label 0f0e591f,367-000131,Sample Business Label 766526c9,32,2026-04-14,2026-05-14,32,2026-05-11,Confirmed,Sample Business Label 8093f2d9
SO0000660,HT-2026-00660,10178,Sample Business Label 9ae2fe59,367-000131,Sample Business Label 766526c9,19,2026-06-04,2026-06-25,18,2026-06-17,Confirmed,Sample Business Label da14b70a
SO0000661,HT-2026-00661,10001,Sample Business Label ad6a7310,367-000131,Sample Business Label 766526c9,31,2026-04-01,2026-05-29,31,2026-05-27,Confirmed,Sample Business Label dca7c71f
SO0000662,HT-2026-00662,10004,Sample Business Label 9ade495d,367-000131,Sample Business Label 766526c9,43,2026-03-30,2026-04-24,43,2026-04-20,Confirmed,Sample Business Label 8093f2d9
SO0000663,HT-2026-00663,10007,Sample Business Label 1c37be0a,367-000131,Sample Business Label 766526c9,18,2026-03-14,2026-05-03,18,2026-04-24,Confirmed,Sample Business Label da14b70a
SO0000664,HT-2026-00664,10010,Sample Business Label 0927c808,367-000131,Sample Business Label 766526c9,50,2026-03-26,2026-04-11,50,2026-04-11,Confirmed,Sample Business Label dca7c71f
SO0000665,HT-2026-00665,10013,Sample Business Label 8041c5b9,367-000131,Sample Business Label 766526c9,21,2026-05-31,2026-07-01,21,2026-06-27,Confirmed,Sample Business Label 8093f2d9
SO0000666,HT-2026-00666,10016,Sample Business Label 8923480f,367-000131,Sample Business Label 766526c9,47,2026-04-26,2026-05-12,46,2026-05-12,Confirmed,Sample Business Label da14b70a
SO0000667,HT-2026-00667,10019,Sample Business Label 666ec7a8,367-000131,Sample Business Label 766526c9,29,2026-04-01,2026-05-03,29,2026-04-27,Confirmed,Sample Business Label dca7c71f
SO0000668,HT-2026-00668,10022,Sample Business Label c5f17184,367-000131,Sample Business Label 766526c9,22,2026-06-15,2026-07-23,22,2026-07-23,Confirmed,Sample Business Label 8093f2d9
SO0000669,HT-2026-00669,10025,Sample Business Label a7eb610f,367-000131,Sample Business Label 766526c9,4,2026-03-11,2026-04-05,4,2026-03-28,Confirmed,Sample Business Label da14b70a
SO0000670,HT-2026-00670,10028,Sample Business Label d203f74f,367-000131,Sample Business Label 766526c9,19,2026-05-10,2026-06-12,19,2026-06-05,Confirmed,Sample Business Label dca7c71f
SO0000671,HT-2026-00671,10031,Sample Business Label 76e7ccfd,367-000131,Sample Business Label 766526c9,3,2026-04-12,2026-05-25,3,2026-05-22,Confirmed,Sample Business Label 8093f2d9
SO0000672,HT-2026-00672,10034,Sample Business Label 24b4bfb0,367-000131,Sample Business Label 766526c9,4,2026-03-02,2026-04-06,0,,Sample Business Label 1f425b6b,Sample Business Label da14b70a
SO0000673,HT-2026-00673,10037,Sample Business Label 8cd69822,590-000064,Full-cycle Agricultural Operation Detection System,35,2026-06-24,2026-07-19,35,2026-07-15,Confirmed,Sample Business Label dca7c71f
SO0000674,HT-2026-00674,10040,Sample Business Label 2e030d14,590-000064,Full-cycle Agricultural Operation Detection System,6,2026-05-16,2026-07-12,6,2026-07-12,Confirmed,Sample Business Label 8093f2d9
SO0000675,HT-2026-00675,10043,Sample Business Label fb705a91,590-000064,Full-cycle Agricultural Operation Detection System,3,2026-06-16,2026-08-01,3,2026-07-25,Confirmed,Sample Business Label da14b70a
SO0000676,HT-2026-00676,10046,Sample Business Label cbaba12e,590-000064,Full-cycle Agricultural Operation Detection System,23,2026-03-07,2026-04-20,23,2026-04-16,Confirmed,Sample Business Label dca7c71f
SO0000677,HT-2026-00677,10049,Sample Business Label c023b592,590-000064,Full-cycle Agricultural Operation Detection System,5,2026-06-08,2026-07-29,1,2026-07-22,Confirmed,Sample Business Label 8093f2d9
SO0000678,HT-2026-00678,10052,Sample Business Label 02a62d16,590-000064,Full-cycle Agricultural Operation Detection System,16,2026-06-07,2026-08-01,16,2026-07-26,Confirmed,Sample Business Label da14b70a
SO0000679,HT-2026-00679,10055,Sample Business Label d6ad6dcb,590-000064,Full-cycle Agricultural Operation Detection System,17,2026-03-20,2026-05-05,17,2026-05-05,Confirmed,Sample Business Label dca7c71f
SO0000680,HT-2026-00680,10058,Sample Business Label 8d9a7569,590-000064,Full-cycle Agricultural Operation Detection System,48,2026-03-08,2026-04-30,48,2026-04-21,Confirmed,Sample Business Label 8093f2d9
SO0000681,HT-2026-00681,10061,Sample Business Label 5fec3637,590-000064,Full-cycle Agricultural Operation Detection System,46,2026-05-30,2026-07-26,46,2026-07-22,Confirmed,Sample Business Label da14b70a
SO0000682,HT-2026-00682,10064,Sample Business Label 8de24d68,590-000064,Full-cycle Agricultural Operation Detection System,11,2026-04-24,2026-06-07,11,2026-06-06,Confirmed,Sample Business Label dca7c71f
SO0000683,HT-2026-00683,10067,Sample Business Label b2d7cf3d,590-000064,Full-cycle Agricultural Operation Detection System,49,2026-05-03,2026-06-04,49,2026-06-03,Confirmed,Sample Business Label 8093f2d9
SO0000684,HT-2026-00684,10070,Sample Business Label f6e8209f,590-000064,Full-cycle Agricultural Operation Detection System,45,2026-06-20,2026-08-02,45,2026-07-31,Confirmed,Sample Business Label da14b70a
SO0000685,HT-2026-00685,10073,Sample Business Label 1ff215b5,590-000064,Full-cycle Agricultural Operation Detection System,13,2026-03-05,2026-03-28,13,2026-03-20,Confirmed,Sample Business Label dca7c71f
SO0000686,HT-2026-00686,10076,Sample Business Label 28597042,590-000064,Full-cycle Agricultural Operation Detection System,32,2026-04-05,2026-04-30,30,2026-04-25,Confirmed,Sample Business Label 8093f2d9
SO0000687,HT-2026-00687,10079,Sample Business Label 2e7d0ed1,590-000064,Full-cycle Agricultural Operation Detection System,13,2026-06-07,2026-07-10,13,2026-07-05,Confirmed,Sample Business Label da14b70a
SO0000688,HT-2026-00688,10082,Sample Business Label 7195797b,590-000064,Full-cycle Agricultural Operation Detection System,48,2026-04-09,2026-05-13,44,2026-05-08,Confirmed,Sample Business Label dca7c71f
SO0000689,HT-2026-00689,10085,Sample Business Label c5e50421,590-000064,Full-cycle Agricultural Operation Detection System,20,2026-05-13,2026-07-01,20,2026-06-23,Confirmed,Sample Business Label 8093f2d9
SO0000690,HT-2026-00690,10088,Sample Business Label 4c53a90c,590-000064,Full-cycle Agricultural Operation Detection System,4,2026-05-24,2026-06-30,4,2026-06-23,Confirmed,Sample Business Label da14b70a
SO0000691,HT-2026-00691,10091,Sample Business Label dfdc27d1,590-000064,Full-cycle Agricultural Operation Detection System,14,2026-03-01,2026-04-23,14,2026-04-14,Confirmed,Sample Business Label dca7c71f
SO0000692,HT-2026-00692,10094,Sample Business Label ec8f70d3,590-000064,Full-cycle Agricultural Operation Detection System,8,2026-03-10,2026-04-14,6,2026-04-06,Confirmed,Sample Business Label 8093f2d9
SO0000693,HT-2026-00693,10097,Sample Business Label 85726bbf,590-000072,Full-cycle Agricultural Operation Detection System,5,2026-04-02,2026-05-04,5,2026-04-29,Confirmed,Sample Business Label da14b70a
SO0000694,HT-2026-00694,10100,Sample Business Label dc299d1e,590-000072,Full-cycle Agricultural Operation Detection System,11,2026-06-12,2026-07-12,11,2026-07-10,Confirmed,Sample Business Label dca7c71f
SO0000695,HT-2026-00695,10103,Sample Business Label 87fd5450,590-000072,Full-cycle Agricultural Operation Detection System,5,2026-06-16,2026-08-04,2,2026-07-29,Confirmed,Sample Business Label 8093f2d9
SO0000696,HT-2026-00696,10106,Sample Business Label 4f25f3ee,590-000072,Full-cycle Agricultural Operation Detection System,14,2026-05-11,2026-06-23,11,2026-06-15,Confirmed,Sample Business Label da14b70a
SO0000697,HT-2026-00697,10109,Sample Business Label c6885caf,590-000072,Full-cycle Agricultural Operation Detection System,39,2026-03-30,2026-04-15,36,2026-04-08,Confirmed,Sample Business Label dca7c71f
SO0000698,HT-2026-00698,10112,Sample Business Label 3013bff3,590-000072,Full-cycle Agricultural Operation Detection System,47,2026-04-12,2026-05-03,47,2026-05-01,Confirmed,Sample Business Label 8093f2d9
SO0000699,HT-2026-00699,10115,Sample Business Label 54604af8,590-000072,Full-cycle Agricultural Operation Detection System,50,2026-06-23,2026-07-19,50,2026-07-11,Confirmed,Sample Business Label da14b70a
SO0000700,HT-2026-00700,10118,Sample Business Label 5cf43b91,590-000072,Full-cycle Agricultural Operation Detection System,17,2026-03-10,2026-04-05,17,2026-03-27,Confirmed,Sample Business Label dca7c71f
SO0000701,HT-2026-00701,10121,Sample Business Label baf4d703,590-000072,Full-cycle Agricultural Operation Detection System,24,2026-06-22,2026-08-02,23,2026-07-31,Confirmed,Sample Business Label 8093f2d9
SO0000702,HT-2026-00702,10124,Sample Business Label d8d646d4,590-000072,Full-cycle Agricultural Operation Detection System,30,2026-03-05,2026-04-13,27,2026-04-05,Confirmed,Sample Business Label da14b70a
SO0000703,HT-2026-00703,10127,Sample Business Label 89641285,590-000072,Full-cycle Agricultural Operation Detection System,19,2026-06-11,2026-07-01,19,2026-06-29,Confirmed,Sample Business Label dca7c71f
SO0000704,HT-2026-00704,10130,Sample Business Label d10e43e2,590-000072,Full-cycle Agricultural Operation Detection System,6,2026-05-06,2026-05-25,6,2026-05-22,Confirmed,Sample Business Label 8093f2d9
SO0000705,HT-2026-00705,10133,Sample Business Label b6718395,590-000072,Full-cycle Agricultural Operation Detection System,22,2026-04-23,2026-05-25,19,2026-05-22,Confirmed,Sample Business Label da14b70a
SO0000706,HT-2026-00706,10136,Sample Business Label 9dbff699,590-000072,Full-cycle Agricultural Operation Detection System,6,2026-06-22,2026-08-16,6,2026-08-13,Confirmed,Sample Business Label dca7c71f
SO0000707,HT-2026-00707,10139,Sample Business Label 0763e5ee,590-000072,Full-cycle Agricultural Operation Detection System,41,2026-03-03,2026-04-07,41,2026-04-03,Confirmed,Sample Business Label 8093f2d9
SO0000708,HT-2026-00708,10142,Sample Business Label c0431b9f,590-000072,Full-cycle Agricultural Operation Detection System,39,2026-04-15,2026-05-01,39,2026-04-22,Confirmed,Sample Business Label da14b70a
SO0000709,HT-2026-00709,10145,Sample Business Label f2a5c558,590-000072,Full-cycle Agricultural Operation Detection System,33,2026-04-27,2026-05-12,33,2026-05-07,Confirmed,Sample Business Label dca7c71f
SO0000710,HT-2026-00710,10148,Sample Business Label 1ed85681,590-000072,Full-cycle Agricultural Operation Detection System,23,2026-04-18,2026-05-10,21,2026-05-03,Confirmed,Sample Business Label 8093f2d9
SO0000711,HT-2026-00711,10151,Sample Business Label 543a7134,590-000072,Full-cycle Agricultural Operation Detection System,8,2026-03-10,2026-04-09,8,2026-03-31,Confirmed,Sample Business Label da14b70a
SO0000712,HT-2026-00712,10154,Sample Business Label 74169e2b,590-000072,Full-cycle Agricultural Operation Detection System,29,2026-03-25,2026-05-02,25,2026-05-01,Confirmed,Sample Business Label dca7c71f
SO0000713,HT-2026-00713,10157,Sample Business Label f5bb9b11,590-000073,Full-cycle Agricultural Operation Detection System,19,2026-06-27,2026-08-08,19,2026-08-01,Confirmed,Sample Business Label 8093f2d9
SO0000714,HT-2026-00714,10160,Sample Business Label 2635cac5,590-000073,Full-cycle Agricultural Operation Detection System,47,2026-06-24,2026-07-18,46,2026-07-11,Confirmed,Sample Business Label da14b70a
SO0000715,HT-2026-00715,10163,Sample Business Label 0a0bea3e,590-000073,Full-cycle Agricultural Operation Detection System,12,2026-06-18,2026-07-26,8,2026-07-19,Confirmed,Sample Business Label dca7c71f
SO0000716,HT-2026-00716,10166,Sample Business Label eed58a9c,590-000073,Full-cycle Agricultural Operation Detection System,11,2026-05-28,2026-06-23,11,2026-06-21,Confirmed,Sample Business Label 8093f2d9
SO0000717,HT-2026-00717,10169,Sample Business Label 4c7d5b1e,590-000073,Full-cycle Agricultural Operation Detection System,40,2026-04-07,2026-05-11,40,2026-05-04,Confirmed,Sample Business Label da14b70a
SO0000718,HT-2026-00718,10172,Sample Business Label 3893f893,590-000073,Full-cycle Agricultural Operation Detection System,20,2026-03-27,2026-04-16,20,2026-04-15,Confirmed,Sample Business Label dca7c71f
SO0000719,HT-2026-00719,10175,Sample Business Label 0f0e591f,590-000073,Full-cycle Agricultural Operation Detection System,3,2026-06-22,2026-07-26,3,2026-07-22,Confirmed,Sample Business Label 8093f2d9
SO0000720,HT-2026-00720,10178,Sample Business Label 9ae2fe59,590-000073,Full-cycle Agricultural Operation Detection System,40,2026-06-01,2026-07-21,40,2026-07-12,Confirmed,Sample Business Label da14b70a
SO0000721,HT-2026-00721,10001,Sample Business Label ad6a7310,590-000073,Full-cycle Agricultural Operation Detection System,35,2026-05-01,2026-05-27,35,2026-05-22,Confirmed,Sample Business Label dca7c71f
SO0000722,HT-2026-00722,10004,Sample Business Label 9ade495d,590-000073,Full-cycle Agricultural Operation Detection System,20,2026-03-12,2026-04-04,20,2026-04-03,Confirmed,Sample Business Label 8093f2d9
SO0000723,HT-2026-00723,10007,Sample Business Label 1c37be0a,590-000073,Full-cycle Agricultural Operation Detection System,34,2026-03-26,2026-05-20,34,2026-05-18,Confirmed,Sample Business Label da14b70a
SO0000724,HT-2026-00724,10010,Sample Business Label 0927c808,590-000073,Full-cycle Agricultural Operation Detection System,45,2026-04-07,2026-06-03,45,2026-05-30,Confirmed,Sample Business Label dca7c71f
SO0000725,HT-2026-00725,10013,Sample Business Label 8041c5b9,590-000073,Full-cycle Agricultural Operation Detection System,12,2026-03-27,2026-04-14,12,2026-04-13,Confirmed,Sample Business Label 8093f2d9
SO0000726,HT-2026-00726,10016,Sample Business Label 8923480f,590-000073,Full-cycle Agricultural Operation Detection System,47,2026-03-08,2026-03-28,47,2026-03-24,Confirmed,Sample Business Label da14b70a
SO0000727,HT-2026-00727,10019,Sample Business Label 666ec7a8,590-000073,Full-cycle Agricultural Operation Detection System,15,2026-05-30,2026-06-28,15,2026-06-27,Confirmed,Sample Business Label dca7c71f
SO0000728,HT-2026-00728,10022,Sample Business Label c5f17184,590-000073,Full-cycle Agricultural Operation Detection System,4,2026-03-23,2026-04-13,4,2026-04-08,Confirmed,Sample Business Label 8093f2d9
SO0000729,HT-2026-00729,10025,Sample Business Label a7eb610f,590-000073,Full-cycle Agricultural Operation Detection System,1,2026-03-17,2026-03-31,0,,Sample Business Label 1f425b6b,Sample Business Label da14b70a
SO0000730,HT-2026-00730,10028,Sample Business Label d203f74f,590-000073,Full-cycle Agricultural Operation Detection System,49,2026-06-06,2026-07-13,49,2026-07-05,Confirmed,Sample Business Label dca7c71f
SO0000731,HT-2026-00731,10031,Sample Business Label 76e7ccfd,590-000073,Full-cycle Agricultural Operation Detection System,30,2026-05-12,2026-05-31,30,2026-05-31,Confirmed,Sample Business Label 8093f2d9
SO0000732,HT-2026-00732,10034,Sample Business Label 24b4bfb0,590-000073,Full-cycle Agricultural Operation Detection System,33,2026-03-12,2026-05-09,33,2026-05-09,Confirmed,Sample Business Label da14b70a
SO0000733,HT-2026-00733,10037,Sample Business Label 8cd69822,590-000074,Full-cycle Agricultural Operation Detection System,40,2026-05-03,2026-06-24,40,2026-06-20,Confirmed,Sample Business Label dca7c71f
SO0000734,HT-2026-00734,10040,Sample Business Label 2e030d14,590-000074,Full-cycle Agricultural Operation Detection System,25,2026-05-18,2026-07-12,25,2026-07-06,Confirmed,Sample Business Label 8093f2d9
SO0000735,HT-2026-00735,10043,Sample Business Label fb705a91,590-000074,Full-cycle Agricultural Operation Detection System,39,2026-04-08,2026-05-09,39,2026-05-04,Confirmed,Sample Business Label da14b70a
SO0000736,HT-2026-00736,10046,Sample Business Label cbaba12e,590-000074,Full-cycle Agricultural Operation Detection System,50,2026-05-03,2026-06-01,50,2026-05-27,Confirmed,Sample Business Label dca7c71f
SO0000737,HT-2026-00737,10049,Sample Business Label c023b592,590-000074,Full-cycle Agricultural Operation Detection System,39,2026-03-04,2026-03-31,39,2026-03-26,Confirmed,Sample Business Label 8093f2d9
SO0000738,HT-2026-00738,10052,Sample Business Label 02a62d16,590-000074,Full-cycle Agricultural Operation Detection System,19,2026-04-28,2026-05-13,19,2026-05-10,Confirmed,Sample Business Label da14b70a
SO0000739,HT-2026-00739,10055,Sample Business Label d6ad6dcb,590-000074,Full-cycle Agricultural Operation Detection System,39,2026-05-20,2026-06-05,39,2026-05-31,Confirmed,Sample Business Label dca7c71f
SO0000740,HT-2026-00740,10058,Sample Business Label 8d9a7569,590-000074,Full-cycle Agricultural Operation Detection System,36,2026-04-30,2026-06-18,36,2026-06-15,Confirmed,Sample Business Label 8093f2d9
SO0000741,HT-2026-00741,10061,Sample Business Label 5fec3637,590-000074,Full-cycle Agricultural Operation Detection System,13,2026-05-20,2026-06-03,9,2026-05-28,Confirmed,Sample Business Label da14b70a
SO0000742,HT-2026-00742,10064,Sample Business Label 8de24d68,590-000074,Full-cycle Agricultural Operation Detection System,23,2026-03-04,2026-04-08,23,2026-04-02,Confirmed,Sample Business Label dca7c71f
SO0000743,HT-2026-00743,10067,Sample Business Label b2d7cf3d,590-000074,Full-cycle Agricultural Operation Detection System,25,2026-06-03,2026-07-20,25,2026-07-19,Confirmed,Sample Business Label 8093f2d9
SO0000744,HT-2026-00744,10070,Sample Business Label f6e8209f,590-000074,Full-cycle Agricultural Operation Detection System,13,2026-04-19,2026-06-08,10,2026-06-01,Confirmed,Sample Business Label da14b70a
SO0000745,HT-2026-00745,10073,Sample Business Label 1ff215b5,590-000074,Full-cycle Agricultural Operation Detection System,5,2026-03-23,2026-05-02,4,2026-04-26,Confirmed,Sample Business Label dca7c71f
SO0000746,HT-2026-00746,10076,Sample Business Label 28597042,590-000074,Full-cycle Agricultural Operation Detection System,30,2026-04-23,2026-05-27,30,2026-05-18,Confirmed,Sample Business Label 8093f2d9
SO0000747,HT-2026-00747,10079,Sample Business Label 2e7d0ed1,590-000074,Full-cycle Agricultural Operation Detection System,8,2026-04-14,2026-05-09,5,2026-05-05,Confirmed,Sample Business Label da14b70a
SO0000748,HT-2026-00748,10082,Sample Business Label 7195797b,590-000074,Full-cycle Agricultural Operation Detection System,38,2026-06-17,2026-08-07,34,2026-08-06,Confirmed,Sample Business Label dca7c71f
SO0000749,HT-2026-00749,10085,Sample Business Label c5e50421,590-000074,Full-cycle Agricultural Operation Detection System,50,2026-06-11,2026-07-09,47,2026-07-07,Confirmed,Sample Business Label 8093f2d9
SO0000750,HT-2026-00750,10088,Sample Business Label 4c53a90c,590-000074,Full-cycle Agricultural Operation Detection System,32,2026-06-21,2026-07-15,30,2026-07-12,Confirmed,Sample Business Label da14b70a
SO0000751,HT-2026-00751,10091,Sample Business Label dfdc27d1,590-000074,Full-cycle Agricultural Operation Detection System,19,2026-05-21,2026-06-13,19,2026-06-08,Confirmed,Sample Business Label dca7c71f
SO0000752,HT-2026-00752,10094,Sample Business Label ec8f70d3,590-000074,Full-cycle Agricultural Operation Detection System,24,2026-05-02,2026-06-05,24,2026-06-03,Confirmed,Sample Business Label 8093f2d9
SO0000753,HT-2026-00753,10097,Sample Business Label 85726bbf,590-000075,Full-cycle Agricultural Operation Detection System,26,2026-04-17,2026-05-05,26,2026-04-30,Confirmed,Sample Business Label da14b70a
SO0000754,HT-2026-00754,10100,Sample Business Label dc299d1e,590-000075,Full-cycle Agricultural Operation Detection System,9,2026-05-12,2026-07-01,9,2026-06-25,Confirmed,Sample Business Label dca7c71f
SO0000755,HT-2026-00755,10103,Sample Business Label 87fd5450,590-000075,Full-cycle Agricultural Operation Detection System,23,2026-04-02,2026-04-25,23,2026-04-23,Confirmed,Sample Business Label 8093f2d9
SO0000756,HT-2026-00756,10106,Sample Business Label 4f25f3ee,590-000075,Full-cycle Agricultural Operation Detection System,32,2026-06-20,2026-07-05,32,2026-07-02,Confirmed,Sample Business Label da14b70a
SO0000757,HT-2026-00757,10109,Sample Business Label c6885caf,590-000075,Full-cycle Agricultural Operation Detection System,21,2026-05-10,2026-06-26,21,2026-06-20,Confirmed,Sample Business Label dca7c71f
SO0000758,HT-2026-00758,10112,Sample Business Label 3013bff3,590-000075,Full-cycle Agricultural Operation Detection System,43,2026-03-09,2026-04-26,40,2026-04-17,Confirmed,Sample Business Label 8093f2d9
SO0000759,HT-2026-00759,10115,Sample Business Label 54604af8,590-000075,Full-cycle Agricultural Operation Detection System,25,2026-03-16,2026-05-06,25,2026-04-29,Confirmed,Sample Business Label da14b70a
SO0000760,HT-2026-00760,10118,Sample Business Label 5cf43b91,590-000075,Full-cycle Agricultural Operation Detection System,29,2026-03-02,2026-03-30,29,2026-03-26,Confirmed,Sample Business Label dca7c71f
SO0000761,HT-2026-00761,10121,Sample Business Label baf4d703,590-000075,Full-cycle Agricultural Operation Detection System,9,2026-06-28,2026-08-01,9,2026-07-24,Confirmed,Sample Business Label 8093f2d9
SO0000762,HT-2026-00762,10124,Sample Business Label d8d646d4,590-000075,Full-cycle Agricultural Operation Detection System,44,2026-03-04,2026-03-29,44,2026-03-24,Confirmed,Sample Business Label da14b70a
SO0000763,HT-2026-00763,10127,Sample Business Label 89641285,590-000075,Full-cycle Agricultural Operation Detection System,23,2026-03-28,2026-05-15,23,2026-05-13,Confirmed,Sample Business Label dca7c71f
SO0000764,HT-2026-00764,10130,Sample Business Label d10e43e2,590-000075,Full-cycle Agricultural Operation Detection System,49,2026-05-17,2026-06-15,49,2026-06-07,Confirmed,Sample Business Label 8093f2d9
SO0000765,HT-2026-00765,10133,Sample Business Label b6718395,590-000075,Full-cycle Agricultural Operation Detection System,29,2026-03-27,2026-04-20,29,2026-04-17,Confirmed,Sample Business Label da14b70a
SO0000766,HT-2026-00766,10136,Sample Business Label 9dbff699,590-000075,Full-cycle Agricultural Operation Detection System,40,2026-04-08,2026-05-07,40,2026-05-04,Confirmed,Sample Business Label dca7c71f
SO0000767,HT-2026-00767,10139,Sample Business Label 0763e5ee,590-000075,Full-cycle Agricultural Operation Detection System,44,2026-05-16,2026-06-03,44,2026-05-26,Confirmed,Sample Business Label 8093f2d9
SO0000768,HT-2026-00768,10142,Sample Business Label c0431b9f,590-000075,Full-cycle Agricultural Operation Detection System,4,2026-06-19,2026-08-05,4,2026-08-04,Confirmed,Sample Business Label da14b70a
SO0000769,HT-2026-00769,10145,Sample Business Label f2a5c558,590-000075,Full-cycle Agricultural Operation Detection System,12,2026-06-05,2026-08-01,12,2026-07-27,Confirmed,Sample Business Label dca7c71f
SO0000770,HT-2026-00770,10148,Sample Business Label 1ed85681,590-000075,Full-cycle Agricultural Operation Detection System,14,2026-04-21,2026-06-07,14,2026-06-07,Confirmed,Sample Business Label 8093f2d9
SO0000771,HT-2026-00771,10151,Sample Business Label 543a7134,590-000075,Full-cycle Agricultural Operation Detection System,8,2026-04-26,2026-06-22,8,2026-06-21,Confirmed,Sample Business Label da14b70a
SO0000772,HT-2026-00772,10154,Sample Business Label 74169e2b,590-000075,Full-cycle Agricultural Operation Detection System,4,2026-04-01,2026-04-18,4,2026-04-09,Confirmed,Sample Business Label dca7c71f
SO0000773,HT-2026-00773,10157,Sample Business Label f5bb9b11,590-000100,Agricultural Machinery Detection System,2,2026-04-20,2026-05-13,2,2026-05-11,Confirmed,Sample Business Label 8093f2d9
SO0000774,HT-2026-00774,10160,Sample Business Label 2635cac5,590-000100,Agricultural Machinery Detection System,41,2026-05-10,2026-06-07,41,2026-06-04,Confirmed,Sample Business Label da14b70a
SO0000775,HT-2026-00775,10163,Sample Business Label 0a0bea3e,590-000100,Agricultural Machinery Detection System,41,2026-05-16,2026-07-03,41,2026-06-28,Confirmed,Sample Business Label dca7c71f
SO0000776,HT-2026-00776,10166,Sample Business Label eed58a9c,590-000100,Agricultural Machinery Detection System,5,2026-05-11,2026-06-12,5,2026-06-07,Confirmed,Sample Business Label 8093f2d9
SO0000777,HT-2026-00777,10169,Sample Business Label 4c7d5b1e,590-000100,Agricultural Machinery Detection System,41,2026-03-23,2026-04-13,38,2026-04-10,Confirmed,Sample Business Label da14b70a
SO0000778,HT-2026-00778,10172,Sample Business Label 3893f893,590-000100,Agricultural Machinery Detection System,24,2026-06-12,2026-06-30,24,2026-06-30,Confirmed,Sample Business Label dca7c71f
SO0000779,HT-2026-00779,10175,Sample Business Label 0f0e591f,590-000100,Agricultural Machinery Detection System,24,2026-06-27,2026-07-11,24,2026-07-11,Confirmed,Sample Business Label 8093f2d9
SO0000780,HT-2026-00780,10178,Sample Business Label 9ae2fe59,590-000100,Agricultural Machinery Detection System,50,2026-05-20,2026-06-14,50,2026-06-05,Confirmed,Sample Business Label da14b70a
SO0000781,HT-2026-00781,10001,Sample Business Label ad6a7310,590-000100,Agricultural Machinery Detection System,24,2026-05-16,2026-06-28,22,2026-06-21,Confirmed,Sample Business Label dca7c71f
SO0000782,HT-2026-00782,10004,Sample Business Label 9ade495d,590-000100,Agricultural Machinery Detection System,41,2026-03-24,2026-04-18,41,2026-04-11,Confirmed,Sample Business Label 8093f2d9
SO0000783,HT-2026-00783,10007,Sample Business Label 1c37be0a,590-000100,Agricultural Machinery Detection System,42,2026-03-10,2026-04-04,42,2026-03-28,Confirmed,Sample Business Label da14b70a
SO0000784,HT-2026-00784,10010,Sample Business Label 0927c808,590-000100,Agricultural Machinery Detection System,27,2026-05-10,2026-06-21,23,2026-06-17,Confirmed,Sample Business Label dca7c71f
SO0000785,HT-2026-00785,10013,Sample Business Label 8041c5b9,590-000100,Agricultural Machinery Detection System,36,2026-03-13,2026-04-25,36,2026-04-24,Confirmed,Sample Business Label 8093f2d9
SO0000786,HT-2026-00786,10016,Sample Business Label 8923480f,590-000100,Agricultural Machinery Detection System,23,2026-03-22,2026-04-20,23,2026-04-14,Confirmed,Sample Business Label da14b70a
SO0000787,HT-2026-00787,10019,Sample Business Label 666ec7a8,590-000100,Agricultural Machinery Detection System,15,2026-04-14,2026-05-20,14,2026-05-19,Confirmed,Sample Business Label dca7c71f
SO0000788,HT-2026-00788,10022,Sample Business Label c5f17184,590-000100,Agricultural Machinery Detection System,25,2026-03-29,2026-04-19,21,2026-04-19,Confirmed,Sample Business Label 8093f2d9
SO0000789,HT-2026-00789,10025,Sample Business Label a7eb610f,590-000100,Agricultural Machinery Detection System,46,2026-06-20,2026-07-23,46,2026-07-15,Confirmed,Sample Business Label da14b70a
SO0000790,HT-2026-00790,10028,Sample Business Label d203f74f,590-000100,Agricultural Machinery Detection System,46,2026-03-14,2026-04-24,45,2026-04-15,Confirmed,Sample Business Label dca7c71f
SO0000791,HT-2026-00791,10031,Sample Business Label 76e7ccfd,590-000100,Agricultural Machinery Detection System,50,2026-05-20,2026-07-09,50,2026-07-01,Confirmed,Sample Business Label 8093f2d9
SO0000792,HT-2026-00792,10034,Sample Business Label 24b4bfb0,590-000100,Agricultural Machinery Detection System,29,2026-05-29,2026-07-11,26,2026-07-05,Confirmed,Sample Business Label da14b70a
SO0000793,HT-2026-00793,10037,Sample Business Label 8cd69822,734-000001,Sample Business Label 108580c2,34,2026-03-28,2026-04-16,34,2026-04-10,Confirmed,Sample Business Label dca7c71f
SO0000794,HT-2026-00794,10040,Sample Business Label 2e030d14,734-000001,Sample Business Label 108580c2,15,2026-04-23,2026-06-01,15,2026-05-29,Confirmed,Sample Business Label 8093f2d9
SO0000795,HT-2026-00795,10043,Sample Business Label fb705a91,734-000001,Sample Business Label 108580c2,4,2026-06-09,2026-07-07,4,2026-06-30,Confirmed,Sample Business Label da14b70a
SO0000796,HT-2026-00796,10046,Sample Business Label cbaba12e,734-000001,Sample Business Label 108580c2,32,2026-05-23,2026-06-22,32,2026-06-17,Confirmed,Sample Business Label dca7c71f
SO0000797,HT-2026-00797,10049,Sample Business Label c023b592,734-000003,Sample Business Label cf4897a8,17,2026-06-17,2026-07-22,17,2026-07-14,Confirmed,Sample Business Label 8093f2d9
SO0000798,HT-2026-00798,10052,Sample Business Label 02a62d16,734-000003,Sample Business Label cf4897a8,17,2026-03-16,2026-05-13,17,2026-05-07,Confirmed,Sample Business Label da14b70a
SO0000799,HT-2026-00799,10055,Sample Business Label d6ad6dcb,734-000003,Sample Business Label cf4897a8,3,2026-03-09,2026-03-26,3,2026-03-23,Confirmed,Sample Business Label dca7c71f
SO0000800,HT-2026-00800,10058,Sample Business Label 8d9a7569,U00-000080,Beidou Vehicle Telematics Terminal System,11,2026-06-12,2026-06-30,11,2026-06-29,Confirmed,Sample Business Label 8093f2d9
