billno,materialplanid_number,materialplanid_name,materialattr_title,dropbilltype_name,dropstatus_title,adviseorderqty,bizorderqty,orderdate,advisestartdate,startdate,adviseenddate,enddate,availabledate,planoperatenum,bizdropqty,advisedroptime,droptime,creator_name,rootdemandbillno,closestatus_title,createtime
JHJY-20260421-00046607,525-000135,YN580旋转雷达组件V2.1,自制,汇报生产,已投放,0.0000,60.0000,2026-04-21,,2026-04-21,,2026-04-22,2026-04-22,,60.0000,,2026-04-21 11:23:12,朱杰倩,,投放关闭,2026-04-21 11:22:41
JHJY-20251218-00035142,994-000592,508_电源+前轮转角连接线（95%编织套管）,外购,生产项目采购申请单,已投放,2076.0000,2076.0000,2025-12-26,2025-12-26,2025-12-26,2026-01-30,2026-01-30,2026-01-30,MRP-20251218-00000100,2076.0000,,2025-12-19 21:21:17,朱杰倩,YCD2025121600000033,投放关闭,2025-12-18 20:23:17
JHJY-20251218-00035143,994-000592,508_电源+前轮转角连接线（95%编织套管）,外购,生产项目采购申请单,已投放,60.0000,60.0000,2025-12-26,2025-12-26,2025-12-26,2026-01-30,2026-01-30,2026-01-30,MRP-20251218-00000100,60.0000,,2025-12-19 21:21:17,朱杰倩,YCD2025121600000033,投放关闭,2025-12-18 20:23:17
JHJY-20251218-00035144,994-000592,508_电源+前轮转角连接线（95%编织套管）,外购,生产项目采购申请单,已投放,24.0000,24.0000,2025-12-26,2025-12-26,2025-12-26,2026-01-30,2026-01-30,2026-01-30,MRP-20251218-00000100,24.0000,,2025-12-19 21:21:17,朱杰倩,YCD2025121600000033,投放关闭,2025-12-18 20:23:17
JHJY-20251218-00035145,994-000592,508_电源+前轮转角连接线（95%编织套管）,外购,生产项目采购申请单,已投放,1284.0000,1284.0000,2026-01-23,2026-01-23,2026-01-23,2026-02-27,2026-02-27,2026-02-27,MRP-20251218-00000100,1284.0000,,2025-12-19 21:21:17,朱杰倩,YCD2025121600000034,投放关闭,2025-12-18 20:23:17
JHJY-20251218-00035146,994-000592,508_电源+前轮转角连接线（95%编织套管）,外购,生产项目采购申请单,已投放,192.0000,192.0000,2026-01-23,2026-01-23,2026-01-23,2026-02-27,2026-02-27,2026-02-27,MRP-20251218-00000100,192.0000,,2025-12-19 21:21:17,朱杰倩,YCD2025121600000034,投放关闭,2025-12-18 20:23:17
JHJY-20251218-00035147,994-000592,508_电源+前轮转角连接线（95%编织套管）,外购,生产项目采购申请单,已投放,48.0000,48.0000,2026-01-23,2026-01-23,2026-01-23,2026-02-27,2026-02-27,2026-02-27,MRP-20251218-00000100,48.0000,,2025-12-19 21:21:17,朱杰倩,YCD2025121600000034,投放关闭,2025-12-18 20:23:17
JHJY-20251218-00035189,468-000560,YN812说明书-中文,外购,生产项目采购申请单,已投放,1098.0000,1098.0000,2026-02-20,2026-02-20,2026-02-20,2026-02-27,2026-02-27,2026-02-27,MRP-20251218-00000100,1098.0000,,2025-12-19 21:21:17,朱杰倩,YCD2025121600000034,投放关闭,2025-12-18 20:23:17
JHJY-20251218-00035190,468-000560,YN812说明书-中文,外购,生产项目采购申请单,已投放,228.0000,228.0000,2026-02-20,2026-02-20,2026-02-20,2026-02-27,2026-02-27,2026-02-27,MRP-20251218-00000100,228.0000,,2025-12-19 21:21:17,朱杰倩,YCD2025121600000034,投放关闭,2025-12-18 20:23:17
JHJY-20251218-00035280,838-000128,308V3摄像头,外购,生产项目采购申请单,已投放,771.0000,771.0000,2026-02-03,2026-02-03,2026-02-03,2026-02-27,2026-02-27,2026-02-27,MRP-20251218-00000100,771.0000,,2025-12-19 21:21:17,朱杰倩,YCD2025121600000034,投放关闭,2025-12-18 20:23:17
JHJY-20251218-00035282,838-000128,308V3摄像头,外购,生产项目采购申请单,已投放,228.0000,228.0000,2026-02-03,2026-02-03,2026-02-03,2026-02-27,2026-02-27,2026-02-27,MRP-20251218-00000100,228.0000,,2025-12-19 21:21:17,朱杰倩,YCD2025121600000034,投放关闭,2025-12-18 20:23:17
JHJY-20251218-00035281,838-000128,308V3摄像头,外购,生产项目采购申请单,已投放,42.0000,42.0000,2026-02-03,2026-02-03,2026-02-03,2026-02-27,2026-02-27,2026-02-27,MRP-20251218-00000100,42.0000,,2025-12-19 21:21:17,朱杰倩,YCD2025121600000034,投放关闭,2025-12-18 20:23:17
JHJY-20251218-00035285,795-000133,线束安装附件包,外购,生产项目采购申请单,已投放,18673.0000,18673.0000,2026-01-20,2026-01-20,2026-01-20,2026-01-30,2026-01-30,2026-01-30,MRP-20251218-00000100,18673.0000,,2025-12-19 21:21:17,朱杰倩,YCD2025121600000033,投放关闭,2025-12-18 20:23:17
JHJY-20251218-00035287,795-000133,线束安装附件包,外购,生产项目采购申请单,已投放,240.0000,240.0000,2026-01-20,2026-01-20,2026-01-20,2026-01-30,2026-01-30,2026-01-30,MRP-20251218-00000100,240.0000,,2025-12-19 21:21:17,朱杰倩,YCD2025121600000033,投放关闭,2025-12-18 20:23:17
JHJY-20251218-00035286,795-000133,线束安装附件包,外购,生产项目采购申请单,已投放,600.0000,600.0000,2026-01-20,2026-01-20,2026-01-20,2026-01-30,2026-01-30,2026-01-30,MRP-20251218-00000100,600.0000,,2025-12-19 21:21:17,朱杰倩,YCD2025121600000033,投放关闭,2025-12-18 20:23:17
JHJY-20251218-00035288,795-000133,线束安装附件包,外购,生产项目采购申请单,已投放,320.0000,320.0000,2026-01-20,2026-01-20,2026-01-20,2026-01-30,2026-01-30,2026-01-30,MRP-20251218-00000100,320.0000,,2025-12-19 21:21:17,朱杰倩,YCD2025121600000033,投放关闭,2025-12-18 20:23:17
JHJY-20251218-00035289,795-000133,线束安装附件包,外购,生产项目采购申请单,已投放,80.0000,80.0000,2026-01-20,2026-01-20,2026-01-20,2026-01-30,2026-01-30,2026-01-30,MRP-20251218-00000100,80.0000,,2025-12-19 21:21:17,朱杰倩,YCD2025121600000033,投放关闭,2025-12-18 20:23:17
JHJY-20251218-00035290,795-000133,线束安装附件包,外购,生产项目采购申请单,已投放,480.0000,480.0000,2026-01-20,2026-01-20,2026-01-20,2026-01-30,2026-01-30,2026-01-30,MRP-20251218-00000100,480.0000,,2025-12-19 21:21:17,朱杰倩,YCD2025121600000033,投放关闭,2025-12-18 20:23:17
JHJY-20251218-00035291,795-000133,线束安装附件包,外购,生产项目采购申请单,已投放,12840.0000,12840.0000,2026-02-17,2026-02-17,2026-02-17,2026-02-27,2026-02-27,2026-02-27,MRP-20251218-00000100,12840.0000,,2025-12-19 21:21:17,朱杰倩,YCD2025121600000034,投放关闭,2025-12-18 20:23:17
JHJY-20251218-00035292,795-000133,线束安装附件包,外购,生产项目采购申请单,已投放,1920.0000,1920.0000,2026-02-17,2026-02-17,2026-02-17,2026-02-27,2026-02-27,2026-02-27,MRP-20251218-00000100,1920.0000,,2025-12-19 21:21:17,朱杰倩,YCD2025121600000034,投放关闭,2025-12-18 20:23:17
JHJY-20251218-00035293,795-000133,线束安装附件包,外购,生产项目采购申请单,已投放,480.0000,480.0000,2026-02-17,2026-02-17,2026-02-17,2026-02-27,2026-02-27,2026-02-27,MRP-20251218-00000100,480.0000,,2025-12-19 21:21:17,朱杰倩,YCD2025121600000034,投放关闭,2025-12-18 20:23:17
JHJY-20251218-00035328,165-002976,友农_插秧机_蘑菇头支架组件（产品铭牌+二维码铭牌+钢印）,外购,生产项目采购申请单,已投放,80.0000,80.0000,2026-01-09,2026-01-09,2026-01-09,2026-01-30,2026-01-30,2026-01-30,MRP-20251218-00000100,80.0000,,2025-12-18 21:32:27,朱杰倩,YCD2025121600000033,投放关闭,2025-12-18 20:23:17
JHJY-20251218-00035329,165-002976,友农_插秧机_蘑菇头支架组件（产品铭牌+二维码铭牌+钢印）,外购,生产项目采购申请单,已投放,1344.0000,1344.0000,2026-02-06,2026-02-06,2026-02-06,2026-02-27,2026-02-27,2026-02-27,MRP-20251218-00000100,1344.0000,,2025-12-18 21:32:27,朱杰倩,YCD2025121600000034,投放关闭,2025-12-18 20:23:17
JHJY-20251218-00035354,838-000294,HX---GPS蘑菇头天线HPS320(黄色),外购,生产项目采购申请单,已投放,864.0000,864.0000,2025-12-25,2025-12-25,2025-12-25,2026-01-29,2026-01-29,2026-01-29,MRP-20251218-00000100,864.0000,,2025-12-19 21:21:17,朱杰倩,YCD2025121600000033,投放关闭,2025-12-18 20:23:17
JHJY-20251218-00035355,838-000294,HX---GPS蘑菇头天线HPS320(黄色),外购,生产项目采购申请单,已投放,32.0000,32.0000,2025-12-25,2025-12-25,2025-12-25,2026-01-29,2026-01-29,2026-01-29,MRP-20251218-00000100,32.0000,,2025-12-19 21:21:17,朱杰倩,YCD2025121600000033,投放关闭,2025-12-18 20:23:17
JHJY-20251218-00035356,838-000294,HX---GPS蘑菇头天线HPS320(黄色),外购,生产项目采购申请单,已投放,8.0000,8.0000,2025-12-25,2025-12-25,2025-12-25,2026-01-29,2026-01-29,2026-01-29,MRP-20251218-00000100,8.0000,,2025-12-19 21:21:17,朱杰倩,YCD2025121600000033,投放关闭,2025-12-18 20:23:17
JHJY-20251218-00035357,838-000294,HX---GPS蘑菇头天线HPS320(黄色),外购,生产项目采购申请单,已投放,48.0000,48.0000,2025-12-25,2025-12-25,2025-12-25,2026-01-29,2026-01-29,2026-01-29,MRP-20251218-00000100,48.0000,,2025-12-19 21:21:17,朱杰倩,YCD2025121600000033,投放关闭,2025-12-18 20:23:17
JHJY-20251218-00035358,838-000294,HX---GPS蘑菇头天线HPS320(黄色),外购,生产项目采购申请单,已投放,1284.0000,1284.0000,2026-01-22,2026-01-22,2026-01-22,2026-02-26,2026-02-26,2026-02-26,MRP-20251218-00000100,1284.0000,,2025-12-19 21:21:17,朱杰倩,YCD2025121600000034,投放关闭,2025-12-18 20:23:17
JHJY-20251218-00035362,838-000213,408蘑菇头天线底座及固定座（海积）,外购,生产项目采购申请单,已投放,1211.0000,1211.0000,2025-12-25,2025-12-25,2025-12-25,2026-01-29,2026-01-29,2026-01-29,MRP-20251218-00000100,1211.0000,,2025-12-19 21:21:17,朱杰倩,YCD2025121600000033,投放关闭,2025-12-18 20:23:17
JHJY-20251218-00035364,838-000213,408蘑菇头天线底座及固定座（海积）,外购,生产项目采购申请单,已投放,8.0000,8.0000,2025-12-25,2025-12-25,2025-12-25,2026-01-29,2026-01-29,2026-01-29,MRP-20251218-00000100,8.0000,,2025-12-19 21:21:17,朱杰倩,YCD2025121600000033,投放关闭,2025-12-18 20:23:17
JHJY-20251218-00035363,838-000213,408蘑菇头天线底座及固定座（海积）,外购,生产项目采购申请单,已投放,32.0000,32.0000,2025-12-25,2025-12-25,2025-12-25,2026-01-29,2026-01-29,2026-01-29,MRP-20251218-00000100,32.0000,,2025-12-19 21:21:17,朱杰倩,YCD2025121600000033,投放关闭,2025-12-18 20:23:17
JHJY-20251218-00035366,838-000213,408蘑菇头天线底座及固定座（海积）,外购,生产项目采购申请单,已投放,1284.0000,1284.0000,2026-01-22,2026-01-22,2026-01-22,2026-02-26,2026-02-26,2026-02-26,MRP-20251218-00000100,1284.0000,,2025-12-19 21:21:17,朱杰倩,YCD2025121600000034,投放关闭,2025-12-18 20:23:17
JHJY-20251218-00035365,838-000213,408蘑菇头天线底座及固定座（海积）,外购,生产项目采购申请单,已投放,48.0000,48.0000,2025-12-25,2025-12-25,2025-12-25,2026-01-29,2026-01-29,2026-01-29,MRP-20251218-00000100,48.0000,,2025-12-19 21:21:17,朱杰倩,YCD2025121600000033,投放关闭,2025-12-18 20:23:17
JHJY-20251218-00035385,165-002528,插秧机方向盘LOGO贴(YN新),外购,生产项目采购申请单,已投放,334.0000,334.0000,2026-02-25,2026-02-25,2026-02-25,2026-02-26,2026-02-26,2026-02-26,MRP-20251218-00000100,334.0000,,2025-12-19 21:21:17,朱杰倩,YCD2025121600000034,投放关闭,2025-12-18 20:23:17
JHJY-20251218-00035386,165-002117,插秧机方向盘盖板(不带LOGO),外购,生产项目采购申请单,已投放,770.0000,770.0000,2026-02-05,2026-02-05,2026-02-05,2026-02-26,2026-02-26,2026-02-26,MRP-20251218-00000100,770.0000,,2025-12-19 21:21:17,朱杰倩,YCD2025121600000034,投放关闭,2025-12-18 20:23:17
JHJY-20251218-00035407,165-000120,308终端RAM支架,外购,生产项目采购申请单,已投放,748.0000,748.0000,2026-01-28,2026-01-28,2026-01-28,2026-02-27,2026-02-27,2026-02-27,MRP-20251218-00000100,748.0000,,2025-12-19 21:21:17,朱杰倩,YCD2025121600000034,投放关闭,2025-12-18 20:23:17
JHJY-20251218-00035408,165-000120,308终端RAM支架,外购,生产项目采购申请单,已投放,192.0000,192.0000,2026-01-28,2026-01-28,2026-01-28,2026-02-27,2026-02-27,2026-02-27,MRP-20251218-00000100,192.0000,,2025-12-19 21:21:17,朱杰倩,YCD2025121600000034,投放关闭,2025-12-18 20:23:17
JHJY-20251218-00035409,165-000120,308终端RAM支架,外购,生产项目采购申请单,已投放,1429.0000,1429.0000,2026-01-28,2026-01-28,2026-01-28,2026-02-27,2026-02-27,2026-02-27,MRP-20251218-00000100,1429.0000,,2025-12-19 21:21:17,朱杰倩,YCD2025121600000034,投放关闭,2025-12-18 20:23:17
JHJY-20251218-00035410,165-000120,308终端RAM支架,外购,生产项目采购申请单,已投放,48.0000,48.0000,2026-01-28,2026-01-28,2026-01-28,2026-02-27,2026-02-27,2026-02-27,MRP-20251218-00000100,48.0000,,2025-12-19 21:21:17,朱杰倩,YCD2025121600000034,投放关闭,2025-12-18 20:23:17
JHJY-20251218-00035415,606-000853,I406 预组装珍珠棉内托,外购,生产项目采购申请单,已投放,480.0000,480.0000,2026-01-15,2026-01-15,2026-01-15,2026-01-29,2026-01-29,2026-01-29,MRP-20251218-00000100,480.0000,,2025-12-18 21:32:27,朱杰倩,YCD2025121600000033,投放关闭,2025-12-18 20:23:17
JHJY-20251218-00035416,606-000853,I406 预组装珍珠棉内托,外购,生产项目采购申请单,已投放,1344.0000,1344.0000,2026-02-12,2026-02-12,2026-02-12,2026-02-26,2026-02-26,2026-02-26,MRP-20251218-00000100,1344.0000,,2025-12-18 21:32:27,朱杰倩,YCD2025121600000034,投放关闭,2025-12-18 20:23:17
JHJY-20251218-00035431,795-000349,IMU蘑菇头显示终端安装附件包,外购,生产项目采购申请单,已投放,557.0000,557.0000,2026-02-11,2026-02-11,2026-02-11,2026-02-26,2026-02-26,2026-02-26,MRP-20251218-00000100,557.0000,,2025-12-19 21:21:17,朱杰倩,YCD2025121600000034,投放关闭,2025-12-18 20:23:17
JHJY-20251218-00035432,795-000349,IMU蘑菇头显示终端安装附件包,外购,生产项目采购申请单,已投放,42.0000,42.0000,2026-02-11,2026-02-11,2026-02-11,2026-02-26,2026-02-26,2026-02-26,MRP-20251218-00000100,42.0000,,2025-12-19 21:21:17,朱杰倩,YCD2025121600000034,投放关闭,2025-12-18 20:23:17
JHJY-20251218-00035433,795-000349,IMU蘑菇头显示终端安装附件包,外购,生产项目采购申请单,已投放,1284.0000,1284.0000,2026-02-12,2026-02-12,2026-02-12,2026-02-27,2026-02-27,2026-02-27,MRP-20251218-00000100,1284.0000,,2025-12-19 21:21:17,朱杰倩,YCD2025121600000034,投放关闭,2025-12-18 20:23:17
JHJY-20251218-00035434,795-000349,IMU蘑菇头显示终端安装附件包,外购,生产项目采购申请单,已投放,192.0000,192.0000,2026-02-12,2026-02-12,2026-02-12,2026-02-27,2026-02-27,2026-02-27,MRP-20251218-00000100,192.0000,,2025-12-19 21:21:17,朱杰倩,YCD2025121600000034,投放关闭,2025-12-18 20:23:17
JHJY-20251218-00035435,795-000349,IMU蘑菇头显示终端安装附件包,外购,生产项目采购申请单,已投放,48.0000,48.0000,2026-02-12,2026-02-12,2026-02-12,2026-02-27,2026-02-27,2026-02-27,MRP-20251218-00000100,48.0000,,2025-12-19 21:21:17,朱杰倩,YCD2025121600000034,投放关闭,2025-12-18 20:23:17
JHJY-20251218-00035440,165-000257,1号电机支架底板圆柱（L=100mm）,外购,生产项目采购申请单,已投放,2307.0000,2307.0000,2026-01-02,2026-01-02,2026-01-02,2026-01-30,2026-01-30,2026-01-30,MRP-20251218-00000100,2307.0000,,2025-12-19 21:21:17,朱杰倩,YCD2025121600000033,投放关闭,2025-12-18 20:23:17
JHJY-20251218-00035441,165-000257,1号电机支架底板圆柱（L=100mm）,外购,生产项目采购申请单,已投放,60.0000,60.0000,2026-01-02,2026-01-02,2026-01-02,2026-01-30,2026-01-30,2026-01-30,MRP-20251218-00000100,60.0000,,2025-12-19 21:21:17,朱杰倩,YCD2025121600000033,投放关闭,2025-12-18 20:23:17
JHJY-20251218-00035442,165-000257,1号电机支架底板圆柱（L=100mm）,外购,生产项目采购申请单,已投放,24.0000,24.0000,2026-01-02,2026-01-02,2026-01-02,2026-01-30,2026-01-30,2026-01-30,MRP-20251218-00000100,24.0000,,2025-12-19 21:21:17,朱杰倩,YCD2025121600000033,投放关闭,2025-12-18 20:23:17
JHJY-20251218-00035443,165-000257,1号电机支架底板圆柱（L=100mm）,外购,生产项目采购申请单,已投放,48.0000,48.0000,2026-01-02,2026-01-02,2026-01-02,2026-01-30,2026-01-30,2026-01-30,MRP-20251218-00000100,48.0000,,2025-12-19 21:21:17,朱杰倩,YCD2025121600000033,投放关闭,2025-12-18 20:23:17
JHJY-20251218-00035444,165-000257,1号电机支架底板圆柱（L=100mm）,外购,生产项目采购申请单,已投放,228.0000,228.0000,2026-01-29,2026-01-29,2026-01-29,2026-02-26,2026-02-26,2026-02-26,MRP-20251218-00000100,228.0000,,2025-12-19 21:21:17,朱杰倩,YCD2025121600000034,投放关闭,2025-12-18 20:23:17
JHJY-20251218-00035446,165-000257,1号电机支架底板圆柱（L=100mm）,外购,生产项目采购申请单,已投放,42.0000,42.0000,2026-01-29,2026-01-29,2026-01-29,2026-02-26,2026-02-26,2026-02-26,MRP-20251218-00000100,42.0000,,2025-12-19 21:21:17,朱杰倩,YCD2025121600000034,投放关闭,2025-12-18 20:23:17
JHJY-20251218-00035447,165-000257,1号电机支架底板圆柱（L=100mm）,外购,生产项目采购申请单,已投放,1284.0000,1284.0000,2026-01-30,2026-01-30,2026-01-30,2026-02-27,2026-02-27,2026-02-27,MRP-20251218-00000100,1284.0000,,2025-12-19 21:21:17,朱杰倩,YCD2025121600000034,投放关闭,2025-12-18 20:23:17
JHJY-20251218-00035445,165-000257,1号电机支架底板圆柱（L=100mm）,外购,生产项目采购申请单,已投放,2047.0000,2047.0000,2026-01-29,2026-01-29,2026-01-29,2026-02-26,2026-02-26,2026-02-26,MRP-20251218-00000100,2047.0000,,2025-12-19 21:21:17,朱杰倩,YCD2025121600000034,投放关闭,2025-12-18 20:23:17
JHJY-20251218-00035449,165-000257,1号电机支架底板圆柱（L=100mm）,外购,生产项目采购申请单,已投放,48.0000,48.0000,2026-01-30,2026-01-30,2026-01-30,2026-02-27,2026-02-27,2026-02-27,MRP-20251218-00000100,48.0000,,2025-12-19 21:21:17,朱杰倩,YCD2025121600000034,投放关闭,2025-12-18 20:23:17
JHJY-20251218-00035448,165-000257,1号电机支架底板圆柱（L=100mm）,外购,生产项目采购申请单,已投放,192.0000,192.0000,2026-01-30,2026-01-30,2026-01-30,2026-02-27,2026-02-27,2026-02-27,MRP-20251218-00000100,192.0000,,2025-12-19 21:21:17,朱杰倩,YCD2025121600000034,投放关闭,2025-12-18 20:23:17
JHJY-20251218-00035468,795-000865,电机1号安装支架附件包,外购,生产项目采购申请单,已投放,71.0000,71.0000,2025-12-19,2025-12-19,2025-12-19,2025-12-29,2025-12-29,2025-12-29,MRP-20251218-00000100,71.0000,,2025-12-19 21:21:17,朱杰倩,YCD2025120300000014,投放关闭,2025-12-18 20:23:17
JHJY-20251218-00035469,795-000865,电机1号安装支架附件包,外购,生产项目采购申请单,已投放,1675.0000,1675.0000,2026-01-19,2026-01-19,2026-01-19,2026-01-29,2026-01-29,2026-01-29,MRP-20251218-00000100,1675.0000,,2025-12-19 21:21:17,朱杰倩,YCD2025121600000033,投放关闭,2025-12-18 20:23:17
JHJY-20251218-00035470,795-000865,电机1号安装支架附件包,外购,生产项目采购申请单,已投放,144.0000,144.0000,2026-01-19,2026-01-19,2026-01-19,2026-01-29,2026-01-29,2026-01-29,MRP-20251218-00000100,144.0000,,2025-12-19 21:21:17,朱杰倩,YCD2025121600000033,投放关闭,2025-12-18 20:23:17
JHJY-20251218-00035471,795-000865,电机1号安装支架附件包,外购,生产项目采购申请单,已投放,480.0000,480.0000,2026-01-19,2026-01-19,2026-01-19,2026-01-29,2026-01-29,2026-01-29,MRP-20251218-00000100,480.0000,,2025-12-19 21:21:17,朱杰倩,YCD2025121600000033,投放关闭,2025-12-18 20:23:17
JHJY-20251218-00035472,795-000865,电机1号安装支架附件包,外购,生产项目采购申请单,已投放,70.0000,70.0000,2026-01-19,2026-01-19,2026-01-19,2026-01-29,2026-01-29,2026-01-29,MRP-20251218-00000100,70.0000,,2025-12-19 21:21:17,朱杰倩,YCD2025121600000033,投放关闭,2025-12-18 20:23:17
JHJY-20251218-00035473,795-000865,电机1号安装支架附件包,外购,生产项目采购申请单,已投放,228.0000,228.0000,2026-02-16,2026-02-16,2026-02-16,2026-02-26,2026-02-26,2026-02-26,MRP-20251218-00000100,228.0000,,2025-12-19 21:21:17,朱杰倩,YCD2025121600000034,投放关闭,2025-12-18 20:23:17
JHJY-20251218-00035474,795-000865,电机1号安装支架附件包,外购,生产项目采购申请单,已投放,2047.0000,2047.0000,2026-02-16,2026-02-16,2026-02-16,2026-02-26,2026-02-26,2026-02-26,MRP-20251218-00000100,2047.0000,,2025-12-19 21:21:17,朱杰倩,YCD2025121600000034,投放关闭,2025-12-18 20:23:17
JHJY-20251218-00035475,795-000865,电机1号安装支架附件包,外购,生产项目采购申请单,已投放,1344.0000,1344.0000,2026-02-16,2026-02-16,2026-02-16,2026-02-26,2026-02-26,2026-02-26,MRP-20251218-00000100,1344.0000,,2025-12-19 21:21:17,朱杰倩,YCD2025121600000034,投放关闭,2025-12-18 20:23:17
JHJY-20251218-00035476,795-000865,电机1号安装支架附件包,外购,生产项目采购申请单,已投放,42.0000,42.0000,2026-02-16,2026-02-16,2026-02-16,2026-02-26,2026-02-26,2026-02-26,MRP-20251218-00000100,42.0000,,2025-12-19 21:21:17,朱杰倩,YCD2025121600000034,投放关闭,2025-12-18 20:23:17
JHJY-20251218-00035480,795-000302,电机安装附件包,外购,生产项目采购申请单,已投放,1974.0000,1974.0000,2026-01-16,2026-01-16,2026-01-16,2026-01-30,2026-01-30,2026-01-30,MRP-20251218-00000100,1974.0000,,2025-12-19 21:21:17,朱杰倩,YCD2025121600000033,投放关闭,2025-12-18 20:23:17
JHJY-20251218-00035481,795-000302,电机安装附件包,外购,生产项目采购申请单,已投放,60.0000,60.0000,2026-01-16,2026-01-16,2026-01-16,2026-01-30,2026-01-30,2026-01-30,MRP-20251218-00000100,60.0000,,2025-12-19 21:21:17,朱杰倩,YCD2025121600000033,投放关闭,2025-12-18 20:23:17
JHJY-20251218-00035482,795-000302,电机安装附件包,外购,生产项目采购申请单,已投放,24.0000,24.0000,2026-01-16,2026-01-16,2026-01-16,2026-01-30,2026-01-30,2026-01-30,MRP-20251218-00000100,24.0000,,2025-12-19 21:21:17,朱杰倩,YCD2025121600000033,投放关闭,2025-12-18 20:23:17
JHJY-20251218-00035483,795-000302,电机安装附件包,外购,生产项目采购申请单,已投放,48.0000,48.0000,2026-01-16,2026-01-16,2026-01-16,2026-01-30,2026-01-30,2026-01-30,MRP-20251218-00000100,48.0000,,2025-12-19 21:21:17,朱杰倩,YCD2025121600000033,投放关闭,2025-12-18 20:23:17
JHJY-20251218-00035484,795-000302,电机安装附件包,外购,生产项目采购申请单,已投放,1344.0000,1344.0000,2026-02-12,2026-02-12,2026-02-12,2026-02-26,2026-02-26,2026-02-26,MRP-20251218-00000100,1344.0000,,2025-12-19 21:21:17,朱杰倩,YCD2025121600000034,投放关闭,2025-12-18 20:23:17
JHJY-20251218-00035486,795-000302,电机安装附件包,外购,生产项目采购申请单,已投放,1284.0000,1284.0000,2026-02-13,2026-02-13,2026-02-13,2026-02-27,2026-02-27,2026-02-27,MRP-20251218-00000100,1284.0000,,2025-12-19 21:21:17,朱杰倩,YCD2025121600000034,投放关闭,2025-12-18 20:23:17
JHJY-20251218-00035487,795-000302,电机安装附件包,外购,生产项目采购申请单,已投放,192.0000,192.0000,2026-02-13,2026-02-13,2026-02-13,2026-02-27,2026-02-27,2026-02-27,MRP-20251218-00000100,192.0000,,2025-12-19 21:21:17,朱杰倩,YCD2025121600000034,投放关闭,2025-12-18 20:23:17
JHJY-20251218-00035485,795-000302,电机安装附件包,外购,生产项目采购申请单,已投放,120.0000,120.0000,2026-02-13,2026-02-13,2026-02-13,2026-02-27,2026-02-27,2026-02-27,MRP-20251218-00000100,120.0000,,2025-12-19 21:21:17,朱杰倩,YCD2025121600000034,投放关闭,2025-12-18 20:23:17
JHJY-20251218-00035488,795-000302,电机安装附件包,外购,生产项目采购申请单,已投放,48.0000,48.0000,2026-02-13,2026-02-13,2026-02-13,2026-02-27,2026-02-27,2026-02-27,MRP-20251218-00000100,48.0000,,2025-12-19 21:21:17,朱杰倩,YCD2025121600000034,投放关闭,2025-12-18 20:23:17
JHJY-20251218-00035494,795-000728,终端RAM支架U型底座安装附件包,外购,生产项目采购申请单,已投放,275.0000,275.0000,2025-12-18,2025-12-18,2025-12-18,2025-12-29,2025-12-29,2025-12-29,MRP-20251218-00000100,275.0000,,2025-12-19 21:21:17,朱杰倩,YCD2025120300000014,投放关闭,2025-12-18 20:23:17
JHJY-20251218-00035495,795-000728,终端RAM支架U型底座安装附件包,外购,生产项目采购申请单,已投放,1675.0000,1675.0000,2025-12-30,2025-12-30,2025-12-30,2026-01-29,2026-01-29,2026-01-29,MRP-20251218-00000100,1675.0000,,2025-12-19 21:21:17,朱杰倩,YCD2025121600000033,投放关闭,2025-12-18 20:23:17
JHJY-20251218-00035496,795-000728,终端RAM支架U型底座安装附件包,外购,生产项目采购申请单,已投放,144.0000,144.0000,2025-12-30,2025-12-30,2025-12-30,2026-01-29,2026-01-29,2026-01-29,MRP-20251218-00000100,144.0000,,2025-12-19 21:21:17,朱杰倩,YCD2025121600000033,投放关闭,2025-12-18 20:23:17
JHJY-20251218-00035497,795-000728,终端RAM支架U型底座安装附件包,外购,生产项目采购申请单,已投放,480.0000,480.0000,2025-12-30,2025-12-30,2025-12-30,2026-01-29,2026-01-29,2026-01-29,MRP-20251218-00000100,480.0000,,2025-12-19 21:21:17,朱杰倩,YCD2025121600000033,投放关闭,2025-12-18 20:23:17
JHJY-20251218-00035498,795-000728,终端RAM支架U型底座安装附件包,外购,生产项目采购申请单,已投放,70.0000,70.0000,2025-12-30,2025-12-30,2025-12-30,2026-01-29,2026-01-29,2026-01-29,MRP-20251218-00000100,70.0000,,2025-12-19 21:21:17,朱杰倩,YCD2025121600000033,投放关闭,2025-12-18 20:23:17
JHJY-20251218-00035499,795-000728,终端RAM支架U型底座安装附件包,外购,生产项目采购申请单,已投放,60.0000,60.0000,2025-12-31,2025-12-31,2025-12-31,2026-01-30,2026-01-30,2026-01-30,MRP-20251218-00000100,60.0000,,2025-12-19 21:21:17,朱杰倩,YCD2025121600000033,投放关闭,2025-12-18 20:23:17
JHJY-20251218-00035501,795-000728,终端RAM支架U型底座安装附件包,外购,生产项目采购申请单,已投放,60.0000,60.0000,2025-12-31,2025-12-31,2025-12-31,2026-01-30,2026-01-30,2026-01-30,MRP-20251218-00000100,60.0000,,2025-12-19 21:21:17,朱杰倩,YCD2025121600000033,投放关闭,2025-12-18 20:23:17
JHJY-20251218-00035500,795-000728,终端RAM支架U型底座安装附件包,外购,生产项目采购申请单,已投放,2400.0000,2400.0000,2025-12-31,2025-12-31,2025-12-31,2026-01-30,2026-01-30,2026-01-30,MRP-20251218-00000100,2400.0000,,2025-12-19 21:21:17,朱杰倩,YCD2025121600000033,投放关闭,2025-12-18 20:23:17
JHJY-20251218-00035502,795-000728,终端RAM支架U型底座安装附件包,外购,生产项目采购申请单,已投放,24.0000,24.0000,2025-12-31,2025-12-31,2025-12-31,2026-01-30,2026-01-30,2026-01-30,MRP-20251218-00000100,24.0000,,2025-12-19 21:21:17,朱杰倩,YCD2025121600000033,投放关闭,2025-12-18 20:23:17
JHJY-20251218-00035503,795-000728,终端RAM支架U型底座安装附件包,外购,生产项目采购申请单,已投放,48.0000,48.0000,2025-12-31,2025-12-31,2025-12-31,2026-01-30,2026-01-30,2026-01-30,MRP-20251218-00000100,48.0000,,2025-12-19 21:21:17,朱杰倩,YCD2025121600000033,投放关闭,2025-12-18 20:23:17
JHJY-20251218-00035504,795-000728,终端RAM支架U型底座安装附件包,外购,生产项目采购申请单,已投放,228.0000,228.0000,2026-01-27,2026-01-27,2026-01-27,2026-02-26,2026-02-26,2026-02-26,MRP-20251218-00000100,228.0000,,2025-12-19 21:21:17,朱杰倩,YCD2025121600000034,投放关闭,2025-12-18 20:23:17
JHJY-20251218-00035505,795-000728,终端RAM支架U型底座安装附件包,外购,生产项目采购申请单,已投放,2047.0000,2047.0000,2026-01-27,2026-01-27,2026-01-27,2026-02-26,2026-02-26,2026-02-26,MRP-20251218-00000100,2047.0000,,2025-12-19 21:21:17,朱杰倩,YCD2025121600000034,投放关闭,2025-12-18 20:23:17
JHJY-20251218-00035506,795-000728,终端RAM支架U型底座安装附件包,外购,生产项目采购申请单,已投放,1344.0000,1344.0000,2026-01-27,2026-01-27,2026-01-27,2026-02-26,2026-02-26,2026-02-26,MRP-20251218-00000100,1344.0000,,2025-12-19 21:21:17,朱杰倩,YCD2025121600000034,投放关闭,2025-12-18 20:23:17
JHJY-20251218-00035507,795-000728,终端RAM支架U型底座安装附件包,外购,生产项目采购申请单,已投放,42.0000,42.0000,2026-01-27,2026-01-27,2026-01-27,2026-02-26,2026-02-26,2026-02-26,MRP-20251218-00000100,42.0000,,2025-12-19 21:21:17,朱杰倩,YCD2025121600000034,投放关闭,2025-12-18 20:23:17
JHJY-20251218-00035511,795-000728,终端RAM支架U型底座安装附件包,外购,生产项目采购申请单,已投放,48.0000,48.0000,2026-01-28,2026-01-28,2026-01-28,2026-02-27,2026-02-27,2026-02-27,MRP-20251218-00000100,48.0000,,2025-12-19 21:21:17,朱杰倩,YCD2025121600000034,投放关闭,2025-12-18 20:23:17
JHJY-20251218-00035508,795-000728,终端RAM支架U型底座安装附件包,外购,生产项目采购申请单,已投放,120.0000,120.0000,2026-01-28,2026-01-28,2026-01-28,2026-02-27,2026-02-27,2026-02-27,MRP-20251218-00000100,120.0000,,2025-12-19 21:21:17,朱杰倩,YCD2025121600000034,投放关闭,2025-12-18 20:23:17
JHJY-20251218-00035509,795-000728,终端RAM支架U型底座安装附件包,外购,生产项目采购申请单,已投放,1284.0000,1284.0000,2026-01-28,2026-01-28,2026-01-28,2026-02-27,2026-02-27,2026-02-27,MRP-20251218-00000100,1284.0000,,2025-12-19 21:21:17,朱杰倩,YCD2025121600000034,投放关闭,2025-12-18 20:23:17
JHJY-20251218-00035510,795-000728,终端RAM支架U型底座安装附件包,外购,生产项目采购申请单,已投放,192.0000,192.0000,2026-01-28,2026-01-28,2026-01-28,2026-02-27,2026-02-27,2026-02-27,MRP-20251218-00000100,192.0000,,2025-12-19 21:21:17,朱杰倩,YCD2025121600000034,投放关闭,2025-12-18 20:23:17
JHJY-20251218-00035512,606-000852,I406 预组装外箱,外购,生产项目采购申请单,已投放,480.0000,480.0000,2026-01-15,2026-01-15,2026-01-15,2026-01-29,2026-01-29,2026-01-29,MRP-20251218-00000100,480.0000,,2025-12-18 21:32:27,朱杰倩,YCD2025121600000033,投放关闭,2025-12-18 20:23:17
JHJY-20251218-00035513,606-000852,I406 预组装外箱,外购,生产项目采购申请单,已投放,1344.0000,1344.0000,2026-02-12,2026-02-12,2026-02-12,2026-02-26,2026-02-26,2026-02-26,MRP-20251218-00000100,1344.0000,,2025-12-18 21:32:27,朱杰倩,YCD2025121600000034,投放关闭,2025-12-18 20:23:17
JHJY-20251218-00035514,849-001021,M6X16不锈钢外六角三组合螺丝_半耐落,外购,生产项目采购申请单,已投放,865.0000,865.0000,2026-02-12,2026-02-12,2026-02-12,2026-02-26,2026-02-26,2026-02-26,MRP-20251218-00000100,865.0000,,2025-12-19 21:21:17,朱杰倩,YCD2025121600000034,投放关闭,2025-12-18 20:23:17
JHJY-20251218-00035515,849-001021,M6X16不锈钢外六角三组合螺丝_半耐落,外购,生产项目采购申请单,已投放,168.0000,168.0000,2026-02-12,2026-02-12,2026-02-12,2026-02-26,2026-02-26,2026-02-26,MRP-20251218-00000100,168.0000,,2025-12-19 21:21:17,朱杰倩,YCD2025121600000034,投放关闭,2025-12-18 20:23:17
JHJY-20251218-00035516,849-001021,M6X16不锈钢外六角三组合螺丝_半耐落,外购,生产项目采购申请单,已投放,912.0000,912.0000,2026-02-12,2026-02-12,2026-02-12,2026-02-26,2026-02-26,2026-02-26,MRP-20251218-00000100,912.0000,,2025-12-19 21:21:17,朱杰倩,YCD2025121600000034,投放关闭,2025-12-18 20:23:17
JHJY-20251218-00035517,849-001021,M6X16不锈钢外六角三组合螺丝_半耐落,外购,生产项目采购申请单,已投放,5376.0000,5376.0000,2026-02-13,2026-02-13,2026-02-13,2026-02-27,2026-02-27,2026-02-27,MRP-20251218-00000100,5376.0000,,2025-12-19 21:21:17,朱杰倩,YCD2025121600000034,投放关闭,2025-12-18 20:23:17
JHJY-20251218-00035518,795-000303,十字螺丝刀,外购,生产项目采购申请单,已投放,576.0000,576.0000,2026-02-11,2026-02-11,2026-02-11,2026-02-26,2026-02-26,2026-02-26,MRP-20251218-00000100,576.0000,,2025-12-19 21:21:17,朱杰倩,YCD2025121600000034,投放关闭,2025-12-18 20:23:17
JHJY-20251218-00035519,795-000303,十字螺丝刀,外购,生产项目采购申请单,已投放,42.0000,42.0000,2026-02-11,2026-02-11,2026-02-11,2026-02-26,2026-02-26,2026-02-26,MRP-20251218-00000100,42.0000,,2025-12-19 21:21:17,朱杰倩,YCD2025121600000034,投放关闭,2025-12-18 20:23:17
JHJY-20251218-00035520,795-000303,十字螺丝刀,外购,生产项目采购申请单,已投放,120.0000,120.0000,2026-02-12,2026-02-12,2026-02-12,2026-02-27,2026-02-27,2026-02-27,MRP-20251218-00000100,120.0000,,2025-12-19 21:21:17,朱杰倩,YCD2025121600000034,投放关闭,2025-12-18 20:23:17
JHJY-20251218-00035521,795-000303,十字螺丝刀,外购,生产项目采购申请单,已投放,1284.0000,1284.0000,2026-02-12,2026-02-12,2026-02-12,2026-02-27,2026-02-27,2026-02-27,MRP-20251218-00000100,1284.0000,,2025-12-19 21:21:17,朱杰倩,YCD2025121600000034,投放关闭,2025-12-18 20:23:17
JHJY-20251218-00035522,795-000303,十字螺丝刀,外购,生产项目采购申请单,已投放,192.0000,192.0000,2026-02-12,2026-02-12,2026-02-12,2026-02-27,2026-02-27,2026-02-27,MRP-20251218-00000100,192.0000,,2025-12-19 21:21:17,朱杰倩,YCD2025121600000034,投放关闭,2025-12-18 20:23:17
JHJY-20251218-00035523,795-000303,十字螺丝刀,外购,生产项目采购申请单,已投放,48.0000,48.0000,2026-02-12,2026-02-12,2026-02-12,2026-02-27,2026-02-27,2026-02-27,MRP-20251218-00000100,48.0000,,2025-12-19 21:21:17,朱杰倩,YCD2025121600000034,投放关闭,2025-12-18 20:23:17
JHJY-20251218-00035542,165-000298,显示终端RAM支架（U型球头底座）,外购,生产项目采购申请单,已投放,1091.0000,1091.0000,2026-02-17,2026-02-17,2026-02-17,2026-02-27,2026-02-27,2026-02-27,MRP-20251218-00000100,1091.0000,,2025-12-19 21:21:17,朱杰倩,YCD2025121600000034,投放关闭,2025-12-18 20:23:17
JHJY-20251218-00035543,165-000298,显示终端RAM支架（U型球头底座）,外购,生产项目采购申请单,已投放,42.0000,42.0000,2026-02-17,2026-02-17,2026-02-17,2026-02-27,2026-02-27,2026-02-27,MRP-20251218-00000100,42.0000,,2025-12-19 21:21:17,朱杰倩,YCD2025121600000034,投放关闭,2025-12-18 20:23:17
JHJY-20251218-00035550,849-000458,M5.0*14不锈钢杯头内六角机制螺钉,外购,生产项目采购申请单,已投放,40.0000,40.0000,2025-12-18,2025-12-18,2025-12-18,2025-12-18,2025-12-18,2025-12-18,MRP-20251218-00000100,40.0000,,2025-12-19 21:21:17,朱杰倩,YCD2025120300000014,投放关闭,2025-12-18 20:23:17
JHJY-20251218-00035552,849-000458,M5.0*14不锈钢杯头内六角机制螺钉,外购,生产项目采购申请单,已投放,800.0000,800.0000,2025-12-18,2025-12-18,2025-12-18,2025-12-29,2025-12-29,2025-12-29,MRP-20251218-00000100,800.0000,,2025-12-19 21:21:17,朱杰倩,YCD2025120300000014,投放关闭,2025-12-18 20:23:17
JHJY-20251218-00035551,849-000458,M5.0*14不锈钢杯头内六角机制螺钉,外购,生产项目采购申请单,已投放,176.0000,176.0000,2025-12-18,2025-12-18,2025-12-18,2025-12-18,2025-12-18,2025-12-18,MRP-20251218-00000100,176.0000,,2025-12-19 21:21:17,朱杰倩,YCD2025120300000014,投放关闭,2025-12-18 20:23:17
JHJY-20251218-00035553,849-000458,M5.0*14不锈钢杯头内六角机制螺钉,外购,生产项目采购申请单,已投放,480.0000,480.0000,2026-01-15,2026-01-15,2026-01-15,2026-01-30,2026-01-30,2026-01-30,MRP-20251218-00000100,480.0000,,2025-12-19 21:21:17,朱杰倩,YCD2025121600000033,投放关闭,2025-12-18 20:23:17
JHJY-20251218-00035554,849-000458,M5.0*14不锈钢杯头内六角机制螺钉,外购,生产项目采购申请单,已投放,9600.0000,9600.0000,2026-01-15,2026-01-15,2026-01-15,2026-01-30,2026-01-30,2026-01-30,MRP-20251218-00000100,9600.0000,,2025-12-19 21:21:17,朱杰倩,YCD2025121600000033,投放关闭,2025-12-18 20:23:17
JHJY-20251218-00035555,849-000458,M5.0*14不锈钢杯头内六角机制螺钉,外购,生产项目采购申请单,已投放,240.0000,240.0000,2026-01-15,2026-01-15,2026-01-15,2026-01-30,2026-01-30,2026-01-30,MRP-20251218-00000100,240.0000,,2025-12-19 21:21:17,朱杰倩,YCD2025121600000033,投放关闭,2025-12-18 20:23:17
JHJY-20251218-00035557,849-000458,M5.0*14不锈钢杯头内六角机制螺钉,外购,生产项目采购申请单,已投放,32.0000,32.0000,2026-01-15,2026-01-15,2026-01-15,2026-01-30,2026-01-30,2026-01-30,MRP-20251218-00000100,32.0000,,2025-12-19 21:21:17,朱杰倩,YCD2025121600000033,投放关闭,2025-12-18 20:23:17
JHJY-20251218-00035556,849-000458,M5.0*14不锈钢杯头内六角机制螺钉,外购,生产项目采购申请单,已投放,96.0000,96.0000,2026-01-15,2026-01-15,2026-01-15,2026-01-30,2026-01-30,2026-01-30,MRP-20251218-00000100,96.0000,,2025-12-19 21:21:17,朱杰倩,YCD2025121600000033,投放关闭,2025-12-18 20:23:17
JHJY-20251218-00035558,849-000458,M5.0*14不锈钢杯头内六角机制螺钉,外购,生产项目采购申请单,已投放,192.0000,192.0000,2026-01-15,2026-01-15,2026-01-15,2026-01-30,2026-01-30,2026-01-30,MRP-20251218-00000100,192.0000,,2025-12-19 21:21:17,朱杰倩,YCD2025121600000033,投放关闭,2025-12-18 20:23:17
JHJY-20251218-00035559,849-000458,M5.0*14不锈钢杯头内六角机制螺钉,外购,生产项目采购申请单,已投放,960.0000,960.0000,2026-02-12,2026-02-12,2026-02-12,2026-02-27,2026-02-27,2026-02-27,MRP-20251218-00000100,960.0000,,2025-12-19 21:21:17,朱杰倩,YCD2025121600000034,投放关闭,2025-12-18 20:23:17
JHJY-20251218-00035561,849-000458,M5.0*14不锈钢杯头内六角机制螺钉,外购,生产项目采购申请单,已投放,768.0000,768.0000,2026-02-12,2026-02-12,2026-02-12,2026-02-27,2026-02-27,2026-02-27,MRP-20251218-00000100,768.0000,,2025-12-19 21:21:17,朱杰倩,YCD2025121600000034,投放关闭,2025-12-18 20:23:17
JHJY-20251218-00035560,849-000458,M5.0*14不锈钢杯头内六角机制螺钉,外购,生产项目采购申请单,已投放,5136.0000,5136.0000,2026-02-12,2026-02-12,2026-02-12,2026-02-27,2026-02-27,2026-02-27,MRP-20251218-00000100,5136.0000,,2025-12-19 21:21:17,朱杰倩,YCD2025121600000034,投放关闭,2025-12-18 20:23:17
JHJY-20251218-00035562,849-000458,M5.0*14不锈钢杯头内六角机制螺钉,外购,生产项目采购申请单,已投放,192.0000,192.0000,2026-02-12,2026-02-12,2026-02-12,2026-02-27,2026-02-27,2026-02-27,MRP-20251218-00000100,192.0000,,2025-12-19 21:21:17,朱杰倩,YCD2025121600000034,投放关闭,2025-12-18 20:23:17
JHJY-20251218-00035571,165-002405,YN403_导电泡棉3,外购,生产项目采购申请单,已投放,949.0000,949.0000,2026-02-12,2026-02-12,2026-02-12,2026-02-26,2026-02-26,2026-02-26,MRP-20251218-00000100,949.0000,,2025-12-19 21:21:17,朱杰倩,YCD2025121600000034,投放关闭,2025-12-18 20:23:17
JHJY-20251218-00035572,165-002405,YN403_导电泡棉3,外购,生产项目采购申请单,已投放,1429.0000,1429.0000,2026-02-12,2026-02-12,2026-02-12,2026-02-26,2026-02-26,2026-02-26,MRP-20251218-00000100,1429.0000,,2025-12-19 21:21:17,朱杰倩,YCD2025121600000034,投放关闭,2025-12-18 20:23:17
JHJY-20251218-00035681,994-000606,YS221_M16-12P信号转接线,外购,生产项目采购申请单,已投放,1973.0000,1973.0000,2026-01-21,2026-01-21,2026-01-21,2026-02-25,2026-02-25,2026-02-25,MRP-20251218-00000100,1973.0000,,2025-12-19 21:21:17,朱杰倩,YCD2025121600000034,投放关闭,2025-12-18 20:23:17
JHJY-20251218-00035682,994-000606,YS221_M16-12P信号转接线,外购,生产项目采购申请单,已投放,42.0000,42.0000,2026-01-21,2026-01-21,2026-01-21,2026-02-25,2026-02-25,2026-02-25,MRP-20251218-00000100,42.0000,,2025-12-19 21:21:17,朱杰倩,YCD2025121600000034,投放关闭,2025-12-18 20:23:17
JHJY-20251218-00035684,994-000606,YS221_M16-12P信号转接线,外购,生产项目采购申请单,已投放,1344.0000,1344.0000,2026-01-22,2026-01-22,2026-01-22,2026-02-26,2026-02-26,2026-02-26,MRP-20251218-00000100,1344.0000,,2025-12-19 21:21:17,朱杰倩,YCD2025121600000034,投放关闭,2025-12-18 20:23:17
JHJY-20251218-00035683,994-000606,YS221_M16-12P信号转接线,外购,生产项目采购申请单,已投放,228.0000,228.0000,2026-01-21,2026-01-21,2026-01-21,2026-02-25,2026-02-25,2026-02-25,MRP-20251218-00000100,228.0000,,2025-12-19 21:21:17,朱杰倩,YCD2025121600000034,投放关闭,2025-12-18 20:23:17
JHJY-20251218-00035690,165-001226,408SIM卡盖硅胶泡棉,外购,生产项目采购申请单,已投放,2811.0000,2811.0000,2026-01-15,2026-01-15,2026-01-15,2026-01-29,2026-01-29,2026-01-29,MRP-20251218-00000100,2811.0000,,2025-12-19 21:21:17,朱杰倩,YCD2025121600000033,投放关闭,2025-12-18 20:23:17
JHJY-20251218-00035691,165-001226,408SIM卡盖硅胶泡棉,外购,生产项目采购申请单,已投放,12.0000,12.0000,2026-01-15,2026-01-15,2026-01-15,2026-01-29,2026-01-29,2026-01-29,MRP-20251218-00000100,12.0000,,2025-12-19 21:21:17,朱杰倩,YCD2025121600000033,投放关闭,2025-12-18 20:23:17
JHJY-20251218-00035692,165-001226,408SIM卡盖硅胶泡棉,外购,生产项目采购申请单,已投放,96.0000,96.0000,2026-01-15,2026-01-15,2026-01-15,2026-01-29,2026-01-29,2026-01-29,MRP-20251218-00000100,96.0000,,2025-12-19 21:21:17,朱杰倩,YCD2025121600000033,投放关闭,2025-12-18 20:23:17
JHJY-20251218-00035693,165-001226,408SIM卡盖硅胶泡棉,外购,生产项目采购申请单,已投放,96.0000,96.0000,2026-02-12,2026-02-12,2026-02-12,2026-02-26,2026-02-26,2026-02-26,MRP-20251218-00000100,96.0000,,2025-12-19 21:21:17,朱杰倩,YCD2025121600000034,投放关闭,2025-12-18 20:23:17
JHJY-20251218-00035694,165-001226,408SIM卡盖硅胶泡棉,外购,生产项目采购申请单,已投放,2568.0000,2568.0000,2026-02-12,2026-02-12,2026-02-12,2026-02-26,2026-02-26,2026-02-26,MRP-20251218-00000100,2568.0000,,2025-12-19 21:21:17,朱杰倩,YCD2025121600000034,投放关闭,2025-12-18 20:23:17
JHJY-20251218-00035695,165-001226,408SIM卡盖硅胶泡棉,外购,生产项目采购申请单,已投放,384.0000,384.0000,2026-02-12,2026-02-12,2026-02-12,2026-02-26,2026-02-26,2026-02-26,MRP-20251218-00000100,384.0000,,2025-12-19 21:21:17,朱杰倩,YCD2025121600000034,投放关闭,2025-12-18 20:23:17
JHJY-20251218-00035707,165-002646,YS221接收机防水硅胶件,外购,生产项目采购申请单,已投放,1965.0000,1965.0000,2026-02-04,2026-02-04,2026-02-04,2026-02-25,2026-02-25,2026-02-25,MRP-20251218-00000100,1965.0000,,2025-12-19 21:21:17,朱杰倩,YCD2025121600000034,投放关闭,2025-12-18 20:23:17
JHJY-20251218-00035708,165-002646,YS221接收机防水硅胶件,外购,生产项目采购申请单,已投放,42.0000,42.0000,2026-02-04,2026-02-04,2026-02-04,2026-02-25,2026-02-25,2026-02-25,MRP-20251218-00000100,42.0000,,2025-12-19 21:21:17,朱杰倩,YCD2025121600000034,投放关闭,2025-12-18 20:23:17
JHJY-20251218-00035710,165-002646,YS221接收机防水硅胶件,外购,生产项目采购申请单,已投放,1344.0000,1344.0000,2026-02-05,2026-02-05,2026-02-05,2026-02-26,2026-02-26,2026-02-26,MRP-20251218-00000100,1344.0000,,2025-12-19 21:21:17,朱杰倩,YCD2025121600000034,投放关闭,2025-12-18 20:23:17
JHJY-20251218-00035709,165-002646,YS221接收机防水硅胶件,外购,生产项目采购申请单,已投放,228.0000,228.0000,2026-02-04,2026-02-04,2026-02-04,2026-02-25,2026-02-25,2026-02-25,MRP-20251218-00000100,228.0000,,2025-12-19 21:21:17,朱杰倩,YCD2025121600000034,投放关闭,2025-12-18 20:23:17
JHJY-20251218-00035729,838-000403,YS221-TNC转IPEX连接线,外购,生产项目采购申请单,已投放,1602.0000,1602.0000,2026-01-28,2026-01-28,2026-01-28,2026-02-25,2026-02-25,2026-02-25,MRP-20251218-00000100,1602.0000,,2025-12-19 21:21:17,朱杰倩,YCD2025121600000034,投放关闭,2025-12-18 20:23:17
JHJY-20251218-00035731,838-000403,YS221-TNC转IPEX连接线,外购,生产项目采购申请单,已投放,1344.0000,1344.0000,2026-01-29,2026-01-29,2026-01-29,2026-02-26,2026-02-26,2026-02-26,MRP-20251218-00000100,1344.0000,,2025-12-19 21:21:17,朱杰倩,YCD2025121600000034,投放关闭,2025-12-18 20:23:17
JHJY-20251218-00035730,838-000403,YS221-TNC转IPEX连接线,外购,生产项目采购申请单,已投放,42.0000,42.0000,2026-01-28,2026-01-28,2026-01-28,2026-02-25,2026-02-25,2026-02-25,MRP-20251218-00000100,42.0000,,2025-12-19 21:21:17,朱杰倩,YCD2025121600000034,投放关闭,2025-12-18 20:23:17
JHJY-20251218-00035740,165-002647,GPS散热硅胶垫,外购,生产项目采购申请单,已投放,1964.0000,1964.0000,2026-02-11,2026-02-11,2026-02-11,2026-02-25,2026-02-25,2026-02-25,MRP-20251218-00000100,1964.0000,,2025-12-19 21:21:17,朱杰倩,YCD2025121600000034,投放关闭,2025-12-18 20:23:17
JHJY-20251218-00035741,165-002647,GPS散热硅胶垫,外购,生产项目采购申请单,已投放,42.0000,42.0000,2026-02-11,2026-02-11,2026-02-11,2026-02-25,2026-02-25,2026-02-25,MRP-20251218-00000100,42.0000,,2025-12-19 21:21:17,朱杰倩,YCD2025121600000034,投放关闭,2025-12-18 20:23:17
JHJY-20251218-00035742,165-002647,GPS散热硅胶垫,外购,生产项目采购申请单,已投放,228.0000,228.0000,2026-02-11,2026-02-11,2026-02-11,2026-02-25,2026-02-25,2026-02-25,MRP-20251218-00000100,228.0000,,2025-12-19 21:21:17,朱杰倩,YCD2025121600000034,投放关闭,2025-12-18 20:23:17
JHJY-20251218-00035743,165-002647,GPS散热硅胶垫,外购,生产项目采购申请单,已投放,1344.0000,1344.0000,2026-02-12,2026-02-12,2026-02-12,2026-02-26,2026-02-26,2026-02-26,MRP-20251218-00000100,1344.0000,,2025-12-19 21:21:17,朱杰倩,YCD2025121600000034,投放关闭,2025-12-18 20:23:17
JHJY-20251218-00035744,468-000565,YS221固定标签(国内),外购,生产项目采购申请单,已投放,497.0000,497.0000,2026-02-18,2026-02-18,2026-02-18,2026-02-25,2026-02-25,2026-02-25,MRP-20251218-00000100,497.0000,,2025-12-19 21:21:17,朱杰倩,YCD2025121600000034,投放关闭,2025-12-18 20:23:17
JHJY-20251218-00035745,468-000565,YS221固定标签(国内),外购,生产项目采购申请单,已投放,2047.0000,2047.0000,2026-02-18,2026-02-18,2026-02-18,2026-02-25,2026-02-25,2026-02-25,MRP-20251218-00000100,2047.0000,,2025-12-19 21:21:17,朱杰倩,YCD2025121600000034,投放关闭,2025-12-18 20:23:17
JHJY-20251218-00035746,468-000565,YS221固定标签(国内),外购,生产项目采购申请单,已投放,42.0000,42.0000,2026-02-18,2026-02-18,2026-02-18,2026-02-25,2026-02-25,2026-02-25,MRP-20251218-00000100,42.0000,,2025-12-19 21:21:17,朱杰倩,YCD2025121600000034,投放关闭,2025-12-18 20:23:17
JHJY-20251218-00035747,468-000565,YS221固定标签(国内),外购,生产项目采购申请单,已投放,228.0000,228.0000,2026-02-18,2026-02-18,2026-02-18,2026-02-25,2026-02-25,2026-02-25,MRP-20251218-00000100,228.0000,,2025-12-19 21:21:17,朱杰倩,YCD2025121600000034,投放关闭,2025-12-18 20:23:17
JHJY-20251218-00035748,468-000565,YS221固定标签(国内),外购,生产项目采购申请单,已投放,1344.0000,1344.0000,2026-02-19,2026-02-19,2026-02-19,2026-02-26,2026-02-26,2026-02-26,MRP-20251218-00000100,1344.0000,,2025-12-19 21:21:17,朱杰倩,YCD2025121600000034,投放关闭,2025-12-18 20:23:17
JHJY-20251218-00035751,165-002702,YS221接收机下壳(P+R),外购,生产项目采购申请单,已投放,699.0000,699.0000,2026-01-21,2026-01-21,2026-01-21,2026-02-25,2026-02-25,2026-02-25,MRP-20251218-00000100,699.0000,,2025-12-19 21:21:17,朱杰倩,YCD2025121600000034,投放关闭,2025-12-18 20:23:17
JHJY-20251218-00035752,165-002702,YS221接收机下壳(P+R),外购,生产项目采购申请单,已投放,2047.0000,2047.0000,2026-01-21,2026-01-21,2026-01-21,2026-02-25,2026-02-25,2026-02-25,MRP-20251218-00000100,2047.0000,,2025-12-19 21:21:17,朱杰倩,YCD2025121600000034,投放关闭,2025-12-18 20:23:17
JHJY-20251218-00035753,165-002702,YS221接收机下壳(P+R),外购,生产项目采购申请单,已投放,42.0000,42.0000,2026-01-21,2026-01-21,2026-01-21,2026-02-25,2026-02-25,2026-02-25,MRP-20251218-00000100,42.0000,,2025-12-19 21:21:17,朱杰倩,YCD2025121600000034,投放关闭,2025-12-18 20:23:17
JHJY-20251218-00035754,165-002702,YS221接收机下壳(P+R),外购,生产项目采购申请单,已投放,228.0000,228.0000,2026-01-21,2026-01-21,2026-01-21,2026-02-25,2026-02-25,2026-02-25,MRP-20251218-00000100,228.0000,,2025-12-19 21:21:17,朱杰倩,YCD2025121600000034,投放关闭,2025-12-18 20:23:17
JHJY-20251218-00035755,165-002702,YS221接收机下壳(P+R),外购,生产项目采购申请单,已投放,1344.0000,1344.0000,2026-01-22,2026-01-22,2026-01-22,2026-02-26,2026-02-26,2026-02-26,MRP-20251218-00000100,1344.0000,,2025-12-19 21:21:17,朱杰倩,YCD2025121600000034,投放关闭,2025-12-18 20:23:17
JHJY-20251218-00035764,468-000559,YN503_固定标签_国内,外购,生产项目采购申请单,已投放,1000.0000,1000.0000,2025-12-18,2025-12-18,2025-12-18,2025-12-18,2025-12-18,2025-12-18,MRP-20251218-00000100,1000.0000,,2025-12-19 21:21:17,朱杰倩,HDKJ-20251214-003,投放关闭,2025-12-18 20:23:17
JHJY-20251218-00035765,468-000559,YN503_固定标签_国内,外购,生产项目采购申请单,已投放,1000.0000,1000.0000,2025-12-18,2025-12-18,2025-12-18,2025-12-18,2025-12-18,2025-12-18,MRP-20251218-00000100,1000.0000,,2025-12-19 21:21:17,朱杰倩,HDKJ-20251218-008,投放关闭,2025-12-18 20:23:17
JHJY-20251218-00035766,468-000559,YN503_固定标签_国内,外购,生产项目采购申请单,已投放,14.0000,14.0000,2025-12-20,2025-12-20,2025-12-20,2025-12-27,2025-12-27,2025-12-27,MRP-20251218-00000100,14.0000,,2025-12-19 21:21:17,朱杰倩,YCD2025120300000014,投放关闭,2025-12-18 20:23:17
JHJY-20251218-00035767,468-000559,YN503_固定标签_国内,外购,生产项目采购申请单,已投放,198.0000,198.0000,2025-12-20,2025-12-20,2025-12-20,2025-12-27,2025-12-27,2025-12-27,MRP-20251218-00000100,198.0000,,2025-12-19 21:21:17,朱杰倩,YCD2025120300000014,投放关闭,2025-12-18 20:23:17
JHJY-20251218-00035768,468-000559,YN503_固定标签_国内,外购,生产项目采购申请单,已投放,144.0000,144.0000,2026-01-21,2026-01-21,2026-01-21,2026-01-28,2026-01-28,2026-01-28,MRP-20251218-00000100,144.0000,,2025-12-19 21:21:17,朱杰倩,YCD2025121600000033,投放关闭,2025-12-18 20:23:17
JHJY-20251218-00035769,468-000559,YN503_固定标签_国内,外购,生产项目采购申请单,已投放,1675.0000,1675.0000,2026-01-21,2026-01-21,2026-01-21,2026-01-28,2026-01-28,2026-01-28,MRP-20251218-00000100,1675.0000,,2025-12-19 21:21:17,朱杰倩,YCD2025121600000033,投放关闭,2025-12-18 20:23:17
JHJY-20251218-00035770,468-000559,YN503_固定标签_国内,外购,生产项目采购申请单,已投放,300.0000,300.0000,2026-01-23,2026-01-23,2026-01-23,2026-01-30,2026-01-30,2026-01-30,MRP-20251218-00000100,300.0000,,2025-12-19 21:21:17,朱杰倩,YCD2025121600000033,投放关闭,2025-12-18 20:23:17
JHJY-20251218-00035772,468-000559,YN503_固定标签_国内,外购,生产项目采购申请单,已投放,228.0000,228.0000,2026-02-18,2026-02-18,2026-02-18,2026-02-25,2026-02-25,2026-02-25,MRP-20251218-00000100,228.0000,,2025-12-19 21:21:17,朱杰倩,YCD2025121600000034,投放关闭,2025-12-18 20:23:17
JHJY-20251218-00035771,468-000559,YN503_固定标签_国内,外购,生产项目采购申请单,已投放,2047.0000,2047.0000,2026-02-18,2026-02-18,2026-02-18,2026-02-25,2026-02-25,2026-02-25,MRP-20251218-00000100,2047.0000,,2025-12-19 21:21:17,朱杰倩,YCD2025121600000034,投放关闭,2025-12-18 20:23:17
JHJY-20251218-00035787,165-002708,TNC防尘堵头,外购,生产项目采购申请单,已投放,1104.0000,1104.0000,2026-01-28,2026-01-28,2026-01-28,2026-02-25,2026-02-25,2026-02-25,MRP-20251218-00000100,1104.0000,,2025-12-19 21:21:17,朱杰倩,YCD2025121600000034,投放关闭,2025-12-18 20:23:17
JHJY-20251218-00035788,165-002708,TNC防尘堵头,外购,生产项目采购申请单,已投放,42.0000,42.0000,2026-01-28,2026-01-28,2026-01-28,2026-02-25,2026-02-25,2026-02-25,MRP-20251218-00000100,42.0000,,2025-12-19 21:21:17,朱杰倩,YCD2025121600000034,投放关闭,2025-12-18 20:23:17
JHJY-20251218-00035789,165-002708,TNC防尘堵头,外购,生产项目采购申请单,已投放,228.0000,228.0000,2026-01-28,2026-01-28,2026-01-28,2026-02-25,2026-02-25,2026-02-25,MRP-20251218-00000100,228.0000,,2025-12-19 21:21:17,朱杰倩,YCD2025121600000034,投放关闭,2025-12-18 20:23:17
JHJY-20251218-00035790,165-002708,TNC防尘堵头,外购,生产项目采购申请单,已投放,1344.0000,1344.0000,2026-01-29,2026-01-29,2026-01-29,2026-02-26,2026-02-26,2026-02-26,MRP-20251218-00000100,1344.0000,,2025-12-19 21:21:17,朱杰倩,YCD2025121600000034,投放关闭,2025-12-18 20:23:17
JHJY-20251218-00035802,165-002644,YS221接收机上壳,外购,生产项目采购申请单,已投放,1964.0000,1964.0000,2026-02-24,2026-02-24,2026-02-24,2026-02-25,2026-02-25,2026-02-25,MRP-20251218-00000100,1964.0000,,2025-12-19 21:21:17,朱杰倩,YCD2025121600000034,投放关闭,2025-12-18 20:23:17
JHJY-20251218-00035803,165-002644,YS221接收机上壳,外购,生产项目采购申请单,已投放,42.0000,42.0000,2026-02-24,2026-02-24,2026-02-24,2026-02-25,2026-02-25,2026-02-25,MRP-20251218-00000100,42.0000,,2025-12-19 21:21:17,朱杰倩,YCD2025121600000034,投放关闭,2025-12-18 20:23:17
JHJY-20251218-00035804,165-002644,YS221接收机上壳,外购,生产项目采购申请单,已投放,228.0000,228.0000,2026-02-24,2026-02-24,2026-02-24,2026-02-25,2026-02-25,2026-02-25,MRP-20251218-00000100,228.0000,,2025-12-19 21:21:17,朱杰倩,YCD2025121600000034,投放关闭,2025-12-18 20:23:17
JHJY-20251218-00035805,165-002644,YS221接收机上壳,外购,生产项目采购申请单,已投放,1344.0000,1344.0000,2026-02-25,2026-02-25,2026-02-25,2026-02-26,2026-02-26,2026-02-26,MRP-20251218-00000100,1344.0000,,2025-12-19 21:21:17,朱杰倩,YCD2025121600000034,投放关闭,2025-12-18 20:23:17
JHJY-20251218-00035813,364-000068,YN501_喇叭带线束(DD),外购,生产项目采购申请单,已投放,1000.0000,1000.0000,2025-12-18,2025-12-18,2025-12-18,2025-12-18,2025-12-18,2025-12-18,MRP-20251218-00000100,1000.0000,,2025-12-19 21:21:17,朱杰倩,HDKJ-20251218-008,投放关闭,2025-12-18 20:23:17
JHJY-20251218-00035814,364-000068,YN501_喇叭带线束(DD),外购,生产项目采购申请单,已投放,14.0000,14.0000,2025-12-18,2025-12-18,2025-12-18,2025-12-27,2025-12-27,2025-12-27,MRP-20251218-00000100,14.0000,,2025-12-19 21:21:17,朱杰倩,YCD2025120300000014,投放关闭,2025-12-18 20:23:17
JHJY-20251218-00035815,364-000068,YN501_喇叭带线束(DD),外购,生产项目采购申请单,已投放,198.0000,198.0000,2025-12-18,2025-12-18,2025-12-18,2025-12-27,2025-12-27,2025-12-27,MRP-20251218-00000100,198.0000,,2025-12-19 21:21:17,朱杰倩,YCD2025120300000014,投放关闭,2025-12-18 20:23:17
JHJY-20251218-00035816,364-000068,YN501_喇叭带线束(DD),外购,生产项目采购申请单,已投放,240.0000,240.0000,2025-12-18,2025-12-18,2025-12-18,2025-12-27,2025-12-27,2025-12-27,MRP-20251218-00000100,240.0000,,2025-12-19 21:21:17,朱杰倩,YCD2025120300000014,投放关闭,2025-12-18 20:23:17
JHJY-20251218-00035818,364-000068,YN501_喇叭带线束(DD),外购,生产项目采购申请单,已投放,1675.0000,1675.0000,2026-01-13,2026-01-13,2026-01-13,2026-01-28,2026-01-28,2026-01-28,MRP-20251218-00000100,1675.0000,,2025-12-19 21:21:17,朱杰倩,YCD2025121600000033,投放关闭,2025-12-18 20:23:17
JHJY-20251218-00035817,364-000068,YN501_喇叭带线束(DD),外购,生产项目采购申请单,已投放,144.0000,144.0000,2026-01-13,2026-01-13,2026-01-13,2026-01-28,2026-01-28,2026-01-28,MRP-20251218-00000100,144.0000,,2025-12-19 21:21:17,朱杰倩,YCD2025121600000033,投放关闭,2025-12-18 20:23:17
JHJY-20251218-00035819,364-000068,YN501_喇叭带线束(DD),外购,生产项目采购申请单,已投放,300.0000,300.0000,2026-01-15,2026-01-15,2026-01-15,2026-01-30,2026-01-30,2026-01-30,MRP-20251218-00000100,300.0000,,2025-12-19 21:21:17,朱杰倩,YCD2025121600000033,投放关闭,2025-12-18 20:23:17
JHJY-20251218-00035820,364-000068,YN501_喇叭带线束(DD),外购,生产项目采购申请单,已投放,50.0000,50.0000,2026-01-15,2026-01-15,2026-01-15,2026-01-30,2026-01-30,2026-01-30,MRP-20251218-00000100,50.0000,,2025-12-19 21:21:17,朱杰倩,YCD2025121600000033,投放关闭,2025-12-18 20:23:17
JHJY-20251218-00035821,364-000068,YN501_喇叭带线束(DD),外购,生产项目采购申请单,已投放,2047.0000,2047.0000,2026-02-10,2026-02-10,2026-02-10,2026-02-25,2026-02-25,2026-02-25,MRP-20251218-00000100,2047.0000,,2025-12-19 21:21:17,朱杰倩,YCD2025121600000034,投放关闭,2025-12-18 20:23:17
JHJY-20251218-00035822,364-000068,YN501_喇叭带线束(DD),外购,生产项目采购申请单,已投放,228.0000,228.0000,2026-02-10,2026-02-10,2026-02-10,2026-02-25,2026-02-25,2026-02-25,MRP-20251218-00000100,228.0000,,2025-12-19 21:21:17,朱杰倩,YCD2025121600000034,投放关闭,2025-12-18 20:23:17
JHJY-20251218-00035868,505-000036,YN501_LCD模组_带耳朵_(精创),外购,生产项目采购申请单,已投放,1697.0000,1697.0000,2025-12-18,2025-12-18,2025-12-18,2026-01-29,2026-01-29,2026-01-29,MRP-20251218-00000100,1697.0000,,2025-12-19 21:32:44,朱杰倩,YCD2025121600000033,投放关闭,2025-12-18 20:23:17
JHJY-20251218-00035869,505-000036,YN501_LCD模组_带耳朵_(精创),外购,生产项目采购申请单,已投放,48.0000,48.0000,2026-01-12,2026-01-12,2026-01-12,2026-02-26,2026-02-26,2026-02-26,MRP-20251218-00000100,48.0000,,2025-12-19 21:32:44,朱杰倩,YCD2025121600000034,投放关闭,2025-12-18 20:23:17
JHJY-20251218-00035870,505-000036,YN501_LCD模组_带耳朵_(精创),外购,生产项目采购申请单,已投放,1284.0000,1284.0000,2026-01-12,2026-01-12,2026-01-12,2026-02-26,2026-02-26,2026-02-26,MRP-20251218-00000100,1284.0000,,2025-12-19 21:32:44,朱杰倩,YCD2025121600000034,投放关闭,2025-12-18 20:23:17
JHJY-20251218-00035871,505-000036,YN501_LCD模组_带耳朵_(精创),外购,生产项目采购申请单,已投放,192.0000,192.0000,2026-01-12,2026-01-12,2026-01-12,2026-02-26,2026-02-26,2026-02-26,MRP-20251218-00000100,192.0000,,2025-12-19 21:32:44,朱杰倩,YCD2025121600000034,投放关闭,2025-12-18 20:23:17
JHJY-20251218-00035878,838-000184,YN408-TNC转IPEX连接线,外购,生产项目采购申请单,已投放,3341.0000,3341.0000,2026-01-28,2026-01-28,2026-01-28,2026-01-29,2026-01-29,2026-01-29,MRP-20251218-00000100,3341.0000,,2025-12-19 21:21:17,朱杰倩,YCD2025121600000033,投放关闭,2025-12-18 20:23:17
JHJY-20251218-00035880,838-000184,YN408-TNC转IPEX连接线,外购,生产项目采购申请单,已投放,2568.0000,2568.0000,2026-02-25,2026-02-25,2026-02-25,2026-02-26,2026-02-26,2026-02-26,MRP-20251218-00000100,2568.0000,,2025-12-19 21:21:17,朱杰倩,YCD2025121600000034,投放关闭,2025-12-18 20:23:17
JHJY-20251218-00035879,838-000184,YN408-TNC转IPEX连接线,外购,生产项目采购申请单,已投放,96.0000,96.0000,2026-02-25,2026-02-25,2026-02-25,2026-02-26,2026-02-26,2026-02-26,MRP-20251218-00000100,96.0000,,2025-12-19 21:21:17,朱杰倩,YCD2025121600000034,投放关闭,2025-12-18 20:23:17
JHJY-20251218-00035881,838-000184,YN408-TNC转IPEX连接线,外购,生产项目采购申请单,已投放,384.0000,384.0000,2026-02-25,2026-02-25,2026-02-25,2026-02-26,2026-02-26,2026-02-26,MRP-20251218-00000100,384.0000,,2025-12-19 21:21:17,朱杰倩,YCD2025121600000034,投放关闭,2025-12-18 20:23:17
JHJY-20251218-00035900,165-001267,YN501防水硅胶圈1,外购,生产项目采购申请单,已投放,1047.0000,1047.0000,2026-01-08,2026-01-08,2026-01-08,2026-01-29,2026-01-29,2026-01-29,MRP-20251218-00000100,1047.0000,,2025-12-19 19:50:23,朱杰倩,YCD2025121600000033,投放关闭,2025-12-18 20:23:17
JHJY-20251218-00035901,165-001267,YN501防水硅胶圈1,外购,生产项目采购申请单,已投放,48.0000,48.0000,2026-02-05,2026-02-05,2026-02-05,2026-02-26,2026-02-26,2026-02-26,MRP-20251218-00000100,48.0000,,2025-12-19 19:50:23,朱杰倩,YCD2025121600000034,投放关闭,2025-12-18 20:23:17
JHJY-20251218-00035902,165-001267,YN501防水硅胶圈1,外购,生产项目采购申请单,已投放,1284.0000,1284.0000,2026-02-05,2026-02-05,2026-02-05,2026-02-26,2026-02-26,2026-02-26,MRP-20251218-00000100,1284.0000,,2025-12-19 19:50:23,朱杰倩,YCD2025121600000034,投放关闭,2025-12-18 20:23:17
JHJY-20251218-00035903,165-001267,YN501防水硅胶圈1,外购,生产项目采购申请单,已投放,192.0000,192.0000,2026-02-05,2026-02-05,2026-02-05,2026-02-26,2026-02-26,2026-02-26,MRP-20251218-00000100,192.0000,,2025-12-19 19:50:23,朱杰倩,YCD2025121600000034,投放关闭,2025-12-18 20:23:17
JHJY-20251218-00035913,838-000178,YN408-WIFI天线（PCB）,外购,生产项目采购申请单,已投放,2053.0000,2053.0000,2026-01-28,2026-01-28,2026-01-28,2026-01-29,2026-01-29,2026-01-29,MRP-20251218-00000100,2053.0000,,2025-12-19 19:50:23,朱杰倩,YCD2025121600000033,投放关闭,2025-12-18 20:23:17
JHJY-20251218-00035914,838-000178,YN408-WIFI天线（PCB）,外购,生产项目采购申请单,已投放,48.0000,48.0000,2026-02-25,2026-02-25,2026-02-25,2026-02-26,2026-02-26,2026-02-26,MRP-20251218-00000100,48.0000,,2025-12-19 19:50:23,朱杰倩,YCD2025121600000034,投放关闭,2025-12-18 20:23:17
JHJY-20251218-00035916,838-000178,YN408-WIFI天线（PCB）,外购,生产项目采购申请单,已投放,192.0000,192.0000,2026-02-25,2026-02-25,2026-02-25,2026-02-26,2026-02-26,2026-02-26,MRP-20251218-00000100,192.0000,,2025-12-19 19:50:23,朱杰倩,YCD2025121600000034,投放关闭,2025-12-18 20:23:17
JHJY-20251218-00035915,838-000178,YN408-WIFI天线（PCB）,外购,生产项目采购申请单,已投放,1284.0000,1284.0000,2026-02-25,2026-02-25,2026-02-25,2026-02-26,2026-02-26,2026-02-26,MRP-20251218-00000100,1284.0000,,2025-12-19 19:50:23,朱杰倩,YCD2025121600000034,投放关闭,2025-12-18 20:23:17
JHJY-20251218-00035917,165-001484,YN501前壳（改版）,外购,生产项目采购申请单,已投放,2026.0000,2026.0000,2025-12-25,2025-12-25,2025-12-25,2026-01-29,2026-01-29,2026-01-29,MRP-20251218-00000100,2026.0000,,2025-12-19 19:50:23,朱杰倩,YCD2025121600000033,投放关闭,2025-12-18 20:23:17
JHJY-20251218-00035918,165-001484,YN501前壳（改版）,外购,生产项目采购申请单,已投放,48.0000,48.0000,2026-01-22,2026-01-22,2026-01-22,2026-02-26,2026-02-26,2026-02-26,MRP-20251218-00000100,48.0000,,2025-12-19 19:50:23,朱杰倩,YCD2025121600000034,投放关闭,2025-12-18 20:23:17
JHJY-20251218-00035919,165-001484,YN501前壳（改版）,外购,生产项目采购申请单,已投放,1284.0000,1284.0000,2026-01-22,2026-01-22,2026-01-22,2026-02-26,2026-02-26,2026-02-26,MRP-20251218-00000100,1284.0000,,2025-12-19 19:50:23,朱杰倩,YCD2025121600000034,投放关闭,2025-12-18 20:23:17
JHJY-20251218-00035920,165-001484,YN501前壳（改版）,外购,生产项目采购申请单,已投放,192.0000,192.0000,2026-01-22,2026-01-22,2026-01-22,2026-02-26,2026-02-26,2026-02-26,MRP-20251218-00000100,192.0000,,2025-12-19 19:50:23,朱杰倩,YCD2025121600000034,投放关闭,2025-12-18 20:23:17
JHJY-20251218-00035921,165-001269,YN501防水硅胶圈3,外购,生产项目采购申请单,已投放,1048.0000,1048.0000,2026-01-08,2026-01-08,2026-01-08,2026-01-29,2026-01-29,2026-01-29,MRP-20251218-00000100,1048.0000,,2025-12-19 19:50:23,朱杰倩,YCD2025121600000033,投放关闭,2025-12-18 20:23:17
JHJY-20251218-00035922,165-001269,YN501防水硅胶圈3,外购,生产项目采购申请单,已投放,48.0000,48.0000,2026-02-05,2026-02-05,2026-02-05,2026-02-26,2026-02-26,2026-02-26,MRP-20251218-00000100,48.0000,,2025-12-19 19:50:23,朱杰倩,YCD2025121600000034,投放关闭,2025-12-18 20:23:17
JHJY-20251218-00035924,165-001269,YN501防水硅胶圈3,外购,生产项目采购申请单,已投放,192.0000,192.0000,2026-02-05,2026-02-05,2026-02-05,2026-02-26,2026-02-26,2026-02-26,MRP-20251218-00000100,192.0000,,2025-12-19 19:50:23,朱杰倩,YCD2025121600000034,投放关闭,2025-12-18 20:23:17
JHJY-20251218-00035923,165-001269,YN501防水硅胶圈3,外购,生产项目采购申请单,已投放,1284.0000,1284.0000,2026-02-05,2026-02-05,2026-02-05,2026-02-26,2026-02-26,2026-02-26,MRP-20251218-00000100,1284.0000,,2025-12-19 19:50:23,朱杰倩,YCD2025121600000034,投放关闭,2025-12-18 20:23:17
JHJY-20251218-00035925,165-001486,YN501卡扣2,外购,生产项目采购申请单,已投放,4184.0000,4184.0000,2026-01-08,2026-01-08,2026-01-08,2026-01-29,2026-01-29,2026-01-29,MRP-20251218-00000100,4184.0000,,2025-12-19 21:21:17,朱杰倩,YCD2025121600000033,投放关闭,2025-12-18 20:23:17
JHJY-20251218-00035926,165-001486,YN501卡扣2,外购,生产项目采购申请单,已投放,96.0000,96.0000,2026-02-05,2026-02-05,2026-02-05,2026-02-26,2026-02-26,2026-02-26,MRP-20251218-00000100,96.0000,,2025-12-19 21:21:17,朱杰倩,YCD2025121600000034,投放关闭,2025-12-18 20:23:17
JHJY-20251218-00035927,165-001486,YN501卡扣2,外购,生产项目采购申请单,已投放,2568.0000,2568.0000,2026-02-05,2026-02-05,2026-02-05,2026-02-26,2026-02-26,2026-02-26,MRP-20251218-00000100,2568.0000,,2025-12-19 21:21:17,朱杰倩,YCD2025121600000034,投放关闭,2025-12-18 20:23:17
JHJY-20251218-00035928,165-001486,YN501卡扣2,外购,生产项目采购申请单,已投放,384.0000,384.0000,2026-02-05,2026-02-05,2026-02-05,2026-02-26,2026-02-26,2026-02-26,MRP-20251218-00000100,384.0000,,2025-12-19 21:21:17,朱杰倩,YCD2025121600000034,投放关闭,2025-12-18 20:23:17
JHJY-20251218-00035960,165-000772,YN501_散热硅胶垫6,外购,生产项目采购申请单,已投放,1912.0000,1912.0000,2026-01-15,2026-01-15,2026-01-15,2026-01-29,2026-01-29,2026-01-29,MRP-20251218-00000100,1912.0000,,2025-12-19 19:50:23,朱杰倩,YCD2025121600000033,投放关闭,2025-12-18 20:23:17
JHJY-20251218-00035961,165-000772,YN501_散热硅胶垫6,外购,生产项目采购申请单,已投放,48.0000,48.0000,2026-02-12,2026-02-12,2026-02-12,2026-02-26,2026-02-26,2026-02-26,MRP-20251218-00000100,48.0000,,2025-12-19 19:50:23,朱杰倩,YCD2025121600000034,投放关闭,2025-12-18 20:23:17
JHJY-20251218-00035962,165-000772,YN501_散热硅胶垫6,外购,生产项目采购申请单,已投放,1284.0000,1284.0000,2026-02-12,2026-02-12,2026-02-12,2026-02-26,2026-02-26,2026-02-26,MRP-20251218-00000100,1284.0000,,2025-12-19 19:50:23,朱杰倩,YCD2025121600000034,投放关闭,2025-12-18 20:23:17
JHJY-20251218-00035963,165-000772,YN501_散热硅胶垫6,外购,生产项目采购申请单,已投放,192.0000,192.0000,2026-02-12,2026-02-12,2026-02-12,2026-02-26,2026-02-26,2026-02-26,MRP-20251218-00000100,192.0000,,2025-12-19 19:50:23,朱杰倩,YCD2025121600000034,投放关闭,2025-12-18 20:23:17
JHJY-20251218-00035982,849-000208,M12*E19*L2.5六角螺帽,外购,生产项目采购申请单,已投放,806.0000,806.0000,2026-01-17,2026-01-17,2026-01-17,2026-02-26,2026-02-26,2026-02-26,MRP-20251218-00000100,806.0000,,2025-12-19 21:21:17,朱杰倩,YCD2025121600000034,投放关闭,2025-12-18 20:23:17
JHJY-20251218-00035983,849-000208,M12*E19*L2.5六角螺帽,外购,生产项目采购申请单,已投放,4287.0000,4287.0000,2026-01-17,2026-01-17,2026-01-17,2026-02-26,2026-02-26,2026-02-26,MRP-20251218-00000100,4287.0000,,2025-12-19 21:21:17,朱杰倩,YCD2025121600000034,投放关闭,2025-12-18 20:23:17
JHJY-20251218-00035985,849-000208,M12*E19*L2.5六角螺帽,外购,生产项目采购申请单,已投放,6420.0000,6420.0000,2026-01-17,2026-01-17,2026-01-17,2026-02-26,2026-02-26,2026-02-26,MRP-20251218-00000100,6420.0000,,2025-12-19 21:21:17,朱杰倩,YCD2025121600000034,投放关闭,2025-12-18 20:23:17
JHJY-20251218-00035984,849-000208,M12*E19*L2.5六角螺帽,外购,生产项目采购申请单,已投放,240.0000,240.0000,2026-01-17,2026-01-17,2026-01-17,2026-02-26,2026-02-26,2026-02-26,MRP-20251218-00000100,240.0000,,2025-12-19 21:21:17,朱杰倩,YCD2025121600000034,投放关闭,2025-12-18 20:23:17
JHJY-20251218-00035986,849-000208,M12*E19*L2.5六角螺帽,外购,生产项目采购申请单,已投放,960.0000,960.0000,2026-01-17,2026-01-17,2026-01-17,2026-02-26,2026-02-26,2026-02-26,MRP-20251218-00000100,960.0000,,2025-12-19 21:21:17,朱杰倩,YCD2025121600000034,投放关闭,2025-12-18 20:23:17
JHJY-20251218-00035987,165-001161,YN501_散热支架,外购,生产项目采购申请单,已投放,252.0000,252.0000,2026-01-01,2026-01-01,2026-01-01,2026-01-29,2026-01-29,2026-01-29,MRP-20251218-00000100,252.0000,,2025-12-19 19:50:23,朱杰倩,YCD2025121600000033,投放关闭,2025-12-18 20:23:17
JHJY-20251218-00035988,165-001161,YN501_散热支架,外购,生产项目采购申请单,已投放,48.0000,48.0000,2026-01-29,2026-01-29,2026-01-29,2026-02-26,2026-02-26,2026-02-26,MRP-20251218-00000100,48.0000,,2025-12-19 19:50:23,朱杰倩,YCD2025121600000034,投放关闭,2025-12-18 20:23:17
JHJY-20251218-00035989,165-001161,YN501_散热支架,外购,生产项目采购申请单,已投放,1284.0000,1284.0000,2026-01-29,2026-01-29,2026-01-29,2026-02-26,2026-02-26,2026-02-26,MRP-20251218-00000100,1284.0000,,2025-12-19 19:50:23,朱杰倩,YCD2025121600000034,投放关闭,2025-12-18 20:23:17
JHJY-20251218-00035990,165-001161,YN501_散热支架,外购,生产项目采购申请单,已投放,192.0000,192.0000,2026-01-29,2026-01-29,2026-01-29,2026-02-26,2026-02-26,2026-02-26,MRP-20251218-00000100,192.0000,,2025-12-19 19:50:23,朱杰倩,YCD2025121600000034,投放关闭,2025-12-18 20:23:17
JHJY-20251218-00036011,165-000793,YN501_USB防水密封圈,外购,生产项目采购申请单,已投放,577.0000,577.0000,2026-01-15,2026-01-15,2026-01-15,2026-01-29,2026-01-29,2026-01-29,MRP-20251218-00000100,577.0000,,2025-12-19 21:21:17,朱杰倩,YCD2025121600000033,投放关闭,2025-12-18 20:23:17
JHJY-20251218-00036012,165-000793,YN501_USB防水密封圈,外购,生产项目采购申请单,已投放,6.0000,6.0000,2026-01-15,2026-01-15,2026-01-15,2026-01-29,2026-01-29,2026-01-29,MRP-20251218-00000100,6.0000,,2025-12-19 21:21:17,朱杰倩,YCD2025121600000033,投放关闭,2025-12-18 20:23:17
JHJY-20251218-00036013,165-000793,YN501_USB防水密封圈,外购,生产项目采购申请单,已投放,48.0000,48.0000,2026-01-15,2026-01-15,2026-01-15,2026-01-29,2026-01-29,2026-01-29,MRP-20251218-00000100,48.0000,,2025-12-19 21:21:17,朱杰倩,YCD2025121600000033,投放关闭,2025-12-18 20:23:17
JHJY-20251218-00036014,165-000793,YN501_USB防水密封圈,外购,生产项目采购申请单,已投放,48.0000,48.0000,2026-02-12,2026-02-12,2026-02-12,2026-02-26,2026-02-26,2026-02-26,MRP-20251218-00000100,48.0000,,2025-12-19 21:21:17,朱杰倩,YCD2025121600000034,投放关闭,2025-12-18 20:23:17
JHJY-20251218-00036015,165-000793,YN501_USB防水密封圈,外购,生产项目采购申请单,已投放,1284.0000,1284.0000,2026-02-12,2026-02-12,2026-02-12,2026-02-26,2026-02-26,2026-02-26,MRP-20251218-00000100,1284.0000,,2025-12-19 21:21:17,朱杰倩,YCD2025121600000034,投放关闭,2025-12-18 20:23:17
JHJY-20251218-00036016,165-000793,YN501_USB防水密封圈,外购,生产项目采购申请单,已投放,192.0000,192.0000,2026-02-12,2026-02-12,2026-02-12,2026-02-26,2026-02-26,2026-02-26,MRP-20251218-00000100,192.0000,,2025-12-19 21:21:17,朱杰倩,YCD2025121600000034,投放关闭,2025-12-18 20:23:17
JHJY-20251218-00036030,849-000382,M16*E19*L2.8六角螺母,外购,生产项目采购申请单,已投放,443.0000,443.0000,2025-12-20,2025-12-20,2025-12-20,2026-01-29,2026-01-29,2026-01-29,MRP-20251218-00000100,443.0000,,2025-12-19 21:21:17,朱杰倩,YCD2025121600000033,投放关闭,2025-12-18 20:23:17
JHJY-20251218-00036031,849-000382,M16*E19*L2.8六角螺母,外购,生产项目采购申请单,已投放,480.0000,480.0000,2025-12-20,2025-12-20,2025-12-20,2026-01-29,2026-01-29,2026-01-29,MRP-20251218-00000100,480.0000,,2025-12-19 21:21:17,朱杰倩,YCD2025121600000033,投放关闭,2025-12-18 20:23:17
JHJY-20251218-00036032,849-000382,M16*E19*L2.8六角螺母,外购,生产项目采购申请单,已投放,20.0000,20.0000,2025-12-20,2025-12-20,2025-12-20,2026-01-29,2026-01-29,2026-01-29,MRP-20251218-00000100,20.0000,,2025-12-19 21:21:17,朱杰倩,YCD2025121600000033,投放关闭,2025-12-18 20:23:17
JHJY-20251218-00036033,849-000382,M16*E19*L2.8六角螺母,外购,生产项目采购申请单,已投放,300.0000,300.0000,2025-12-21,2025-12-21,2025-12-21,2026-01-30,2026-01-30,2026-01-30,MRP-20251218-00000100,300.0000,,2025-12-19 21:21:17,朱杰倩,YCD2025121600000033,投放关闭,2025-12-18 20:23:17
JHJY-20251218-00036035,849-000382,M16*E19*L2.8六角螺母,外购,生产项目采购申请单,已投放,50.0000,50.0000,2025-12-21,2025-12-21,2025-12-21,2026-01-30,2026-01-30,2026-01-30,MRP-20251218-00000100,50.0000,,2025-12-19 21:21:17,朱杰倩,YCD2025121600000033,投放关闭,2025-12-18 20:23:17
JHJY-20251218-00036034,849-000382,M16*E19*L2.8六角螺母,外购,生产项目采购申请单,已投放,20.0000,20.0000,2025-12-21,2025-12-21,2025-12-21,2026-01-30,2026-01-30,2026-01-30,MRP-20251218-00000100,20.0000,,2025-12-19 21:21:17,朱杰倩,YCD2025121600000033,投放关闭,2025-12-18 20:23:17
JHJY-20251218-00036038,849-000382,M16*E19*L2.8六角螺母,外购,生产项目采购申请单,已投放,42.0000,42.0000,2026-01-16,2026-01-16,2026-01-16,2026-02-25,2026-02-25,2026-02-25,MRP-20251218-00000100,42.0000,,2025-12-19 21:21:17,朱杰倩,YCD2025121600000034,投放关闭,2025-12-18 20:23:17
JHJY-20251218-00036036,849-000382,M16*E19*L2.8六角螺母,外购,生产项目采购申请单,已投放,1429.0000,1429.0000,2026-01-16,2026-01-16,2026-01-16,2026-02-25,2026-02-25,2026-02-25,MRP-20251218-00000100,1429.0000,,2025-12-19 21:21:17,朱杰倩,YCD2025121600000034,投放关闭,2025-12-18 20:23:17
JHJY-20251218-00036037,849-000382,M16*E19*L2.8六角螺母,外购,生产项目采购申请单,已投放,2047.0000,2047.0000,2026-01-16,2026-01-16,2026-01-16,2026-02-25,2026-02-25,2026-02-25,MRP-20251218-00000100,2047.0000,,2025-12-19 21:21:17,朱杰倩,YCD2025121600000034,投放关闭,2025-12-18 20:23:17
JHJY-20251218-00036039,849-000382,M16*E19*L2.8六角螺母,外购,生产项目采购申请单,已投放,228.0000,228.0000,2026-01-16,2026-01-16,2026-01-16,2026-02-25,2026-02-25,2026-02-25,MRP-20251218-00000100,228.0000,,2025-12-19 21:21:17,朱杰倩,YCD2025121600000034,投放关闭,2025-12-18 20:23:17
JHJY-20251218-00036040,849-000382,M16*E19*L2.8六角螺母,外购,生产项目采购申请单,已投放,42.0000,42.0000,2026-01-16,2026-01-16,2026-01-16,2026-02-25,2026-02-25,2026-02-25,MRP-20251218-00000100,42.0000,,2025-12-19 21:21:17,朱杰倩,YCD2025121600000034,投放关闭,2025-12-18 20:23:17
JHJY-20251218-00036041,849-000382,M16*E19*L2.8六角螺母,外购,生产项目采购申请单,已投放,96.0000,96.0000,2026-01-17,2026-01-17,2026-01-17,2026-02-26,2026-02-26,2026-02-26,MRP-20251218-00000100,96.0000,,2025-12-19 21:21:17,朱杰倩,YCD2025121600000034,投放关闭,2025-12-18 20:23:17
JHJY-20251218-00036042,849-000382,M16*E19*L2.8六角螺母,外购,生产项目采购申请单,已投放,2568.0000,2568.0000,2026-01-17,2026-01-17,2026-01-17,2026-02-26,2026-02-26,2026-02-26,MRP-20251218-00000100,2568.0000,,2025-12-19 21:21:17,朱杰倩,YCD2025121600000034,投放关闭,2025-12-18 20:23:17
JHJY-20251218-00036043,849-000382,M16*E19*L2.8六角螺母,外购,生产项目采购申请单,已投放,384.0000,384.0000,2026-01-17,2026-01-17,2026-01-17,2026-02-26,2026-02-26,2026-02-26,MRP-20251218-00000100,384.0000,,2025-12-19 21:21:17,朱杰倩,YCD2025121600000034,投放关闭,2025-12-18 20:23:17
JHJY-20251218-00036044,849-000382,M16*E19*L2.8六角螺母,外购,生产项目采购申请单,已投放,1344.0000,1344.0000,2026-01-17,2026-01-17,2026-01-17,2026-02-26,2026-02-26,2026-02-26,MRP-20251218-00000100,1344.0000,,2025-12-19 21:21:17,朱杰倩,YCD2025121600000034,投放关闭,2025-12-18 20:23:17
JHJY-20251218-00036046,165-000726,YN501_散热硅胶垫1,外购,生产项目采购申请单,已投放,2066.0000,2066.0000,2026-01-15,2026-01-15,2026-01-15,2026-01-29,2026-01-29,2026-01-29,MRP-20251218-00000100,2066.0000,,2025-12-19 19:50:23,朱杰倩,YCD2025121600000033,投放关闭,2025-12-18 20:23:17
JHJY-20251218-00036047,165-000726,YN501_散热硅胶垫1,外购,生产项目采购申请单,已投放,48.0000,48.0000,2026-02-12,2026-02-12,2026-02-12,2026-02-26,2026-02-26,2026-02-26,MRP-20251218-00000100,48.0000,,2025-12-19 19:50:23,朱杰倩,YCD2025121600000034,投放关闭,2025-12-18 20:23:17
JHJY-20251218-00036048,165-000726,YN501_散热硅胶垫1,外购,生产项目采购申请单,已投放,1284.0000,1284.0000,2026-02-12,2026-02-12,2026-02-12,2026-02-26,2026-02-26,2026-02-26,MRP-20251218-00000100,1284.0000,,2025-12-19 19:50:23,朱杰倩,YCD2025121600000034,投放关闭,2025-12-18 20:23:17
JHJY-20251218-00036049,165-000726,YN501_散热硅胶垫1,外购,生产项目采购申请单,已投放,192.0000,192.0000,2026-02-12,2026-02-12,2026-02-12,2026-02-26,2026-02-26,2026-02-26,MRP-20251218-00000100,192.0000,,2025-12-19 19:50:23,朱杰倩,YCD2025121600000034,投放关闭,2025-12-18 20:23:17
JHJY-20251218-00036050,165-000722,YN501_M16连接器防水胶套,外购,生产项目采购申请单,已投放,222.0000,222.0000,2026-01-08,2026-01-08,2026-01-08,2026-01-29,2026-01-29,2026-01-29,MRP-20251218-00000100,222.0000,,2025-12-19 21:21:17,朱杰倩,YCD2025121600000033,投放关闭,2025-12-18 20:23:17
JHJY-20251218-00036051,165-000722,YN501_M16连接器防水胶套,外购,生产项目采购申请单,已投放,20.0000,20.0000,2026-01-08,2026-01-08,2026-01-08,2026-01-29,2026-01-29,2026-01-29,MRP-20251218-00000100,20.0000,,2025-12-19 21:21:17,朱杰倩,YCD2025121600000033,投放关闭,2025-12-18 20:23:17
JHJY-20251218-00036052,165-000722,YN501_M16连接器防水胶套,外购,生产项目采购申请单,已投放,300.0000,300.0000,2026-01-09,2026-01-09,2026-01-09,2026-01-30,2026-01-30,2026-01-30,MRP-20251218-00000100,300.0000,,2025-12-19 21:21:17,朱杰倩,YCD2025121600000033,投放关闭,2025-12-18 20:23:17
JHJY-20251218-00036053,165-000722,YN501_M16连接器防水胶套,外购,生产项目采购申请单,已投放,20.0000,20.0000,2026-01-09,2026-01-09,2026-01-09,2026-01-30,2026-01-30,2026-01-30,MRP-20251218-00000100,20.0000,,2025-12-19 21:21:17,朱杰倩,YCD2025121600000033,投放关闭,2025-12-18 20:23:17
JHJY-20251218-00036054,165-000722,YN501_M16连接器防水胶套,外购,生产项目采购申请单,已投放,50.0000,50.0000,2026-01-09,2026-01-09,2026-01-09,2026-01-30,2026-01-30,2026-01-30,MRP-20251218-00000100,50.0000,,2025-12-19 21:21:17,朱杰倩,YCD2025121600000033,投放关闭,2025-12-18 20:23:17
JHJY-20251218-00036055,165-000722,YN501_M16连接器防水胶套,外购,生产项目采购申请单,已投放,1429.0000,1429.0000,2026-02-04,2026-02-04,2026-02-04,2026-02-25,2026-02-25,2026-02-25,MRP-20251218-00000100,1429.0000,,2025-12-19 21:21:17,朱杰倩,YCD2025121600000034,投放关闭,2025-12-18 20:23:17
JHJY-20251218-00036057,165-000722,YN501_M16连接器防水胶套,外购,生产项目采购申请单,已投放,42.0000,42.0000,2026-02-04,2026-02-04,2026-02-04,2026-02-25,2026-02-25,2026-02-25,MRP-20251218-00000100,42.0000,,2025-12-19 21:21:17,朱杰倩,YCD2025121600000034,投放关闭,2025-12-18 20:23:17
JHJY-20251218-00036058,165-000722,YN501_M16连接器防水胶套,外购,生产项目采购申请单,已投放,228.0000,228.0000,2026-02-04,2026-02-04,2026-02-04,2026-02-25,2026-02-25,2026-02-25,MRP-20251218-00000100,228.0000,,2025-12-19 21:21:17,朱杰倩,YCD2025121600000034,投放关闭,2025-12-18 20:23:17
JHJY-20251218-00036056,165-000722,YN501_M16连接器防水胶套,外购,生产项目采购申请单,已投放,2047.0000,2047.0000,2026-02-04,2026-02-04,2026-02-04,2026-02-25,2026-02-25,2026-02-25,MRP-20251218-00000100,2047.0000,,2025-12-19 21:21:17,朱杰倩,YCD2025121600000034,投放关闭,2025-12-18 20:23:17
JHJY-20251218-00036060,165-000722,YN501_M16连接器防水胶套,外购,生产项目采购申请单,已投放,96.0000,96.0000,2026-02-05,2026-02-05,2026-02-05,2026-02-26,2026-02-26,2026-02-26,MRP-20251218-00000100,96.0000,,2025-12-19 21:21:17,朱杰倩,YCD2025121600000034,投放关闭,2025-12-18 20:23:17
JHJY-20251218-00036059,165-000722,YN501_M16连接器防水胶套,外购,生产项目采购申请单,已投放,42.0000,42.0000,2026-02-04,2026-02-04,2026-02-04,2026-02-25,2026-02-25,2026-02-25,MRP-20251218-00000100,42.0000,,2025-12-19 21:21:17,朱杰倩,YCD2025121600000034,投放关闭,2025-12-18 20:23:17
JHJY-20251218-00036061,165-000722,YN501_M16连接器防水胶套,外购,生产项目采购申请单,已投放,2568.0000,2568.0000,2026-02-05,2026-02-05,2026-02-05,2026-02-26,2026-02-26,2026-02-26,MRP-20251218-00000100,2568.0000,,2025-12-19 21:21:17,朱杰倩,YCD2025121600000034,投放关闭,2025-12-18 20:23:17
JHJY-20251218-00036063,165-000722,YN501_M16连接器防水胶套,外购,生产项目采购申请单,已投放,1344.0000,1344.0000,2026-02-05,2026-02-05,2026-02-05,2026-02-26,2026-02-26,2026-02-26,MRP-20251218-00000100,1344.0000,,2025-12-19 21:21:17,朱杰倩,YCD2025121600000034,投放关闭,2025-12-18 20:23:17
JHJY-20251218-00036062,165-000722,YN501_M16连接器防水胶套,外购,生产项目采购申请单,已投放,384.0000,384.0000,2026-02-05,2026-02-05,2026-02-05,2026-02-26,2026-02-26,2026-02-26,MRP-20251218-00000100,384.0000,,2025-12-19 21:21:17,朱杰倩,YCD2025121600000034,投放关闭,2025-12-18 20:23:17
JHJY-20251218-00036147,165-001563,YN501_导电泡棉G,外购,生产项目采购申请单,已投放,1922.0000,1922.0000,2026-01-15,2026-01-15,2026-01-15,2026-01-29,2026-01-29,2026-01-29,MRP-20251218-00000100,1922.0000,,2025-12-19 19:50:23,朱杰倩,YCD2025121600000033,投放关闭,2025-12-18 20:23:17
JHJY-20251218-00036148,165-001563,YN501_导电泡棉G,外购,生产项目采购申请单,已投放,48.0000,48.0000,2026-02-12,2026-02-12,2026-02-12,2026-02-26,2026-02-26,2026-02-26,MRP-20251218-00000100,48.0000,,2025-12-19 19:50:23,朱杰倩,YCD2025121600000034,投放关闭,2025-12-18 20:23:17
JHJY-20251218-00036149,165-001563,YN501_导电泡棉G,外购,生产项目采购申请单,已投放,1284.0000,1284.0000,2026-02-12,2026-02-12,2026-02-12,2026-02-26,2026-02-26,2026-02-26,MRP-20251218-00000100,1284.0000,,2025-12-19 19:50:23,朱杰倩,YCD2025121600000034,投放关闭,2025-12-18 20:23:17
JHJY-20251218-00036150,165-001563,YN501_导电泡棉G,外购,生产项目采购申请单,已投放,192.0000,192.0000,2026-02-12,2026-02-12,2026-02-12,2026-02-26,2026-02-26,2026-02-26,MRP-20251218-00000100,192.0000,,2025-12-19 19:50:23,朱杰倩,YCD2025121600000034,投放关闭,2025-12-18 20:23:17
JHJY-20251218-00036159,838-000156,YN408 4G DIV支架天线,外购,生产项目采购申请单,已投放,1252.0000,1252.0000,2026-01-28,2026-01-28,2026-01-28,2026-01-29,2026-01-29,2026-01-29,MRP-20251218-00000100,1252.0000,,2025-12-19 19:50:23,朱杰倩,YCD2025121600000033,投放关闭,2025-12-18 20:23:17
JHJY-20251218-00036160,838-000156,YN408 4G DIV支架天线,外购,生产项目采购申请单,已投放,48.0000,48.0000,2026-02-25,2026-02-25,2026-02-25,2026-02-26,2026-02-26,2026-02-26,MRP-20251218-00000100,48.0000,,2025-12-19 19:50:23,朱杰倩,YCD2025121600000034,投放关闭,2025-12-18 20:23:17
JHJY-20251218-00036162,838-000156,YN408 4G DIV支架天线,外购,生产项目采购申请单,已投放,192.0000,192.0000,2026-02-25,2026-02-25,2026-02-25,2026-02-26,2026-02-26,2026-02-26,MRP-20251218-00000100,192.0000,,2025-12-19 19:50:23,朱杰倩,YCD2025121600000034,投放关闭,2025-12-18 20:23:17
JHJY-20251218-00036161,838-000156,YN408 4G DIV支架天线,外购,生产项目采购申请单,已投放,1284.0000,1284.0000,2026-02-25,2026-02-25,2026-02-25,2026-02-26,2026-02-26,2026-02-26,MRP-20251218-00000100,1284.0000,,2025-12-19 19:50:23,朱杰倩,YCD2025121600000034,投放关闭,2025-12-18 20:23:17
JHJY-20251218-00036163,165-001561,YN501_导电泡棉E,外购,生产项目采购申请单,已投放,2092.0000,2092.0000,2026-01-15,2026-01-15,2026-01-15,2026-01-29,2026-01-29,2026-01-29,MRP-20251218-00000100,2092.0000,,2025-12-19 19:50:23,朱杰倩,YCD2025121600000033,投放关闭,2025-12-18 20:23:17
JHJY-20251218-00036164,165-001561,YN501_导电泡棉E,外购,生产项目采购申请单,已投放,48.0000,48.0000,2026-02-12,2026-02-12,2026-02-12,2026-02-26,2026-02-26,2026-02-26,MRP-20251218-00000100,48.0000,,2025-12-19 19:50:23,朱杰倩,YCD2025121600000034,投放关闭,2025-12-18 20:23:17
JHJY-20251218-00036165,165-001561,YN501_导电泡棉E,外购,生产项目采购申请单,已投放,1284.0000,1284.0000,2026-02-12,2026-02-12,2026-02-12,2026-02-26,2026-02-26,2026-02-26,MRP-20251218-00000100,1284.0000,,2025-12-19 19:50:23,朱杰倩,YCD2025121600000034,投放关闭,2025-12-18 20:23:17
JHJY-20251218-00036166,165-001561,YN501_导电泡棉E,外购,生产项目采购申请单,已投放,192.0000,192.0000,2026-02-12,2026-02-12,2026-02-12,2026-02-26,2026-02-26,2026-02-26,MRP-20251218-00000100,192.0000,,2025-12-19 19:50:23,朱杰倩,YCD2025121600000034,投放关闭,2025-12-18 20:23:17
JHJY-20251218-00036167,165-001559,YN501_导电泡棉C,外购,生产项目采购申请单,已投放,1922.0000,1922.0000,2026-01-15,2026-01-15,2026-01-15,2026-01-29,2026-01-29,2026-01-29,MRP-20251218-00000100,1922.0000,,2025-12-19 19:50:23,朱杰倩,YCD2025121600000033,投放关闭,2025-12-18 20:23:17
JHJY-20251218-00036168,165-001559,YN501_导电泡棉C,外购,生产项目采购申请单,已投放,48.0000,48.0000,2026-02-12,2026-02-12,2026-02-12,2026-02-26,2026-02-26,2026-02-26,MRP-20251218-00000100,48.0000,,2025-12-19 19:50:23,朱杰倩,YCD2025121600000034,投放关闭,2025-12-18 20:23:17
JHJY-20251218-00036169,165-001559,YN501_导电泡棉C,外购,生产项目采购申请单,已投放,1284.0000,1284.0000,2026-02-12,2026-02-12,2026-02-12,2026-02-26,2026-02-26,2026-02-26,MRP-20251218-00000100,1284.0000,,2025-12-19 19:50:23,朱杰倩,YCD2025121600000034,投放关闭,2025-12-18 20:23:17
JHJY-20251218-00036170,165-001559,YN501_导电泡棉C,外购,生产项目采购申请单,已投放,192.0000,192.0000,2026-02-12,2026-02-12,2026-02-12,2026-02-26,2026-02-26,2026-02-26,MRP-20251218-00000100,192.0000,,2025-12-19 19:50:23,朱杰倩,YCD2025121600000034,投放关闭,2025-12-18 20:23:17
JHJY-20251218-00036191,165-001004,YN501_TNC连接器防水胶套,外购,生产项目采购申请单,已投放,3267.0000,3267.0000,2026-01-15,2026-01-15,2026-01-15,2026-01-29,2026-01-29,2026-01-29,MRP-20251218-00000100,3267.0000,,2025-12-19 21:21:17,朱杰倩,YCD2025121600000033,投放关闭,2025-12-18 20:23:17
JHJY-20251218-00036193,165-001004,YN501_TNC连接器防水胶套,外购,生产项目采购申请单,已投放,2568.0000,2568.0000,2026-02-12,2026-02-12,2026-02-12,2026-02-26,2026-02-26,2026-02-26,MRP-20251218-00000100,2568.0000,,2025-12-19 21:21:17,朱杰倩,YCD2025121600000034,投放关闭,2025-12-18 20:23:17
JHJY-20251218-00036192,165-001004,YN501_TNC连接器防水胶套,外购,生产项目采购申请单,已投放,96.0000,96.0000,2026-02-12,2026-02-12,2026-02-12,2026-02-26,2026-02-26,2026-02-26,MRP-20251218-00000100,96.0000,,2025-12-19 21:21:17,朱杰倩,YCD2025121600000034,投放关闭,2025-12-18 20:23:17
JHJY-20251218-00036194,165-001004,YN501_TNC连接器防水胶套,外购,生产项目采购申请单,已投放,384.0000,384.0000,2026-02-12,2026-02-12,2026-02-12,2026-02-26,2026-02-26,2026-02-26,MRP-20251218-00000100,384.0000,,2025-12-19 21:21:17,朱杰倩,YCD2025121600000034,投放关闭,2025-12-18 20:23:17
JHJY-20251218-00036204,165-001046,YN501_散热硅胶垫7,外购,生产项目采购申请单,已投放,606.0000,606.0000,2026-01-15,2026-01-15,2026-01-15,2026-01-29,2026-01-29,2026-01-29,MRP-20251218-00000100,606.0000,,2025-12-19 19:50:23,朱杰倩,YCD2025121600000033,投放关闭,2025-12-18 20:23:17
JHJY-20251218-00036205,165-001046,YN501_散热硅胶垫7,外购,生产项目采购申请单,已投放,1284.0000,1284.0000,2026-02-12,2026-02-12,2026-02-12,2026-02-26,2026-02-26,2026-02-26,MRP-20251218-00000100,1284.0000,,2025-12-19 19:50:23,朱杰倩,YCD2025121600000034,投放关闭,2025-12-18 20:23:17
JHJY-20251218-00036206,165-001046,YN501_散热硅胶垫7,外购,生产项目采购申请单,已投放,192.0000,192.0000,2026-02-12,2026-02-12,2026-02-12,2026-02-26,2026-02-26,2026-02-26,MRP-20251218-00000100,192.0000,,2025-12-19 19:50:23,朱杰倩,YCD2025121600000034,投放关闭,2025-12-18 20:23:17
JHJY-20251218-00036212,165-001268,YN501防水硅胶圈2,外购,生产项目采购申请单,已投放,1047.0000,1047.0000,2026-01-08,2026-01-08,2026-01-08,2026-01-29,2026-01-29,2026-01-29,MRP-20251218-00000100,1047.0000,,2025-12-19 19:50:23,朱杰倩,YCD2025121600000033,投放关闭,2025-12-18 20:23:17
JHJY-20251218-00036213,165-001268,YN501防水硅胶圈2,外购,生产项目采购申请单,已投放,48.0000,48.0000,2026-02-05,2026-02-05,2026-02-05,2026-02-26,2026-02-26,2026-02-26,MRP-20251218-00000100,48.0000,,2025-12-19 19:50:23,朱杰倩,YCD2025121600000034,投放关闭,2025-12-18 20:23:17
JHJY-20251218-00036214,165-001268,YN501防水硅胶圈2,外购,生产项目采购申请单,已投放,1284.0000,1284.0000,2026-02-05,2026-02-05,2026-02-05,2026-02-26,2026-02-26,2026-02-26,MRP-20251218-00000100,1284.0000,,2025-12-19 19:50:23,朱杰倩,YCD2025121600000034,投放关闭,2025-12-18 20:23:17
JHJY-20251218-00036215,165-001268,YN501防水硅胶圈2,外购,生产项目采购申请单,已投放,192.0000,192.0000,2026-02-05,2026-02-05,2026-02-05,2026-02-26,2026-02-26,2026-02-26,MRP-20251218-00000100,192.0000,,2025-12-19 19:50:23,朱杰倩,YCD2025121600000034,投放关闭,2025-12-18 20:23:17
JHJY-20251218-00036228,165-001296,YN501整机硅胶护套,外购,生产项目采购申请单,已投放,1846.0000,1846.0000,2026-01-08,2026-01-08,2026-01-08,2026-01-29,2026-01-29,2026-01-29,MRP-20251218-00000100,1846.0000,,2025-12-19 19:50:23,朱杰倩,YCD2025121600000033,投放关闭,2025-12-18 20:23:17
JHJY-20251218-00036229,165-001296,YN501整机硅胶护套,外购,生产项目采购申请单,已投放,48.0000,48.0000,2026-02-05,2026-02-05,2026-02-05,2026-02-26,2026-02-26,2026-02-26,MRP-20251218-00000100,48.0000,,2025-12-19 19:50:23,朱杰倩,YCD2025121600000034,投放关闭,2025-12-18 20:23:17
JHJY-20251218-00036230,165-001296,YN501整机硅胶护套,外购,生产项目采购申请单,已投放,1284.0000,1284.0000,2026-02-05,2026-02-05,2026-02-05,2026-02-26,2026-02-26,2026-02-26,MRP-20251218-00000100,1284.0000,,2025-12-19 19:50:23,朱杰倩,YCD2025121600000034,投放关闭,2025-12-18 20:23:17
JHJY-20251218-00036231,165-001296,YN501整机硅胶护套,外购,生产项目采购申请单,已投放,192.0000,192.0000,2026-02-05,2026-02-05,2026-02-05,2026-02-26,2026-02-26,2026-02-26,MRP-20251218-00000100,192.0000,,2025-12-19 19:50:23,朱杰倩,YCD2025121600000034,投放关闭,2025-12-18 20:23:17
JHJY-20251218-00036234,165-000837,YN501_导电泡棉7,外购,生产项目采购申请单,已投放,2084.0000,2084.0000,2026-01-15,2026-01-15,2026-01-15,2026-01-29,2026-01-29,2026-01-29,MRP-20251218-00000100,2084.0000,,2025-12-19 19:50:23,朱杰倩,YCD2025121600000033,投放关闭,2025-12-18 20:23:17
JHJY-20251218-00036235,165-000837,YN501_导电泡棉7,外购,生产项目采购申请单,已投放,48.0000,48.0000,2026-02-12,2026-02-12,2026-02-12,2026-02-26,2026-02-26,2026-02-26,MRP-20251218-00000100,48.0000,,2025-12-19 19:50:23,朱杰倩,YCD2025121600000034,投放关闭,2025-12-18 20:23:17
JHJY-20251218-00036236,165-000837,YN501_导电泡棉7,外购,生产项目采购申请单,已投放,1284.0000,1284.0000,2026-02-12,2026-02-12,2026-02-12,2026-02-26,2026-02-26,2026-02-26,MRP-20251218-00000100,1284.0000,,2025-12-19 19:50:23,朱杰倩,YCD2025121600000034,投放关闭,2025-12-18 20:23:17
JHJY-20251218-00036237,165-000837,YN501_导电泡棉7,外购,生产项目采购申请单,已投放,192.0000,192.0000,2026-02-12,2026-02-12,2026-02-12,2026-02-26,2026-02-26,2026-02-26,MRP-20251218-00000100,192.0000,,2025-12-19 19:50:23,朱杰倩,YCD2025121600000034,投放关闭,2025-12-18 20:23:17
JHJY-20251218-00036270,165-000266,701pro摄像头连接器防水胶套,外购,生产项目采购申请单,已投放,773.0000,773.0000,2026-01-08,2026-01-08,2026-01-08,2026-01-29,2026-01-29,2026-01-29,MRP-20251218-00000100,773.0000,,2025-12-19 21:21:17,朱杰倩,YCD2025121600000033,投放关闭,2025-12-18 20:23:17
JHJY-20251218-00036271,165-000266,701pro摄像头连接器防水胶套,外购,生产项目采购申请单,已投放,4032.0000,4032.0000,2026-02-05,2026-02-05,2026-02-05,2026-02-26,2026-02-26,2026-02-26,MRP-20251218-00000100,4032.0000,,2025-12-19 21:21:17,朱杰倩,YCD2025121600000034,投放关闭,2025-12-18 20:23:17
JHJY-20251218-00036273,165-000266,701pro摄像头连接器防水胶套,外购,生产项目采购申请单,已投放,240.0000,240.0000,2026-02-05,2026-02-05,2026-02-05,2026-02-26,2026-02-26,2026-02-26,MRP-20251218-00000100,240.0000,,2025-12-19 21:21:17,朱杰倩,YCD2025121600000034,投放关闭,2025-12-18 20:23:17
JHJY-20251218-00036274,165-000266,701pro摄像头连接器防水胶套,外购,生产项目采购申请单,已投放,6420.0000,6420.0000,2026-02-05,2026-02-05,2026-02-05,2026-02-26,2026-02-26,2026-02-26,MRP-20251218-00000100,6420.0000,,2025-12-19 21:21:17,朱杰倩,YCD2025121600000034,投放关闭,2025-12-18 20:23:17
JHJY-20251218-00036272,165-000266,701pro摄像头连接器防水胶套,外购,生产项目采购申请单,已投放,4287.0000,4287.0000,2026-02-05,2026-02-05,2026-02-05,2026-02-26,2026-02-26,2026-02-26,MRP-20251218-00000100,4287.0000,,2025-12-19 21:21:17,朱杰倩,YCD2025121600000034,投放关闭,2025-12-18 20:23:17
JHJY-20251218-00036275,165-000266,701pro摄像头连接器防水胶套,外购,生产项目采购申请单,已投放,960.0000,960.0000,2026-02-05,2026-02-05,2026-02-05,2026-02-26,2026-02-26,2026-02-26,MRP-20251218-00000100,960.0000,,2025-12-19 21:21:17,朱杰倩,YCD2025121600000034,投放关闭,2025-12-18 20:23:17
JHJY-20251218-00036292,165-000721,YN501_密封圈（外径21X1.5),外购,生产项目采购申请单,已投放,2012.0000,2012.0000,2026-01-15,2026-01-15,2026-01-15,2026-01-29,2026-01-29,2026-01-29,MRP-20251218-00000100,2012.0000,,2025-12-19 21:21:17,朱杰倩,YCD2025121600000033,投放关闭,2025-12-18 20:23:17
JHJY-20251218-00036293,165-000721,YN501_密封圈（外径21X1.5),外购,生产项目采购申请单,已投放,20.0000,20.0000,2026-01-16,2026-01-16,2026-01-16,2026-01-30,2026-01-30,2026-01-30,MRP-20251218-00000100,20.0000,,2025-12-19 21:21:17,朱杰倩,YCD2025121600000033,投放关闭,2025-12-18 20:23:17
JHJY-20251218-00036294,165-000721,YN501_密封圈（外径21X1.5),外购,生产项目采购申请单,已投放,50.0000,50.0000,2026-01-16,2026-01-16,2026-01-16,2026-01-30,2026-01-30,2026-01-30,MRP-20251218-00000100,50.0000,,2025-12-19 21:21:17,朱杰倩,YCD2025121600000033,投放关闭,2025-12-18 20:23:17
JHJY-20251218-00036296,165-000721,YN501_密封圈（外径21X1.5),外购,生产项目采购申请单,已投放,96.0000,96.0000,2026-02-12,2026-02-12,2026-02-12,2026-02-26,2026-02-26,2026-02-26,MRP-20251218-00000100,96.0000,,2025-12-19 21:21:17,朱杰倩,YCD2025121600000034,投放关闭,2025-12-18 20:23:17
JHJY-20251218-00036295,165-000721,YN501_密封圈（外径21X1.5),外购,生产项目采购申请单,已投放,42.0000,42.0000,2026-02-11,2026-02-11,2026-02-11,2026-02-25,2026-02-25,2026-02-25,MRP-20251218-00000100,42.0000,,2025-12-19 21:21:17,朱杰倩,YCD2025121600000034,投放关闭,2025-12-18 20:23:17
JHJY-20251218-00036297,165-000721,YN501_密封圈（外径21X1.5),外购,生产项目采购申请单,已投放,2568.0000,2568.0000,2026-02-12,2026-02-12,2026-02-12,2026-02-26,2026-02-26,2026-02-26,MRP-20251218-00000100,2568.0000,,2025-12-19 21:21:17,朱杰倩,YCD2025121600000034,投放关闭,2025-12-18 20:23:17
JHJY-20251218-00036298,165-000721,YN501_密封圈（外径21X1.5),外购,生产项目采购申请单,已投放,384.0000,384.0000,2026-02-12,2026-02-12,2026-02-12,2026-02-26,2026-02-26,2026-02-26,MRP-20251218-00000100,384.0000,,2025-12-19 21:21:17,朱杰倩,YCD2025121600000034,投放关闭,2025-12-18 20:23:17
JHJY-20251218-00036303,165-000729,YN501_散热硅胶垫4,外购,生产项目采购申请单,已投放,1903.0000,1903.0000,2026-01-15,2026-01-15,2026-01-15,2026-01-29,2026-01-29,2026-01-29,MRP-20251218-00000100,1903.0000,,2025-12-19 19:50:23,朱杰倩,YCD2025121600000033,投放关闭,2025-12-18 20:23:17
JHJY-20251218-00036305,165-000729,YN501_散热硅胶垫4,外购,生产项目采购申请单,已投放,1284.0000,1284.0000,2026-02-12,2026-02-12,2026-02-12,2026-02-26,2026-02-26,2026-02-26,MRP-20251218-00000100,1284.0000,,2025-12-19 19:50:23,朱杰倩,YCD2025121600000034,投放关闭,2025-12-18 20:23:17
JHJY-20251218-00036304,165-000729,YN501_散热硅胶垫4,外购,生产项目采购申请单,已投放,48.0000,48.0000,2026-02-12,2026-02-12,2026-02-12,2026-02-26,2026-02-26,2026-02-26,MRP-20251218-00000100,48.0000,,2025-12-19 19:50:23,朱杰倩,YCD2025121600000034,投放关闭,2025-12-18 20:23:17
JHJY-20251218-00036306,165-000729,YN501_散热硅胶垫4,外购,生产项目采购申请单,已投放,192.0000,192.0000,2026-02-12,2026-02-12,2026-02-12,2026-02-26,2026-02-26,2026-02-26,MRP-20251218-00000100,192.0000,,2025-12-19 19:50:23,朱杰倩,YCD2025121600000034,投放关闭,2025-12-18 20:23:17
JHJY-20251218-00036348,165-001557,YN501_导电泡棉A,外购,生产项目采购申请单,已投放,1845.0000,1845.0000,2026-01-15,2026-01-15,2026-01-15,2026-01-29,2026-01-29,2026-01-29,MRP-20251218-00000100,1845.0000,,2025-12-19 19:50:23,朱杰倩,YCD2025121600000033,投放关闭,2025-12-18 20:23:17
JHJY-20251218-00036349,165-001557,YN501_导电泡棉A,外购,生产项目采购申请单,已投放,48.0000,48.0000,2026-02-12,2026-02-12,2026-02-12,2026-02-26,2026-02-26,2026-02-26,MRP-20251218-00000100,48.0000,,2025-12-19 19:50:23,朱杰倩,YCD2025121600000034,投放关闭,2025-12-18 20:23:17
JHJY-20251218-00036350,165-001557,YN501_导电泡棉A,外购,生产项目采购申请单,已投放,1284.0000,1284.0000,2026-02-12,2026-02-12,2026-02-12,2026-02-26,2026-02-26,2026-02-26,MRP-20251218-00000100,1284.0000,,2025-12-19 19:50:23,朱杰倩,YCD2025121600000034,投放关闭,2025-12-18 20:23:17
JHJY-20251218-00036351,165-001557,YN501_导电泡棉A,外购,生产项目采购申请单,已投放,192.0000,192.0000,2026-02-12,2026-02-12,2026-02-12,2026-02-26,2026-02-26,2026-02-26,MRP-20251218-00000100,192.0000,,2025-12-19 19:50:23,朱杰倩,YCD2025121600000034,投放关闭,2025-12-18 20:23:17
JHJY-20251218-00036447,165-001485,YN501卡扣1,外购,生产项目采购申请单,已投放,4182.0000,4182.0000,2026-01-08,2026-01-08,2026-01-08,2026-01-29,2026-01-29,2026-01-29,MRP-20251218-00000100,4182.0000,,2025-12-19 21:21:17,朱杰倩,YCD2025121600000033,投放关闭,2025-12-18 20:23:17
JHJY-20251218-00036449,165-001485,YN501卡扣1,外购,生产项目采购申请单,已投放,2568.0000,2568.0000,2026-02-05,2026-02-05,2026-02-05,2026-02-26,2026-02-26,2026-02-26,MRP-20251218-00000100,2568.0000,,2025-12-19 21:21:17,朱杰倩,YCD2025121600000034,投放关闭,2025-12-18 20:23:17
JHJY-20251218-00036450,165-001485,YN501卡扣1,外购,生产项目采购申请单,已投放,384.0000,384.0000,2026-02-05,2026-02-05,2026-02-05,2026-02-26,2026-02-26,2026-02-26,MRP-20251218-00000100,384.0000,,2025-12-19 21:21:17,朱杰倩,YCD2025121600000034,投放关闭,2025-12-18 20:23:17
JHJY-20251218-00036448,165-001485,YN501卡扣1,外购,生产项目采购申请单,已投放,96.0000,96.0000,2026-02-05,2026-02-05,2026-02-05,2026-02-26,2026-02-26,2026-02-26,MRP-20251218-00000100,96.0000,,2025-12-19 21:21:17,朱杰倩,YCD2025121600000034,投放关闭,2025-12-18 20:23:17
JHJY-20251218-00036475,165-000233,701pro密封圈（SIM盖）,外购,生产项目采购申请单,已投放,3321.0000,3321.0000,2026-01-08,2026-01-08,2026-01-08,2026-01-29,2026-01-29,2026-01-29,MRP-20251218-00000100,3321.0000,,2025-12-19 21:21:17,朱杰倩,YCD2025121600000033,投放关闭,2025-12-18 20:23:17
JHJY-20251218-00036476,165-000233,701pro密封圈（SIM盖）,外购,生产项目采购申请单,已投放,12.0000,12.0000,2026-01-08,2026-01-08,2026-01-08,2026-01-29,2026-01-29,2026-01-29,MRP-20251218-00000100,12.0000,,2025-12-19 21:21:17,朱杰倩,YCD2025121600000033,投放关闭,2025-12-18 20:23:17
JHJY-20251218-00036477,165-000233,701pro密封圈（SIM盖）,外购,生产项目采购申请单,已投放,96.0000,96.0000,2026-01-08,2026-01-08,2026-01-08,2026-01-29,2026-01-29,2026-01-29,MRP-20251218-00000100,96.0000,,2025-12-19 21:21:17,朱杰倩,YCD2025121600000033,投放关闭,2025-12-18 20:23:17
JHJY-20251218-00036478,165-000233,701pro密封圈（SIM盖）,外购,生产项目采购申请单,已投放,96.0000,96.0000,2026-02-05,2026-02-05,2026-02-05,2026-02-26,2026-02-26,2026-02-26,MRP-20251218-00000100,96.0000,,2025-12-19 21:21:17,朱杰倩,YCD2025121600000034,投放关闭,2025-12-18 20:23:17
JHJY-20251218-00036479,165-000233,701pro密封圈（SIM盖）,外购,生产项目采购申请单,已投放,2568.0000,2568.0000,2026-02-05,2026-02-05,2026-02-05,2026-02-26,2026-02-26,2026-02-26,MRP-20251218-00000100,2568.0000,,2025-12-19 21:21:17,朱杰倩,YCD2025121600000034,投放关闭,2025-12-18 20:23:17
JHJY-20251218-00036480,165-000233,701pro密封圈（SIM盖）,外购,生产项目采购申请单,已投放,384.0000,384.0000,2026-02-05,2026-02-05,2026-02-05,2026-02-26,2026-02-26,2026-02-26,MRP-20251218-00000100,384.0000,,2025-12-19 21:21:17,朱杰倩,YCD2025121600000034,投放关闭,2025-12-18 20:23:17
JHJY-20251218-00036491,165-000229,701pro密封圈（摄像头）,外购,生产项目采购申请单,已投放,3730.0000,3730.0000,2026-02-05,2026-02-05,2026-02-05,2026-02-26,2026-02-26,2026-02-26,MRP-20251218-00000100,3730.0000,,2025-12-19 21:21:17,朱杰倩,YCD2025121600000034,投放关闭,2025-12-18 20:23:17
JHJY-20251218-00036493,165-000229,701pro密封圈（摄像头）,外购,生产项目采购申请单,已投放,240.0000,240.0000,2026-02-05,2026-02-05,2026-02-05,2026-02-26,2026-02-26,2026-02-26,MRP-20251218-00000100,240.0000,,2025-12-19 21:21:17,朱杰倩,YCD2025121600000034,投放关闭,2025-12-18 20:23:17
JHJY-20251218-00036494,165-000229,701pro密封圈（摄像头）,外购,生产项目采购申请单,已投放,6420.0000,6420.0000,2026-02-05,2026-02-05,2026-02-05,2026-02-26,2026-02-26,2026-02-26,MRP-20251218-00000100,6420.0000,,2025-12-19 21:21:17,朱杰倩,YCD2025121600000034,投放关闭,2025-12-18 20:23:17
JHJY-20251218-00036492,165-000229,701pro密封圈（摄像头）,外购,生产项目采购申请单,已投放,4287.0000,4287.0000,2026-02-05,2026-02-05,2026-02-05,2026-02-26,2026-02-26,2026-02-26,MRP-20251218-00000100,4287.0000,,2025-12-19 21:21:17,朱杰倩,YCD2025121600000034,投放关闭,2025-12-18 20:23:17
JHJY-20251218-00036495,165-000229,701pro密封圈（摄像头）,外购,生产项目采购申请单,已投放,960.0000,960.0000,2026-02-05,2026-02-05,2026-02-05,2026-02-26,2026-02-26,2026-02-26,MRP-20251218-00000100,960.0000,,2025-12-19 21:21:17,朱杰倩,YCD2025121600000034,投放关闭,2025-12-18 20:23:17
JHJY-20251218-00036528,849-000025,M3X6+4单头六角铜柱，六角对边尺寸4.6,外购,生产项目采购申请单,已投放,3841.0000,3841.0000,2026-01-14,2026-01-14,2026-01-14,2026-01-29,2026-01-29,2026-01-29,MRP-20251218-00000100,3841.0000,,2025-12-19 21:21:17,朱杰倩,YCD2025121600000033,投放关闭,2025-12-18 20:23:17
JHJY-20251218-00036529,849-000025,M3X6+4单头六角铜柱，六角对边尺寸4.6,外购,生产项目采购申请单,已投放,96.0000,96.0000,2026-02-11,2026-02-11,2026-02-11,2026-02-26,2026-02-26,2026-02-26,MRP-20251218-00000100,96.0000,,2025-12-19 21:21:17,朱杰倩,YCD2025121600000034,投放关闭,2025-12-18 20:23:17
JHJY-20251218-00036531,849-000025,M3X6+4单头六角铜柱，六角对边尺寸4.6,外购,生产项目采购申请单,已投放,384.0000,384.0000,2026-02-11,2026-02-11,2026-02-11,2026-02-26,2026-02-26,2026-02-26,MRP-20251218-00000100,384.0000,,2025-12-19 21:21:17,朱杰倩,YCD2025121600000034,投放关闭,2025-12-18 20:23:17
JHJY-20251218-00036530,849-000025,M3X6+4单头六角铜柱，六角对边尺寸4.6,外购,生产项目采购申请单,已投放,2568.0000,2568.0000,2026-02-11,2026-02-11,2026-02-11,2026-02-26,2026-02-26,2026-02-26,MRP-20251218-00000100,2568.0000,,2025-12-19 21:21:17,朱杰倩,YCD2025121600000034,投放关闭,2025-12-18 20:23:17
JHJY-20251218-00036537,165-001560,YN501_导电泡棉D,外购,生产项目采购申请单,已投放,1922.0000,1922.0000,2026-01-15,2026-01-15,2026-01-15,2026-01-29,2026-01-29,2026-01-29,MRP-20251218-00000100,1922.0000,,2025-12-19 19:50:23,朱杰倩,YCD2025121600000033,投放关闭,2025-12-18 20:23:17
JHJY-20251218-00036538,165-001560,YN501_导电泡棉D,外购,生产项目采购申请单,已投放,48.0000,48.0000,2026-02-12,2026-02-12,2026-02-12,2026-02-26,2026-02-26,2026-02-26,MRP-20251218-00000100,48.0000,,2025-12-19 19:50:23,朱杰倩,YCD2025121600000034,投放关闭,2025-12-18 20:23:17
JHJY-20251218-00036539,165-001560,YN501_导电泡棉D,外购,生产项目采购申请单,已投放,1284.0000,1284.0000,2026-02-12,2026-02-12,2026-02-12,2026-02-26,2026-02-26,2026-02-26,MRP-20251218-00000100,1284.0000,,2025-12-19 19:50:23,朱杰倩,YCD2025121600000034,投放关闭,2025-12-18 20:23:17
JHJY-20251218-00036540,165-001560,YN501_导电泡棉D,外购,生产项目采购申请单,已投放,192.0000,192.0000,2026-02-12,2026-02-12,2026-02-12,2026-02-26,2026-02-26,2026-02-26,MRP-20251218-00000100,192.0000,,2025-12-19 19:50:23,朱杰倩,YCD2025121600000034,投放关闭,2025-12-18 20:23:17
JHJY-20251218-00036541,165-001562,YN501_导电泡棉F,外购,生产项目采购申请单,已投放,1922.0000,1922.0000,2026-01-15,2026-01-15,2026-01-15,2026-01-29,2026-01-29,2026-01-29,MRP-20251218-00000100,1922.0000,,2025-12-19 19:50:23,朱杰倩,YCD2025121600000033,投放关闭,2025-12-18 20:23:17
JHJY-20251218-00036542,165-001562,YN501_导电泡棉F,外购,生产项目采购申请单,已投放,48.0000,48.0000,2026-02-12,2026-02-12,2026-02-12,2026-02-26,2026-02-26,2026-02-26,MRP-20251218-00000100,48.0000,,2025-12-19 19:50:23,朱杰倩,YCD2025121600000034,投放关闭,2025-12-18 20:23:17
JHJY-20251218-00036543,165-001562,YN501_导电泡棉F,外购,生产项目采购申请单,已投放,1284.0000,1284.0000,2026-02-12,2026-02-12,2026-02-12,2026-02-26,2026-02-26,2026-02-26,MRP-20251218-00000100,1284.0000,,2025-12-19 19:50:23,朱杰倩,YCD2025121600000034,投放关闭,2025-12-18 20:23:17
JHJY-20251218-00036544,165-001562,YN501_导电泡棉F,外购,生产项目采购申请单,已投放,192.0000,192.0000,2026-02-12,2026-02-12,2026-02-12,2026-02-26,2026-02-26,2026-02-26,MRP-20251218-00000100,192.0000,,2025-12-19 19:50:23,朱杰倩,YCD2025121600000034,投放关闭,2025-12-18 20:23:17
JHJY-20251218-00036555,165-001558,YN501_导电泡棉B,外购,生产项目采购申请单,已投放,1922.0000,1922.0000,2026-01-15,2026-01-15,2026-01-15,2026-01-29,2026-01-29,2026-01-29,MRP-20251218-00000100,1922.0000,,2025-12-19 19:50:23,朱杰倩,YCD2025121600000033,投放关闭,2025-12-18 20:23:17
JHJY-20251218-00036556,165-001558,YN501_导电泡棉B,外购,生产项目采购申请单,已投放,48.0000,48.0000,2026-02-12,2026-02-12,2026-02-12,2026-02-26,2026-02-26,2026-02-26,MRP-20251218-00000100,48.0000,,2025-12-19 19:50:23,朱杰倩,YCD2025121600000034,投放关闭,2025-12-18 20:23:17
JHJY-20251218-00036557,165-001558,YN501_导电泡棉B,外购,生产项目采购申请单,已投放,1284.0000,1284.0000,2026-02-12,2026-02-12,2026-02-12,2026-02-26,2026-02-26,2026-02-26,MRP-20251218-00000100,1284.0000,,2025-12-19 19:50:23,朱杰倩,YCD2025121600000034,投放关闭,2025-12-18 20:23:17
JHJY-20251218-00036558,165-001558,YN501_导电泡棉B,外购,生产项目采购申请单,已投放,192.0000,192.0000,2026-02-12,2026-02-12,2026-02-12,2026-02-26,2026-02-26,2026-02-26,MRP-20251218-00000100,192.0000,,2025-12-19 19:50:23,朱杰倩,YCD2025121600000034,投放关闭,2025-12-18 20:23:17
JHJY-20251218-00036560,994-000241,YN501_电源开关已焊线,外购,生产项目采购申请单,已投放,1784.0000,1784.0000,2025-12-25,2025-12-25,2025-12-25,2026-01-29,2026-01-29,2026-01-29,MRP-20251218-00000100,1784.0000,,2025-12-19 19:50:23,朱杰倩,YCD2025121600000033,投放关闭,2025-12-18 20:23:17
JHJY-20251218-00036561,994-000241,YN501_电源开关已焊线,外购,生产项目采购申请单,已投放,48.0000,48.0000,2026-01-22,2026-01-22,2026-01-22,2026-02-26,2026-02-26,2026-02-26,MRP-20251218-00000100,48.0000,,2025-12-19 19:50:23,朱杰倩,YCD2025121600000034,投放关闭,2025-12-18 20:23:17
JHJY-20251218-00036562,994-000241,YN501_电源开关已焊线,外购,生产项目采购申请单,已投放,1284.0000,1284.0000,2026-01-22,2026-01-22,2026-01-22,2026-02-26,2026-02-26,2026-02-26,MRP-20251218-00000100,1284.0000,,2025-12-19 19:50:23,朱杰倩,YCD2025121600000034,投放关闭,2025-12-18 20:23:17
JHJY-20251218-00036563,994-000241,YN501_电源开关已焊线,外购,生产项目采购申请单,已投放,192.0000,192.0000,2026-01-22,2026-01-22,2026-01-22,2026-02-26,2026-02-26,2026-02-26,MRP-20251218-00000100,192.0000,,2025-12-19 19:50:23,朱杰倩,YCD2025121600000034,投放关闭,2025-12-18 20:23:17
JHJY-20251218-00037682,849-000203,M3*20_不锈钢十字圆头机牙螺丝_整圈耐落,外购,生产项目采购申请单,已投放,37217.0000,37217.0000,2026-01-14,2026-01-14,2026-01-14,2026-01-29,2026-01-29,2026-01-29,MRP-20251218-00000100,37217.0000,,2025-12-19 21:21:17,朱杰倩,YCD2025121600000033,投放关闭,2025-12-18 20:23:17
JHJY-20251218-00037683,849-000203,M3*20_不锈钢十字圆头机牙螺丝_整圈耐落,外购,生产项目采购申请单,已投放,864.0000,864.0000,2026-02-11,2026-02-11,2026-02-11,2026-02-26,2026-02-26,2026-02-26,MRP-20251218-00000100,864.0000,,2025-12-19 21:21:17,朱杰倩,YCD2025121600000034,投放关闭,2025-12-18 20:23:17
JHJY-20251218-00037684,849-000203,M3*20_不锈钢十字圆头机牙螺丝_整圈耐落,外购,生产项目采购申请单,已投放,23112.0000,23112.0000,2026-02-11,2026-02-11,2026-02-11,2026-02-26,2026-02-26,2026-02-26,MRP-20251218-00000100,23112.0000,,2025-12-19 21:21:17,朱杰倩,YCD2025121600000034,投放关闭,2025-12-18 20:23:17
JHJY-20251218-00037685,849-000203,M3*20_不锈钢十字圆头机牙螺丝_整圈耐落,外购,生产项目采购申请单,已投放,3456.0000,3456.0000,2026-02-11,2026-02-11,2026-02-11,2026-02-26,2026-02-26,2026-02-26,MRP-20251218-00000100,3456.0000,,2025-12-19 21:21:17,朱杰倩,YCD2025121600000034,投放关闭,2025-12-18 20:23:17
JHJY-20251218-00038135,849-000717,812 M5防水透气阀,外购,生产项目采购申请单,已投放,1232.0000,1232.0000,2026-02-20,2026-02-20,2026-02-20,2026-02-25,2026-02-25,2026-02-25,MRP-20251218-00000100,1232.0000,,2025-12-19 21:21:17,朱杰倩,YCD2025121600000034,投放关闭,2025-12-18 20:23:17
JHJY-20251218-00038136,849-000717,812 M5防水透气阀,外购,生产项目采购申请单,已投放,228.0000,228.0000,2026-02-20,2026-02-20,2026-02-20,2026-02-25,2026-02-25,2026-02-25,MRP-20251218-00000100,228.0000,,2025-12-19 21:21:17,朱杰倩,YCD2025121600000034,投放关闭,2025-12-18 20:23:17
JHJY-20251218-00038138,849-000717,812 M5防水透气阀,外购,生产项目采购申请单,已投放,1344.0000,1344.0000,2026-02-21,2026-02-21,2026-02-21,2026-02-26,2026-02-26,2026-02-26,MRP-20251218-00000100,1344.0000,,2025-12-19 21:21:17,朱杰倩,YCD2025121600000034,投放关闭,2025-12-18 20:23:17
JHJY-20251218-00038139,849-000717,812 M5防水透气阀,外购,生产项目采购申请单,已投放,1429.0000,1429.0000,2026-02-21,2026-02-21,2026-02-21,2026-02-26,2026-02-26,2026-02-26,MRP-20251218-00000100,1429.0000,,2025-12-19 21:21:17,朱杰倩,YCD2025121600000034,投放关闭,2025-12-18 20:23:17
JHJY-20251218-00038140,849-000717,812 M5防水透气阀,外购,生产项目采购申请单,已投放,1344.0000,1344.0000,2026-02-21,2026-02-21,2026-02-21,2026-02-26,2026-02-26,2026-02-26,MRP-20251218-00000100,1344.0000,,2025-12-19 21:21:17,朱杰倩,YCD2025121600000034,投放关闭,2025-12-18 20:23:17
JHJY-20251218-00038137,849-000717,812 M5防水透气阀,外购,生产项目采购申请单,已投放,42.0000,42.0000,2026-02-20,2026-02-20,2026-02-20,2026-02-25,2026-02-25,2026-02-25,MRP-20251218-00000100,42.0000,,2025-12-19 21:21:17,朱杰倩,YCD2025121600000034,投放关闭,2025-12-18 20:23:17
JHJY-20251218-00038284,849-000700,M3*6-不锈钢十字圆头机牙螺丝_半耐落,外购,生产项目采购申请单,已投放,3371.0000,3371.0000,2026-02-10,2026-02-10,2026-02-10,2026-02-25,2026-02-25,2026-02-25,MRP-20251218-00000100,3371.0000,,2025-12-19 21:21:17,朱杰倩,YCD2025121600000034,投放关闭,2025-12-18 20:23:17
JHJY-20251218-00038285,849-000700,M3*6-不锈钢十字圆头机牙螺丝_半耐落,外购,生产项目采购申请单,已投放,24564.0000,24564.0000,2026-02-10,2026-02-10,2026-02-10,2026-02-25,2026-02-25,2026-02-25,MRP-20251218-00000100,24564.0000,,2025-12-19 21:21:17,朱杰倩,YCD2025121600000034,投放关闭,2025-12-18 20:23:17
JHJY-20251218-00038287,849-000700,M3*6-不锈钢十字圆头机牙螺丝_半耐落,外购,生产项目采购申请单,已投放,2736.0000,2736.0000,2026-02-10,2026-02-10,2026-02-10,2026-02-25,2026-02-25,2026-02-25,MRP-20251218-00000100,2736.0000,,2025-12-19 21:21:17,朱杰倩,YCD2025121600000034,投放关闭,2025-12-18 20:23:17
JHJY-20251218-00038286,849-000700,M3*6-不锈钢十字圆头机牙螺丝_半耐落,外购,生产项目采购申请单,已投放,504.0000,504.0000,2026-02-10,2026-02-10,2026-02-10,2026-02-25,2026-02-25,2026-02-25,MRP-20251218-00000100,504.0000,,2025-12-19 21:21:17,朱杰倩,YCD2025121600000034,投放关闭,2025-12-18 20:23:17
JHJY-20251218-00038289,849-000700,M3*6-不锈钢十字圆头机牙螺丝_半耐落,外购,生产项目采购申请单,已投放,5376.0000,5376.0000,2026-02-10,2026-02-10,2026-02-10,2026-02-25,2026-02-25,2026-02-25,MRP-20251218-00000100,5376.0000,,2025-12-19 21:21:17,朱杰倩,YCD2025121600000034,投放关闭,2025-12-18 20:23:17
JHJY-20251218-00038288,849-000700,M3*6-不锈钢十字圆头机牙螺丝_半耐落,外购,生产项目采购申请单,已投放,1932.0000,1932.0000,2026-02-10,2026-02-10,2026-02-10,2026-02-25,2026-02-25,2026-02-25,MRP-20251218-00000100,1932.0000,,2025-12-19 21:21:17,朱杰倩,YCD2025121600000034,投放关闭,2025-12-18 20:23:17
JHJY-20260331-00045861,883-000078,多功能线控手柄,自制,汇报生产,已投放,820.0000,2000.0000,2026-04-02,2026-03-24,2026-04-02,2026-03-25,2026-04-03,2026-04-03,MRP-20260318-00000114,2000.0000,,2026-03-31 17:30:54,朱杰倩,,投放关闭,2026-03-18 09:59:13
JHJY-20251218-00038290,849-000700,M3*6-不锈钢十字圆头机牙螺丝_半耐落,外购,生产项目采购申请单,已投放,13440.0000,13440.0000,2026-02-11,2026-02-11,2026-02-11,2026-02-26,2026-02-26,2026-02-26,MRP-20251218-00000100,13440.0000,,2025-12-19 21:21:17,朱杰倩,YCD2025121600000034,投放关闭,2025-12-18 20:23:17
JHJY-20251218-00038291,849-000700,M3*6-不锈钢十字圆头机牙螺丝_半耐落,外购,生产项目采购申请单,已投放,14290.0000,14290.0000,2026-02-11,2026-02-11,2026-02-11,2026-02-26,2026-02-26,2026-02-26,MRP-20251218-00000100,14290.0000,,2025-12-19 21:21:17,朱杰倩,YCD2025121600000034,投放关闭,2025-12-18 20:23:17
JHJY-20251218-00038292,849-000700,M3*6-不锈钢十字圆头机牙螺丝_半耐落,外购,生产项目采购申请单,已投放,1968.0000,1968.0000,2026-02-11,2026-02-11,2026-02-11,2026-02-26,2026-02-26,2026-02-26,MRP-20251218-00000100,1968.0000,,2025-12-19 21:21:17,朱杰倩,YCD2025121600000034,投放关闭,2025-12-18 20:23:17
JHJY-20251218-00038293,849-000700,M3*6-不锈钢十字圆头机牙螺丝_半耐落,外购,生产项目采购申请单,已投放,52644.0000,52644.0000,2026-02-11,2026-02-11,2026-02-11,2026-02-26,2026-02-26,2026-02-26,MRP-20251218-00000100,52644.0000,,2025-12-19 21:21:17,朱杰倩,YCD2025121600000034,投放关闭,2025-12-18 20:23:17
JHJY-20251218-00038294,849-000700,M3*6-不锈钢十字圆头机牙螺丝_半耐落,外购,生产项目采购申请单,已投放,7872.0000,7872.0000,2026-02-11,2026-02-11,2026-02-11,2026-02-26,2026-02-26,2026-02-26,MRP-20251218-00000100,7872.0000,,2025-12-19 21:21:17,朱杰倩,YCD2025121600000034,投放关闭,2025-12-18 20:23:17
JHJY-20251218-00038295,849-000700,M3*6-不锈钢十字圆头机牙螺丝_半耐落,外购,生产项目采购申请单,已投放,16128.0000,16128.0000,2026-02-11,2026-02-11,2026-02-11,2026-02-26,2026-02-26,2026-02-26,MRP-20251218-00000100,16128.0000,,2025-12-19 21:21:17,朱杰倩,YCD2025121600000034,投放关闭,2025-12-18 20:23:17
JHJY-20251229-00039101,363-000204,701CAN口一拖三线束,外购,生产项目采购申请单,已投放,909.0000,909.0000,2025-12-29,2025-12-29,2025-12-29,2025-12-29,2025-12-29,2025-12-29,MRP-20251229-00000103,909.0000,,2025-12-29 14:40:32,朱杰倩,YCD2025122900000038,投放关闭,2025-12-29 14:35:13
JHJY-20251229-00039109,838-000356,中科优化后GPS天线-5m,外购,生产项目采购申请单,已投放,2643.0000,2643.0000,2025-12-29,2025-12-29,2025-12-29,2025-12-29,2025-12-29,2025-12-29,MRP-20251229-00000103,2643.0000,,2025-12-29 14:40:32,朱杰倩,YCD2025122900000038,投放关闭,2025-12-29 14:35:13
JHJY-20251229-00039110,838-000356,中科优化后GPS天线-5m,外购,生产项目采购申请单,已投放,903.0000,903.0000,2025-12-29,2025-12-29,2025-12-29,2025-12-29,2025-12-29,2025-12-29,MRP-20251229-00000103,903.0000,,2025-12-29 14:40:32,朱杰倩,YCD2025122900000038,投放关闭,2025-12-29 14:35:13
JHJY-20251229-00039111,838-000356,中科优化后GPS天线-5m,外购,生产项目采购申请单,已投放,3000.0000,3000.0000,2025-12-29,2025-12-29,2025-12-29,2025-12-29,2025-12-29,2025-12-29,MRP-20251229-00000103,3000.0000,,2025-12-29 14:40:32,朱杰倩,YCD2025122900000038,投放关闭,2025-12-29 14:35:13
JHJY-20251229-00039115,363-000209,701电源2米线束,外购,生产项目采购申请单,已投放,6078.0000,6078.0000,2025-12-29,2025-12-29,2025-12-29,2025-12-29,2025-12-29,2025-12-29,MRP-20251229-00000103,6078.0000,,2025-12-29 14:40:32,朱杰倩,YCD2025122900000038,投放关闭,2025-12-29 14:35:13
JHJY-20251229-00039116,363-000209,701电源2米线束,外购,生产项目采购申请单,已投放,903.0000,903.0000,2025-12-29,2025-12-29,2025-12-29,2025-12-29,2025-12-29,2025-12-29,MRP-20251229-00000103,903.0000,,2025-12-29 14:40:32,朱杰倩,YCD2025122900000038,投放关闭,2025-12-29 14:35:13
JHJY-20251229-00039117,363-000209,701电源2米线束,外购,生产项目采购申请单,已投放,3000.0000,3000.0000,2025-12-29,2025-12-29,2025-12-29,2025-12-29,2025-12-29,2025-12-29,MRP-20251229-00000103,3000.0000,,2025-12-29 14:40:32,朱杰倩,YCD2025122900000038,投放关闭,2025-12-29 14:35:13
JHJY-20251229-00039118,363-000206,701CAN口四米直连线束,外购,生产项目采购申请单,已投放,1737.0000,1737.0000,2025-12-29,2025-12-29,2025-12-29,2025-12-29,2025-12-29,2025-12-29,MRP-20251229-00000103,1737.0000,,2025-12-29 14:40:32,朱杰倩,YCD2025122900000038,投放关闭,2025-12-29 14:35:13
JHJY-20251229-00039119,363-000207,701CAN口三米延长线束,外购,生产项目采购申请单,已投放,9711.0000,9711.0000,2025-12-29,2025-12-29,2025-12-29,2025-12-29,2025-12-29,2025-12-29,MRP-20251229-00000103,9711.0000,,2025-12-29 14:40:32,朱杰倩,YCD2025122900000038,投放关闭,2025-12-29 14:35:13
JHJY-20251229-00039120,363-000207,701CAN口三米延长线束,外购,生产项目采购申请单,已投放,903.0000,903.0000,2025-12-29,2025-12-29,2025-12-29,2025-12-29,2025-12-29,2025-12-29,MRP-20251229-00000103,903.0000,,2025-12-29 14:40:32,朱杰倩,YCD2025122900000038,投放关闭,2025-12-29 14:35:13
JHJY-20251229-00039121,363-000207,701CAN口三米延长线束,外购,生产项目采购申请单,已投放,3000.0000,3000.0000,2025-12-29,2025-12-29,2025-12-29,2025-12-29,2025-12-29,2025-12-29,MRP-20251229-00000103,3000.0000,,2025-12-29 14:40:32,朱杰倩,YCD2025122900000038,投放关闭,2025-12-29 14:35:13
JHJY-20251229-00039128,165-000242,701钣金安装支架,外购,生产项目采购申请单,已投放,2310.0000,2310.0000,2025-12-29,2025-12-29,2025-12-29,2025-12-29,2025-12-29,2025-12-29,MRP-20251229-00000103,2310.0000,,2025-12-29 14:40:32,朱杰倩,YCD2025122900000038,投放关闭,2025-12-29 14:35:13
JHJY-20251229-00039129,165-000242,701钣金安装支架,外购,生产项目采购申请单,已投放,903.0000,903.0000,2025-12-29,2025-12-29,2025-12-29,2025-12-29,2025-12-29,2025-12-29,MRP-20251229-00000103,903.0000,,2025-12-29 14:40:32,朱杰倩,YCD2025122900000038,投放关闭,2025-12-29 14:35:13
JHJY-20251229-00039130,165-000242,701钣金安装支架,外购,生产项目采购申请单,已投放,3000.0000,3000.0000,2025-12-29,2025-12-29,2025-12-29,2025-12-29,2025-12-29,2025-12-29,MRP-20251229-00000103,3000.0000,,2025-12-29 14:40:32,朱杰倩,YCD2025122900000038,投放关闭,2025-12-29 14:35:13
JHJY-20251229-00039131,606-000057,701包装盒,外购,生产项目采购申请单,已投放,390.0000,390.0000,2025-12-29,2025-12-29,2025-12-29,2025-12-29,2025-12-29,2025-12-29,MRP-20251229-00000103,390.0000,,2025-12-29 14:40:32,朱杰倩,YCD2025122900000038,投放关闭,2025-12-29 14:35:13
JHJY-20251229-00039132,606-000057,701包装盒,外购,生产项目采购申请单,已投放,6572.0000,6572.0000,2025-12-29,2025-12-29,2025-12-29,2025-12-29,2025-12-29,2025-12-29,MRP-20251229-00000103,6572.0000,,2025-12-29 14:40:32,朱杰倩,YCD2025122900000038,投放关闭,2025-12-29 14:35:13
JHJY-20251229-00039133,606-000057,701包装盒,外购,生产项目采购申请单,已投放,903.0000,903.0000,2025-12-29,2025-12-29,2025-12-29,2025-12-29,2025-12-29,2025-12-29,MRP-20251229-00000103,903.0000,,2025-12-29 14:40:32,朱杰倩,YCD2025122900000038,投放关闭,2025-12-29 14:35:13
JHJY-20251229-00039134,606-000057,701包装盒,外购,生产项目采购申请单,已投放,3000.0000,3000.0000,2025-12-29,2025-12-29,2025-12-29,2025-12-29,2025-12-29,2025-12-29,MRP-20251229-00000103,3000.0000,,2025-12-29 14:40:32,朱杰倩,YCD2025122900000038,投放关闭,2025-12-29 14:35:13
JHJY-20251229-00039138,994-000154,无线机具电池,外购,生产项目采购申请单,已投放,153.0000,153.0000,2025-12-29,2025-12-29,2025-12-29,2025-12-29,2025-12-29,2025-12-29,MRP-20251229-00000103,153.0000,,2025-12-29 14:40:32,朱杰倩,YCD2025122900000038,投放关闭,2025-12-29 14:35:13
JHJY-20251229-00039139,849-000075,40-150喉箍,外购,生产项目采购申请单,已投放,5870.0000,5870.0000,2025-12-29,2025-12-29,2025-12-29,2025-12-29,2025-12-29,2025-12-29,MRP-20251229-00000103,5870.0000,,2025-12-29 14:40:32,朱杰倩,YCD2025122900000038,投放关闭,2025-12-29 14:35:13
JHJY-20251229-00039149,895-000033,新无线机具识别器按键,外购,生产项目采购申请单,已投放,153.0000,153.0000,2025-12-29,2025-12-29,2025-12-29,2025-12-29,2025-12-29,2025-12-29,MRP-20251229-00000103,153.0000,,2025-12-29 14:40:32,朱杰倩,YCD2025122900000038,投放关闭,2025-12-29 14:35:13
JHJY-20251229-00039150,165-000648,新无线机具识别器上盖,外购,生产项目采购申请单,已投放,153.0000,153.0000,2025-12-29,2025-12-29,2025-12-29,2025-12-29,2025-12-29,2025-12-29,MRP-20251229-00000103,153.0000,,2025-12-29 14:40:32,朱杰倩,YCD2025122900000038,投放关闭,2025-12-29 14:35:13
JHJY-20251229-00039153,849-000335,新无线机具识别器塔簧,外购,生产项目采购申请单,已投放,153.0000,153.0000,2025-12-29,2025-12-29,2025-12-29,2025-12-29,2025-12-29,2025-12-29,MRP-20251229-00000103,153.0000,,2025-12-29 14:40:32,朱杰倩,YCD2025122900000038,投放关闭,2025-12-29 14:35:13
JHJY-20251229-00039164,165-000647,新无线机具识别器下壳,外购,生产项目采购申请单,已投放,153.0000,153.0000,2025-12-29,2025-12-29,2025-12-29,2025-12-29,2025-12-29,2025-12-29,MRP-20251229-00000103,153.0000,,2025-12-29 14:40:32,朱杰倩,YCD2025122900000038,投放关闭,2025-12-29 14:35:13
JHJY-20251229-00039171,165-000005,金属盖板,外购,生产项目采购申请单,已投放,5085.0000,5085.0000,2025-12-29,2025-12-29,2025-12-29,2025-12-29,2025-12-29,2025-12-29,MRP-20251229-00000103,5085.0000,,2025-12-29 14:40:32,朱杰倩,YCD2025122900000038,投放关闭,2025-12-29 14:35:13
JHJY-20251229-00039172,165-000005,金属盖板,外购,生产项目采购申请单,已投放,903.0000,903.0000,2025-12-29,2025-12-29,2025-12-29,2025-12-29,2025-12-29,2025-12-29,MRP-20251229-00000103,903.0000,,2025-12-29 14:40:32,朱杰倩,YCD2025122900000038,投放关闭,2025-12-29 14:35:13
JHJY-20251229-00039174,165-002077,机具识别下盖(凯乐伯）,外购,生产项目采购申请单,已投放,443.0000,443.0000,2025-12-29,2025-12-29,2025-12-29,2025-12-29,2025-12-29,2025-12-29,MRP-20251229-00000103,443.0000,,2025-12-29 14:40:32,朱杰倩,HDKJ-20251113-023,投放关闭,2025-12-29 14:35:13
JHJY-20251229-00039175,165-002078,机具识别上盖(凯乐伯）,外购,生产项目采购申请单,已投放,550.0000,550.0000,2025-12-29,2025-12-29,2025-12-29,2025-12-29,2025-12-29,2025-12-29,MRP-20251229-00000103,550.0000,,2025-12-29 14:40:32,朱杰倩,HDKJ-20251113-023,投放关闭,2025-12-29 14:35:13
JHJY-20251229-00039176,795-000809,姿态机具传感器胶塞（宏鹏）,外购,生产项目采购申请单,已投放,6242.0000,6242.0000,2025-12-29,2025-12-29,2025-12-29,2025-12-29,2025-12-29,2025-12-29,MRP-20251229-00000103,6242.0000,,2025-12-29 14:40:32,朱杰倩,YCD2025122900000038,投放关闭,2025-12-29 14:35:13
JHJY-20251229-00039177,795-000809,姿态机具传感器胶塞（宏鹏）,外购,生产项目采购申请单,已投放,903.0000,903.0000,2025-12-29,2025-12-29,2025-12-29,2025-12-29,2025-12-29,2025-12-29,MRP-20251229-00000103,903.0000,,2025-12-29 14:40:32,朱杰倩,YCD2025122900000038,投放关闭,2025-12-29 14:35:13
JHJY-20251229-00039179,849-000191,M16平垫片,外购,生产项目采购申请单,已投放,5084.0000,5084.0000,2025-12-29,2025-12-29,2025-12-29,2025-12-29,2025-12-29,2025-12-29,MRP-20251229-00000103,5084.0000,,2025-12-29 14:40:32,朱杰倩,YCD2025122900000038,投放关闭,2025-12-29 14:35:13
JHJY-20251229-00039180,849-000191,M16平垫片,外购,生产项目采购申请单,已投放,903.0000,903.0000,2025-12-29,2025-12-29,2025-12-29,2025-12-29,2025-12-29,2025-12-29,MRP-20251229-00000103,903.0000,,2025-12-29 14:40:32,朱杰倩,YCD2025122900000038,投放关闭,2025-12-29 14:35:13
JHJY-20251229-00039181,165-002079,姿态识别下盖(凯乐伯）,外购,生产项目采购申请单,已投放,3632.0000,3632.0000,2025-12-29,2025-12-29,2025-12-29,2025-12-29,2025-12-29,2025-12-29,MRP-20251229-00000103,3632.0000,,2025-12-29 14:40:32,朱杰倩,YCD2025122900000038,投放关闭,2025-12-29 14:35:13
JHJY-20251229-00039182,165-002079,姿态识别下盖(凯乐伯）,外购,生产项目采购申请单,已投放,903.0000,903.0000,2025-12-29,2025-12-29,2025-12-29,2025-12-29,2025-12-29,2025-12-29,MRP-20251229-00000103,903.0000,,2025-12-29 14:40:32,朱杰倩,YCD2025122900000038,投放关闭,2025-12-29 14:35:13
JHJY-20251229-00039183,165-002080,姿态识别上盖(凯乐伯）,外购,生产项目采购申请单,已投放,3622.0000,3622.0000,2025-12-29,2025-12-29,2025-12-29,2025-12-29,2025-12-29,2025-12-29,MRP-20251229-00000103,3622.0000,,2025-12-29 14:40:32,朱杰倩,YCD2025122900000038,投放关闭,2025-12-29 14:35:13
JHJY-20251229-00039184,165-002080,姿态识别上盖(凯乐伯）,外购,生产项目采购申请单,已投放,903.0000,903.0000,2025-12-29,2025-12-29,2025-12-29,2025-12-29,2025-12-29,2025-12-29,MRP-20251229-00000103,903.0000,,2025-12-29 14:40:32,朱杰倩,YCD2025122900000038,投放关闭,2025-12-29 14:35:13
JHJY-20251229-00039292,849-000003,ST2.0*6自攻,外购,生产项目采购申请单,已投放,24275.0000,24275.0000,2025-12-29,2025-12-29,2025-12-29,2025-12-29,2025-12-29,2025-12-29,MRP-20251229-00000103,24275.0000,,2025-12-29 14:40:32,朱杰倩,YCD2025122900000038,投放关闭,2025-12-29 14:35:13
JHJY-20251229-00039293,849-000003,ST2.0*6自攻,外购,生产项目采购申请单,已投放,2709.0000,2709.0000,2025-12-29,2025-12-29,2025-12-29,2025-12-29,2025-12-29,2025-12-29,MRP-20251229-00000103,2709.0000,,2025-12-29 14:40:32,朱杰倩,YCD2025122900000038,投放关闭,2025-12-29 14:35:13
JHJY-20260224-00040101,P69-000059,友安北斗智能仪表系统,自制,汇报生产,已投放,793.0000,850.0000,2026-02-24,2026-02-24,2026-02-24,2026-02-24,2026-02-24,2026-02-24,MRP-20260224-00000106,850.0000,,2026-02-24 11:09:52,朱杰倩,YCD2026020500000045,投放关闭,2026-02-24 10:55:08
JHJY-20260224-00040102,867-000010,友安北斗智能仪表系统,自制,汇报生产,已投放,793.0000,850.0000,2026-02-24,2026-02-24,2026-02-24,2026-02-24,2026-02-24,2026-02-24,MRP-20260224-00000106,850.0000,,2026-02-24 11:01:25,朱杰倩,YCD2026020500000045,投放关闭,2026-02-24 10:55:08
JHJY-20260224-00040117,543-000043,UA400整机通用BOM,自制,汇报生产,已投放,126.0000,150.0000,2026-02-24,2026-02-24,2026-02-24,2026-02-24,2026-02-24,2026-02-24,MRP-20260224-00000107,150.0000,,2026-03-24 14:26:32,朱杰倩,YCD2026022400000047,投放关闭,2026-02-24 16:15:37
JHJY-20260224-00040118,543-000043,UA400整机通用BOM,自制,汇报生产,已投放,1396.0000,2000.0000,2026-03-31,2026-02-24,2026-03-31,2026-02-24,2026-04-01,2026-04-01,MRP-20260224-00000107,2000.0000,,2026-03-27 10:36:55,朱杰倩,YCD2026022400000047,投放关闭,2026-02-24 16:15:37
JHJY-20260224-00040120,543-000043,UA400整机通用BOM,自制,汇报生产,已投放,450.0000,584.0000,2026-02-24,2026-02-24,2026-02-24,2026-02-24,2026-02-24,2026-02-24,MRP-20260224-00000107,584.0000,,2026-03-02 13:40:22,朱杰倩,YCD2026022400000047,投放关闭,2026-02-24 16:15:37
JHJY-20260228-00040149,849-000655,UA500安装螺丝包,外购,生产项目采购申请单,已投放,949.0000,3000.0000,2026-04-12,2026-04-12,2026-04-12,2026-04-29,2026-04-29,2026-04-29,MRP-20260228-00000108,3000.0000,,2026-02-28 14:54:24,朱杰倩,YCD2026022800000048,投放关闭,2026-02-28 14:06:04
JHJY-20260228-00040150,606-000216,UA500大包装箱,外购,生产项目采购申请单,已投放,12.0000,60.0000,2026-04-16,2026-04-16,2026-04-16,2026-04-29,2026-04-29,2026-04-29,MRP-20260228-00000108,60.0000,,2026-02-28 14:54:24,朱杰倩,YCD2026022800000048,投放关闭,2026-02-28 14:06:04
JHJY-20260228-00040151,606-000217,UA500衬板,外购,生产项目采购申请单,已投放,76.0000,240.0000,2026-04-16,2026-04-16,2026-04-16,2026-04-29,2026-04-29,2026-04-29,MRP-20260228-00000108,240.0000,,2026-02-28 14:54:24,朱杰倩,YCD2026022800000048,投放关闭,2026-02-28 14:06:04
JHJY-20260228-00040152,606-000218,UA500夹档,外购,生产项目采购申请单,已投放,96.0000,300.0000,2026-04-16,2026-04-16,2026-04-16,2026-04-29,2026-04-29,2026-04-29,MRP-20260228-00000108,300.0000,,2026-02-28 14:54:24,朱杰倩,YCD2026022800000048,投放关闭,2026-02-28 14:06:04
JHJY-20260228-00040155,838-000257,UA500GPS天线,外购,生产项目采购申请单,已投放,932.0000,2950.0000,2026-04-05,2026-04-05,2026-04-05,2026-04-28,2026-04-28,2026-04-28,MRP-20260228-00000108,2950.0000,,2026-02-28 14:54:24,朱杰倩,YCD2026022800000048,投放关闭,2026-02-28 14:06:04
JHJY-20260228-00040156,838-000256,UA500主天线,外购,生产项目采购申请单,已投放,929.0000,2950.0000,2026-04-05,2026-04-05,2026-04-05,2026-04-28,2026-04-28,2026-04-28,MRP-20260228-00000108,2950.0000,,2026-02-28 14:54:24,朱杰倩,YCD2026022800000048,投放关闭,2026-02-28 14:06:04
JHJY-20260228-00040157,165-001285,UA500上壳,外购,生产项目采购申请单,已投放,958.0000,3000.0000,2026-03-28,2026-03-28,2026-03-28,2026-04-28,2026-04-28,2026-04-28,MRP-20260228-00000108,3000.0000,,2026-02-28 14:54:24,朱杰倩,YCD2026022800000048,投放关闭,2026-02-28 14:06:04
JHJY-20260228-00040158,165-001286,UA500底壳,外购,生产项目采购申请单,已投放,978.0000,3000.0000,2026-03-28,2026-03-28,2026-03-28,2026-04-28,2026-04-28,2026-04-28,MRP-20260228-00000108,3000.0000,,2026-02-28 14:54:24,朱杰倩,YCD2026022800000048,投放关闭,2026-02-28 14:06:04
JHJY-20260228-00040159,994-000328,UA500线束,外购,生产项目采购申请单,已投放,910.0000,2950.0000,2026-03-28,2026-03-28,2026-03-28,2026-04-28,2026-04-28,2026-04-28,MRP-20260228-00000108,2950.0000,,2026-02-28 14:54:24,朱杰倩,YCD2026022800000048,投放关闭,2026-02-28 14:06:04
JHJY-20260228-00040160,795-000630,UA500屏蔽罩T上盖,外购,生产项目采购申请单,已投放,896.0000,2900.0000,2026-04-04,2026-04-04,2026-04-04,2026-04-28,2026-04-28,2026-04-28,MRP-20260228-00000108,2900.0000,,2026-02-28 14:54:24,朱杰倩,YCD2026022800000048,投放关闭,2026-02-28 14:06:04
JHJY-20260302-00040172,U00-000170,北斗车载智能终端系统,自制,汇报生产,已投放,1396.0000,500.0000,2026-03-02,2026-02-24,2026-03-02,2026-02-24,2026-03-03,2026-03-03,MRP-20260224-00000107,500.0000,,2026-03-02 13:40:22,朱杰倩,YCD2026022400000047,投放关闭,2026-02-24 16:15:37
JHJY-20260304-00040240,994-000621,YC400采集器上接直连线（屏蔽层+双绞版）,外购,生产项目采购申请单,已投放,0.0000,100.0000,2026-03-25,,2026-03-25,,2026-03-26,2026-03-26,,100.0000,,2026-03-04 20:25:33,朱杰倩,,投放关闭,2026-03-04 20:20:29
JHJY-20260306-00040244,U00-000080,北斗车载智能终端系统,自制,汇报生产,已投放,3000.0000,400.0000,2026-04-29,2026-04-29,2026-04-29,2026-04-30,2026-04-30,2026-04-30,MRP-20260228-00000108,400.0000,,2026-03-06 09:00:14,朱杰倩,YCD2026022800000048,投放关闭,2026-02-28 14:06:04
JHJY-20260306-00040245,U00-000080,北斗车载智能终端系统,自制,汇报生产,已投放,3000.0000,600.0000,2026-04-29,2026-04-29,2026-04-29,2026-04-30,2026-04-30,2026-04-30,MRP-20260228-00000108,600.0000,,2026-03-12 12:38:47,朱杰倩,YCD2026022800000048,投放关闭,2026-02-28 14:06:04
JHJY-20260306-00040250,815-000002,UA500(上柴客供)整机,自制,汇报生产,已投放,2997.0000,410.0000,2026-04-28,2026-04-28,2026-04-28,2026-04-29,2026-04-29,2026-04-29,MRP-20260228-00000108,410.0000,,2026-03-06 09:00:14,朱杰倩,YCD2026022800000048,投放关闭,2026-02-28 14:06:04
JHJY-20260306-00040251,815-000002,UA500(上柴客供)整机,自制,汇报生产,已投放,2997.0000,600.0000,2026-04-28,2026-04-28,2026-04-28,2026-04-29,2026-04-29,2026-04-29,MRP-20260228-00000108,600.0000,,2026-03-12 12:38:47,朱杰倩,YCD2026022800000048,投放关闭,2026-02-28 14:06:04
JHJY-20260312-00040263,P61-000331,农业智能播种监控系统,自制,汇报生产,已投放,0.0000,30.0000,2026-03-12,,2026-03-12,,2026-03-13,2026-03-13,,30.0000,,2026-03-12 11:13:14,朱杰倩,,投放关闭,2026-03-12 11:02:39
JHJY-20260318-00043181,382-000005,北斗导航农机驾驶仪,自制,汇报生产,已投放,225.0000,200.0000,2026-05-15,2026-04-19,2026-05-15,2026-04-20,2026-05-16,2026-05-16,MRP-20260318-00000114,200.0000,,2026-05-14 15:13:10,朱杰倩,YCD2026031600000055,投放关闭,2026-03-18 09:59:13
JHJY-20260318-00043190,526-000001,北斗导航农机驾驶仪,自制,汇报生产,已投放,676.0000,700.0000,2026-03-28,2026-03-25,2026-03-28,2026-03-26,2026-03-29,2026-03-29,MRP-20260318-00000114,700.0000,,2026-03-27 11:08:37,朱杰倩,YCD2026031600000054,投放关闭,2026-03-18 09:59:13
JHJY-20260318-00043191,526-000001,北斗导航农机驾驶仪,自制,汇报生产,已投放,615.0000,300.0000,2026-04-06,2026-04-19,2026-04-06,2026-04-20,2026-04-07,2026-04-07,MRP-20260318-00000114,300.0000,,2026-04-02 17:10:05,朱杰倩,YCD2026031600000055,投放关闭,2026-03-18 09:59:13
JHJY-20260318-00043275,306-000102,YN412预组装包_国内版,自制,汇报生产,已投放,676.0000,800.0000,2026-03-28,2026-03-24,2026-03-28,2026-03-25,2026-03-29,2026-03-29,MRP-20260318-00000114,800.0000,,2026-03-27 11:15:37,朱杰倩,YCD2026031600000054,投放关闭,2026-03-18 09:59:13
JHJY-20260318-00043277,306-000102,YN412预组装包_国内版,自制,汇报生产,已投放,615.0000,800.0000,2026-04-06,2026-04-18,2026-04-06,2026-04-19,2026-04-07,2026-04-07,MRP-20260318-00000114,800.0000,,2026-04-02 17:15:16,朱杰倩,YCD2026031600000055,投放关闭,2026-03-18 09:59:13
JHJY-20260318-00043333,306-000052,YN412方向盘组件_国内版,自制,汇报生产,已投放,676.0000,700.0000,2026-03-28,2026-03-24,2026-03-28,2026-03-25,2026-03-29,2026-03-29,MRP-20260318-00000114,700.0000,,2026-03-27 11:14:55,朱杰倩,YCD2026031600000054,投放关闭,2026-03-18 09:59:13
JHJY-20260318-00043334,306-000052,YN412方向盘组件_国内版,自制,汇报生产,已投放,90.0000,80.0000,2026-04-14,2026-03-24,2026-04-14,2026-03-25,2026-04-15,2026-04-15,MRP-20260318-00000114,80.0000,,2026-04-13 17:01:57,朱杰倩,YCD2026031600000054,投放关闭,2026-03-18 09:59:13
JHJY-20260318-00043335,306-000052,YN412方向盘组件_国内版,自制,汇报生产,已投放,615.0000,300.0000,2026-04-06,2026-04-18,2026-04-06,2026-04-19,2026-04-07,2026-04-07,MRP-20260318-00000114,300.0000,,2026-04-02 17:13:02,朱杰倩,YCD2026031600000055,投放关闭,2026-03-18 09:59:13
JHJY-20260318-00043438,528-000036,YS221A接收机组件_国内,自制,汇报生产,已投放,561.0000,400.0000,2026-03-28,2026-03-24,2026-03-28,2026-03-25,2026-03-29,2026-03-29,MRP-20260318-00000114,400.0000,,2026-03-27 11:14:12,朱杰倩,YCD2026031600000054,投放关闭,2026-03-18 09:59:13
JHJY-20260318-00043439,528-000036,YS221A接收机组件_国内,自制,汇报生产,已投放,676.0000,300.0000,2026-04-06,2026-03-24,2026-04-06,2026-03-25,2026-04-07,2026-04-07,MRP-20260318-00000114,300.0000,,2026-04-02 17:12:12,朱杰倩,YCD2026031600000054,投放关闭,2026-03-18 09:59:13
JHJY-20260318-00043443,528-000036,YS221A接收机组件_国内,自制,汇报生产,已投放,311.0000,200.0000,2026-05-15,2026-05-18,2026-05-15,2026-05-19,2026-05-16,2026-05-16,MRP-20260318-00000114,200.0000,,2026-05-14 15:35:29,朱杰倩,YCD2026031600000056,投放关闭,2026-03-18 09:59:13
JHJY-20260318-00043461,791-000007,YN406B方向盘组件（拖拉机）,自制,汇报生产,已投放,225.0000,200.0000,2026-05-15,2026-04-18,2026-05-15,2026-04-19,2026-05-16,2026-05-16,MRP-20260318-00000114,200.0000,,2026-05-14 15:38:06,朱杰倩,YCD2026031600000055,投放关闭,2026-03-18 09:59:13
JHJY-20260318-00043537,883-000008,408蘑菇头底座组件,自制,汇报生产,已投放,790.0000,450.0000,2026-04-08,2026-03-24,2026-04-08,2026-03-25,2026-04-09,2026-04-09,MRP-20260318-00000114,450.0000,,2026-04-07 10:20:43,朱杰倩,YCD2026031600000054,投放关闭,2026-03-18 09:59:13
JHJY-20260318-00043588,306-000003,YN503显示终端整机_组件_国内版(412),自制,汇报生产,已投放,676.0000,700.0000,2026-03-28,2026-03-24,2026-03-28,2026-03-25,2026-03-29,2026-03-29,MRP-20260318-00000114,700.0000,,2026-03-27 11:10:15,朱杰倩,YCD2026031600000054,投放关闭,2026-03-18 09:59:13
JHJY-20260318-00043589,306-000003,YN503显示终端整机_组件_国内版(412),自制,汇报生产,已投放,90.0000,80.0000,2026-04-14,2026-03-24,2026-04-14,2026-03-25,2026-04-15,2026-04-15,MRP-20260318-00000114,80.0000,,2026-04-13 17:00:09,朱杰倩,YCD2026031600000054,投放关闭,2026-03-18 09:59:13
JHJY-20260318-00043590,306-000003,YN503显示终端整机_组件_国内版(412),自制,汇报生产,已投放,186.0000,300.0000,2026-04-06,2026-04-18,2026-04-06,2026-04-19,2026-04-07,2026-04-07,MRP-20260318-00000114,300.0000,,2026-04-02 17:11:08,朱杰倩,YCD2026031600000055,投放关闭,2026-03-18 09:59:13
JHJY-20260318-00043695,883-000052,YN501_显示器终端_(海外版)含盖,自制,汇报生产,已投放,50.0000,60.0000,2026-04-15,2026-03-24,2026-04-15,2026-03-25,2026-04-16,2026-04-16,MRP-20260318-00000114,60.0000,,2026-04-13 19:01:57,朱杰倩,YCD2026031600000054,投放关闭,2026-03-18 09:59:13
JHJY-20260324-00045424,U00-000161,北斗车载智能终端系统,自制,汇报生产,已投放,0.0000,200.0000,2026-03-24,,2026-03-24,,2026-03-25,2026-03-25,,200.0000,,2026-03-24 14:39:01,朱杰倩,,投放关闭,2026-03-24 14:38:12
JHJY-20260324-00045427,P61-000331,农业智能播种监控系统,自制,汇报生产,已投放,0.0000,20.0000,2026-03-24,,2026-03-24,,2026-03-25,2026-03-25,,20.0000,,2026-03-24 16:50:36,朱杰倩,,投放关闭,2026-03-24 16:48:27
JHJY-20260324-00045429,815-000002,UA500(上柴客供)整机,自制,汇报生产,已投放,2997.0000,460.0000,2026-04-28,2026-04-28,2026-04-28,2026-04-29,2026-04-29,2026-04-29,MRP-20260228-00000108,460.0000,,2026-03-24 18:22:56,朱杰倩,YCD2026022800000048,投放关闭,2026-02-28 14:06:04
JHJY-20260324-00045431,U00-000080,北斗车载智能终端系统,自制,汇报生产,已投放,3000.0000,450.0000,2026-04-29,2026-04-29,2026-04-29,2026-04-30,2026-04-30,2026-04-30,MRP-20260228-00000108,450.0000,,2026-03-24 18:23:52,朱杰倩,YCD2026022800000048,投放关闭,2026-02-28 14:06:04
JHJY-20260325-00045440,U00-000170,北斗车载智能终端系统,自制,汇报生产,已投放,1396.0000,1000.0000,2026-03-25,2026-02-24,2026-03-25,2026-02-24,2026-03-26,2026-03-26,MRP-20260224-00000107,1000.0000,,2026-03-27 10:45:47,朱杰倩,YCD2026022400000047,投放关闭,2026-02-24 16:15:37
JHJY-20260331-00045864,606-000676,TB系列包装材料-洋马大包装纸箱,外购,生产项目采购申请单,已投放,80.0000,80.0000,2026-03-31,2026-03-31,2026-03-31,2026-04-03,2026-04-03,2026-04-03,MRP-20260331-00000119,80.0000,,2026-03-31 20:13:47,朱杰倩,YCD2026020500000045,投放关闭,2026-03-31 17:53:58
JHJY-20260331-00045866,849-000904,TB系列钣金配件-整机转接板-洋马农机,外购,生产项目采购申请单,已投放,80.0000,80.0000,2026-03-31,2026-03-31,2026-03-31,2026-04-03,2026-04-03,2026-04-03,MRP-20260331-00000119,80.0000,,2026-03-31 20:13:47,朱杰倩,YCD2026020500000045,投放关闭,2026-03-31 17:53:58
JHJY-20260331-00045867,849-000903,TB系列钣金件配件-左摄像头安装转接板-洋马农机,外购,生产项目采购申请单,已投放,443.0000,445.0000,2026-03-31,2026-03-31,2026-03-31,2026-04-03,2026-04-03,2026-04-03,MRP-20260331-00000119,445.0000,,2026-03-31 20:13:47,朱杰倩,YCD2026020500000045,投放关闭,2026-03-31 17:53:58
JHJY-20260331-00045868,849-000902,TB系列钣金件配件-右摄像头安装转接板-洋马农机,外购,生产项目采购申请单,已投放,80.0000,80.0000,2026-03-31,2026-03-31,2026-03-31,2026-04-03,2026-04-03,2026-04-03,MRP-20260331-00000119,80.0000,,2026-03-31 20:13:47,朱杰倩,YCD2026020500000045,投放关闭,2026-03-31 17:53:58
JHJY-20260331-00045869,363-000512,TB系列视频线-洋马6118R-卸粮,外购,生产项目采购申请单,已投放,81.0000,85.0000,2026-03-31,2026-03-31,2026-03-31,2026-04-03,2026-04-03,2026-04-03,MRP-20260331-00000119,85.0000,,2026-03-31 20:13:47,朱杰倩,YCD2026020500000045,投放关闭,2026-03-31 17:53:58
JHJY-20260331-00045870,363-000511,TB系列视频线-洋马6118R-左侧,外购,生产项目采购申请单,已投放,80.0000,85.0000,2026-03-31,2026-03-31,2026-03-31,2026-04-03,2026-04-03,2026-04-03,MRP-20260331-00000119,85.0000,,2026-03-31 20:13:47,朱杰倩,YCD2026020500000045,投放关闭,2026-03-31 17:53:58
JHJY-20260331-00045871,363-000510,TB系列视频线-洋马6118R-后视,外购,生产项目采购申请单,已投放,81.0000,85.0000,2026-03-31,2026-03-31,2026-03-31,2026-04-03,2026-04-03,2026-04-03,MRP-20260331-00000119,85.0000,,2026-03-31 20:13:47,朱杰倩,YCD2026020500000045,投放关闭,2026-03-31 17:53:58
JHJY-20260331-00045873,363-000513,TB系列视频线-洋马6118R-组合视频线,外购,生产项目采购申请单,已投放,83.0000,85.0000,2026-03-31,2026-03-31,2026-03-31,2026-04-03,2026-04-03,2026-04-03,MRP-20260331-00000119,85.0000,,2026-03-31 20:13:47,朱杰倩,YCD2026020500000045,投放关闭,2026-03-31 17:53:58
JHJY-20260331-00045874,363-000509,TB系列视频线-洋马6118R-右侧,外购,生产项目采购申请单,已投放,82.0000,85.0000,2026-03-31,2026-03-31,2026-03-31,2026-04-03,2026-04-03,2026-04-03,MRP-20260331-00000119,85.0000,,2026-03-31 20:13:47,朱杰倩,YCD2026020500000045,投放关闭,2026-03-31 17:53:58
JHJY-20260331-00045875,994-000507,TB包装线束-6118R-1180R电源线-洋马,外购,生产项目采购申请单,已投放,80.0000,80.0000,2026-03-31,2026-03-31,2026-03-31,2026-04-03,2026-04-03,2026-04-03,MRP-20260331-00000119,80.0000,,2026-03-31 20:13:47,朱杰倩,YCD2026020500000045,投放关闭,2026-03-31 17:53:58
JHJY-20260331-00045878,838-000296,摄像头,自制,生产项目采购申请单,已投放,0.0000,700.0000,2026-07-01,,2026-07-01,,2026-07-02,2026-07-02,,700.0000,,2026-03-31 20:13:47,朱杰倩,,投放关闭,2026-03-31 19:56:34
JHJY-20260401-00045881,P61-000331,农业智能播种监控系统,自制,汇报生产,已投放,0.0000,30.0000,2026-04-01,,2026-04-01,,2026-04-02,2026-04-02,,30.0000,,2026-04-01 21:52:09,朱杰倩,,投放关闭,2026-04-01 21:44:08
JHJY-20260402-00045885,U00-000080,北斗车载智能终端系统,自制,汇报生产,已投放,1000.0000,520.0000,2026-04-02,2026-04-02,2026-04-02,2026-04-02,2026-04-02,2026-04-02,MRP-20260402-00000120,520.0000,,2026-04-11 12:12:53,朱杰倩,YCD2026040200000060,投放关闭,2026-04-02 11:16:49
JHJY-20260402-00045931,U00-000161,北斗车载智能终端系统,自制,汇报生产,已投放,997.0000,1000.0000,2026-04-02,2026-04-02,2026-04-02,2026-04-02,2026-04-02,2026-04-02,MRP-20260402-00000120,1000.0000,,2026-04-02 16:32:51,朱杰倩,YCD2026040200000060,投放关闭,2026-04-02 11:16:49
JHJY-20260402-00045954,U00-000155,北斗车载智能终端系统,自制,汇报生产,已投放,83.0000,100.0000,2026-04-02,2026-04-02,2026-04-02,2026-04-02,2026-04-02,2026-04-02,MRP-20260402-00000120,100.0000,,2026-04-02 16:32:51,朱杰倩,YCD2026040200000060,投放关闭,2026-04-02 11:16:49
JHJY-20260402-00046022,543-000043,UA400整机通用BOM,自制,汇报生产,已投放,80.0000,80.0000,2026-04-02,2026-04-02,2026-04-02,2026-04-02,2026-04-02,2026-04-02,MRP-20260402-00000120,80.0000,,2026-04-02 16:32:51,朱杰倩,YCD2026040200000060,投放关闭,2026-04-02 11:16:49
JHJY-20260402-00046023,543-000043,UA400整机通用BOM,自制,汇报生产,已投放,200.0000,200.0000,2026-04-18,2026-04-18,2026-04-18,2026-04-19,2026-04-19,2026-04-19,MRP-20260402-00000120,200.0000,,2026-04-02 16:32:51,朱杰倩,YCD2026040200000061,投放关闭,2026-04-02 11:16:49
JHJY-20260402-00046024,543-000043,UA400整机通用BOM,自制,汇报生产,已投放,500.0000,500.0000,2026-04-18,2026-04-18,2026-04-18,2026-04-19,2026-04-19,2026-04-19,MRP-20260402-00000120,500.0000,,2026-04-02 16:32:51,朱杰倩,YCD2026040200000061,投放关闭,2026-04-02 11:16:49
JHJY-20260402-00046025,543-000043,UA400整机通用BOM,自制,汇报生产,已投放,200.0000,200.0000,2026-05-18,2026-05-18,2026-05-18,2026-05-19,2026-05-19,2026-05-19,MRP-20260402-00000120,200.0000,,2026-04-02 16:32:51,朱杰倩,YCD2026040200000062,投放关闭,2026-04-02 11:16:49
JHJY-20260402-00046087,994-000280,UA400通用-M线束,外购,生产项目采购申请单,已投放,283.0000,300.0000,2026-04-02,2026-04-02,2026-04-02,2026-04-19,2026-04-19,2026-04-19,MRP-20260402-00000120,300.0000,,2026-04-02 17:29:58,朱杰倩,YCD2026040200000061,投放关闭,2026-04-02 11:16:49
JHJY-20260402-00046088,994-000280,UA400通用-M线束,外购,生产项目采购申请单,已投放,300.0000,300.0000,2026-04-18,2026-04-18,2026-04-18,2026-05-19,2026-05-19,2026-05-19,MRP-20260402-00000120,300.0000,,2026-04-02 17:29:58,朱杰倩,YCD2026040200000062,投放关闭,2026-04-02 11:16:49
JHJY-20260402-00046206,P69-000060,友安北斗智能仪表系统,自制,汇报生产,已投放,400.0000,400.0000,2026-04-30,2026-04-30,2026-04-30,2026-05-01,2026-05-01,2026-05-01,MRP-20260402-00000121,400.0000,,2026-04-11 15:46:01,朱杰倩,YCD2026040200000067,投放关闭,2026-04-02 23:03:55
JHJY-20260402-00046210,867-000010,友安北斗智能仪表系统,自制,汇报生产,未投放,45.0000,450.0000,2026-04-28,2026-04-28,2026-04-28,2026-04-29,2026-04-29,2026-04-29,MRP-20260402-00000121,0.0000,,,朱杰倩,YCD2026040200000067,正常,2026-04-02 23:03:55
JHJY-20260403-00046317,P61-000351,农业智能播种监控系统,自制,汇报生产,未投放,600.0000,600.0000,2026-04-09,2026-04-09,2026-04-09,2026-04-10,2026-04-10,2026-04-10,MRP-20260403-00000123,0.0000,,,朱杰倩,YCD2026030400000052,正常,2026-04-03 13:28:27
JHJY-20260403-00046318,P61-000328,农业智能播种监控系统,自制,汇报生产,未投放,2000.0000,2000.0000,2026-04-09,2026-04-09,2026-04-09,2026-04-10,2026-04-10,2026-04-10,MRP-20260403-00000123,0.0000,,,朱杰倩,YCD2026030400000052,正常,2026-04-03 13:28:27
JHJY-20260403-00046319,994-000645,YC400电源线（屏蔽层版）,外购,生产项目采购申请单,已投放,946.0000,1050.0000,2026-04-08,2026-04-08,2026-04-08,2026-04-09,2026-04-09,2026-04-09,MRP-20260403-00000123,1050.0000,,2026-04-03 16:06:03,朱杰倩,YCD2026030400000052,投放关闭,2026-04-03 13:28:27
JHJY-20260403-00046322,468-000295,YC400智能播种监控系统说明书,外购,生产项目采购申请单,已投放,789.0000,1000.0000,2026-04-03,2026-04-03,2026-04-03,2026-04-09,2026-04-09,2026-04-09,MRP-20260403-00000123,1000.0000,,2026-04-03 16:06:03,朱杰倩,YCD2026030400000052,投放关闭,2026-04-03 13:28:27
JHJY-20260403-00046332,606-000069,YC200终端飞机盒,外购,生产项目采购申请单,已投放,1474.0000,1600.0000,2026-04-03,2026-04-03,2026-04-03,2026-04-09,2026-04-09,2026-04-09,MRP-20260403-00000123,1600.0000,,2026-04-03 16:06:03,朱杰倩,YCD2026030400000052,投放关闭,2026-04-03 13:28:27
JHJY-20260403-00046336,606-000071,YC200飞机盒包装箱,外购,生产项目采购申请单,已投放,1393.0000,1520.0000,2026-04-03,2026-04-03,2026-04-03,2026-04-09,2026-04-09,2026-04-09,MRP-20260403-00000123,1520.0000,,2026-04-03 16:06:03,朱杰倩,YCD2026030400000052,投放关闭,2026-04-03 13:28:27
JHJY-20260403-00046338,849-000041,YC200整机支架,外购,生产项目采购申请单,已投放,1176.0000,1300.0000,2026-04-03,2026-04-03,2026-04-03,2026-04-09,2026-04-09,2026-04-09,MRP-20260403-00000123,1300.0000,,2026-04-03 16:06:03,朱杰倩,YCD2026030400000052,投放关闭,2026-04-03 13:28:27
JHJY-20260403-00046343,812-000017,40*62魔术贴,外购,生产项目采购申请单,已投放,2584.0000,2600.0000,2026-04-03,2026-04-03,2026-04-03,2026-04-09,2026-04-09,2026-04-09,MRP-20260403-00000123,2600.0000,,2026-04-03 16:06:03,朱杰倩,YCD2026030400000052,投放关闭,2026-04-03 13:28:27
JHJY-20260403-00046350,838-000217,定位天线,外购,生产项目采购申请单,已投放,479.0000,500.0000,2026-04-03,2026-04-03,2026-04-03,2026-04-09,2026-04-09,2026-04-09,MRP-20260403-00000123,500.0000,,2026-04-03 16:06:03,朱杰倩,YCD2026030400000052,投放关闭,2026-04-03 13:28:27
JHJY-20260403-00046351,606-000070,YC200终端EPE内衬,外购,生产项目采购申请单,已投放,1890.0000,2010.0000,2026-04-03,2026-04-03,2026-04-03,2026-04-09,2026-04-09,2026-04-09,MRP-20260403-00000123,2010.0000,,2026-04-03 16:06:03,朱杰倩,YCD2026030400000052,投放关闭,2026-04-03 13:28:27
JHJY-20260403-00046357,795-000110,梅花手柄螺丝,外购,生产项目采购申请单,已投放,2421.0000,2400.0000,2026-04-03,2026-04-03,2026-04-03,2026-04-09,2026-04-09,2026-04-09,MRP-20260403-00000123,2400.0000,,2026-04-03 16:06:03,朱杰倩,YCD2026030400000052,投放关闭,2026-04-03 13:28:27
JHJY-20260403-00046361,260-000101,YC400播种终端(网络版)整机,自制,汇报生产,已投放,393.0000,800.0000,2026-04-08,2026-04-08,2026-04-08,2026-04-09,2026-04-09,2026-04-09,MRP-20260403-00000123,800.0000,,2026-04-08 17:25:53,朱杰倩,YCD2026030400000052,投放关闭,2026-04-03 13:28:27
JHJY-20260403-00046369,468-000371,种1-4标签,外购,生产项目采购申请单,已投放,1339.0000,1500.0000,2026-04-03,2026-04-03,2026-04-03,2026-04-09,2026-04-09,2026-04-09,MRP-20260403-00000123,1500.0000,,2026-04-03 16:06:03,朱杰倩,YCD2026030400000052,投放关闭,2026-04-03 13:28:27
JHJY-20260403-00046377,165-000290,YC200农哈哈贴膜,外购,生产项目采购申请单,已投放,309.0000,310.0000,2026-04-03,2026-04-03,2026-04-03,2026-04-09,2026-04-09,2026-04-09,MRP-20260403-00000123,310.0000,,2026-04-03 16:06:03,朱杰倩,YCD2026030400000052,投放关闭,2026-04-03 13:28:27
JHJY-20260403-00046378,165-000290,YC200农哈哈贴膜,外购,生产项目采购申请单,已投放,2000.0000,2000.0000,2026-04-03,2026-04-03,2026-04-03,2026-04-09,2026-04-09,2026-04-09,MRP-20260403-00000123,2000.0000,,2026-04-03 16:06:03,朱杰倩,YCD2026030400000052,投放关闭,2026-04-03 13:28:27
JHJY-20260403-00046384,165-000081,防水透气膜,外购,生产项目采购申请单,已投放,605.0000,620.0000,2026-04-03,2026-04-03,2026-04-03,2026-04-08,2026-04-08,2026-04-08,MRP-20260403-00000123,620.0000,,2026-04-03 16:06:03,朱杰倩,YCD2026030400000052,投放关闭,2026-04-03 13:28:27
JHJY-20260403-00046385,165-000081,防水透气膜,外购,生产项目采购申请单,已投放,2000.0000,2000.0000,2026-04-03,2026-04-03,2026-04-03,2026-04-09,2026-04-09,2026-04-09,MRP-20260403-00000123,2000.0000,,2026-04-03 16:06:03,朱杰倩,YCD2026030400000052,投放关闭,2026-04-03 13:28:27
JHJY-20260403-00046386,165-000582,YC200点胶面板,外购,生产项目采购申请单,已投放,658.0000,670.0000,2026-04-03,2026-04-03,2026-04-03,2026-04-08,2026-04-08,2026-04-08,MRP-20260403-00000123,670.0000,,2026-04-03 16:06:03,朱杰倩,YCD2026030400000052,投放关闭,2026-04-03 13:28:27
JHJY-20260403-00046387,165-000582,YC200点胶面板,外购,生产项目采购申请单,已投放,2000.0000,2000.0000,2026-04-03,2026-04-03,2026-04-03,2026-04-09,2026-04-09,2026-04-09,MRP-20260403-00000123,2000.0000,,2026-04-03 16:06:03,朱杰倩,YCD2026030400000052,投放关闭,2026-04-03 13:28:27
JHJY-20260403-00046388,165-001457,YC400 P5后壳,外购,生产项目采购申请单,已投放,1897.0000,1910.0000,2026-04-08,2026-04-08,2026-04-08,2026-04-09,2026-04-09,2026-04-09,MRP-20260403-00000123,1910.0000,,2026-04-03 16:06:03,朱杰倩,YCD2026030400000052,投放关闭,2026-04-03 13:28:27
JHJY-20260403-00046389,165-000663,YC400按键贴膜,外购,生产项目采购申请单,已投放,628.0000,640.0000,2026-04-03,2026-04-03,2026-04-03,2026-04-08,2026-04-08,2026-04-08,MRP-20260403-00000123,640.0000,,2026-04-03 16:06:03,朱杰倩,YCD2026030400000052,投放关闭,2026-04-03 13:28:27
JHJY-20260403-00046390,165-000663,YC400按键贴膜,外购,生产项目采购申请单,已投放,2000.0000,2000.0000,2026-04-03,2026-04-03,2026-04-03,2026-04-09,2026-04-09,2026-04-09,MRP-20260403-00000123,2000.0000,,2026-04-03 16:06:03,朱杰倩,YCD2026030400000052,投放关闭,2026-04-03 13:28:27
JHJY-20260403-00046394,165-002916,YC400采集器壳体,外购,生产项目采购申请单,已投放,836.0000,836.0000,2026-04-03,2026-04-03,2026-04-03,2026-04-08,2026-04-08,2026-04-08,MRP-20260403-00000123,836.0000,,2026-04-03 16:06:03,朱杰倩,YCD2026030400000052,投放关闭,2026-04-03 13:28:27
JHJY-20260403-00046395,165-002916,YC400采集器壳体,外购,生产项目采购申请单,已投放,1645.0000,1645.0000,2026-04-03,2026-04-03,2026-04-03,2026-04-08,2026-04-08,2026-04-08,MRP-20260403-00000123,1645.0000,,2026-04-03 16:06:03,朱杰倩,YCD2026030400000052,投放关闭,2026-04-03 13:28:27
JHJY-20260403-00046397,165-002916,YC400采集器壳体,外购,生产项目采购申请单,已投放,316.0000,319.0000,2026-04-03,2026-04-03,2026-04-03,2026-04-09,2026-04-09,2026-04-09,MRP-20260403-00000123,319.0000,,2026-04-03 16:06:03,朱杰倩,YCD2026030400000052,投放关闭,2026-04-03 13:28:27
JHJY-20260403-00046398,849-000214,ST2.0*8自攻螺丝,外购,生产项目采购申请单,已投放,1757.0000,2000.0000,2026-04-03,2026-04-03,2026-04-03,2026-04-08,2026-04-08,2026-04-08,MRP-20260403-00000123,2000.0000,,2026-04-03 16:06:03,朱杰倩,YCD2026030400000052,投放关闭,2026-04-03 13:28:27
JHJY-20260403-00046399,849-000214,ST2.0*8自攻螺丝,外购,生产项目采购申请单,已投放,8000.0000,8000.0000,2026-04-03,2026-04-03,2026-04-03,2026-04-09,2026-04-09,2026-04-09,MRP-20260403-00000123,8000.0000,,2026-04-03 16:06:03,朱杰倩,YCD2026030400000052,投放关闭,2026-04-03 13:28:27
JHJY-20260403-00046401,838-000251,YC400-4G天线_P5,外购,生产项目采购申请单,已投放,638.0000,650.0000,2026-04-03,2026-04-03,2026-04-03,2026-04-08,2026-04-08,2026-04-08,MRP-20260403-00000123,650.0000,,2026-04-03 16:06:03,朱杰倩,YCD2026030400000052,投放关闭,2026-04-03 13:28:27
JHJY-20260403-00046402,838-000251,YC400-4G天线_P5,外购,生产项目采购申请单,已投放,2000.0000,2000.0000,2026-04-03,2026-04-03,2026-04-03,2026-04-09,2026-04-09,2026-04-09,MRP-20260403-00000123,2000.0000,,2026-04-03 16:06:03,朱杰倩,YCD2026030400000052,投放关闭,2026-04-03 13:28:27
JHJY-20260403-00046403,994-000646,YC400终端线束_P5（屏蔽层+双绞版）,外购,生产项目采购申请单,已投放,606.0000,620.0000,2026-04-07,2026-04-07,2026-04-07,2026-04-08,2026-04-08,2026-04-08,MRP-20260403-00000123,620.0000,,2026-04-03 16:06:03,朱杰倩,YCD2026030400000052,投放关闭,2026-04-03 13:28:27
JHJY-20260403-00046404,994-000646,YC400终端线束_P5（屏蔽层+双绞版）,外购,生产项目采购申请单,已投放,2000.0000,2000.0000,2026-04-08,2026-04-08,2026-04-08,2026-04-09,2026-04-09,2026-04-09,MRP-20260403-00000123,2000.0000,,2026-04-03 16:06:03,朱杰倩,YCD2026030400000052,投放关闭,2026-04-03 13:28:27
JHJY-20260403-00046405,165-000279,壳体密封圈,外购,生产项目采购申请单,已投放,657.0000,670.0000,2026-04-07,2026-04-07,2026-04-07,2026-04-08,2026-04-08,2026-04-08,MRP-20260403-00000123,670.0000,,2026-04-03 16:06:03,朱杰倩,YCD2026030400000052,投放关闭,2026-04-03 13:28:27
JHJY-20260403-00046406,165-000279,壳体密封圈,外购,生产项目采购申请单,已投放,2000.0000,2000.0000,2026-04-08,2026-04-08,2026-04-08,2026-04-09,2026-04-09,2026-04-09,MRP-20260403-00000123,2000.0000,,2026-04-03 16:06:03,朱杰倩,YCD2026030400000052,投放关闭,2026-04-03 13:28:27
JHJY-20260403-00046407,165-001456,YC400 P5前壳,外购,生产项目采购申请单,已投放,1743.0000,1750.0000,2026-04-08,2026-04-08,2026-04-08,2026-04-09,2026-04-09,2026-04-09,MRP-20260403-00000123,1750.0000,,2026-04-03 16:06:03,朱杰倩,YCD2026030400000052,投放关闭,2026-04-03 13:28:27
JHJY-20260403-00046409,165-000280,3.5寸屏支架,外购,生产项目采购申请单,已投放,371.0000,380.0000,2026-04-03,2026-04-03,2026-04-03,2026-04-08,2026-04-08,2026-04-08,MRP-20260403-00000123,380.0000,,2026-04-03 16:06:03,朱杰倩,YCD2026030400000052,投放关闭,2026-04-03 13:28:27
JHJY-20260403-00046410,165-000280,3.5寸屏支架,外购,生产项目采购申请单,已投放,2000.0000,2000.0000,2026-04-03,2026-04-03,2026-04-03,2026-04-09,2026-04-09,2026-04-09,MRP-20260403-00000123,2000.0000,,2026-04-03 16:06:03,朱杰倩,YCD2026030400000052,投放关闭,2026-04-03 13:28:27
JHJY-20260403-00046411,505-000023,小终端3.5寸屏,外购,生产项目采购申请单,已投放,680.0000,690.0000,2026-04-03,2026-04-03,2026-04-03,2026-04-08,2026-04-08,2026-04-08,MRP-20260403-00000123,690.0000,,2026-04-03 16:06:03,朱杰倩,YCD2026030400000052,投放关闭,2026-04-03 13:28:27
JHJY-20260403-00046412,505-000023,小终端3.5寸屏,外购,生产项目采购申请单,已投放,2000.0000,2000.0000,2026-04-03,2026-04-03,2026-04-03,2026-04-09,2026-04-09,2026-04-09,MRP-20260403-00000123,2000.0000,,2026-04-03 16:06:03,朱杰倩,YCD2026030400000052,投放关闭,2026-04-03 13:28:27
JHJY-20260403-00046413,849-000233,ST2.6*12自攻,外购,生产项目采购申请单,已投放,4050.0000,4500.0000,2026-04-03,2026-04-03,2026-04-03,2026-04-08,2026-04-08,2026-04-08,MRP-20260403-00000123,4500.0000,,2026-04-03 16:06:03,朱杰倩,YCD2026030400000052,投放关闭,2026-04-03 13:28:27
JHJY-20260403-00046414,849-000233,ST2.6*12自攻,外购,生产项目采购申请单,已投放,20000.0000,20000.0000,2026-04-03,2026-04-03,2026-04-03,2026-04-09,2026-04-09,2026-04-09,MRP-20260403-00000123,20000.0000,,2026-04-03 16:06:03,朱杰倩,YCD2026030400000052,投放关闭,2026-04-03 13:28:27
JHJY-20260403-00046415,849-000221,喇叭固定支架,外购,生产项目采购申请单,已投放,652.0000,660.0000,2026-04-03,2026-04-03,2026-04-03,2026-04-08,2026-04-08,2026-04-08,MRP-20260403-00000123,660.0000,,2026-04-03 16:06:03,朱杰倩,YCD2026030400000052,投放关闭,2026-04-03 13:28:27
JHJY-20260403-00046416,849-000221,喇叭固定支架,外购,生产项目采购申请单,已投放,2000.0000,2000.0000,2026-04-03,2026-04-03,2026-04-03,2026-04-09,2026-04-09,2026-04-09,MRP-20260403-00000123,2000.0000,,2026-04-03 16:06:03,朱杰倩,YCD2026030400000052,投放关闭,2026-04-03 13:28:27
JHJY-20260403-00046417,994-000083,SMA天线,外购,生产项目采购申请单,已投放,640.0000,650.0000,2026-04-03,2026-04-03,2026-04-03,2026-04-08,2026-04-08,2026-04-08,MRP-20260403-00000123,650.0000,,2026-04-03 16:06:03,朱杰倩,YCD2026030400000052,投放关闭,2026-04-03 13:28:27
JHJY-20260403-00046418,994-000083,SMA天线,外购,生产项目采购申请单,已投放,2000.0000,2000.0000,2026-04-03,2026-04-03,2026-04-03,2026-04-09,2026-04-09,2026-04-09,MRP-20260403-00000123,2000.0000,,2026-04-03 16:06:03,朱杰倩,YCD2026030400000052,投放关闭,2026-04-03 13:28:27
JHJY-20260403-00046421,849-000258,st2x5自攻螺丝,外购,生产项目采购申请单,已投放,1874.0000,2000.0000,2026-04-03,2026-04-03,2026-04-03,2026-04-08,2026-04-08,2026-04-08,MRP-20260403-00000123,2000.0000,,2026-04-03 16:06:03,朱杰倩,YCD2026030400000052,投放关闭,2026-04-03 13:28:27
JHJY-20260403-00046422,849-000258,st2x5自攻螺丝,外购,生产项目采购申请单,已投放,6000.0000,6000.0000,2026-04-03,2026-04-03,2026-04-03,2026-04-09,2026-04-09,2026-04-09,MRP-20260403-00000123,6000.0000,,2026-04-03 16:06:03,朱杰倩,YCD2026030400000052,投放关闭,2026-04-03 13:28:27
JHJY-20260403-00046423,165-001164,YC400喇叭,外购,生产项目采购申请单,已投放,575.0000,580.0000,2026-04-03,2026-04-03,2026-04-03,2026-04-08,2026-04-08,2026-04-08,MRP-20260403-00000123,580.0000,,2026-04-03 16:06:03,朱杰倩,YCD2026030400000052,投放关闭,2026-04-03 13:28:27
JHJY-20260403-00046424,165-001164,YC400喇叭,外购,生产项目采购申请单,已投放,2000.0000,2000.0000,2026-04-03,2026-04-03,2026-04-03,2026-04-09,2026-04-09,2026-04-09,MRP-20260403-00000123,2000.0000,,2026-04-03 16:06:03,朱杰倩,YCD2026030400000052,投放关闭,2026-04-03 13:28:27
JHJY-20260403-00046425,606-000072,YC200包装外箱,外购,生产项目采购申请单,已投放,277.5000,300.0000,2026-04-03,2026-04-03,2026-04-03,2026-04-09,2026-04-09,2026-04-09,MRP-20260403-00000123,300.0000,,2026-04-03 16:06:03,朱杰倩,YCD2026030400000052,投放关闭,2026-04-03 13:28:27
JHJY-20260408-00046440,734-000001,WH300无人车,自制,汇报生产,已投放,20.0000,8.0000,2026-04-14,2026-04-14,2026-04-14,2026-04-15,2026-04-15,2026-04-15,MRP-20260408-00000124,8.0000,,2026-04-30 11:00:13,朱杰倩,YCD2026040800000069,投放关闭,2026-04-08 15:50:18
JHJY-20260408-00046441,353-000162,上装及底盘装置,自制,汇报生产,已投放,20.0000,8.0000,2026-04-13,2026-04-13,2026-04-13,2026-04-14,2026-04-14,2026-04-14,MRP-20260408-00000124,8.0000,,2026-04-24 10:52:17,朱杰倩,YCD2026040800000069,投放关闭,2026-04-08 15:50:18
JHJY-20260408-00046442,353-000178,作业装置,自制,汇报生产,已投放,20.0000,8.0000,2026-04-13,2026-04-13,2026-04-13,2026-04-14,2026-04-14,2026-04-14,MRP-20260408-00000124,8.0000,,2026-04-30 10:58:49,朱杰倩,YCD2026040800000069,投放关闭,2026-04-08 15:50:18
JHJY-20260408-00046444,353-000165,后底盘系统,自制,汇报生产,已投放,20.0000,20.0000,2026-04-12,2026-04-12,2026-04-12,2026-04-13,2026-04-13,2026-04-13,MRP-20260408-00000124,20.0000,,2026-04-13 18:12:18,朱杰倩,YCD2026040800000069,投放关闭,2026-04-08 15:50:18
JHJY-20260408-00046445,353-000163,前底盘系统,自制,汇报生产,已投放,20.0000,20.0000,2026-04-12,2026-04-12,2026-04-12,2026-04-13,2026-04-13,2026-04-13,MRP-20260408-00000124,20.0000,,2026-04-10 23:46:10,朱杰倩,YCD2026040800000069,投放关闭,2026-04-08 15:50:18
JHJY-20260408-00046447,353-000167,铰接系统,自制,汇报生产,已投放,20.0000,8.0000,2026-04-12,2026-04-12,2026-04-12,2026-04-13,2026-04-13,2026-04-13,MRP-20260408-00000124,8.0000,,2026-04-24 10:52:17,朱杰倩,YCD2026040800000069,投放关闭,2026-04-08 15:50:18
JHJY-20260408-00046448,353-000164,前上装系统,自制,汇报生产,已投放,20.0000,8.0000,2026-04-12,2026-04-12,2026-04-12,2026-04-13,2026-04-13,2026-04-13,MRP-20260408-00000124,8.0000,,2026-04-24 10:52:17,朱杰倩,YCD2026040800000069,投放关闭,2026-04-08 15:50:18
JHJY-20260408-00046450,353-000179,作业升降系统,自制,汇报生产,已投放,20.0000,8.0000,2026-04-12,2026-04-12,2026-04-12,2026-04-13,2026-04-13,2026-04-13,MRP-20260408-00000124,8.0000,,2026-04-20 15:09:01,朱杰倩,YCD2026040800000069,投放关闭,2026-04-08 15:50:18
JHJY-20260408-00046451,353-000181,作业接口板,自制,汇报生产,已投放,20.0000,20.0000,2026-04-11,2026-04-11,2026-04-11,2026-04-12,2026-04-12,2026-04-12,MRP-20260408-00000124,20.0000,,2026-04-09 10:00:23,朱杰倩,YCD2026040800000069,投放关闭,2026-04-08 15:50:18
JHJY-20260408-00046458,353-000166,后摆臂分装组件,自制,汇报生产,已投放,40.0000,40.0000,2026-04-11,2026-04-11,2026-04-11,2026-04-12,2026-04-12,2026-04-12,MRP-20260408-00000124,40.0000,,2026-04-13 18:12:18,朱杰倩,YCD2026040800000069,投放关闭,2026-04-08 15:50:18
JHJY-20260408-00046465,353-000180,作业配电盒,自制,汇报生产,已投放,20.0000,20.0000,2026-04-11,2026-04-11,2026-04-11,2026-04-12,2026-04-12,2026-04-12,MRP-20260408-00000124,20.0000,,2026-04-09 15:30:19,朱杰倩,YCD2026040800000069,投放关闭,2026-04-08 15:50:18
JHJY-20260408-00046467,353-000171,三目相机,自制,汇报生产,已投放,20.0000,20.0000,2026-04-11,2026-04-11,2026-04-11,2026-04-12,2026-04-12,2026-04-12,MRP-20260408-00000124,20.0000,,2026-04-19 20:50:34,朱杰倩,YCD2026040800000069,投放关闭,2026-04-08 15:50:18
JHJY-20260408-00046468,353-000168,电机控制器,自制,汇报生产,已投放,80.0000,32.0000,2026-04-11,2026-04-11,2026-04-11,2026-04-12,2026-04-12,2026-04-12,MRP-20260408-00000124,32.0000,,2026-04-20 15:09:01,朱杰倩,YCD2026040800000069,投放关闭,2026-04-08 15:50:18
JHJY-20260408-00046469,353-000173,后接口板,自制,汇报生产,已投放,20.0000,20.0000,2026-04-11,2026-04-11,2026-04-11,2026-04-12,2026-04-12,2026-04-12,MRP-20260408-00000124,20.0000,,2026-04-09 10:00:23,朱杰倩,YCD2026040800000069,投放关闭,2026-04-08 15:50:18
JHJY-20260408-00046479,353-000170,前车配电盒,自制,汇报生产,已投放,20.0000,20.0000,2026-04-11,2026-04-11,2026-04-11,2026-04-12,2026-04-12,2026-04-12,MRP-20260408-00000124,20.0000,,2026-04-09 15:30:19,朱杰倩,YCD2026040800000069,投放关闭,2026-04-08 15:50:18
JHJY-20260408-00046487,353-000169,前接口板,自制,汇报生产,已投放,20.0000,20.0000,2026-04-11,2026-04-11,2026-04-11,2026-04-12,2026-04-12,2026-04-12,MRP-20260408-00000124,20.0000,,2026-04-09 10:00:23,朱杰倩,YCD2026040800000069,投放关闭,2026-04-08 15:50:18
JHJY-20260408-00046493,353-000174,后车配电盒,自制,汇报生产,已投放,20.0000,20.0000,2026-04-11,2026-04-11,2026-04-11,2026-04-12,2026-04-12,2026-04-12,MRP-20260408-00000124,20.0000,,2026-04-09 15:30:19,朱杰倩,YCD2026040800000069,投放关闭,2026-04-08 15:50:18
JHJY-20260408-00046541,P61-000331,农业智能播种监控系统,自制,汇报生产,已投放,0.0000,30.0000,2026-04-08,,2026-04-08,,2026-04-09,2026-04-09,,30.0000,,2026-04-08 18:06:02,朱杰倩,,投放关闭,2026-04-08 18:02:38
JHJY-20260411-00046577,815-000002,UA500(上柴客供)整机,自制,汇报生产,已投放,968.0000,503.0000,2026-04-11,2026-04-02,2026-04-11,2026-04-02,2026-04-12,2026-04-12,MRP-20260402-00000120,503.0000,,2026-04-11 12:10:54,朱杰倩,YCD2026040200000060,投放关闭,2026-04-02 11:16:49
JHJY-20260411-00046581,525-000204,580V3电机动力套组件,自制,汇报生产,已投放,0.0000,400.0000,2026-04-11,,2026-04-11,,2026-04-12,2026-04-12,,400.0000,,2026-04-11 15:23:32,朱杰倩,,投放关闭,2026-04-11 15:07:10
JHJY-20260411-00046582,525-000190,580V3机臂动力套组件1号__双离心版本,自制,汇报生产,已投放,0.0000,100.0000,2026-04-11,,2026-04-11,,2026-04-12,2026-04-12,,100.0000,,2026-04-11 16:09:11,朱杰倩,,投放关闭,2026-04-11 16:07:15
JHJY-20260411-00046583,525-000191,580V3机臂动力套组件2号__双离心版本,自制,汇报生产,已投放,0.0000,100.0000,2026-04-11,,2026-04-11,,2026-04-12,2026-04-12,,100.0000,,2026-04-11 16:09:11,朱杰倩,,投放关闭,2026-04-11 16:07:35
JHJY-20260411-00046584,525-000192,580V3机臂动力套组件3号,自制,汇报生产,已投放,0.0000,100.0000,2026-04-11,,2026-04-11,,2026-04-12,2026-04-12,,100.0000,,2026-04-11 16:09:11,朱杰倩,,投放关闭,2026-04-11 16:08:00
JHJY-20260411-00046585,525-000193,580V3机臂动力套组件4号,自制,汇报生产,已投放,0.0000,100.0000,2026-04-11,,2026-04-11,,2026-04-12,2026-04-12,,100.0000,,2026-04-11 16:09:11,朱杰倩,,投放关闭,2026-04-11 16:08:16
JHJY-20260411-00046586,525-000183,580V3机架组件,自制,汇报生产,已投放,0.0000,100.0000,2026-04-11,,2026-04-11,,2026-04-12,2026-04-12,,100.0000,,2026-04-11 16:25:46,朱杰倩,,投放关闭,2026-04-11 16:23:05
JHJY-20260411-00046587,525-000223,580V3机架模块（无双目版）,自制,汇报生产,已投放,0.0000,100.0000,2026-04-11,,2026-04-11,,2026-04-12,2026-04-12,,100.0000,,2026-04-11 16:25:46,朱杰倩,,投放关闭,2026-04-11 16:25:18
JHJY-20260413-00046590,528-000031,YS221A接收机整机_国内版_整机,自制,汇报生产,已投放,500.0000,1000.0000,2026-04-15,2026-03-23,2026-04-15,2026-03-24,2026-04-16,2026-04-16,MRP-20260318-00000114,1000.0000,,2026-04-13 13:11:08,朱杰倩,,投放关闭,2026-03-18 09:59:13
JHJY-20260415-00046601,P69-000060,友安北斗智能仪表系统,自制,汇报生产,已投放,380.0000,182.0000,2026-04-15,2026-04-14,2026-04-15,2026-04-15,2026-04-16,2026-04-16,MRP-20260402-00000121,182.0000,,2026-04-15 11:20:02,朱杰倩,YCD2026020500000045,投放关闭,2026-04-02 23:03:55
JHJY-20260417-00046604,306-000001,YN503显示终端整机（国内）(412),自制,汇报生产,已投放,676.0000,1000.0000,2026-04-18,2026-03-23,2026-04-18,2026-03-24,2026-04-19,2026-04-19,MRP-20260318-00000114,1000.0000,,2026-04-17 14:17:40,朱杰倩,,投放关闭,2026-03-18 09:59:13
JHJY-20260417-00046605,306-000005,YN503_前壳预装组件（412）,自制,汇报生产,已投放,676.0000,1700.0000,2026-04-18,2026-03-22,2026-04-18,2026-03-23,2026-04-19,2026-04-19,MRP-20260318-00000114,1700.0000,,2026-04-17 14:28:05,朱杰倩,,投放关闭,2026-03-18 09:59:13
JHJY-20260424-00046615,353-000168,电机控制器,自制,汇报生产,已投放,0.0000,48.0000,2026-04-24,,2026-04-24,,2026-04-25,2026-04-25,,48.0000,,2026-04-24 19:12:28,朱杰倩,,投放关闭,2026-04-24 19:10:16
JHJY-20260514-00048786,883-000052,YN501_显示器终端_(海外版)含盖,自制,汇报生产,已投放,50.0000,60.0000,2026-05-15,2026-05-12,2026-05-15,2026-05-12,2026-05-16,2026-05-16,MRP-20260512-00000126,60.0000,,2026-05-14 14:37:43,杨英敏,,投放关闭,2026-05-12 18:16:55
JHJY-20260514-00048787,883-000008,408蘑菇头底座组件,自制,汇报生产,已投放,20.0000,60.0000,2026-05-15,2026-05-30,2026-05-15,2026-05-31,2026-05-16,2026-05-16,MRP-20260512-00000126,60.0000,,2026-05-14 14:43:15,杨英敏,,投放关闭,2026-05-12 18:16:55
JHJY-20260514-00052413,883-000008,408蘑菇头底座组件,自制,汇报生产,已投放,6.0000,6.0000,2026-09-29,2026-09-29,2026-09-29,2026-09-30,2026-09-30,2026-09-30,MRP-20260514-00000129,6.0000,,2026-05-18 15:49:25,杨英敏,YCD2026050700000074,投放关闭,2026-05-14 17:09:11
JHJY-20260514-00054019,791-000015,YN403显示终端整机_预装组件_拖拉机,自制,汇报生产,已投放,72.0000,200.0000,2026-05-15,2026-06-29,2026-05-15,2026-06-30,2026-05-16,2026-05-16,MRP-20260514-00000129,200.0000,,2026-05-14 17:13:30,杨英敏,,投放关闭,2026-05-14 17:09:11
JHJY-20260521-00058580,883-000078,多功能线控手柄,自制,汇报生产,已投放,773.0000,1200.0000,2026-05-25,2026-08-30,2026-05-25,2026-08-31,2026-05-26,2026-05-26,MRP-20260514-00000129,1200.0000,,2026-05-21 10:27:03,杨英敏,,投放关闭,2026-05-14 17:09:11
JHJY-20260521-00058585,306-000102,YN412预组装包_国内版,自制,汇报生产,已投放,15.0000,300.0000,2026-05-25,2026-08-30,2026-05-25,2026-08-31,2026-05-26,2026-05-26,MRP-20260514-00000129,300.0000,,2026-05-21 10:35:25,杨英敏,,投放关闭,2026-05-14 17:09:11
JHJY-20260525-00060244,382-000005,北斗导航农机驾驶仪,自制,汇报生产,已投放,239.0000,200.0000,2026-05-31,2026-05-31,2026-05-31,2026-06-01,2026-06-01,2026-06-01,MRP-20260521-00000138,200.0000,,2026-05-25 10:44:17,杨英敏,YCD2026031600000056,投放关闭,2026-05-21 14:35:40
JHJY-20260610-00061999,526-000006,北斗导航农机驾驶仪,自制,汇报生产,未投放,10.0000,10.0000,2026-06-10,2026-06-10,2026-06-10,2026-06-10,2026-06-10,2026-06-10,MRP-20260610-00000151,0.0000,,,杨英敏,YCD2026031600000056,正常,2026-06-10 10:01:24
JHJY-20260610-00062019,382-000005,北斗导航农机驾驶仪,自制,汇报生产,未投放,123.0000,123.0000,2026-06-10,2026-06-10,2026-06-10,2026-06-10,2026-06-10,2026-06-10,MRP-20260610-00000151,0.0000,,,杨英敏,YCD2026040900000070,正常,2026-06-10 10:01:24
JHJY-20260610-00062020,382-000005,北斗导航农机驾驶仪,自制,汇报生产,未投放,322.0000,322.0000,2026-06-10,2026-06-10,2026-06-10,2026-06-10,2026-06-10,2026-06-10,MRP-20260610-00000151,0.0000,,,杨英敏,YCD2026031600000056,正常,2026-06-10 10:01:24
JHJY-20260610-00062024,526-000001,北斗导航农机驾驶仪,自制,汇报生产,未投放,22.0000,22.0000,2026-06-10,2026-06-10,2026-06-10,2026-06-10,2026-06-10,2026-06-10,MRP-20260610-00000151,0.0000,,,杨英敏,YCD2026040900000070,正常,2026-06-10 10:01:24
JHJY-20260610-00062025,526-000001,北斗导航农机驾驶仪,自制,汇报生产,未投放,349.0000,349.0000,2026-06-10,2026-06-10,2026-06-10,2026-06-10,2026-06-10,2026-06-10,MRP-20260610-00000151,0.0000,,,杨英敏,YCD2026031600000056,正常,2026-06-10 10:01:24
JHJY-20260610-00062026,382-000006,北斗导航农机驾驶仪,自制,汇报生产,未投放,4.0000,4.0000,2026-06-10,2026-06-10,2026-06-10,2026-06-10,2026-06-10,2026-06-10,MRP-20260610-00000151,0.0000,,,杨英敏,YCD2026031600000057,正常,2026-06-10 10:01:24
JHJY-20260610-00062027,382-000006,北斗导航农机驾驶仪,自制,汇报生产,未投放,21.0000,21.0000,2026-06-10,2026-06-10,2026-06-10,2026-06-10,2026-06-10,2026-06-10,MRP-20260610-00000151,0.0000,,,杨英敏,YCD2026040900000070,正常,2026-06-10 10:01:24
JHJY-20260610-00062028,382-000006,北斗导航农机驾驶仪,自制,汇报生产,未投放,70.0000,70.0000,2026-06-10,2026-06-10,2026-06-10,2026-06-10,2026-06-10,2026-06-10,MRP-20260610-00000151,0.0000,,,杨英敏,YCD2026031600000056,正常,2026-06-10 10:01:24
JHJY-20260610-00062033,623-000034,408卫星平地系统(海外版）,自制,汇报生产,未投放,2.0000,2.0000,2026-06-10,2026-06-10,2026-06-10,2026-06-10,2026-06-10,2026-06-10,MRP-20260610-00000151,0.0000,,,杨英敏,YCD2026040900000070,正常,2026-06-10 10:01:24
JHJY-20260610-00062034,623-000034,408卫星平地系统(海外版）,自制,汇报生产,未投放,5.0000,5.0000,2026-06-10,2026-06-10,2026-06-10,2026-06-10,2026-06-10,2026-06-10,MRP-20260610-00000151,0.0000,,,杨英敏,YCD2026031600000056,正常,2026-06-10 10:01:24
JHJY-20260610-00062042,791-000016,YN403显示终端整机_预装组件_插秧机,自制,汇报生产,未投放,4.0000,4.0000,2026-06-10,2026-06-10,2026-06-10,2026-06-10,2026-06-10,2026-06-10,MRP-20260610-00000151,0.0000,,,杨英敏,YCD2026031600000057,正常,2026-06-10 10:01:24
JHJY-20260610-00062043,791-000016,YN403显示终端整机_预装组件_插秧机,自制,汇报生产,未投放,21.0000,21.0000,2026-06-10,2026-06-10,2026-06-10,2026-06-10,2026-06-10,2026-06-10,MRP-20260610-00000151,0.0000,,,杨英敏,YCD2026040900000070,正常,2026-06-10 10:01:24
JHJY-20260610-00062044,791-000016,YN403显示终端整机_预装组件_插秧机,自制,汇报生产,未投放,70.0000,70.0000,2026-06-10,2026-06-10,2026-06-10,2026-06-10,2026-06-10,2026-06-10,MRP-20260610-00000151,0.0000,,,杨英敏,YCD2026031600000056,正常,2026-06-10 10:01:24
JHJY-20260610-00062057,306-000052,YN412方向盘组件_国内版,自制,汇报生产,未投放,10.0000,10.0000,2026-06-10,2026-06-10,2026-06-10,2026-06-10,2026-06-10,2026-06-10,MRP-20260610-00000151,0.0000,,,杨英敏,YCD2026031600000056,正常,2026-06-10 10:01:24
JHJY-20260610-00062058,306-000052,YN412方向盘组件_国内版,自制,汇报生产,未投放,22.0000,22.0000,2026-06-10,2026-06-10,2026-06-10,2026-06-10,2026-06-10,2026-06-10,MRP-20260610-00000151,0.0000,,,杨英敏,YCD2026040900000070,正常,2026-06-10 10:01:24
JHJY-20260610-00062059,306-000052,YN412方向盘组件_国内版,自制,汇报生产,未投放,349.0000,349.0000,2026-06-10,2026-06-10,2026-06-10,2026-06-10,2026-06-10,2026-06-10,MRP-20260610-00000151,0.0000,,,杨英敏,YCD2026031600000056,正常,2026-06-10 10:01:24
JHJY-20260610-00062079,838-000222,戴柏电台天线含底座-黑色,外购,生产项目采购申请单,未投放,68.0000,68.0000,2026-06-10,2026-06-10,2026-06-10,2026-06-10,2026-06-10,2026-06-10,MRP-20260610-00000151,0.0000,,,杨英敏,YCD2026031600000056,正常,2026-06-10 10:01:24
JHJY-20260610-00062080,838-000222,戴柏电台天线含底座-黑色,外购,生产项目采购申请单,未投放,2.0000,2.0000,2026-06-10,2026-06-10,2026-06-10,2026-06-10,2026-06-10,2026-06-10,MRP-20260610-00000151,0.0000,,,杨英敏,YCD2026040900000070,正常,2026-06-10 10:01:24
JHJY-20260610-00062081,838-000222,戴柏电台天线含底座-黑色,外购,生产项目采购申请单,未投放,5.0000,5.0000,2026-06-10,2026-06-10,2026-06-10,2026-06-10,2026-06-10,2026-06-10,MRP-20260610-00000151,0.0000,,,杨英敏,YCD2026031600000056,正常,2026-06-10 10:01:24
JHJY-20260610-00062082,838-000222,戴柏电台天线含底座-黑色,外购,生产项目采购申请单,未投放,40.0000,40.0000,2026-06-10,2026-06-10,2026-06-10,2026-06-10,2026-06-10,2026-06-10,MRP-20260610-00000151,0.0000,,,杨英敏,YCD2026031600000056,正常,2026-06-10 10:01:24
JHJY-20260610-00062083,838-000222,戴柏电台天线含底座-黑色,外购,生产项目采购申请单,未投放,75.0000,75.0000,2026-06-10,2026-06-10,2026-06-10,2026-06-10,2026-06-10,2026-06-10,MRP-20260610-00000151,0.0000,,,杨英敏,YCD2026031600000057,正常,2026-06-10 10:01:24
JHJY-20260610-00062084,838-000222,戴柏电台天线含底座-黑色,外购,生产项目采购申请单,未投放,75.0000,75.0000,2026-06-10,2026-06-10,2026-06-10,2026-06-10,2026-06-10,2026-06-10,MRP-20260610-00000151,0.0000,,,杨英敏,YCD2026040900000070,正常,2026-06-10 10:01:24
JHJY-20260610-00062085,838-000222,戴柏电台天线含底座-黑色,外购,生产项目采购申请单,未投放,105.0000,105.0000,2026-06-10,2026-06-10,2026-06-10,2026-06-10,2026-06-10,2026-06-10,MRP-20260610-00000151,0.0000,,,杨英敏,YCD2026031600000056,正常,2026-06-10 10:01:24
JHJY-20260610-00062086,838-000222,戴柏电台天线含底座-黑色,外购,生产项目采购申请单,未投放,2.0000,2.0000,2026-06-10,2026-06-10,2026-06-10,2026-06-10,2026-06-10,2026-06-10,MRP-20260610-00000151,0.0000,,,杨英敏,YCD2026040900000070,正常,2026-06-10 10:01:24
JHJY-20260610-00062087,838-000222,戴柏电台天线含底座-黑色,外购,生产项目采购申请单,未投放,5.0000,5.0000,2026-06-10,2026-06-10,2026-06-10,2026-06-10,2026-06-10,2026-06-10,MRP-20260610-00000151,0.0000,,,杨英敏,YCD2026031600000056,正常,2026-06-10 10:01:24
JHJY-20260610-00062089,791-000014,YN406预组装包(插秧机),自制,汇报生产,未投放,4.0000,4.0000,2026-06-10,2026-06-10,2026-06-10,2026-06-10,2026-06-10,2026-06-10,MRP-20260610-00000151,0.0000,,,杨英敏,YCD2026031600000057,正常,2026-06-10 10:01:24
JHJY-20260610-00062090,791-000014,YN406预组装包(插秧机),自制,汇报生产,未投放,21.0000,21.0000,2026-06-10,2026-06-10,2026-06-10,2026-06-10,2026-06-10,2026-06-10,MRP-20260610-00000151,0.0000,,,杨英敏,YCD2026040900000070,正常,2026-06-10 10:01:24
JHJY-20260610-00062091,791-000014,YN406预组装包(插秧机),自制,汇报生产,未投放,70.0000,70.0000,2026-06-10,2026-06-10,2026-06-10,2026-06-10,2026-06-10,2026-06-10,MRP-20260610-00000151,0.0000,,,杨英敏,YCD2026031600000056,正常,2026-06-10 10:01:24
JHJY-20260610-00062092,528-000036,YS221A接收机组件_国内,自制,汇报生产,未投放,91.0000,91.0000,2026-06-10,2026-06-10,2026-06-10,2026-06-10,2026-06-10,2026-06-10,MRP-20260610-00000151,0.0000,,,杨英敏,YCD2026040900000070,正常,2026-06-10 10:01:24
JHJY-20260610-00062093,528-000036,YS221A接收机组件_国内,自制,汇报生产,未投放,322.0000,322.0000,2026-06-10,2026-06-10,2026-06-10,2026-06-10,2026-06-10,2026-06-10,MRP-20260610-00000151,0.0000,,,杨英敏,YCD2026031600000056,正常,2026-06-10 10:01:24
JHJY-20260610-00062094,528-000036,YS221A接收机组件_国内,自制,汇报生产,未投放,22.0000,22.0000,2026-06-10,2026-06-10,2026-06-10,2026-06-10,2026-06-10,2026-06-10,MRP-20260610-00000151,0.0000,,,杨英敏,YCD2026040900000070,正常,2026-06-10 10:01:24
JHJY-20260610-00062095,528-000036,YS221A接收机组件_国内,自制,汇报生产,未投放,349.0000,349.0000,2026-06-10,2026-06-10,2026-06-10,2026-06-10,2026-06-10,2026-06-10,MRP-20260610-00000151,0.0000,,,杨英敏,YCD2026031600000056,正常,2026-06-10 10:01:24
JHJY-20260610-00062097,468-000530,导航车贴(60*15cm),外购,生产项目采购申请单,未投放,126.0000,126.0000,2026-06-10,2026-06-10,2026-06-10,2026-06-10,2026-06-10,2026-06-10,MRP-20260610-00000151,0.0000,,,杨英敏,YCD2026031600000056,正常,2026-06-10 10:01:24
JHJY-20260610-00062098,468-000530,导航车贴(60*15cm),外购,生产项目采购申请单,未投放,4.0000,4.0000,2026-06-10,2026-06-10,2026-06-10,2026-06-10,2026-06-10,2026-06-10,MRP-20260610-00000151,0.0000,,,杨英敏,YCD2026031600000057,正常,2026-06-10 10:01:24
JHJY-20260610-00062099,468-000530,导航车贴(60*15cm),外购,生产项目采购申请单,未投放,21.0000,21.0000,2026-06-10,2026-06-10,2026-06-10,2026-06-10,2026-06-10,2026-06-10,MRP-20260610-00000151,0.0000,,,杨英敏,YCD2026040900000070,正常,2026-06-10 10:01:24
JHJY-20260610-00062100,468-000530,导航车贴(60*15cm),外购,生产项目采购申请单,未投放,70.0000,70.0000,2026-06-10,2026-06-10,2026-06-10,2026-06-10,2026-06-10,2026-06-10,MRP-20260610-00000151,0.0000,,,杨英敏,YCD2026031600000056,正常,2026-06-10 10:01:24
JHJY-20260610-00062102,791-000005,YN406方向盘组件（插秧机）,自制,汇报生产,未投放,4.0000,4.0000,2026-06-10,2026-06-10,2026-06-10,2026-06-10,2026-06-10,2026-06-10,MRP-20260610-00000151,0.0000,,,杨英敏,YCD2026031600000057,正常,2026-06-10 10:01:24
JHJY-20260610-00062103,791-000005,YN406方向盘组件（插秧机）,自制,汇报生产,未投放,21.0000,21.0000,2026-06-10,2026-06-10,2026-06-10,2026-06-10,2026-06-10,2026-06-10,MRP-20260610-00000151,0.0000,,,杨英敏,YCD2026040900000070,正常,2026-06-10 10:01:24
JHJY-20260610-00062104,791-000005,YN406方向盘组件（插秧机）,自制,汇报生产,未投放,70.0000,70.0000,2026-06-10,2026-06-10,2026-06-10,2026-06-10,2026-06-10,2026-06-10,MRP-20260610-00000151,0.0000,,,杨英敏,YCD2026031600000056,正常,2026-06-10 10:01:24
JHJY-20260610-00062105,791-000007,YN406B方向盘组件（拖拉机）,自制,汇报生产,未投放,123.0000,123.0000,2026-06-10,2026-06-10,2026-06-10,2026-06-10,2026-06-10,2026-06-10,MRP-20260610-00000151,0.0000,,,杨英敏,YCD2026040900000070,正常,2026-06-10 10:01:24
JHJY-20260610-00062106,791-000007,YN406B方向盘组件（拖拉机）,自制,汇报生产,未投放,322.0000,322.0000,2026-06-10,2026-06-10,2026-06-10,2026-06-10,2026-06-10,2026-06-10,MRP-20260610-00000151,0.0000,,,杨英敏,YCD2026031600000056,正常,2026-06-10 10:01:24
JHJY-20260610-00062113,883-000008,408蘑菇头底座组件,自制,汇报生产,未投放,37.0000,37.0000,2026-06-10,2026-06-10,2026-06-10,2026-06-10,2026-06-10,2026-06-10,MRP-20260610-00000151,0.0000,,,杨英敏,YCD2026031600000056,正常,2026-06-10 10:01:24
JHJY-20260610-00062114,883-000008,408蘑菇头底座组件,自制,汇报生产,未投放,16.0000,16.0000,2026-06-10,2026-06-10,2026-06-10,2026-06-10,2026-06-10,2026-06-10,MRP-20260610-00000151,0.0000,,,杨英敏,YCD2026031600000056,正常,2026-06-10 10:01:24
JHJY-20260610-00062115,883-000008,408蘑菇头底座组件,自制,汇报生产,未投放,5.0000,5.0000,2026-06-10,2026-06-10,2026-06-10,2026-06-10,2026-06-10,2026-06-10,MRP-20260610-00000151,0.0000,,,杨英敏,YCD2026031600000056,正常,2026-06-10 10:01:24
JHJY-20260610-00062116,883-000008,408蘑菇头底座组件,自制,汇报生产,未投放,2.0000,2.0000,2026-06-10,2026-06-10,2026-06-10,2026-06-10,2026-06-10,2026-06-10,MRP-20260610-00000151,0.0000,,,杨英敏,YCD2026040900000070,正常,2026-06-10 10:01:24
JHJY-20260610-00062117,883-000008,408蘑菇头底座组件,自制,汇报生产,未投放,5.0000,5.0000,2026-06-10,2026-06-10,2026-06-10,2026-06-10,2026-06-10,2026-06-10,MRP-20260610-00000151,0.0000,,,杨英敏,YCD2026031600000056,正常,2026-06-10 10:01:24
JHJY-20260610-00062127,791-000015,YN403显示终端整机_预装组件_拖拉机,自制,汇报生产,未投放,123.0000,123.0000,2026-06-10,2026-06-10,2026-06-10,2026-06-10,2026-06-10,2026-06-10,MRP-20260610-00000151,0.0000,,,杨英敏,YCD2026040900000070,正常,2026-06-10 10:01:24
JHJY-20260610-00062128,791-000015,YN403显示终端整机_预装组件_拖拉机,自制,汇报生产,未投放,322.0000,322.0000,2026-06-10,2026-06-10,2026-06-10,2026-06-10,2026-06-10,2026-06-10,MRP-20260610-00000151,0.0000,,,杨英敏,YCD2026031600000056,正常,2026-06-10 10:01:24
JHJY-20260610-00062130,528-000043,YS221E接收机组件_千寻星基版,自制,汇报生产,未投放,10.0000,10.0000,2026-06-10,2026-06-10,2026-06-10,2026-06-10,2026-06-10,2026-06-10,MRP-20260610-00000151,0.0000,,,杨英敏,YCD2026031600000056,正常,2026-06-10 10:01:24
JHJY-20260610-00062131,306-000003,YN503显示终端整机_组件_国内版(412),自制,汇报生产,未投放,10.0000,10.0000,2026-06-10,2026-06-10,2026-06-10,2026-06-10,2026-06-10,2026-06-10,MRP-20260610-00000151,0.0000,,,杨英敏,YCD2026031600000056,正常,2026-06-10 10:01:24
JHJY-20260610-00062132,306-000003,YN503显示终端整机_组件_国内版(412),自制,汇报生产,未投放,22.0000,22.0000,2026-06-10,2026-06-10,2026-06-10,2026-06-10,2026-06-10,2026-06-10,MRP-20260610-00000151,0.0000,,,杨英敏,YCD2026040900000070,正常,2026-06-10 10:01:24
JHJY-20260610-00062133,306-000003,YN503显示终端整机_组件_国内版(412),自制,汇报生产,未投放,349.0000,349.0000,2026-06-10,2026-06-10,2026-06-10,2026-06-10,2026-06-10,2026-06-10,MRP-20260610-00000151,0.0000,,,杨英敏,YCD2026031600000056,正常,2026-06-10 10:01:24
JHJY-20260610-00062147,838-000153,HX---定位蘑菇头天线,外购,生产项目采购申请单,未投放,100.0000,100.0000,2026-06-10,2026-06-10,2026-06-10,2026-06-10,2026-06-10,2026-06-10,MRP-20260610-00000151,0.0000,,,杨英敏,YCD2026031600000057,正常,2026-06-10 10:01:24
JHJY-20260610-00062148,838-000153,HX---定位蘑菇头天线,外购,生产项目采购申请单,未投放,100.0000,100.0000,2026-06-10,2026-06-10,2026-06-10,2026-06-10,2026-06-10,2026-06-10,MRP-20260610-00000151,0.0000,,,杨英敏,YCD2026040900000070,正常,2026-06-10 10:01:24
JHJY-20260610-00062149,838-000153,HX---定位蘑菇头天线,外购,生产项目采购申请单,未投放,100.0000,100.0000,2026-06-10,2026-06-10,2026-06-10,2026-06-10,2026-06-10,2026-06-10,MRP-20260610-00000151,0.0000,,,杨英敏,YCD2026031600000056,正常,2026-06-10 10:01:24
JHJY-20260610-00062150,838-000153,HX---定位蘑菇头天线,外购,生产项目采购申请单,未投放,3.0000,3.0000,2026-06-10,2026-06-10,2026-06-10,2026-06-10,2026-06-10,2026-06-10,MRP-20260610-00000151,0.0000,,,杨英敏,YCD2026031600000056,正常,2026-06-10 10:01:24
JHJY-20260610-00062151,838-000153,HX---定位蘑菇头天线,外购,生产项目采购申请单,未投放,2.0000,2.0000,2026-06-10,2026-06-10,2026-06-10,2026-06-10,2026-06-10,2026-06-10,MRP-20260610-00000151,0.0000,,,杨英敏,YCD2026031600000057,正常,2026-06-10 10:01:24
JHJY-20260610-00062152,838-000153,HX---定位蘑菇头天线,外购,生产项目采购申请单,未投放,20.0000,20.0000,2026-06-10,2026-06-10,2026-06-10,2026-06-10,2026-06-10,2026-06-10,MRP-20260610-00000151,0.0000,,,杨英敏,YCD2026031600000056,正常,2026-06-10 10:01:24
JHJY-20260610-00062154,883-000052,YN501_显示器终端_(海外版)含盖,自制,汇报生产,未投放,50.0000,50.0000,2026-06-10,2026-06-10,2026-06-10,2026-06-10,2026-06-10,2026-06-10,MRP-20260610-00000151,0.0000,,,杨英敏,YCD2026031600000057,正常,2026-06-10 10:01:24
JHJY-20260610-00062155,883-000052,YN501_显示器终端_(海外版)含盖,自制,汇报生产,未投放,50.0000,50.0000,2026-06-10,2026-06-10,2026-06-10,2026-06-10,2026-06-10,2026-06-10,MRP-20260610-00000151,0.0000,,,杨英敏,YCD2026040900000070,正常,2026-06-10 10:01:24
JHJY-20260610-00062156,883-000052,YN501_显示器终端_(海外版)含盖,自制,汇报生产,未投放,50.0000,50.0000,2026-06-10,2026-06-10,2026-06-10,2026-06-10,2026-06-10,2026-06-10,MRP-20260610-00000151,0.0000,,,杨英敏,YCD2026031600000056,正常,2026-06-10 10:01:24
JHJY-20260610-00062157,883-000052,YN501_显示器终端_(海外版)含盖,自制,汇报生产,未投放,40.0000,40.0000,2026-06-10,2026-06-10,2026-06-10,2026-06-10,2026-06-10,2026-06-10,MRP-20260610-00000151,0.0000,,,杨英敏,YCD2026031600000056,正常,2026-06-10 10:01:24
JHJY-20260610-00062158,883-000052,YN501_显示器终端_(海外版)含盖,自制,汇报生产,未投放,16.0000,16.0000,2026-06-10,2026-06-10,2026-06-10,2026-06-10,2026-06-10,2026-06-10,MRP-20260610-00000151,0.0000,,,杨英敏,YCD2026031600000056,正常,2026-06-10 10:01:24
JHJY-20260610-00062159,883-000052,YN501_显示器终端_(海外版)含盖,自制,汇报生产,未投放,2.0000,2.0000,2026-06-10,2026-06-10,2026-06-10,2026-06-10,2026-06-10,2026-06-10,MRP-20260610-00000151,0.0000,,,杨英敏,YCD2026040900000070,正常,2026-06-10 10:01:24
JHJY-20260610-00062160,883-000052,YN501_显示器终端_(海外版)含盖,自制,汇报生产,未投放,5.0000,5.0000,2026-06-10,2026-06-10,2026-06-10,2026-06-10,2026-06-10,2026-06-10,MRP-20260610-00000151,0.0000,,,杨英敏,YCD2026031600000056,正常,2026-06-10 10:01:24
JHJY-20260610-00062161,883-000052,YN501_显示器终端_(海外版)含盖,自制,汇报生产,未投放,2.0000,2.0000,2026-06-10,2026-06-10,2026-06-10,2026-06-10,2026-06-10,2026-06-10,MRP-20260610-00000151,0.0000,,,杨英敏,YCD2026040900000070,正常,2026-06-10 10:01:24
JHJY-20260610-00062162,883-000052,YN501_显示器终端_(海外版)含盖,自制,汇报生产,未投放,5.0000,5.0000,2026-06-10,2026-06-10,2026-06-10,2026-06-10,2026-06-10,2026-06-10,MRP-20260610-00000151,0.0000,,,杨英敏,YCD2026031600000056,正常,2026-06-10 10:01:24
JHJY-20260610-00062165,528-000031,YS221A接收机整机_国内版_整机,自制,汇报生产,未投放,78.0000,78.0000,2026-06-10,2026-06-10,2026-06-10,2026-06-10,2026-06-10,2026-06-10,MRP-20260610-00000151,0.0000,,,杨英敏,YCD2026031600000056,正常,2026-06-10 10:01:24
JHJY-20260610-00062166,528-000031,YS221A接收机整机_国内版_整机,自制,汇报生产,未投放,22.0000,22.0000,2026-06-10,2026-06-10,2026-06-10,2026-06-10,2026-06-10,2026-06-10,MRP-20260610-00000151,0.0000,,,杨英敏,YCD2026040900000070,正常,2026-06-10 10:01:24
JHJY-20260610-00062167,528-000031,YS221A接收机整机_国内版_整机,自制,汇报生产,未投放,349.0000,349.0000,2026-06-10,2026-06-10,2026-06-10,2026-06-10,2026-06-10,2026-06-10,MRP-20260610-00000151,0.0000,,,杨英敏,YCD2026031600000056,正常,2026-06-10 10:01:24
JHJY-20260610-00062183,306-000001,YN503显示终端整机（国内）(412),自制,汇报生产,未投放,96.0000,96.0000,2026-06-10,2026-06-10,2026-06-10,2026-06-10,2026-06-10,2026-06-10,MRP-20260610-00000151,0.0000,,,杨英敏,YCD2026031600000056,正常,2026-06-10 10:01:24
JHJY-20260610-00062197,528-000042,YS221E接收机整机_千寻星基版_单天线_整机,自制,汇报生产,未投放,11.0000,11.0000,2026-06-10,2026-06-10,2026-06-10,2026-06-10,2026-06-10,2026-06-10,MRP-20260610-00000151,0.0000,,,杨英敏,YCD2026040900000070,正常,2026-06-10 10:01:24
JHJY-20260610-00062198,528-000042,YS221E接收机整机_千寻星基版_单天线_整机,自制,汇报生产,未投放,30.0000,30.0000,2026-06-10,2026-06-10,2026-06-10,2026-06-10,2026-06-10,2026-06-10,MRP-20260610-00000151,0.0000,,,杨英敏,YCD2026031600000056,正常,2026-06-10 10:01:24
JHJY-20260610-00062199,528-000042,YS221E接收机整机_千寻星基版_单天线_整机,自制,汇报生产,未投放,10.0000,10.0000,2026-06-10,2026-06-10,2026-06-10,2026-06-10,2026-06-10,2026-06-10,MRP-20260610-00000151,0.0000,,,杨英敏,YCD2026031600000056,正常,2026-06-10 10:01:24
JHJY-20260610-00062212,883-000083,YN501_显示器整机海外版(VM982)_新前壳+新屏_整机,自制,汇报生产,未投放,25.0000,25.0000,2026-06-10,2026-06-10,2026-06-10,2026-06-10,2026-06-10,2026-06-10,MRP-20260610-00000151,0.0000,,,杨英敏,YCD2026031600000057,正常,2026-06-10 10:01:24
JHJY-20260610-00062213,883-000083,YN501_显示器整机海外版(VM982)_新前壳+新屏_整机,自制,汇报生产,未投放,50.0000,50.0000,2026-06-10,2026-06-10,2026-06-10,2026-06-10,2026-06-10,2026-06-10,MRP-20260610-00000151,0.0000,,,杨英敏,YCD2026040900000070,正常,2026-06-10 10:01:24
JHJY-20260610-00062214,883-000083,YN501_显示器整机海外版(VM982)_新前壳+新屏_整机,自制,汇报生产,未投放,50.0000,50.0000,2026-06-10,2026-06-10,2026-06-10,2026-06-10,2026-06-10,2026-06-10,MRP-20260610-00000151,0.0000,,,杨英敏,YCD2026031600000056,正常,2026-06-10 10:01:24
JHJY-20260610-00062215,883-000083,YN501_显示器整机海外版(VM982)_新前壳+新屏_整机,自制,汇报生产,未投放,40.0000,40.0000,2026-06-10,2026-06-10,2026-06-10,2026-06-10,2026-06-10,2026-06-10,MRP-20260610-00000151,0.0000,,,杨英敏,YCD2026031600000056,正常,2026-06-10 10:01:24
JHJY-20260610-00062216,883-000083,YN501_显示器整机海外版(VM982)_新前壳+新屏_整机,自制,汇报生产,未投放,16.0000,16.0000,2026-06-10,2026-06-10,2026-06-10,2026-06-10,2026-06-10,2026-06-10,MRP-20260610-00000151,0.0000,,,杨英敏,YCD2026031600000056,正常,2026-06-10 10:01:24
JHJY-20260610-00062217,883-000083,YN501_显示器整机海外版(VM982)_新前壳+新屏_整机,自制,汇报生产,未投放,2.0000,2.0000,2026-06-10,2026-06-10,2026-06-10,2026-06-10,2026-06-10,2026-06-10,MRP-20260610-00000151,0.0000,,,杨英敏,YCD2026040900000070,正常,2026-06-10 10:01:24
JHJY-20260610-00062218,883-000083,YN501_显示器整机海外版(VM982)_新前壳+新屏_整机,自制,汇报生产,未投放,5.0000,5.0000,2026-06-10,2026-06-10,2026-06-10,2026-06-10,2026-06-10,2026-06-10,MRP-20260610-00000151,0.0000,,,杨英敏,YCD2026031600000056,正常,2026-06-10 10:01:24
JHJY-20260610-00062219,883-000083,YN501_显示器整机海外版(VM982)_新前壳+新屏_整机,自制,汇报生产,未投放,2.0000,2.0000,2026-06-10,2026-06-10,2026-06-10,2026-06-10,2026-06-10,2026-06-10,MRP-20260610-00000151,0.0000,,,杨英敏,YCD2026040900000070,正常,2026-06-10 10:01:24
JHJY-20260610-00062220,883-000083,YN501_显示器整机海外版(VM982)_新前壳+新屏_整机,自制,汇报生产,未投放,5.0000,5.0000,2026-06-10,2026-06-10,2026-06-10,2026-06-10,2026-06-10,2026-06-10,MRP-20260610-00000151,0.0000,,,杨英敏,YCD2026031600000056,正常,2026-06-10 10:01:24
JHJY-20260610-00062221,588-000883,YS221_P0_(B40S)S01_PCBA,委外,普通委外,未投放,5.0000,5.0000,2026-06-10,2026-06-10,2026-06-10,2026-06-10,2026-06-10,2026-06-10,MRP-20260610-00000151,0.0000,,,杨英敏,YCD2026040900000070,正常,2026-06-10 10:01:24
JHJY-20260610-00062222,588-000883,YS221_P0_(B40S)S01_PCBA,委外,普通委外,未投放,30.0000,30.0000,2026-06-10,2026-06-10,2026-06-10,2026-06-10,2026-06-10,2026-06-10,MRP-20260610-00000151,0.0000,,,杨英敏,YCD2026031600000056,正常,2026-06-10 10:01:24
JHJY-20260610-00062223,588-000883,YS221_P0_(B40S)S01_PCBA,委外,普通委外,未投放,10.0000,10.0000,2026-06-10,2026-06-10,2026-06-10,2026-06-10,2026-06-10,2026-06-10,MRP-20260610-00000151,0.0000,,,杨英敏,YCD2026031600000056,正常,2026-06-10 10:01:24
JHJY-20260610-00062234,356-000139,MMCX母座加高型,外购,生产项目采购申请单,未投放,1200.0000,1200.0000,2026-06-10,2026-06-10,2026-06-10,2026-06-10,2026-06-10,2026-06-10,MRP-20260610-00000151,0.0000,,,杨英敏,WWGD-20251224-000374,正常,2026-06-10 10:01:24
JHJY-20260610-00062235,356-000139,MMCX母座加高型,外购,生产项目采购申请单,未投放,5.0000,5.0000,2026-06-10,2026-06-10,2026-06-10,2026-06-10,2026-06-10,2026-06-10,MRP-20260610-00000151,0.0000,,,杨英敏,YCD2026040900000070,正常,2026-06-10 10:01:24
JHJY-20260610-00062236,356-000139,MMCX母座加高型,外购,生产项目采购申请单,未投放,30.0000,30.0000,2026-06-10,2026-06-10,2026-06-10,2026-06-10,2026-06-10,2026-06-10,MRP-20260610-00000151,0.0000,,,杨英敏,YCD2026031600000056,正常,2026-06-10 10:01:24
JHJY-20260610-00062237,356-000139,MMCX母座加高型,外购,生产项目采购申请单,未投放,10.0000,10.0000,2026-06-10,2026-06-10,2026-06-10,2026-06-10,2026-06-10,2026-06-10,MRP-20260610-00000151,0.0000,,,杨英敏,YCD2026031600000056,正常,2026-06-10 10:01:24
JHJY-20260610-00062248,539-000384,贴片电阻,外购,生产项目采购申请单,未投放,20.0000,20.0000,2026-06-10,2026-06-10,2026-06-10,2026-06-10,2026-06-10,2026-06-10,MRP-20260610-00000151,0.0000,,,杨英敏,WWGD-20250922-000180,正常,2026-06-10 10:01:24
JHJY-20260610-00062249,539-000384,贴片电阻,外购,生产项目采购申请单,未投放,200.0000,200.0000,2026-06-10,2026-06-10,2026-06-10,2026-06-10,2026-06-10,2026-06-10,MRP-20260610-00000151,0.0000,,,杨英敏,WWGD-20251224-000374,正常,2026-06-10 10:01:24
JHJY-20260610-00062250,539-000384,贴片电阻,外购,生产项目采购申请单,未投放,70.0000,70.0000,2026-06-10,2026-06-10,2026-06-10,2026-06-10,2026-06-10,2026-06-10,MRP-20260610-00000151,0.0000,,,杨英敏,YCD2026031600000056,正常,2026-06-10 10:01:24
JHJY-20260610-00062258,795-000796,YN502电源屏蔽罩支架,外购,生产项目采购申请单,未投放,4.0000,4.0000,2026-06-10,2026-06-10,2026-06-10,2026-06-10,2026-06-10,2026-06-10,MRP-20260610-00000151,0.0000,,,杨英敏,WWGD-20250903-000160,正常,2026-06-10 10:01:24
JHJY-20260610-00062259,795-000796,YN502电源屏蔽罩支架,外购,生产项目采购申请单,未投放,40.0000,40.0000,2026-06-10,2026-06-10,2026-06-10,2026-06-10,2026-06-10,2026-06-10,MRP-20260610-00000151,0.0000,,,杨英敏,WWGD-20250922-000180,正常,2026-06-10 10:01:24
JHJY-20260610-00062260,795-000796,YN502电源屏蔽罩支架,外购,生产项目采购申请单,未投放,400.0000,400.0000,2026-06-10,2026-06-10,2026-06-10,2026-06-10,2026-06-10,2026-06-10,MRP-20260610-00000151,0.0000,,,杨英敏,WWGD-20251224-000374,正常,2026-06-10 10:01:24
JHJY-20260610-00062261,795-000796,YN502电源屏蔽罩支架,外购,生产项目采购申请单,未投放,140.0000,140.0000,2026-06-10,2026-06-10,2026-06-10,2026-06-10,2026-06-10,2026-06-10,MRP-20260610-00000151,0.0000,,,杨英敏,YCD2026031600000056,正常,2026-06-10 10:01:24
JHJY-20260610-00062276,849-000149,M3垫片,外购,生产项目采购申请单,未投放,127.0000,127.0000,2026-06-10,2026-06-10,2026-06-10,2026-06-10,2026-06-10,2026-06-10,MRP-20260610-00000151,0.0000,,,杨英敏,WWGD-20251224-000374,正常,2026-06-10 10:01:24
JHJY-20260610-00062277,849-000149,M3垫片,外购,生产项目采购申请单,未投放,25.0000,25.0000,2026-06-10,2026-06-10,2026-06-10,2026-06-10,2026-06-10,2026-06-10,MRP-20260610-00000151,0.0000,,,杨英敏,YCD2026031600000057,正常,2026-06-10 10:01:24
JHJY-20260610-00062278,849-000149,M3垫片,外购,生产项目采购申请单,未投放,50.0000,50.0000,2026-06-10,2026-06-10,2026-06-10,2026-06-10,2026-06-10,2026-06-10,MRP-20260610-00000151,0.0000,,,杨英敏,YCD2026040900000070,正常,2026-06-10 10:01:24
JHJY-20260610-00062279,849-000149,M3垫片,外购,生产项目采购申请单,未投放,50.0000,50.0000,2026-06-10,2026-06-10,2026-06-10,2026-06-10,2026-06-10,2026-06-10,MRP-20260610-00000151,0.0000,,,杨英敏,YCD2026031600000056,正常,2026-06-10 10:01:24
JHJY-20260610-00062280,849-000149,M3垫片,外购,生产项目采购申请单,未投放,40.0000,40.0000,2026-06-10,2026-06-10,2026-06-10,2026-06-10,2026-06-10,2026-06-10,MRP-20260610-00000151,0.0000,,,杨英敏,YCD2026031600000056,正常,2026-06-10 10:01:24
JHJY-20260610-00062281,849-000149,M3垫片,外购,生产项目采购申请单,未投放,16.0000,16.0000,2026-06-10,2026-06-10,2026-06-10,2026-06-10,2026-06-10,2026-06-10,MRP-20260610-00000151,0.0000,,,杨英敏,YCD2026031600000056,正常,2026-06-10 10:01:24
JHJY-20260610-00062282,849-000149,M3垫片,外购,生产项目采购申请单,未投放,2.0000,2.0000,2026-06-10,2026-06-10,2026-06-10,2026-06-10,2026-06-10,2026-06-10,MRP-20260610-00000151,0.0000,,,杨英敏,YCD2026040900000070,正常,2026-06-10 10:01:24
JHJY-20260610-00062283,849-000149,M3垫片,外购,生产项目采购申请单,未投放,5.0000,5.0000,2026-06-10,2026-06-10,2026-06-10,2026-06-10,2026-06-10,2026-06-10,MRP-20260610-00000151,0.0000,,,杨英敏,YCD2026031600000056,正常,2026-06-10 10:01:24
JHJY-20260610-00062284,849-000149,M3垫片,外购,生产项目采购申请单,未投放,2.0000,2.0000,2026-06-10,2026-06-10,2026-06-10,2026-06-10,2026-06-10,2026-06-10,MRP-20260610-00000151,0.0000,,,杨英敏,YCD2026040900000070,正常,2026-06-10 10:01:24
JHJY-20260610-00062285,849-000149,M3垫片,外购,生产项目采购申请单,未投放,5.0000,5.0000,2026-06-10,2026-06-10,2026-06-10,2026-06-10,2026-06-10,2026-06-10,MRP-20260610-00000151,0.0000,,,杨英敏,YCD2026031600000056,正常,2026-06-10 10:01:24
JHJY-20260610-00062292,321-000543,YS221_P0_PCB,外购,生产项目采购申请单,未投放,5.0000,5.0000,2026-06-10,2026-06-10,2026-06-10,2026-06-10,2026-06-10,2026-06-10,MRP-20260610-00000151,0.0000,,,杨英敏,YCD2026040900000070,正常,2026-06-10 10:01:24
JHJY-20260610-00062293,321-000543,YS221_P0_PCB,外购,生产项目采购申请单,未投放,30.0000,30.0000,2026-06-10,2026-06-10,2026-06-10,2026-06-10,2026-06-10,2026-06-10,MRP-20260610-00000151,0.0000,,,杨英敏,YCD2026031600000056,正常,2026-06-10 10:01:24
JHJY-20260610-00062294,321-000543,YS221_P0_PCB,外购,生产项目采购申请单,未投放,10.0000,10.0000,2026-06-10,2026-06-10,2026-06-10,2026-06-10,2026-06-10,2026-06-10,MRP-20260610-00000151,0.0000,,,杨英敏,YCD2026031600000056,正常,2026-06-10 10:01:24
JHJY-20260610-00062295,588-000768,GPS模块B40S_BDS_P0_S01_PCBA,委外,普通委外,未投放,5.0000,5.0000,2026-06-10,2026-06-10,2026-06-10,2026-06-10,2026-06-10,2026-06-10,MRP-20260610-00000151,0.0000,,,杨英敏,YCD2026040900000070,正常,2026-06-10 10:01:24
JHJY-20260610-00062296,588-000768,GPS模块B40S_BDS_P0_S01_PCBA,委外,普通委外,未投放,30.0000,30.0000,2026-06-10,2026-06-10,2026-06-10,2026-06-10,2026-06-10,2026-06-10,MRP-20260610-00000151,0.0000,,,杨英敏,YCD2026031600000056,正常,2026-06-10 10:01:24
JHJY-20260610-00062297,588-000768,GPS模块B40S_BDS_P0_S01_PCBA,委外,普通委外,未投放,10.0000,10.0000,2026-06-10,2026-06-10,2026-06-10,2026-06-10,2026-06-10,2026-06-10,MRP-20260610-00000151,0.0000,,,杨英敏,YCD2026031600000056,正常,2026-06-10 10:01:24
JHJY-20260610-00062298,795-000945,YN503主板电源屏蔽罩,外购,生产项目采购申请单,未投放,60.0000,60.0000,2026-06-10,2026-06-10,2026-06-10,2026-06-10,2026-06-10,2026-06-10,MRP-20260610-00000151,0.0000,,,杨英敏,WWGD-20250922-000180,正常,2026-06-10 10:01:24
JHJY-20260610-00062299,795-000945,YN503主板电源屏蔽罩,外购,生产项目采购申请单,未投放,600.0000,600.0000,2026-06-10,2026-06-10,2026-06-10,2026-06-10,2026-06-10,2026-06-10,MRP-20260610-00000151,0.0000,,,杨英敏,WWGD-20251224-000374,正常,2026-06-10 10:01:24
JHJY-20260610-00062300,795-000945,YN503主板电源屏蔽罩,外购,生产项目采购申请单,未投放,210.0000,210.0000,2026-06-10,2026-06-10,2026-06-10,2026-06-10,2026-06-10,2026-06-10,MRP-20260610-00000151,0.0000,,,杨英敏,YCD2026031600000056,正常,2026-06-10 10:01:24
JHJY-20260610-00062302,733-000245,一体成型功率电感,外购,生产项目采购申请单,未投放,1.0000,1.0000,2026-06-10,2026-06-10,2026-06-10,2026-06-10,2026-06-10,2026-06-10,MRP-20260610-00000151,0.0000,,,杨英敏,WWGD-20250903-000160,正常,2026-06-10 10:01:24
JHJY-20260610-00062303,733-000245,一体成型功率电感,外购,生产项目采购申请单,未投放,20.0000,20.0000,2026-06-10,2026-06-10,2026-06-10,2026-06-10,2026-06-10,2026-06-10,MRP-20260610-00000151,0.0000,,,杨英敏,WWGD-20250922-000180,正常,2026-06-10 10:01:24
JHJY-20260610-00062304,733-000245,一体成型功率电感,外购,生产项目采购申请单,未投放,200.0000,200.0000,2026-06-10,2026-06-10,2026-06-10,2026-06-10,2026-06-10,2026-06-10,MRP-20260610-00000151,0.0000,,,杨英敏,WWGD-20251224-000374,正常,2026-06-10 10:01:24
JHJY-20260610-00062305,733-000245,一体成型功率电感,外购,生产项目采购申请单,未投放,70.0000,70.0000,2026-06-10,2026-06-10,2026-06-10,2026-06-10,2026-06-10,2026-06-10,MRP-20260610-00000151,0.0000,,,杨英敏,YCD2026031600000056,正常,2026-06-10 10:01:24
JHJY-20260610-00062308,356-000119,34针连接器,外购,生产项目采购申请单,未投放,20.0000,20.0000,2026-06-10,2026-06-10,2026-06-10,2026-06-10,2026-06-10,2026-06-10,MRP-20260610-00000151,0.0000,,,杨英敏,WWGD-20250922-000180,正常,2026-06-10 10:01:24
JHJY-20260610-00062309,356-000119,34针连接器,外购,生产项目采购申请单,未投放,200.0000,200.0000,2026-06-10,2026-06-10,2026-06-10,2026-06-10,2026-06-10,2026-06-10,MRP-20260610-00000151,0.0000,,,杨英敏,WWGD-20251224-000374,正常,2026-06-10 10:01:24
JHJY-20260610-00062310,356-000119,34针连接器,外购,生产项目采购申请单,未投放,70.0000,70.0000,2026-06-10,2026-06-10,2026-06-10,2026-06-10,2026-06-10,2026-06-10,MRP-20260610-00000151,0.0000,,,杨英敏,YCD2026031600000056,正常,2026-06-10 10:01:24
JHJY-20260610-00062311,539-000096,贴片电阻,外购,生产项目采购申请单,未投放,1.0000,1.0000,2026-06-10,2026-06-10,2026-06-10,2026-06-10,2026-06-10,2026-06-10,MRP-20260610-00000151,0.0000,,,杨英敏,WWGD-20250903-000160,正常,2026-06-10 10:01:24
JHJY-20260610-00062312,539-000096,贴片电阻,外购,生产项目采购申请单,未投放,20.0000,20.0000,2026-06-10,2026-06-10,2026-06-10,2026-06-10,2026-06-10,2026-06-10,MRP-20260610-00000151,0.0000,,,杨英敏,WWGD-20250922-000180,正常,2026-06-10 10:01:24
JHJY-20260610-00062313,539-000096,贴片电阻,外购,生产项目采购申请单,未投放,200.0000,200.0000,2026-06-10,2026-06-10,2026-06-10,2026-06-10,2026-06-10,2026-06-10,MRP-20260610-00000151,0.0000,,,杨英敏,WWGD-20251224-000374,正常,2026-06-10 10:01:24
JHJY-20260610-00062314,539-000096,贴片电阻,外购,生产项目采购申请单,未投放,70.0000,70.0000,2026-06-10,2026-06-10,2026-06-10,2026-06-10,2026-06-10,2026-06-10,MRP-20260610-00000151,0.0000,,,杨英敏,YCD2026031600000056,正常,2026-06-10 10:01:24
JHJY-20260610-00062315,321-000555,YN503_Mainboard_P1_PCB,外购,生产项目采购申请单,未投放,20.0000,20.0000,2026-06-10,2026-06-10,2026-06-10,2026-06-10,2026-06-10,2026-06-10,MRP-20260610-00000151,0.0000,,,杨英敏,WWGD-20250922-000180,正常,2026-06-10 10:01:24
JHJY-20260610-00062316,321-000555,YN503_Mainboard_P1_PCB,外购,生产项目采购申请单,未投放,200.0000,200.0000,2026-06-10,2026-06-10,2026-06-10,2026-06-10,2026-06-10,2026-06-10,MRP-20260610-00000151,0.0000,,,杨英敏,WWGD-20251224-000374,正常,2026-06-10 10:01:24
JHJY-20260610-00062317,321-000555,YN503_Mainboard_P1_PCB,外购,生产项目采购申请单,未投放,70.0000,70.0000,2026-06-10,2026-06-10,2026-06-10,2026-06-10,2026-06-10,2026-06-10,MRP-20260610-00000151,0.0000,,,杨英敏,YCD2026031600000056,正常,2026-06-10 10:01:24
JHJY-20260610-00062322,554-000034,异步升压转换器,外购,生产项目采购申请单,未投放,1.0000,1.0000,2026-06-10,2026-06-10,2026-06-10,2026-06-10,2026-06-10,2026-06-10,MRP-20260610-00000151,0.0000,,,杨英敏,WWGD-20250903-000160,正常,2026-06-10 10:01:24
JHJY-20260610-00062323,733-000050,贴片共模电感,外购,生产项目采购申请单,未投放,288.0000,288.0000,2026-06-10,2026-06-10,2026-06-10,2026-06-10,2026-06-10,2026-06-10,MRP-20260610-00000151,0.0000,,,杨英敏,YCD2026031600000056,正常,2026-06-10 10:01:24
JHJY-20260610-00062324,454-000034,TVS二极管,外购,生产项目采购申请单,未投放,1400.0000,1400.0000,2026-06-10,2026-06-10,2026-06-10,2026-06-10,2026-06-10,2026-06-10,MRP-20260610-00000151,0.0000,,,杨英敏,WWGD-20251224-000374,正常,2026-06-10 10:01:24
JHJY-20260610-00062325,356-000062,天线底座,外购,生产项目采购申请单,未投放,300.0000,300.0000,2026-06-10,2026-06-10,2026-06-10,2026-06-10,2026-06-10,2026-06-10,MRP-20260610-00000151,0.0000,,,杨英敏,WWGD-20251224-000374,正常,2026-06-10 10:01:24
JHJY-20260610-00062326,725-000037,贴片陶瓷电容,外购,生产项目采购申请单,未投放,6.0000,6.0000,2026-06-10,2026-06-10,2026-06-10,2026-06-10,2026-06-10,2026-06-10,MRP-20260610-00000151,0.0000,,,杨英敏,WWGD-20250903-000160,正常,2026-06-10 10:01:24
JHJY-20260610-00062327,539-000157,贴片电阻,外购,生产项目采购申请单,未投放,20.0000,20.0000,2026-06-10,2026-06-10,2026-06-10,2026-06-10,2026-06-10,2026-06-10,MRP-20260610-00000151,0.0000,,,杨英敏,WWGD-20250922-000180,正常,2026-06-10 10:01:24
JHJY-20260610-00062328,539-000157,贴片电阻,外购,生产项目采购申请单,未投放,200.0000,200.0000,2026-06-10,2026-06-10,2026-06-10,2026-06-10,2026-06-10,2026-06-10,MRP-20260610-00000151,0.0000,,,杨英敏,WWGD-20251224-000374,正常,2026-06-10 10:01:24
JHJY-20260610-00062329,539-000157,贴片电阻,外购,生产项目采购申请单,未投放,70.0000,70.0000,2026-06-10,2026-06-10,2026-06-10,2026-06-10,2026-06-10,2026-06-10,MRP-20260610-00000151,0.0000,,,杨英敏,YCD2026031600000056,正常,2026-06-10 10:01:24
JHJY-20260610-00062331,725-000172,贴片陶瓷电容,外购,生产项目采购申请单,未投放,2.0000,2.0000,2026-06-10,2026-06-10,2026-06-10,2026-06-10,2026-06-10,2026-06-10,MRP-20260610-00000151,0.0000,,,杨英敏,WWGD-20250903-000160,正常,2026-06-10 10:01:24
JHJY-20260610-00062332,725-000172,贴片陶瓷电容,外购,生产项目采购申请单,未投放,600.0000,600.0000,2026-06-10,2026-06-10,2026-06-10,2026-06-10,2026-06-10,2026-06-10,MRP-20260610-00000151,0.0000,,,杨英敏,WWGD-20251224-000374,正常,2026-06-10 10:01:24
JHJY-20260610-00062334,725-000083,贴片陶瓷电容,外购,生产项目采购申请单,未投放,40.0000,40.0000,2026-06-10,2026-06-10,2026-06-10,2026-06-10,2026-06-10,2026-06-10,MRP-20260610-00000151,0.0000,,,杨英敏,WWGD-20250922-000180,正常,2026-06-10 10:01:24
JHJY-20260610-00062335,725-000083,贴片陶瓷电容,外购,生产项目采购申请单,未投放,400.0000,400.0000,2026-06-10,2026-06-10,2026-06-10,2026-06-10,2026-06-10,2026-06-10,MRP-20260610-00000151,0.0000,,,杨英敏,WWGD-20251224-000374,正常,2026-06-10 10:01:24
JHJY-20260610-00062336,725-000083,贴片陶瓷电容,外购,生产项目采购申请单,未投放,140.0000,140.0000,2026-06-10,2026-06-10,2026-06-10,2026-06-10,2026-06-10,2026-06-10,MRP-20260610-00000151,0.0000,,,杨英敏,YCD2026031600000056,正常,2026-06-10 10:01:24
JHJY-20260610-00062337,165-000760,YN501主板屏蔽罩1,外购,生产项目采购申请单,未投放,2.0000,2.0000,2026-06-10,2026-06-10,2026-06-10,2026-06-10,2026-06-10,2026-06-10,MRP-20260610-00000151,0.0000,,,杨英敏,WWGD-20250903-000160,正常,2026-06-10 10:01:24
JHJY-20260610-00062339,321-000586,YN502_CAT4_P0.1_PCB,外购,生产项目采购申请单,未投放,507.0000,507.0000,2026-06-10,2026-06-10,2026-06-10,2026-06-10,2026-06-10,2026-06-10,MRP-20260610-00000151,0.0000,,,杨英敏,WWGD-20250922-000180,正常,2026-06-10 10:01:24
JHJY-20260610-00062344,539-000279,贴片电阻,外购,生产项目采购申请单,未投放,6.0000,6.0000,2026-06-10,2026-06-10,2026-06-10,2026-06-10,2026-06-10,2026-06-10,MRP-20260610-00000151,0.0000,,,杨英敏,WWGD-20250903-000160,正常,2026-06-10 10:01:24
JHJY-20260610-00062345,972-000859,定位模块,外购,生产项目采购申请单,未投放,5.0000,5.0000,2026-06-10,2026-06-10,2026-06-10,2026-06-10,2026-06-10,2026-06-10,MRP-20260610-00000151,0.0000,,,杨英敏,YCD2026040900000070,正常,2026-06-10 10:01:24
JHJY-20260610-00062346,972-000859,定位模块,外购,生产项目采购申请单,未投放,30.0000,30.0000,2026-06-10,2026-06-10,2026-06-10,2026-06-10,2026-06-10,2026-06-10,MRP-20260610-00000151,0.0000,,,杨英敏,YCD2026031600000056,正常,2026-06-10 10:01:24
JHJY-20260610-00062347,972-000859,定位模块,外购,生产项目采购申请单,未投放,10.0000,10.0000,2026-06-10,2026-06-10,2026-06-10,2026-06-10,2026-06-10,2026-06-10,MRP-20260610-00000151,0.0000,,,杨英敏,YCD2026031600000056,正常,2026-06-10 10:01:24
JHJY-20260610-00062348,972-000421,高低边驱动器,外购,生产项目采购申请单,未投放,6.0000,6.0000,2026-06-10,2026-06-10,2026-06-10,2026-06-10,2026-06-10,2026-06-10,MRP-20260610-00000151,0.0000,,,杨英敏,WWGD-20250903-000160,正常,2026-06-10 10:01:24
JHJY-20260610-00062349,849-000011,贴片螺母,外购,生产项目采购申请单,未投放,2311.0000,2311.0000,2026-06-10,2026-06-10,2026-06-10,2026-06-10,2026-06-10,2026-06-10,MRP-20260610-00000151,0.0000,,,杨英敏,WWGD-20251224-000374,正常,2026-06-10 10:01:24
JHJY-20260610-00062350,849-000011,贴片螺母,外购,生产项目采购申请单,未投放,20.0000,20.0000,2026-06-10,2026-06-10,2026-06-10,2026-06-10,2026-06-10,2026-06-10,MRP-20260610-00000151,0.0000,,,杨英敏,YCD2026040900000070,正常,2026-06-10 10:01:24
JHJY-20260610-00062351,849-000011,贴片螺母,外购,生产项目采购申请单,未投放,120.0000,120.0000,2026-06-10,2026-06-10,2026-06-10,2026-06-10,2026-06-10,2026-06-10,MRP-20260610-00000151,0.0000,,,杨英敏,YCD2026031600000056,正常,2026-06-10 10:01:24
JHJY-20260610-00062352,849-000011,贴片螺母,外购,生产项目采购申请单,未投放,40.0000,40.0000,2026-06-10,2026-06-10,2026-06-10,2026-06-10,2026-06-10,2026-06-10,MRP-20260610-00000151,0.0000,,,杨英敏,YCD2026031600000056,正常,2026-06-10 10:01:24
JHJY-20260610-00062353,356-000562,双排排针 DIP 2.0Pitch 2X7pin,外购,生产项目采购申请单,未投放,507.0000,507.0000,2026-06-10,2026-06-10,2026-06-10,2026-06-10,2026-06-10,2026-06-10,MRP-20260610-00000151,0.0000,,,杨英敏,WWGD-20250922-000180,正常,2026-06-10 10:01:24
JHJY-20260610-00062354,972-000822,过压保护开关,外购,生产项目采购申请单,未投放,1.0000,1.0000,2026-06-10,2026-06-10,2026-06-10,2026-06-10,2026-06-10,2026-06-10,MRP-20260610-00000151,0.0000,,,杨英敏,WWGD-20250903-000160,正常,2026-06-10 10:01:24
JHJY-20260610-00062355,972-000822,过压保护开关,外购,生产项目采购申请单,未投放,20.0000,20.0000,2026-06-10,2026-06-10,2026-06-10,2026-06-10,2026-06-10,2026-06-10,MRP-20260610-00000151,0.0000,,,杨英敏,WWGD-20250922-000180,正常,2026-06-10 10:01:24
JHJY-20260610-00062356,972-000822,过压保护开关,外购,生产项目采购申请单,未投放,200.0000,200.0000,2026-06-10,2026-06-10,2026-06-10,2026-06-10,2026-06-10,2026-06-10,MRP-20260610-00000151,0.0000,,,杨英敏,WWGD-20251224-000374,正常,2026-06-10 10:01:24
JHJY-20260610-00062357,972-000822,过压保护开关,外购,生产项目采购申请单,未投放,70.0000,70.0000,2026-06-10,2026-06-10,2026-06-10,2026-06-10,2026-06-10,2026-06-10,MRP-20260610-00000151,0.0000,,,杨英敏,YCD2026031600000056,正常,2026-06-10 10:01:24
JHJY-20260610-00062358,972-000153,DC-DC芯片,外购,生产项目采购申请单,未投放,1.0000,1.0000,2026-06-10,2026-06-10,2026-06-10,2026-06-10,2026-06-10,2026-06-10,MRP-20260610-00000151,0.0000,,,杨英敏,WWGD-20250903-000160,正常,2026-06-10 10:01:24
JHJY-20260610-00062359,972-000153,DC-DC芯片,外购,生产项目采购申请单,未投放,600.0000,600.0000,2026-06-10,2026-06-10,2026-06-10,2026-06-10,2026-06-10,2026-06-10,MRP-20260610-00000151,0.0000,,,杨英敏,WWGD-20251224-000374,正常,2026-06-10 10:01:24
JHJY-20260610-00062360,321-000604,GPS模块B40S_P0_PCB,外购,生产项目采购申请单,未投放,5.0000,5.0000,2026-06-10,2026-06-10,2026-06-10,2026-06-10,2026-06-10,2026-06-10,MRP-20260610-00000151,0.0000,,,杨英敏,YCD2026040900000070,正常,2026-06-10 10:01:24
JHJY-20260610-00062361,321-000604,GPS模块B40S_P0_PCB,外购,生产项目采购申请单,未投放,30.0000,30.0000,2026-06-10,2026-06-10,2026-06-10,2026-06-10,2026-06-10,2026-06-10,MRP-20260610-00000151,0.0000,,,杨英敏,YCD2026031600000056,正常,2026-06-10 10:01:24
JHJY-20260610-00062362,321-000604,GPS模块B40S_P0_PCB,外购,生产项目采购申请单,未投放,10.0000,10.0000,2026-06-10,2026-06-10,2026-06-10,2026-06-10,2026-06-10,2026-06-10,MRP-20260610-00000151,0.0000,,,杨英敏,YCD2026031600000056,正常,2026-06-10 10:01:24
JHJY-20260610-00062363,972-000454,动态随机存取存储器,外购,生产项目采购申请单,未投放,300.0000,300.0000,2026-06-10,2026-06-10,2026-06-10,2026-06-10,2026-06-10,2026-06-10,MRP-20260610-00000151,0.0000,,,杨英敏,WWGD-20251224-000374,正常,2026-06-10 10:01:24
JHJY-20260610-00062365,972-000746,CPU,外购,生产项目采购申请单,未投放,20.0000,20.0000,2026-06-10,2026-06-10,2026-06-10,2026-06-10,2026-06-10,2026-06-10,MRP-20260610-00000151,0.0000,,,杨英敏,WWGD-20250922-000180,正常,2026-06-10 10:01:24
JHJY-20260610-00062366,972-000746,CPU,外购,生产项目采购申请单,未投放,200.0000,200.0000,2026-06-10,2026-06-10,2026-06-10,2026-06-10,2026-06-10,2026-06-10,MRP-20260610-00000151,0.0000,,,杨英敏,WWGD-20251224-000374,正常,2026-06-10 10:01:24
JHJY-20260610-00062367,972-000746,CPU,外购,生产项目采购申请单,未投放,70.0000,70.0000,2026-06-10,2026-06-10,2026-06-10,2026-06-10,2026-06-10,2026-06-10,MRP-20260610-00000151,0.0000,,,杨英敏,YCD2026031600000056,正常,2026-06-10 10:01:24
JHJY-20260610-00062368,972-000744,PMIC,外购,生产项目采购申请单,未投放,20.0000,20.0000,2026-06-10,2026-06-10,2026-06-10,2026-06-10,2026-06-10,2026-06-10,MRP-20260610-00000151,0.0000,,,杨英敏,WWGD-20250922-000180,正常,2026-06-10 10:01:24
JHJY-20260610-00062369,972-000744,PMIC,外购,生产项目采购申请单,未投放,200.0000,200.0000,2026-06-10,2026-06-10,2026-06-10,2026-06-10,2026-06-10,2026-06-10,MRP-20260610-00000151,0.0000,,,杨英敏,WWGD-20251224-000374,正常,2026-06-10 10:01:24
JHJY-20260610-00062370,972-000744,PMIC,外购,生产项目采购申请单,未投放,70.0000,70.0000,2026-06-10,2026-06-10,2026-06-10,2026-06-10,2026-06-10,2026-06-10,MRP-20260610-00000151,0.0000,,,杨英敏,YCD2026031600000056,正常,2026-06-10 10:01:24
JHJY-20260610-00062371,165-000761,YN501主板屏蔽罩支架1,外购,生产项目采购申请单,未投放,2.0000,2.0000,2026-06-10,2026-06-10,2026-06-10,2026-06-10,2026-06-10,2026-06-10,MRP-20260610-00000151,0.0000,,,杨英敏,WWGD-20250903-000160,正常,2026-06-10 10:01:24
JHJY-20260610-00062372,725-000209,超级电容,外购,生产项目采购申请单,未投放,3.0000,3.0000,2026-06-10,2026-06-10,2026-06-10,2026-06-10,2026-06-10,2026-06-10,MRP-20260610-00000151,0.0000,,,杨英敏,WWGD-20250903-000160,正常,2026-06-10 10:01:24
JHJY-20260610-00062373,733-000124,贴片功率电感,外购,生产项目采购申请单,未投放,1.0000,1.0000,2026-06-10,2026-06-10,2026-06-10,2026-06-10,2026-06-10,2026-06-10,MRP-20260610-00000151,0.0000,,,杨英敏,WWGD-20250903-000160,正常,2026-06-10 10:01:24
JHJY-20260610-00062374,358-000130,N沟道MOS管,外购,生产项目采购申请单,未投放,34.0000,34.0000,2026-06-10,2026-06-10,2026-06-10,2026-06-10,2026-06-10,2026-06-10,MRP-20260610-00000151,0.0000,,,杨英敏,WWGD-20250922-000180,正常,2026-06-10 10:01:24
JHJY-20260610-00062375,358-000130,N沟道MOS管,外购,生产项目采购申请单,未投放,400.0000,400.0000,2026-06-10,2026-06-10,2026-06-10,2026-06-10,2026-06-10,2026-06-10,MRP-20260610-00000151,0.0000,,,杨英敏,WWGD-20251224-000374,正常,2026-06-10 10:01:24
JHJY-20260610-00062376,358-000130,N沟道MOS管,外购,生产项目采购申请单,未投放,140.0000,140.0000,2026-06-10,2026-06-10,2026-06-10,2026-06-10,2026-06-10,2026-06-10,MRP-20260610-00000151,0.0000,,,杨英敏,YCD2026031600000056,正常,2026-06-10 10:01:24
JHJY-20260610-00062377,849-000023,M3X8+4单头六角铜柱，六角对边尺寸4.6,外购,生产项目采购申请单,未投放,600.0000,600.0000,2026-06-10,2026-06-10,2026-06-10,2026-06-10,2026-06-10,2026-06-10,MRP-20260610-00000151,0.0000,,,杨英敏,WWGD-20251224-000374,正常,2026-06-10 10:01:24
JHJY-20260610-00062378,849-000023,M3X8+4单头六角铜柱，六角对边尺寸4.6,外购,生产项目采购申请单,未投放,10.0000,10.0000,2026-06-10,2026-06-10,2026-06-10,2026-06-10,2026-06-10,2026-06-10,MRP-20260610-00000151,0.0000,,,杨英敏,YCD2026040900000070,正常,2026-06-10 10:01:24
JHJY-20260610-00062379,849-000023,M3X8+4单头六角铜柱，六角对边尺寸4.6,外购,生产项目采购申请单,未投放,60.0000,60.0000,2026-06-10,2026-06-10,2026-06-10,2026-06-10,2026-06-10,2026-06-10,MRP-20260610-00000151,0.0000,,,杨英敏,YCD2026031600000056,正常,2026-06-10 10:01:24
JHJY-20260610-00062380,849-000023,M3X8+4单头六角铜柱，六角对边尺寸4.6,外购,生产项目采购申请单,未投放,20.0000,20.0000,2026-06-10,2026-06-10,2026-06-10,2026-06-10,2026-06-10,2026-06-10,MRP-20260610-00000151,0.0000,,,杨英敏,YCD2026031600000056,正常,2026-06-10 10:01:24
JHJY-20260610-00062381,725-000138,贴片陶瓷电容,外购,生产项目采购申请单,未投放,8400.0000,8400.0000,2026-06-10,2026-06-10,2026-06-10,2026-06-10,2026-06-10,2026-06-10,MRP-20260610-00000151,0.0000,,,杨英敏,WWGD-20251224-000374,正常,2026-06-10 10:01:24
JHJY-20260610-00062382,539-000397,贴片电阻,外购,生产项目采购申请单,未投放,2.0000,2.0000,2026-06-10,2026-06-10,2026-06-10,2026-06-10,2026-06-10,2026-06-10,MRP-20260610-00000151,0.0000,,,杨英敏,WWGD-20250903-000160,正常,2026-06-10 10:01:24
JHJY-20260610-00062384,972-000254,IC 数据缓冲器,外购,生产项目采购申请单,未投放,200.0000,200.0000,2026-06-10,2026-06-10,2026-06-10,2026-06-10,2026-06-10,2026-06-10,MRP-20260610-00000151,0.0000,,,杨英敏,WWGD-20251224-000374,正常,2026-06-10 10:01:24
JHJY-20260610-00062385,972-000423,电平转换芯片,外购,生产项目采购申请单,未投放,1.0000,1.0000,2026-06-10,2026-06-10,2026-06-10,2026-06-10,2026-06-10,2026-06-10,MRP-20260610-00000151,0.0000,,,杨英敏,WWGD-20250903-000160,正常,2026-06-10 10:01:24
JHJY-20260610-00062386,733-000074,贴片电感,外购,生产项目采购申请单,未投放,1200.0000,1200.0000,2026-06-10,2026-06-10,2026-06-10,2026-06-10,2026-06-10,2026-06-10,MRP-20260610-00000151,0.0000,,,杨英敏,WWGD-20251224-000374,正常,2026-06-10 10:01:24
JHJY-20260610-00062388,725-000351,贴片陶瓷电容,外购,生产项目采购申请单,未投放,13.0000,13.0000,2026-06-10,2026-06-10,2026-06-10,2026-06-10,2026-06-10,2026-06-10,MRP-20260610-00000151,0.0000,,,杨英敏,WWGD-20250903-000160,正常,2026-06-10 10:01:24
JHJY-20260610-00062389,554-000078,同步升压转换芯片,外购,生产项目采购申请单,未投放,47.0000,47.0000,2026-06-10,2026-06-10,2026-06-10,2026-06-10,2026-06-10,2026-06-10,MRP-20260610-00000151,0.0000,,,杨英敏,WWGD-20251224-000374,正常,2026-06-10 10:01:24
JHJY-20260610-00062390,554-000078,同步升压转换芯片,外购,生产项目采购申请单,未投放,70.0000,70.0000,2026-06-10,2026-06-10,2026-06-10,2026-06-10,2026-06-10,2026-06-10,MRP-20260610-00000151,0.0000,,,杨英敏,YCD2026031600000056,正常,2026-06-10 10:01:24
JHJY-20260610-00062391,972-000106,FLASH芯片,外购,生产项目采购申请单,未投放,1.0000,1.0000,2026-06-10,2026-06-10,2026-06-10,2026-06-10,2026-06-10,2026-06-10,MRP-20260610-00000151,0.0000,,,杨英敏,WWGD-20250903-000160,正常,2026-06-10 10:01:24
JHJY-20260610-00062392,725-000164,贴片陶瓷电容,外购,生产项目采购申请单,未投放,1.0000,1.0000,2026-06-10,2026-06-10,2026-06-10,2026-06-10,2026-06-10,2026-06-10,MRP-20260610-00000151,0.0000,,,杨英敏,WWGD-20250903-000160,正常,2026-06-10 10:01:24
JHJY-20260610-00062393,539-000254,贴片电阻,外购,生产项目采购申请单,未投放,137.0000,137.0000,2026-06-10,2026-06-10,2026-06-10,2026-06-10,2026-06-10,2026-06-10,MRP-20260610-00000151,0.0000,,,杨英敏,WWGD-20251224-000374,正常,2026-06-10 10:01:24
JHJY-20260610-00062394,725-000249,贴片陶瓷电容,外购,生产项目采购申请单,未投放,100.0000,100.0000,2026-06-10,2026-06-10,2026-06-10,2026-06-10,2026-06-10,2026-06-10,MRP-20260610-00000151,0.0000,,,杨英敏,WWGD-20250922-000180,正常,2026-06-10 10:01:24
JHJY-20260610-00062395,725-000249,贴片陶瓷电容,外购,生产项目采购申请单,未投放,1000.0000,1000.0000,2026-06-10,2026-06-10,2026-06-10,2026-06-10,2026-06-10,2026-06-10,MRP-20260610-00000151,0.0000,,,杨英敏,WWGD-20251224-000374,正常,2026-06-10 10:01:24
JHJY-20260610-00062396,725-000249,贴片陶瓷电容,外购,生产项目采购申请单,未投放,350.0000,350.0000,2026-06-10,2026-06-10,2026-06-10,2026-06-10,2026-06-10,2026-06-10,MRP-20260610-00000151,0.0000,,,杨英敏,YCD2026031600000056,正常,2026-06-10 10:01:24
JHJY-20260610-00062397,895-000057,总高5.0mm正贴轻触开关,外购,生产项目采购申请单,未投放,1.0000,1.0000,2026-06-10,2026-06-10,2026-06-10,2026-06-10,2026-06-10,2026-06-10,MRP-20260610-00000151,0.0000,,,杨英敏,WWGD-20250903-000160,正常,2026-06-10 10:01:24
JHJY-20260610-00062398,895-000057,总高5.0mm正贴轻触开关,外购,生产项目采购申请单,未投放,20.0000,20.0000,2026-06-10,2026-06-10,2026-06-10,2026-06-10,2026-06-10,2026-06-10,MRP-20260610-00000151,0.0000,,,杨英敏,WWGD-20250922-000180,正常,2026-06-10 10:01:24
JHJY-20260610-00062399,895-000057,总高5.0mm正贴轻触开关,外购,生产项目采购申请单,未投放,200.0000,200.0000,2026-06-10,2026-06-10,2026-06-10,2026-06-10,2026-06-10,2026-06-10,MRP-20260610-00000151,0.0000,,,杨英敏,WWGD-20251224-000374,正常,2026-06-10 10:01:24
JHJY-20260610-00062400,895-000057,总高5.0mm正贴轻触开关,外购,生产项目采购申请单,未投放,70.0000,70.0000,2026-06-10,2026-06-10,2026-06-10,2026-06-10,2026-06-10,2026-06-10,MRP-20260610-00000151,0.0000,,,杨英敏,YCD2026031600000056,正常,2026-06-10 10:01:24
JHJY-20260610-00062401,972-000758,eMMC,外购,生产项目采购申请单,未投放,1.0000,1.0000,2026-06-10,2026-06-10,2026-06-10,2026-06-10,2026-06-10,2026-06-10,MRP-20260610-00000151,0.0000,,,杨英敏,WWGD-20250903-000160,正常,2026-06-10 10:01:24
JHJY-20260610-00062402,972-000340,极低功耗微处理器复位电路IC,外购,生产项目采购申请单,未投放,1.0000,1.0000,2026-06-10,2026-06-10,2026-06-10,2026-06-10,2026-06-10,2026-06-10,MRP-20260610-00000151,0.0000,,,杨英敏,WWGD-20250903-000160,正常,2026-06-10 10:01:24
JHJY-20260610-00062403,972-000719,千兆以太网芯片,外购,生产项目采购申请单,未投放,1.0000,1.0000,2026-06-10,2026-06-10,2026-06-10,2026-06-10,2026-06-10,2026-06-10,MRP-20260610-00000151,0.0000,,,杨英敏,WWGD-20250903-000160,正常,2026-06-10 10:01:24
JHJY-20260610-00062404,972-000089,储存器芯片,外购,生产项目采购申请单,未投放,1.0000,1.0000,2026-06-10,2026-06-10,2026-06-10,2026-06-10,2026-06-10,2026-06-10,MRP-20260610-00000151,0.0000,,,杨英敏,WWGD-20250903-000160,正常,2026-06-10 10:01:24
JHJY-20260610-00062405,501-000007,网络变压器,外购,生产项目采购申请单,未投放,1.0000,1.0000,2026-06-10,2026-06-10,2026-06-10,2026-06-10,2026-06-10,2026-06-10,MRP-20260610-00000151,0.0000,,,杨英敏,WWGD-20250903-000160,正常,2026-06-10 10:01:24
JHJY-20260610-00062406,539-000544,贴片电阻,外购,生产项目采购申请单,未投放,400.0000,400.0000,2026-06-10,2026-06-10,2026-06-10,2026-06-10,2026-06-10,2026-06-10,MRP-20260610-00000151,0.0000,,,杨英敏,WWGD-20260312-000462,正常,2026-06-10 10:01:24
JHJY-20260610-00062407,725-000418,贴片陶瓷电容,外购,生产项目采购申请单,未投放,2.0000,2.0000,2026-06-10,2026-06-10,2026-06-10,2026-06-10,2026-06-10,2026-06-10,MRP-20260610-00000151,0.0000,,,杨英敏,WWGD-20250903-000160,正常,2026-06-10 10:01:24
JHJY-20260610-00062408,725-000070,贴片陶瓷电容,外购,生产项目采购申请单,未投放,200.0000,200.0000,2026-06-10,2026-06-10,2026-06-10,2026-06-10,2026-06-10,2026-06-10,MRP-20260610-00000151,0.0000,,,杨英敏,WWGD-20250922-000180,正常,2026-06-10 10:01:24
JHJY-20260610-00062409,725-000070,贴片陶瓷电容,外购,生产项目采购申请单,未投放,2000.0000,2000.0000,2026-06-10,2026-06-10,2026-06-10,2026-06-10,2026-06-10,2026-06-10,MRP-20260610-00000151,0.0000,,,杨英敏,WWGD-20251224-000374,正常,2026-06-10 10:01:24
JHJY-20260610-00062410,725-000070,贴片陶瓷电容,外购,生产项目采购申请单,未投放,700.0000,700.0000,2026-06-10,2026-06-10,2026-06-10,2026-06-10,2026-06-10,2026-06-10,MRP-20260610-00000151,0.0000,,,杨英敏,YCD2026031600000056,正常,2026-06-10 10:01:24
JHJY-20260610-00062412,358-000001,NPN三极管,外购,生产项目采购申请单,未投放,2100.0000,2100.0000,2026-06-10,2026-06-10,2026-06-10,2026-06-10,2026-06-10,2026-06-10,MRP-20260610-00000151,0.0000,,,杨英敏,WWGD-20251224-000374,正常,2026-06-10 10:01:24
JHJY-20260610-00062413,972-000662,同步降压转换器,外购,生产项目采购申请单,未投放,600.0000,600.0000,2026-06-10,2026-06-10,2026-06-10,2026-06-10,2026-06-10,2026-06-10,MRP-20260610-00000151,0.0000,,,杨英敏,WWGD-20251224-000374,正常,2026-06-10 10:01:24
JHJY-20260610-00062414,733-000122,贴片功率电感,外购,生产项目采购申请单,未投放,3.0000,3.0000,2026-06-10,2026-06-10,2026-06-10,2026-06-10,2026-06-10,2026-06-10,MRP-20260610-00000151,0.0000,,,杨英敏,WWGD-20250903-000160,正常,2026-06-10 10:01:24
JHJY-20260610-00062415,972-000152,DC-DC芯片,外购,生产项目采购申请单,未投放,300.0000,300.0000,2026-06-10,2026-06-10,2026-06-10,2026-06-10,2026-06-10,2026-06-10,MRP-20260610-00000151,0.0000,,,杨英敏,WWGD-20251224-000374,正常,2026-06-10 10:01:24
JHJY-20260610-00062417,454-000010,ESD二极管,外购,生产项目采购申请单,未投放,1500.0000,1500.0000,2026-06-10,2026-06-10,2026-06-10,2026-06-10,2026-06-10,2026-06-10,MRP-20260610-00000151,0.0000,,,杨英敏,WWGD-20251224-000374,正常,2026-06-10 10:01:24
JHJY-20260610-00062418,972-000737,EMMC,外购,生产项目采购申请单,未投放,70.0000,70.0000,2026-06-10,2026-06-10,2026-06-10,2026-06-10,2026-06-10,2026-06-10,MRP-20260610-00000151,0.0000,,,杨英敏,YCD2026031600000056,正常,2026-06-10 10:01:24
JHJY-20260610-00062419,454-000020,TVS二极管,外购,生产项目采购申请单,未投放,300.0000,300.0000,2026-06-10,2026-06-10,2026-06-10,2026-06-10,2026-06-10,2026-06-10,MRP-20260610-00000151,0.0000,,,杨英敏,WWGD-20251224-000374,正常,2026-06-10 10:01:24
JHJY-20260610-00062420,454-000004,ESD静电保护管,外购,生产项目采购申请单,未投放,35.0000,35.0000,2026-06-10,2026-06-10,2026-06-10,2026-06-10,2026-06-10,2026-06-10,MRP-20260610-00000151,0.0000,,,杨英敏,YCD2026040900000070,正常,2026-06-10 10:01:24
JHJY-20260610-00062421,454-000004,ESD静电保护管,外购,生产项目采购申请单,未投放,210.0000,210.0000,2026-06-10,2026-06-10,2026-06-10,2026-06-10,2026-06-10,2026-06-10,MRP-20260610-00000151,0.0000,,,杨英敏,YCD2026031600000056,正常,2026-06-10 10:01:24
JHJY-20260610-00062422,454-000004,ESD静电保护管,外购,生产项目采购申请单,未投放,70.0000,70.0000,2026-06-10,2026-06-10,2026-06-10,2026-06-10,2026-06-10,2026-06-10,MRP-20260610-00000151,0.0000,,,杨英敏,YCD2026031600000056,正常,2026-06-10 10:01:24
JHJY-20260610-00062423,454-000319,TVS二极管,外购,生产项目采购申请单,未投放,5.0000,5.0000,2026-06-10,2026-06-10,2026-06-10,2026-06-10,2026-06-10,2026-06-10,MRP-20260610-00000151,0.0000,,,杨英敏,YCD2026040900000070,正常,2026-06-10 10:01:24
JHJY-20260610-00062424,454-000319,TVS二极管,外购,生产项目采购申请单,未投放,30.0000,30.0000,2026-06-10,2026-06-10,2026-06-10,2026-06-10,2026-06-10,2026-06-10,MRP-20260610-00000151,0.0000,,,杨英敏,YCD2026031600000056,正常,2026-06-10 10:01:24
JHJY-20260610-00062425,454-000319,TVS二极管,外购,生产项目采购申请单,未投放,10.0000,10.0000,2026-06-10,2026-06-10,2026-06-10,2026-06-10,2026-06-10,2026-06-10,MRP-20260610-00000151,0.0000,,,杨英敏,YCD2026031600000056,正常,2026-06-10 10:01:24
JHJY-20260610-00062426,725-000132,贴片陶瓷电容,外购,生产项目采购申请单,未投放,11.0000,11.0000,2026-06-10,2026-06-10,2026-06-10,2026-06-10,2026-06-10,2026-06-10,MRP-20260610-00000151,0.0000,,,杨英敏,WWGD-20250903-000160,正常,2026-06-10 10:01:24
JHJY-20260610-00062427,539-000368,贴片电阻,外购,生产项目采购申请单,未投放,2.0000,2.0000,2026-06-10,2026-06-10,2026-06-10,2026-06-10,2026-06-10,2026-06-10,MRP-20260610-00000151,0.0000,,,杨英敏,WWGD-20250903-000160,正常,2026-06-10 10:01:24
JHJY-20260610-00062429,539-000047,贴片电阻,外购,生产项目采购申请单,未投放,5.0000,5.0000,2026-06-10,2026-06-10,2026-06-10,2026-06-10,2026-06-10,2026-06-10,MRP-20260610-00000151,0.0000,,,杨英敏,YCD2026040900000070,正常,2026-06-10 10:01:24
JHJY-20260610-00062430,539-000047,贴片电阻,外购,生产项目采购申请单,未投放,30.0000,30.0000,2026-06-10,2026-06-10,2026-06-10,2026-06-10,2026-06-10,2026-06-10,MRP-20260610-00000151,0.0000,,,杨英敏,YCD2026031600000056,正常,2026-06-10 10:01:24
JHJY-20260610-00062431,539-000047,贴片电阻,外购,生产项目采购申请单,未投放,10.0000,10.0000,2026-06-10,2026-06-10,2026-06-10,2026-06-10,2026-06-10,2026-06-10,MRP-20260610-00000151,0.0000,,,杨英敏,YCD2026031600000056,正常,2026-06-10 10:01:24
JHJY-20260610-00062432,539-000047,贴片电阻,外购,生产项目采购申请单,未投放,26.0000,26.0000,2026-06-10,2026-06-10,2026-06-10,2026-06-10,2026-06-10,2026-06-10,MRP-20260610-00000151,0.0000,,,杨英敏,YCD2026040900000070,正常,2026-06-10 10:01:24
JHJY-20260610-00062433,539-000047,贴片电阻,外购,生产项目采购申请单,未投放,50.0000,50.0000,2026-06-10,2026-06-10,2026-06-10,2026-06-10,2026-06-10,2026-06-10,MRP-20260610-00000151,0.0000,,,杨英敏,HDKJ-20260605-020,正常,2026-06-10 10:01:24
JHJY-20260610-00062434,539-000047,贴片电阻,外购,生产项目采购申请单,未投放,20.0000,20.0000,2026-06-10,2026-06-10,2026-06-10,2026-06-10,2026-06-10,2026-06-10,MRP-20260610-00000151,0.0000,,,杨英敏,HDKJ-20260608-022,正常,2026-06-10 10:01:24
JHJY-20260610-00062435,733-000034,绕线贴片功率电感,外购,生产项目采购申请单,未投放,600.0000,600.0000,2026-06-10,2026-06-10,2026-06-10,2026-06-10,2026-06-10,2026-06-10,MRP-20260610-00000151,0.0000,,,杨英敏,WWGD-20251224-000374,正常,2026-06-10 10:01:24
JHJY-20260610-00062436,733-000123,贴片功率电感,外购,生产项目采购申请单,未投放,1.0000,1.0000,2026-06-10,2026-06-10,2026-06-10,2026-06-10,2026-06-10,2026-06-10,MRP-20260610-00000151,0.0000,,,杨英敏,WWGD-20250903-000160,正常,2026-06-10 10:01:24
JHJY-20260610-00062437,539-000016,贴片电阻,外购,生产项目采购申请单,未投放,300.0000,300.0000,2026-06-10,2026-06-10,2026-06-10,2026-06-10,2026-06-10,2026-06-10,MRP-20260610-00000151,0.0000,,,杨英敏,WWGD-20251224-000374,正常,2026-06-10 10:01:24
JHJY-20260610-00062438,539-000326,贴片电阻,外购,生产项目采购申请单,未投放,3.0000,3.0000,2026-06-10,2026-06-10,2026-06-10,2026-06-10,2026-06-10,2026-06-10,MRP-20260610-00000151,0.0000,,,杨英敏,WWGD-20250903-000160,正常,2026-06-10 10:01:24
JHJY-20260610-00062439,539-000326,贴片电阻,外购,生产项目采购申请单,未投放,80.0000,80.0000,2026-06-10,2026-06-10,2026-06-10,2026-06-10,2026-06-10,2026-06-10,MRP-20260610-00000151,0.0000,,,杨英敏,WWGD-20250922-000180,正常,2026-06-10 10:01:24
JHJY-20260610-00062440,539-000326,贴片电阻,外购,生产项目采购申请单,未投放,800.0000,800.0000,2026-06-10,2026-06-10,2026-06-10,2026-06-10,2026-06-10,2026-06-10,MRP-20260610-00000151,0.0000,,,杨英敏,WWGD-20251224-000374,正常,2026-06-10 10:01:24
JHJY-20260610-00062441,539-000326,贴片电阻,外购,生产项目采购申请单,未投放,280.0000,280.0000,2026-06-10,2026-06-10,2026-06-10,2026-06-10,2026-06-10,2026-06-10,MRP-20260610-00000151,0.0000,,,杨英敏,YCD2026031600000056,正常,2026-06-10 10:01:24
JHJY-20260610-00062442,972-000587,负载开关,外购,生产项目采购申请单,未投放,7.0000,7.0000,2026-06-10,2026-06-10,2026-06-10,2026-06-10,2026-06-10,2026-06-10,MRP-20260610-00000151,0.0000,,,杨英敏,WWGD-20250903-000160,正常,2026-06-10 10:01:24
JHJY-20260610-00062443,972-000587,负载开关,外购,生产项目采购申请单,未投放,80.0000,80.0000,2026-06-10,2026-06-10,2026-06-10,2026-06-10,2026-06-10,2026-06-10,MRP-20260610-00000151,0.0000,,,杨英敏,WWGD-20250922-000180,正常,2026-06-10 10:01:24
JHJY-20260610-00062444,972-000587,负载开关,外购,生产项目采购申请单,未投放,800.0000,800.0000,2026-06-10,2026-06-10,2026-06-10,2026-06-10,2026-06-10,2026-06-10,MRP-20260610-00000151,0.0000,,,杨英敏,WWGD-20251224-000374,正常,2026-06-10 10:01:24
JHJY-20260610-00062445,972-000587,负载开关,外购,生产项目采购申请单,未投放,280.0000,280.0000,2026-06-10,2026-06-10,2026-06-10,2026-06-10,2026-06-10,2026-06-10,MRP-20260610-00000151,0.0000,,,杨英敏,YCD2026031600000056,正常,2026-06-10 10:01:24
JHJY-20260610-00062446,454-000353,ESD二极管,外购,生产项目采购申请单,未投放,2.0000,2.0000,2026-06-10,2026-06-10,2026-06-10,2026-06-10,2026-06-10,2026-06-10,MRP-20260610-00000151,0.0000,,,杨英敏,WWGD-20250903-000160,正常,2026-06-10 10:01:24
JHJY-20260610-00062447,849-000215,1.37线径射频线夹,外购,生产项目采购申请单,未投放,7.0000,7.0000,2026-06-10,2026-06-10,2026-06-10,2026-06-10,2026-06-10,2026-06-10,MRP-20260610-00000151,0.0000,,,杨英敏,WWGD-20250903-000160,正常,2026-06-10 10:01:24
JHJY-20260610-00062448,849-000215,1.37线径射频线夹,外购,生产项目采购申请单,未投放,80.0000,80.0000,2026-06-10,2026-06-10,2026-06-10,2026-06-10,2026-06-10,2026-06-10,MRP-20260610-00000151,0.0000,,,杨英敏,WWGD-20250922-000180,正常,2026-06-10 10:01:24
JHJY-20260610-00062449,849-000215,1.37线径射频线夹,外购,生产项目采购申请单,未投放,1014.0000,1014.0000,2026-06-10,2026-06-10,2026-06-10,2026-06-10,2026-06-10,2026-06-10,MRP-20260610-00000151,0.0000,,,杨英敏,WWGD-20250922-000180,正常,2026-06-10 10:01:24
JHJY-20260610-00062450,849-000215,1.37线径射频线夹,外购,生产项目采购申请单,未投放,800.0000,800.0000,2026-06-10,2026-06-10,2026-06-10,2026-06-10,2026-06-10,2026-06-10,MRP-20260610-00000151,0.0000,,,杨英敏,WWGD-20251224-000374,正常,2026-06-10 10:01:24
JHJY-20260610-00062451,849-000215,1.37线径射频线夹,外购,生产项目采购申请单,未投放,10.0000,10.0000,2026-06-10,2026-06-10,2026-06-10,2026-06-10,2026-06-10,2026-06-10,MRP-20260610-00000151,0.0000,,,杨英敏,YCD2026040900000070,正常,2026-06-10 10:01:24
JHJY-20260610-00062452,849-000215,1.37线径射频线夹,外购,生产项目采购申请单,未投放,60.0000,60.0000,2026-06-10,2026-06-10,2026-06-10,2026-06-10,2026-06-10,2026-06-10,MRP-20260610-00000151,0.0000,,,杨英敏,YCD2026031600000056,正常,2026-06-10 10:01:24
JHJY-20260610-00062453,849-000215,1.37线径射频线夹,外购,生产项目采购申请单,未投放,20.0000,20.0000,2026-06-10,2026-06-10,2026-06-10,2026-06-10,2026-06-10,2026-06-10,MRP-20260610-00000151,0.0000,,,杨英敏,YCD2026031600000056,正常,2026-06-10 10:01:24
JHJY-20260610-00062454,849-000215,1.37线径射频线夹,外购,生产项目采购申请单,未投放,280.0000,280.0000,2026-06-10,2026-06-10,2026-06-10,2026-06-10,2026-06-10,2026-06-10,MRP-20260610-00000151,0.0000,,,杨英敏,YCD2026031600000056,正常,2026-06-10 10:01:24
JHJY-20260610-00062456,539-000317,贴片电阻,外购,生产项目采购申请单,未投放,2700.0000,2700.0000,2026-06-10,2026-06-10,2026-06-10,2026-06-10,2026-06-10,2026-06-10,MRP-20260610-00000151,0.0000,,,杨英敏,WWGD-20251224-000374,正常,2026-06-10 10:01:24
JHJY-20260610-00062457,539-000317,贴片电阻,外购,生产项目采购申请单,未投放,26.0000,26.0000,2026-06-10,2026-06-10,2026-06-10,2026-06-10,2026-06-10,2026-06-10,MRP-20260610-00000151,0.0000,,,杨英敏,YCD2026040900000070,正常,2026-06-10 10:01:24
JHJY-20260610-00062458,539-000317,贴片电阻,外购,生产项目采购申请单,未投放,50.0000,50.0000,2026-06-10,2026-06-10,2026-06-10,2026-06-10,2026-06-10,2026-06-10,MRP-20260610-00000151,0.0000,,,杨英敏,HDKJ-20260605-020,正常,2026-06-10 10:01:24
JHJY-20260610-00062459,539-000317,贴片电阻,外购,生产项目采购申请单,未投放,20.0000,20.0000,2026-06-10,2026-06-10,2026-06-10,2026-06-10,2026-06-10,2026-06-10,MRP-20260610-00000151,0.0000,,,杨英敏,HDKJ-20260608-022,正常,2026-06-10 10:01:24
JHJY-20260610-00062460,725-000012,贴片陶瓷电容,外购,生产项目采购申请单,未投放,34509.5000,34509.5000,2026-06-10,2026-06-10,2026-06-10,2026-06-10,2026-06-10,2026-06-10,MRP-20260610-00000151,0.0000,,,杨英敏,WWGD-20251224-000374,正常,2026-06-10 10:01:24
JHJY-20260610-00062461,725-000030,贴片陶瓷电容,外购,生产项目采购申请单,未投放,1205.0000,1205.0000,2026-06-10,2026-06-10,2026-06-10,2026-06-10,2026-06-10,2026-06-10,MRP-20260610-00000151,0.0000,,,杨英敏,WWGD-20251224-000374,正常,2026-06-10 10:01:24
JHJY-20260610-00062462,725-000030,贴片陶瓷电容,外购,生产项目采购申请单,未投放,700.0000,700.0000,2026-06-10,2026-06-10,2026-06-10,2026-06-10,2026-06-10,2026-06-10,MRP-20260610-00000151,0.0000,,,杨英敏,YCD2026031600000056,正常,2026-06-10 10:01:24
JHJY-20260610-00062464,539-000312,贴片电阻,外购,生产项目采购申请单,未投放,1.0000,1.0000,2026-06-10,2026-06-10,2026-06-10,2026-06-10,2026-06-10,2026-06-10,MRP-20260610-00000151,0.0000,,,杨英敏,WWGD-20250903-000160,正常,2026-06-10 10:01:24
JHJY-20260610-00062465,539-000312,贴片电阻,外购,生产项目采购申请单,未投放,2400.0000,2400.0000,2026-06-10,2026-06-10,2026-06-10,2026-06-10,2026-06-10,2026-06-10,MRP-20260610-00000151,0.0000,,,杨英敏,WWGD-20251224-000374,正常,2026-06-10 10:01:24
