material_code,material_name,modelnum,huid_productline_name,baseunit_number,baseunit_name,group_name,group_type,materialattr,purchase_fixedleadtime,purchase_huid_batchqty,purchase_huid_minlotsize,product_fixedleadtime,material_standard_price,product_status
849-000818,Φ5*20+M4*8_不锈钢塞打螺丝_整圈耐落,"304不锈钢，本色，强度等级：A2-70,第3到第10个螺牙要整圈涂耐落漆，中性盐雾72小时，符合GB 6281-1985",公用物料,pcs,个,原材料-组装料,五金件,外购,17.00,,,1.00,,已上架
165-001337,YN540S_出药口过滤网,L*W*H：204*57*57；PP+30GF骨架+模内嵌件50目不锈钢网,无人机,pcs,个,原材料-组装料,加工零部件（外壳、硅胶按键、标签等）,外购,28.00,,,1.00,,已上架
359-000033,充电器总成,"额定输出功率1.5KW额定输入电压220V额定输出电压72V,BW-S15FFB",无人车,pcs,个,原材料-电子料,通用电气零件,外购,1.00,,,1.00,839.999964,已上架
165-001879,YN580后称重计硅胶线卡,L*W*H：60*21*14mm，硅胶材质，硬度70，黑色,无人机,pcs,个,原材料-组装料,加工零部件（外壳、硅胶按键、标签等）,外购,21.00,,,1.00,,已上架
165-003030,100电调支架,L*W*H：68*80.3*83mm，6061铝合金，喷砂+黑色阳极氧化,无人机,pcs,个,原材料-组装料,加工零部件（外壳、硅胶按键、标签等）,外购,28.00,,,1.00,48.249983,已上架
165-001855,YN580称重计按压头,L*W*H：φ30*17mm；黑色/PU/硬度：70，包胶3mm厚304不锈钢片,无人机,pcs,个,原材料-组装料,加工零部件（外壳、硅胶按键、标签等）,外购,21.00,,,1.00,2.469954,已上架
590-000074,农业全程作业智能探测系统,YNGPCS700E1-双摄像头-北斗,监测终端,pcs,个,库存商品-产成品,701包装成品,自制,1.00,,,1.00,,已上架
363-000209,701电源2米线束,线束总长2米，连接器：M12防水4p线端母头A（昌骏）,监测终端,pcs,个,原材料-包装料,线束（包装线束）,外购,35.00,,,1.00,,已上架
276-000033,150电调组件,,无人机,pcs,个,原材料-半成品,HD5150组装半成品,自制,1.00,,,1.00,,已上架
593-000026,YN300E-华大-超雅,,监测终端,pcs,个,原材料-半成品,701整机,自制,1.00,,,1.00,,已上架
838-000461,单北斗双频定位天线,YG-DN-GNSS-3500-SMAJ-5550,智能定位,pcs,个,原材料-组装料,天线、传感器&摄像头,外购,35.00,,,1.00,,已上架
165-002532,YN525_桨托,EVA，黑色,无人机,pcs,个,原材料-组装料,加工零部件（外壳、硅胶按键、标签等）,外购,14.00,,,1.00,2.749968,已上架
849-000638,M3X6扁平头机牙螺丝,M3X6扁平头机牙十字耐落 不锈钢，螺丝要求：第3到第10个螺牙要整圈涂耐落漆,公用物料,pcs,个,原材料-组装料,五金件,外购,35.00,,,1.00,,已上架
525-000100,YN580动力套组件1号_M10_中性,,无人机,pcs,个,原材料-半成品,HD580组件整机,自制,1.00,,,1.00,,已上架
994-000527,YN525_作业总线,,无人机,pcs,个,原材料-组装料,线束（组装线束）,外购,28.00,,,1.00,,已上架
165-002707,YN418方向盘盖板LOGO-YN,,自动驾驶,pcs,个,原材料-组装料,加工零部件（外壳、硅胶按键、标签等）,外购,21.00,,,1.00,5.500049,已上架
994-000616,412通用主线束,,自动驾驶,pcs,个,原材料-组装料,线束（组装线束）,外购,42.00,,,1.00,279.999988,已上架
994-000714,580V3后机臂电子调速电源线（3，4号）,,行业无人机,pcs,个,原材料-组装料,线束（组装线束）,外购,35.00,,,1.00,188.000021,已上架
849-000357,M2.5*20_不锈钢十字圆头机牙螺丝_整圈耐落,"304不锈钢，本色，强度等级：A2-70,第3到第10个螺牙要整圈涂耐落漆，中性盐雾72小时，符合GB/T 918-2016",公用物料,pcs,个,原材料-组装料,五金件,外购,13.00,,,1.00,,已上架
165-002269,YN580摇摆桨CCW桨夹,L*W*H：137.7*47*42mm，6061铝合金-T6，黑色阳极氧化,无人机,pcs,个,原材料-组装料,加工零部件（外壳、硅胶按键、标签等）,外购,28.00,,,1.00,,已上架
849-000913,608DW轴承,L*W*H：22*81*7mm；品牌NSK；绿色胶盖,公用物料,pcs,个,原材料-组装料,五金件,外购,1.00,,,1.00,,已上架
165-001986,YN580雷达硅胶堵头1,材质：硅胶，硬度70，黑色,无人机,pcs,个,原材料-组装料,加工零部件（外壳、硅胶按键、标签等）,外购,21.00,,,1.00,,已上架
525-000102,YN580动力套组件3号_M10_中性,,无人机,pcs,个,原材料-半成品,HD580组件整机,自制,1.00,,,1.00,,已上架
165-002313,YN525_右管夹,L*W*H：254*129.4*27.8mm;材质：QA66+15GF，黑色,无人机,pcs,个,原材料-组装料,加工零部件（外壳、硅胶按键、标签等）,外购,28.00,,,1.00,,已上架
795-000874,YN525_脚架前横梁,"""L*W*H：275*106*44.5mm；壁厚1.0mm；材质：6061铝型材，T6时效表面阳极氧化黑色哑光""",无人机,pcs,个,原材料-组装料,通用机械零件,外购,28.00,,,1.00,35.000055,已上架
972-000696,FLASH,X25Q01JVZEIQ,公用物料,pcs,个,原材料-电子料,集成电路1（IC）,外购,84.00,,,1.00,95.000004,已上架
165-001947,YN580上桨夹,L*W*H：139*44*20mm；6061铝合金-T6，黑色阳极氧化,无人机,pcs,个,原材料-组装料,加工零部件（外壳、硅胶按键、标签等）,外购,28.00,,,1.00,,已上架
362-000170,YN540 40寸反桨组件_新丝印无YN logo,黑色M5X30杯头螺丝*2，φ30xφ15x1pom垫片*4，φ29xφ15x1.5硅胶垫*4，40寸CCW 40132反桨桨叶*2，40寸桨夹*1,无人机,pcs,个,原材料-包装料,无人机组装料,自制,42.00,,,1.00,,已上架
165-002028,YN580动力电机保护罩-前,L*W*H：283.5*180*141mm，EPP发泡、灰色,无人机,pcs,个,原材料-组装料,加工零部件（外壳、硅胶按键、标签等）,外购,21.00,,,1.00,,已上架
525-000016,YS403双目摄像头组件,,无人机,pcs,个,原材料-半成品,HD580组件整机,自制,1.00,,,1.00,,已上架
165-001027,YN540PRO_RTK支架硅胶圈,黑色圆形硅胶圈，55度,无人机,pcs,个,原材料-组装料,加工零部件（外壳、硅胶按键、标签等）,外购,21.00,,,1.00,,已上架
832-000011,601机具识别传感器整机（凯乐伯）,,监测终端,pcs,个,原材料-半成品,倾角识别/姿态,自制,1.00,,,1.00,,已上架
382-000006,北斗导航农机驾驶仪,YN406BDS-2.5GD(YN406插秧机V2),自动驾驶,pcs,个,库存商品-产成品,406包装成品,自制,1.00,,,1.00,,已上架
165-002031,"""YN580机臂护线硅胶圈""","L*W*H：59.5*59.2*23mm；""硅橡胶，硬度70°""",无人机,pcs,个,原材料-组装料,加工零部件（外壳、硅胶按键、标签等）,外购,21.00,,,1.00,,已上架
528-000042,YS221E接收机整机_千寻星基版_单天线_整机,,自动驾驶,pcs,个,原材料-半成品,418整机,自制,,,,1.00,,已上架
165-002316,YN525_脚架连接件3号,"""L*W*H：62*57.8*59.5mm;材质：QA66+30%CF，黑色嵌M4螺母1pcs""",无人机,pcs,个,原材料-组装料,加工零部件（外壳、硅胶按键、标签等）,外购,28.00,,,1.00,,已上架
849-000363,ST3.0*6自攻螺钉,圆头十字 ST3.0*6 镀锌铁,公用物料,pcs,个,原材料-组装料,五金件,外购,13.00,,,1.00,,已上架
849-000287,M4*20_不锈钢杯头内六角滚花机牙螺丝_整圈耐落,"304不锈钢，本色，强度等级：A2-70,第3到第10个螺牙要整圈涂耐落漆，中性盐雾72小时，符合GB/T 70.1-2008",公用物料,pcs,个,原材料-组装料,五金件,外购,18.00,,,1.00,,已上架
849-000090,M6*8机牙螺丝,M6*8mm，圆头十字，304不锈钢,公用物料,pcs,个,原材料-组装料,五金件,外购,1.00,,,1.00,,已上架
849-000759,M6*35_碳钢杯头内六角滚花机牙螺丝,"碳钢，黑色达克罗，强度等级：12.9级,中性盐雾72小时，符合GB/T 70.1-2008",公用物料,pcs,个,原材料-组装料,五金件,外购,17.00,,,1.00,,已上架
972-000738,DDR3L,NT41K128M16JT-207 IT:K,公用物料,pcs,个,原材料-电子料,集成电路1（IC）,外购,112.00,,,1.00,33.599985,已上架
849-000626,M3*8_不锈钢平头倒边内六角机牙螺丝_整圈耐落,"304不锈钢，本色，强度等级：A2-70,第3到第10个螺牙要整圈涂耐落漆，中性盐雾72小时",公用物料,pcs,个,原材料-组装料,五金件,外购,17.00,,,1.00,,已上架
849-000753,M4*D5*M25_不锈钢销钉螺丝_整圈耐落,"304不锈钢，本色，强度等级：A2-70,第3到第10个螺牙要整圈涂耐落漆，中性盐雾72小时",公用物料,pcs,个,原材料-组装料,五金件,外购,17.00,,,1.00,,已上架
165-000257,1号电机支架底板圆柱（L=100mm）,"直径12mm,L=100mm",自动驾驶,pcs,个,原材料-组装料,加工零部件（外壳、硅胶按键、标签等）,外购,28.00,,,1.00,10.799975,已上架
165-002072,YN580摄像头主支架_新,黑色塑胶QA66+30%CF，模内注塑&热熔铜螺母,无人机,pcs,个,原材料-组装料,加工零部件（外壳、硅胶按键、标签等）,外购,28.00,,,1.00,,已上架
165-000715,YN201防水透气膜,φ10*φ5白色防水透气棉（0.15防水透气棉+0.15高粘性防水背胶）,自动驾驶,pcs,个,原材料-组装料,加工零部件（外壳、硅胶按键、标签等）,外购,35.00,,,1.00,,已上架
849-000962,M4*8不锈钢法兰内六角机牙螺丝_整圈耐落,"M4*8、304不锈钢，本色，强度等级：A2-70,第3到第10个螺牙要整圈涂耐落漆，中性盐雾72小时",无人机,pcs,个,原材料-组装料,五金件,外购,1.00,,,1.00,0.200010,已上架
849-000953,M3*20_不锈钢法兰内六角机牙螺丝_整圈耐落,"304不锈钢，本色，强度等级：A2-70,第3到第10个螺牙要整圈涂耐落漆，中性盐雾72小时",公用物料,pcs,个,原材料-组装料,五金件,外购,1.00,,,1.00,0.100118,已上架
849-000415,M2*3扁平头十字螺丝,L=3mm，碳钢/发黑耐落，十字扁平头，第3到第10个螺牙要整圈涂耐落漆,公用物料,pcs,个,原材料-组装料,五金件,外购,17.00,,,1.00,,已上架
849-000829,YN580单目转接支架,铝合金6061，去利边，阳极氧化黑色,公用物料,pcs,个,原材料-组装料,五金件,外购,28.00,,,1.00,,已上架
165-002330,YN525_关节防松按钮,"""L*W*H：26*17.5*16.4mm;QA66+30%玻纤，橙色，潘通号：QT1505C""",无人机,pcs,个,原材料-组装料,加工零部件（外壳、硅胶按键、标签等）,外购,28.00,,,1.00,,已上架
165-002285,YN525_机头支架右,黑色，QA66+30%,无人机,pcs,个,原材料-组装料,加工零部件（外壳、硅胶按键、标签等）,外购,28.00,,,1.00,,已上架
165-001945,YN580碳纤维反桨62寸,黑色，碳纤维,无人机,pcs,个,原材料-组装料,加工零部件（外壳、硅胶按键、标签等）,外购,28.00,,,1.00,,已上架
P61-000328,农业智能播种监控系统,YC402-0-D-14-NHH,智能播种,pcs,个,库存商品-产成品,播种监控包装成品,自制,1.00,,,1.00,,已上架
165-002352,YN525流量计出药口水管,"""外径14，内径12，PA波纹水管PA波纹管，预弯成型，长度：180mm""",无人机,pcs,个,原材料-组装料,加工零部件（外壳、硅胶按键、标签等）,外购,28.00,,,1.00,,已上架
770-000133,2+10P连接器堵头,2+10P连接器堵头，黑色，协顺连接器,公用物料,pcs,个,原材料-组装料,连接器2（非电子）,外购,35.00,,,1.00,,已上架
849-000751,M3*30_不锈钢法兰内六角机牙螺丝_整圈耐落,"304不锈钢，本色，强度等级：A2-70,第3到第10个螺牙要整圈涂耐落漆，中性盐雾72小时",公用物料,pcs,个,原材料-组装料,五金件,外购,24.00,,,1.00,,已上架
525-000178,YS508C雷达4G组件reID无卡-美国短线版,,无人机,pcs,个,原材料-半成品,HD580组件整机,自制,,,,1.00,,已上架
791-000001,406电机(KY),"带轴封,IPX5级防水",自动驾驶,pcs,个,原材料-半成品,406整机,外购,42.00,,,1.00,500.000027,已上架
165-001335,YN540S-药箱盖固定环,L*W*H：209*173*14；材质PP+30GF；带M4定制螺母,无人机,pcs,个,原材料-组装料,加工零部件（外壳、硅胶按键、标签等）,外购,28.00,,,1.00,,已上架
838-000318,天线,YN580 图传高增益 软胶棒天线,无人机,pcs,个,原材料-包装料,天线、传感器&摄像头,外购,35.00,,,1.00,,已上架
526-000005,北斗导航农机驾驶仪,YN812BDS-2.5GD(YN812插秧机-国内版),自动驾驶,pcs,个,库存商品-产成品,812包装成品,自制,,,,1.00,,已上架
849-000749,M4*24_不锈钢法兰内六角机牙螺丝_整圈耐落,"304不锈钢，本色，强度等级：A2-70,第3到第10个螺牙要整圈涂耐落漆，中性盐雾72小时",公用物料,pcs,个,原材料-组装料,五金件,外购,18.00,,,1.00,,已上架
849-001156,M4*7_不锈钢大平头倒边内六角机牙螺丝_整圈耐落,"304不锈钢，本色，强度等级：A2-70,第3到第10个螺牙要整圈涂耐落漆，中性盐雾72小时，符合GB/T 70.1-2008",无人机,pcs,个,原材料-组装料,五金件,外购,1.00,,,1.00,0.098649,已上架
165-001793,YN580_离心喷头线束压板,L*W*H：20.6*10.5*10mm；QA66+20%GF，黑色,无人机,pcs,个,原材料-组装料,加工零部件（外壳、硅胶按键、标签等）,外购,28.00,,,1.00,0.700035,已上架
525-000023,YN580称重传感器组件,,无人机,pcs,个,原材料-半成品,HD580组件整机,自制,1.00,,,1.00,,已上架
165-002593,150电调三相电防水盖密封圈,外径17mm，线径2.4mm，红色硅胶圈,无人机,pcs,个,原材料-组装料,加工零部件（外壳、硅胶按键、标签等）,外购,21.00,,,1.00,0.237526,已上架
468-000371,种1-4标签,扎带标签，长180mm，材质pp，白色,智能播种,pcs,个,原材料-包装料,印刷类,外购,10.00,,,1.00,,已上架
165-001803,YN580机框内衬件-右,L*W*H：101.5*85*70mm；材质：QA66+15GF，黑色,无人机,pcs,个,原材料-组装料,加工零部件（外壳、硅胶按键、标签等）,外购,28.00,,,1.00,3.360055,已上架
849-000871,M10*30_不锈钢杯头内六角滚花机牙螺丝,304不锈钢，本色，强度等级：A2-70，中性盐雾72小时，符合GB/T 70.1-2008,公用物料,pcs,个,原材料-组装料,五金件,外购,13.00,,,1.00,,已上架
165-001818,YN580接口板减震脚垫,φ16*11.7mm，60度黑色硅胶,无人机,pcs,个,原材料-组装料,加工零部件（外壳、硅胶按键、标签等）,外购,21.00,,,1.00,1.150001,已上架
308-000036,YN525旋转雷达组件V2.1,,无人机,pcs,个,原材料-半成品,HD525整机,自制,1.00,,,1.00,,已上架
525-000154,YN580外关节碳管3.0组件-1号,"""L*W*H：964.5*61.8*85.4mm， 材质：QA66+30%CF,黑色; 内嵌不锈钢关节轴套。 壁厚3mm碳管""",无人机,pcs,个,原材料-半成品,HD580组件整机,自制,1.00,,,1.00,,已上架
165-002030,YN580药箱本体（70L）,L*W*H：636*532*497mm；吹塑工艺，改性PE材质，浅灰色QT429C，称重传感器配合的三个拐角处及出水口处做加强注塑嵌块,无人机,pcs,个,原材料-组装料,加工零部件（外壳、硅胶按键、标签等）,外购,28.00,,,1.00,,已上架
972-000493,定位模块,VM982,公用物料,pcs,个,原材料-电子料,集成电路1（IC）,外购,56.00,,,1.00,249.999957,已上架
784-000184,YN402_遥控器充电座_无Logo,,无人机,pcs,个,原材料-半成品,HD540PRO整机,自制,1.00,,,1.00,,已上架
165-002182,580管夹-右B,L*W*H：165.2*137.5*28mm；材质：PA6+30GF+增韧剂(牌号：ZGDBSLV PA6B30CX CK101-B)，黑色,无人机,pcs,个,原材料-组装料,加工零部件（外壳、硅胶按键、标签等）,外购,28.00,,,1.00,,已上架
972-000747,eMMC,CWEFMD008GN8RC,公用物料,pcs,个,原材料-电子料,集成电路1（IC）,外购,72.00,,,1.00,44.499965,已上架
165-001827,YN580雷达探照灯线卡,黑色塑胶QA66+20%GF，两个并排卡槽,无人机,pcs,个,原材料-组装料,加工零部件（外壳、硅胶按键、标签等）,外购,28.00,,,1.00,0.949991,已上架
525-000092,YN580机臂动力套组件2号_M10_中性,,无人机,pcs,个,原材料-半成品,HD580组件整机,自制,1.00,,,1.00,,已上架
972-000622,DDR3L,NT5CC256M16ER-EKI,公用物料,pcs,个,原材料-电子料,集成电路1（IC）,外购,84.00,,,1.00,64.839965,已上架
795-000760,YN580脚架横梁-后,"""E25mm*长425mm；壁厚1.0mm；材质：6061铝型材，T6时效表面阳极氧化黑色哑光""",无人机,pcs,个,原材料-组装料,通用机械零件,外购,35.00,,,1.00,17.099951,已上架
838-000094,J701摄像头,701模拟AHD摄像头，720P，正腾视讯，6米线长，昌俊3芯连接器，螺纹母头，带支架及固定螺丝,自动驾驶,pcs,个,原材料-包装料,天线、传感器&摄像头,自制,21.00,,,1.00,,已上架
165-002286,YN525_分电板防尘胶塞,φ15*11.5mm，50度黑色硅胶,无人机,pcs,个,原材料-组装料,加工零部件（外壳、硅胶按键、标签等）,外购,21.00,,,1.00,,已上架
276-000105,雾化盘组件,雾化盘组件  8mmX83mmX83mm,无人机,pcs,个,原材料-半成品,HD5150组装半成品,自制,,,,1.00,,已上架
525-000020,YN580脚架组件,,无人机,pcs,个,原材料-半成品,HD580组件整机,自制,1.00,,,1.00,,已上架
308-000028,YN525探照灯模块,,无人机,pcs,个,原材料-半成品,HD525整机,自制,1.00,,,1.00,,已上架
795-000871,YN525_右方梁,"""L*W*H：510*70*30mm；管厚1.4mm;材质：6061铝型材，T6时效，攻牙M4表面阳极氧化黑色哑光""",无人机,pcs,个,原材料-组装料,通用机械零件,自制,21.00,,,1.00,,已上架
165-001787,YN580水泵出药口水管,"外径14，内径12,QA12水管，长度71mm，要求:水管无弯曲变形，要直，长度公差71mm±0.5mm",无人机,pcs,个,原材料-组装料,加工零部件（外壳、硅胶按键、标签等）,外购,21.00,,,1.00,4.499999,已上架
308-000019,YN525动力套组件4号,,无人机,pcs,个,原材料-半成品,HD525整机,自制,35.00,,,1.00,,已上架
525-000191,580V3机臂动力套组件2号__双离心版本,,无人机,pcs,个,原材料-半成品,HD580组件整机,自制,1.00,,,1.00,,已上架
362-000183,YN540 CW桨叶,40132 CW 两片,无人机,pcs,个,原材料-包装料,无人机组装料,外购,42.00,,,1.00,,已上架
308-000025,YN525机臂动力套组件2号,,无人机,pcs,个,原材料-半成品,HD525整机,自制,1.00,,,1.00,,已上架
454-000187,肖特基二极管,TS106,公用物料,pcs,个,原材料-电子料,二极管,外购,70.00,,,1.00,0.244984,已上架
308-000006,YN525分电板组件,分电板+铜板灌胶后组件，带6根线束,无人机,pcs,个,原材料-半成品,HD525整机,自制,1.00,,,1.00,,已上架
363-000206,701CAN口四米直连线束,线束总长4米，一端连接器A108L-8A，另一端连接器 CJ-M12防水4P-G101,监测终端,pcs,个,原材料-包装料,线束（包装线束）,外购,35.00,,,1.00,,已上架
849-000824,M3*8_不锈钢内六角平尾自攻螺丝,304不锈钢，本色，中性盐雾72小时,公用物料,pcs,个,原材料-组装料,五金件,外购,13.00,,,1.00,,已上架
849-000744,M3*25_不锈钢法兰内六角机牙螺丝_整圈耐落,"304不锈钢，本色，强度等级：A2-70,第3到第10个螺牙要整圈涂耐落漆，中性盐雾72小时",公用物料,pcs,个,原材料-组装料,五金件,外购,24.00,,,1.00,,已上架
358-000081,N沟道MOS管,CSS138,公用物料,pcs,个,原材料-电子料,晶体管,外购,28.00,,,1.00,0.088027,已上架
165-002348,YN525药箱面罩,"""L*W*H：211*157*99：QA66+15GF,黑色""",无人机,pcs,个,原材料-组装料,加工零部件（外壳、硅胶按键、标签等）,外购,21.00,,,1.00,,已上架
972-000669,定位模块,VMD982,公用物料,pcs,个,原材料-电子料,集成电路1（IC）,外购,42.00,,,1.00,249.999957,已上架
795-000716,YN540S_离心喷头防水堵头密封圈,外径12mm，线径1.8mm   ，硅橡胶/60度，黑色,无人机,pcs,个,原材料-组装料,通用机械零件,外购,10.00,,,1.00,,已上架
795-000755,YN580主梁-后,"""L*W*H：460*70*40mm；管厚1.5mm；材质：6061铝型材，T6时效，攻牙M4表面阳极氧化黑色哑光""",无人机,pcs,个,原材料-组装料,通用机械零件,外购,35.00,,,1.00,57.000025,已上架
525-000094,YN580机臂动力套组件4号_M10_中性,,无人机,pcs,个,原材料-半成品,HD580组件整机,自制,1.00,,,1.00,,已上架
849-000422,M2.5*20_不锈钢十字沉头平尾自攻螺丝,304不锈钢，本色，中性盐雾72小时，符合GB/T 946-2017,公用物料,pcs,个,原材料-组装料,五金件,外购,13.00,,,1.00,,已上架
832-000009,新无线机具识别传感器,新无线机具识别传感器组装BOM,监测终端,pcs,个,原材料-半成品,倾角识别/姿态,自制,1.00,,,1.00,,已上架
849-000421,M2.5*8_不锈钢十字沉头机牙螺丝_整圈耐落,"304不锈钢，本色，强度等级：A2-70,第3到第10个螺牙要整圈涂耐落漆，中性盐雾72小时，符合GB/T 819.2-2016",公用物料,pcs,个,原材料-组装料,五金件,外购,13.00,,,1.00,,已上架
165-003102,580V3端部压线盖板,"材料：QA66+30%GF  黑色,V0防火等级，UL黄卡耐候性（VL746C规格）满足f1；",无人机,pcs,个,原材料-组装料,加工零部件（外壳、硅胶按键、标签等）,外购,28.00,,,1.00,3.930027,已上架
795-000757,YN580主梁-右,"""L*W*H：800*70*40mm；管厚1.5mm；材质：6061铝型材，T6时效，攻牙M4表面阳极氧化黑色哑光""",无人机,pcs,个,原材料-组装料,通用机械零件,外购,35.00,,,1.00,91.999967,已上架
525-000155,YN580外关节碳管3.0组件-2号,"L*W*H：964.5*61.8*85.4mm， 材质：QA66+30%CF,黑色; 内嵌不锈钢关节轴套。 壁厚3mm碳管",无人机,pcs,个,原材料-半成品,HD580组件整机,自制,1.00,,,1.00,,已上架
549-000693,YN580动力电机CCW_Y,,无人机,pcs,个,原材料-包装料,外购设备类,外购,48.00,,,1.00,,已上架
849-000774,M3*55_不锈钢杯头内六角滚花机牙螺丝_整圈耐落,"304不锈钢，本色，强度等级：A2-70,第3到第10个螺牙要整圈涂耐落漆，中性盐雾72小时，符合GB/T 70.1-2008",公用物料,pcs,个,原材料-组装料,五金件,外购,17.00,,,1.00,,已上架
363-000510,TB系列视频线-洋马6118R-后视,长度1.0米外套波纹管HX12-4P母头+HX12-4P公头,智能大屏,pcs,个,原材料-包装料,线束（包装线束）,外购,35.00,,,1.00,,已上架
165-002528,插秧机方向盘LOGO贴(YN新),外径60mm，滴塑带3M9448A背胶,自动驾驶,pcs,个,原材料-组装料,加工零部件（外壳、硅胶按键、标签等）,外购,1.00,,,1.00,0.649976,已上架
165-002384,YN525前机臂水管,外径14，内径12，PA局部波纹水管，长度1300mm±5mm    PA水管，乳白色，预弯处理,无人机,pcs,个,原材料-组装料,加工零部件（外壳、硅胶按键、标签等）,外购,28.00,,,1.00,,已上架
849-000427,M3*10三组合内六角螺钉,不锈钢螺丝；带耐落漆，螺丝要求 180°耐落,公用物料,pcs,个,原材料-组装料,五金件,外购,13.00,,,1.00,,已上架
165-003237,580V3机头上外罩橙色,橙色PP+30%GF，色号：QT1505C，热熔2颗M3定制铜螺母，外观晒纹,无人机,pcs,个,原材料-组装料,加工零部件（外壳、硅胶按键、标签等）,外购,35.00,,,1.00,36.480016,已上架
795-000728,终端RAM支架U型底座安装附件包,M5不锈钢螺母（厚度3.7-4mm，镀水蜡）*4；M5不锈钢平垫片(M5*15*1mm)*4；M5不锈钢弹簧垫片*4；M5*43_U型螺栓(高度58mm，镀水蜡)*2 ；以上物料均需满足中性盐雾72小时；强度等级：A2-70;附件包标签需定制(物料编码、物料名称中英文),自动驾驶,pcs,个,原材料-组装料,通用机械零件,外购,30.00,,,1.00,2.662958,已上架
838-000356,中科优化后GPS天线-5m,GPS/BD-25*25*4 陶瓷天线，SG174 线材，线长5m，单频天线，天线防水等级JP67,监测终端,pcs,个,原材料-包装料,天线、传感器&摄像头,外购,35.00,,,1.00,,已上架
165-002309,YN525_前主梁,L*W*H：520*201.5*118.5mm;材质：QA66+30%CF，黑色,无人机,pcs,个,原材料-组装料,加工零部件（外壳、硅胶按键、标签等）,外购,35.00,,,1.00,,已上架
795-000668,YN540S-E14水管螺母,"φ24.5*19.5mm；QA66+30GF,黑色",无人机,pcs,个,原材料-组装料,通用机械零件,外购,35.00,,,1.00,,已上架
849-000528,M2.5*8内六角螺钉,不锈钢螺丝；带耐落漆，螺丝要求：第3到第10个螺牙要整圈涂耐落漆    不锈钢,公用物料,pcs,个,原材料-组装料,五金件,外购,13.00,,,1.00,,已上架
165-001607,YN540S_作业总线护罩,气橡胶，硬度50°  L*W*H： 93*43.5*37.3mm,无人机,pcs,个,原材料-组装料,加工零部件（外壳、硅胶按键、标签等）,外购,21.00,,,1.00,4.600004,已上架
849-000831,4*10+M3*6不锈钢塞打螺丝，耐落,4*10+M3*6不锈钢塞打螺丝，耐落，螺丝要求：第3到第10个螺牙要整圈涂耐落漆,公用物料,pcs,个,原材料-组装料,五金件,外购,13.00,,,1.00,,已上架
362-000185,YN540 桨夹,YN订制桨夹,无人机,pcs,个,原材料-包装料,无人机组装料,外购,42.00,,,1.00,,已上架
849-000914,M6防松螺母,304不锈钢，本色，强度等级：A2-70，中性盐雾72小时，符合GB/T 70.1-2008,公用物料,pcs,个,原材料-组装料,五金件,外购,1.00,,,1.00,,已上架
606-000072,YC200包装外箱,"尺寸：430mm*315mm*580mm,加硬本色,无logo印刷,4套/箱",智能播种,pcs,个,原材料-包装料,包装材料,外购,14.00,,,1.00,,已上架
849-000755,Φ6*12+M5*20_不锈钢塞打螺丝_整圈耐落,"304不锈钢，本色，强度等级：A2-70,第3到第10个螺牙要整圈涂耐落漆，中性盐雾72小时，符合GB 6281-1985",公用物料,pcs,个,原材料-组装料,五金件,外购,17.00,,,1.00,,已上架
883-000052,YN501_显示器终端_(海外版)含盖,,自动驾驶,pcs,个,原材料-半成品,408整机,自制,1.00,,,1.00,,已上架
308-000015,YN525外关节碳管组件4号,,无人机,pcs,个,原材料-半成品,HD525整机,自制,1.00,,,1.00,,已上架
849-000419,M2*6_不锈钢杯头内六角滚花机牙螺丝_整圈耐落,"304不锈钢，本色，强度等级：A2-70,第3到第10个螺牙要整圈涂耐落漆，中性盐雾72小时，符合GB/T 70.1-2008",公用物料,pcs,个,原材料-组装料,五金件,外购,13.00,,,1.00,,已上架
165-002004,YN580线夹固定底座,43.7*70*20.5，黑色，QA66+30%gf,无人机,pcs,个,原材料-组装料,加工零部件（外壳、硅胶按键、标签等）,外购,28.00,,,1.00,,已上架
306-000001,YN503显示终端整机（国内）(412),,自动驾驶,pcs,个,原材料-半成品,412整机,自制,1.00,,,1.00,,已上架
525-000040,YN580双目装饰组件BOM,,无人机,pcs,个,原材料-半成品,HD580组件整机,自制,1.00,,,1.00,,已上架
795-000659,YN402_霍尔摇杆组件,自动归中摇杆，带6根连接线，尾部6PIN 1.25T连接器,无人机,pcs,个,原材料-组装料,通用机械零件,外购,42.00,,,1.00,,已上架
883-000078,多功能线控手柄,"含手柄及手柄连接线，线束使用 4 芯 28AWG 螺旋电线，螺旋电线未拉开长度 0.8 米，正常使用长度 2 米，螺旋线外径 13mm,线径3.7mm",自动驾驶,pcs,个,原材料-半成品,408整机,自制,1.00,,,1.00,,已上架
165-002367,YN580碳纤维正桨62寸_丝印版,CW桨叶2片，L*W*H：766.3*98*39.1mm     碳纤维,无人机,pcs,个,原材料-组装料,加工零部件（外壳、硅胶按键、标签等）,外购,28.00,,,1.00,,已上架
849-000003,ST2.0*6自攻,圆头十字尖尾   ST2.0*6   不锈钢,公用物料,pcs,个,原材料-组装料,五金件,外购,13.00,,,1.00,,已上架
525-000047,YN580前接口板组件_自研电调,,无人机,pcs,个,原材料-半成品,HD580组件整机,自制,1.00,,,1.00,,已上架
849-000750,M4*30_不锈钢法兰内六角机牙螺丝_整圈耐落,"304不锈钢，本色，强度等级：A2-70,第3到第10个螺牙要整圈涂耐落漆，中性盐雾72小时",公用物料,pcs,个,原材料-组装料,五金件,外购,13.00,,,1.00,,已上架
165-002005,YN580线夹固定上盖,52*32*6，黑色，QA66+30%gf,无人机,pcs,个,原材料-组装料,加工零部件（外壳、硅胶按键、标签等）,外购,28.00,,,1.00,,已上架
849-000233,ST2.6*12自攻,圆头十字尖尾 ST2.6*22 铁镀镍加硬,公用物料,pcs,个,原材料-组装料,五金件,外购,17.00,,,1.00,,已上架
554-000036,异步降压转换器,TCT2650STER,公用物料,pcs,个,原材料-电子料,稳压器,外购,84.00,,,1.00,1.862014,已上架
525-000103,YN580动力套组件4号_M10_中性,,无人机,pcs,个,原材料-半成品,HD580组件整机,自制,1.00,,,1.00,,已上架
308-000012,YN525外关节碳管组件1号,,无人机,pcs,个,原材料-半成品,HD525整机,自制,1.00,,,1.00,,已上架
795-000074,铅封,带编号YN6XXXXX,监测终端,pcs,个,原材料-组装料,通用机械零件,外购,17.00,,,1.00,,已上架
849-000516,M3*8_不锈钢十字圆头机牙螺丝_整圈耐落,"304不锈钢，本色，强度等级：A2-70,第3到第10个螺牙要整圈涂耐落漆，中性盐雾72小时，符合GB/T 918-2016",公用物料,pcs,个,原材料-组装料,五金件,外购,13.00,,,1.00,,已上架
966-000003,580V3外关节碳管3.0组件-3号,"""L*W*H：964.5*61.8*85.4mm， 材质：QA66+30%CF,黑色; 内嵌不锈钢关节轴套。 模内注塑""",无人机,pcs,个,原材料-半成品,委外加工半成品物料,委外,42.00,,,1.00,,已上架
165-002843,180流量计出药口水管,外径14，内径12，PA增韧水管，白色，不带波纹,无人机,pcs,个,原材料-组装料,加工零部件（外壳、硅胶按键、标签等）,外购,28.00,,,1.00,0.589973,已上架
165-002289,YN525_机尾小线夹,"PA+30GF,模内注塑M3螺母，橙色",无人机,pcs,个,原材料-组装料,加工零部件（外壳、硅胶按键、标签等）,外购,28.00,,,1.00,,已上架
165-002181,580管夹-左B,L*W*H：165.2*137.5*28mm；材质：PA6+30GF+增韧剂(牌号：ZGDBSLV PA6B30CX CK101-B)，黑色,无人机,pcs,个,原材料-组装料,加工零部件（外壳、硅胶按键、标签等）,外购,28.00,,,1.00,,已上架
525-000204,580V3电机动力套组件,,无人机,pcs,个,原材料-半成品,HD580组件整机,自制,,,,1.00,,已上架
165-001820,YN580机头下外罩,灰色PP+30%GF，外观晒纹,无人机,pcs,个,原材料-组装料,加工零部件（外壳、硅胶按键、标签等）,外购,35.00,,,1.00,19.470013,已上架
954-000065,180电调组件,,无人机,pcs,个,原材料-半成品,HD5180组装半成品,自制,1.00,,,1.00,,已上架
849-000458,M5.0*14不锈钢杯头内六角机制螺钉,304不锈钢；本色；强度等级：A2-70；第3到第10个螺牙要整圈涂耐落漆；中性盐雾72小时；符合GB /T 70.1 - 3008 标准；,公用物料,pcs,个,原材料-组装料,五金件,外购,15.00,,,1.00,,已上架
165-001344,YN540S-药箱四通手拧旋盖,"φ70*27.5；材质：QA66+30GF,黑色",无人机,pcs,个,原材料-组装料,加工零部件（外壳、硅胶按键、标签等）,外购,35.00,,,1.00,,已上架
966-000001,580V3外关节碳管3.0组件-1号,"L*W*H：964.5*61.8*85.4mm， 材质：QA66+30%CF,黑色; 内嵌不锈钢关节轴套。 壁厚3mm碳管",无人机,pcs,个,原材料-半成品,委外加工半成品物料,委外,42.00,,,1.00,,已上架
308-000003,YN525接口板组件,,无人机,pcs,个,原材料-半成品,HD525整机,自制,1.00,,,1.00,,已上架
165-001840,YN580RTK支架右,88*88*108mm；黑色，QA66+30%,无人机,pcs,个,原材料-组装料,加工零部件（外壳、硅胶按键、标签等）,外购,28.00,,,1.00,3.859967,已上架
623-000034,408卫星平地系统(海外版）,,自动驾驶,pcs,个,库存商品-产成品,408包装成品,自制,1.00,,,1.00,,已上架
165-001910,YN580作业总线不锈钢压板,L*W*H：50*26*1mm，不锈钢，原色,无人机,pcs,个,原材料-组装料,加工零部件（外壳、硅胶按键、标签等）,外购,35.00,,,1.00,,已上架
849-000819,NL6*E10.8_碳钢洛帝牢双叠防松垫圈,碳钢，达克罗，中性盐雾72小时,公用物料,pcs,个,原材料-组装料,五金件,外购,10.00,,,1.00,,已上架
165-001792,YN580_离心喷头下盖,L*W*H：63.9*63*51.7mm；QA66+25%GF，黑色,无人机,pcs,个,原材料-组装料,加工零部件（外壳、硅胶按键、标签等）,外购,24.00,,,1.00,2.800027,已上架
606-000009,601包装纸箱,4套装一个纸箱，尺寸：405mm*290mm*525mm，黑色印刷带LOGO,监测终端,pcs,个,原材料-包装料,包装材料,外购,14.00,,,1.00,,已上架
165-001819,YN580机头上外罩,橙色PP+30%GF，热熔2颗M3铜螺母，外观晒纹,无人机,pcs,个,原材料-组装料,加工零部件（外壳、硅胶按键、标签等）,外购,35.00,,,1.00,29.849967,已上架
165-002290,YN525_机尾信号线夹,"PA+30GF,模内注塑M3螺母，橙色",无人机,pcs,个,原材料-组装料,加工零部件（外壳、硅胶按键、标签等）,外购,28.00,,,1.00,,已上架
165-002272,YN580摇摆桨轴套,304不锈钢，本色，强度等级：A2-70，中性盐雾72小时,无人机,pcs,个,原材料-组装料,加工零部件（外壳、硅胶按键、标签等）,外购,35.00,,,1.00,,已上架
849-000944,YN525流量计调节车件,304不锈钢材质，φ9.5*28,公用物料,pcs,个,原材料-组装料,五金件,外购,21.00,,,1.00,,已上架
165-001822,YN580电池托架组件_右,黑色塑胶QA66+30%GF，组装两套滚轮，一个缓冲硅胶垫,无人机,pcs,个,原材料-组装料,加工零部件（外壳、硅胶按键、标签等）,自制,28.00,,,1.00,,已上架
849-000616,M4*60_不锈钢杯头内六角滚花机牙螺丝_整圈耐落,"304不锈钢，本色，强度等级：A2-70,第3到第10个螺牙要整圈涂耐落漆，中性盐雾72小时，符合GB/T 70.1-2008",公用物料,pcs,个,原材料-组装料,五金件,外购,17.00,,,1.00,,已上架
165-003607,580V3机头上外罩-黄色,PP+30%GF，色号：QT395C，热熔2颗M3定制铜螺母，表面晒纹,无人机,pcs,个,原材料-组装料,加工零部件（外壳、硅胶按键、标签等）,外购,35.00,,,1.00,,已上架
849-000745,M4*45_不锈钢内六角机牙螺丝_整圈耐落,"3304不锈钢，本色，强度等级：A2-70,第3到第10个螺牙要整圈涂耐落漆，中性盐雾72小时",公用物料,pcs,个,原材料-组装料,五金件,外购,24.00,,,1.00,,已上架
972-000745,LPDDR4,K4F8E3S4HD-GHCL,公用物料,pcs,个,原材料-电子料,集成电路1（IC）,外购,112.00,,,1.00,150.000042,已上架
795-000804,YN580外关节碳管2.0组件-2号,,无人机,pcs,个,原材料-组装料,通用机械零件,自制,42.00,,,1.00,,已上架
308-000027,YN525机臂动力套组件4号,,无人机,pcs,个,原材料-半成品,HD525整机,自制,1.00,,,1.00,,已上架
994-000543,YN525_喷洒总线,,无人机,pcs,个,原材料-组装料,线束（组装线束）,外购,28.00,,,1.00,,已上架
795-000806,YN580外关节碳管2.0组件-4号,,无人机,pcs,个,原材料-组装料,通用机械零件,自制,42.00,,,1.00,,已上架
849-000067,ST5.5*25钻尾螺丝,钻尾螺丝 M5.5*25mm,公用物料,pcs,个,原材料-组装料,五金件,外购,14.00,,,1.00,,已上架
849-000926,YN525药箱盖连接8字扣,铝合金8字扣，规格φ1.5mm*9MM,公用物料,pcs,个,原材料-组装料,五金件,外购,1.00,,,1.00,,已上架
165-001799,YN580内关节-2号,L*W*H：190*157*104mm；材质：QA66+30%CF，黑色,无人机,pcs,个,原材料-组装料,加工零部件（外壳、硅胶按键、标签等）,外购,35.00,,,1.00,37.799969,已上架
849-000620,M3*20_不锈钢内六角沉头机牙螺丝_整圈耐落,"304不锈钢，本色，强度等级：A2-70,第3到第10个螺牙要整圈涂耐落漆，中性盐雾72小时，符合GB/T 70.1-2008",公用物料,pcs,个,原材料-组装料,五金件,外购,17.00,,,1.00,,已上架
165-001786,YN580集成药箱线卡,"L*W*H：192*32*17；材质：PP+30GF,黑色",无人机,pcs,个,原材料-组装料,加工零部件（外壳、硅胶按键、标签等）,外购,28.00,,,1.00,1.850036,已上架
165-002074,YS410单目防尘硅胶圈,20度黑色硅胶圈,无人机,pcs,个,原材料-组装料,加工零部件（外壳、硅胶按键、标签等）,外购,21.00,,,1.00,,已上架
165-000256,1号电机支架底板圆柱(L=50mm),"直径12mm,L=50mm",自动驾驶,pcs,个,原材料-组装料,加工零部件（外壳、硅胶按键、标签等）,外购,28.00,,,1.00,10.499960,已上架
849-000653,M4*35内六角螺丝,"304不锈钢，本色，强度等级：A2-70,第3到第10个螺牙要整圈涂耐落漆，中性盐雾72小时",公用物料,pcs,个,原材料-组装料,五金件,外购,17.00,,,1.00,,已上架
165-001821,YN580电池托架组件_左,黑色塑胶QA66+30%GF，组装两套滚轮，一个缓冲硅胶垫,无人机,pcs,个,原材料-组装料,加工零部件（外壳、硅胶按键、标签等）,自制,28.00,,,1.00,,已上架
849-000886,M4*40_不锈钢杯头机牙内六角螺丝_整圈耐落,"304不锈钢，本色，强度等级：A2-70,第3到第10个螺牙要整圈涂耐落漆，中性盐雾72小时",公用物料,pcs,个,原材料-组装料,五金件,外购,14.00,,,1.00,,已上架
165-001983,YN580药箱水泵托架,L*W*H：112*110*20mm   QA66+HF25% ，黑色,无人机,pcs,个,原材料-组装料,加工零部件（外壳、硅胶按键、标签等）,外购,28.00,,,1.00,,已上架
165-001376,YN540S_离心喷头喷碗密封氟胶圈,外径34mm，线径2mm;氟胶圈、绿色,无人机,pcs,个,原材料-组装料,加工零部件（外壳、硅胶按键、标签等）,外购,17.00,,,1.00,,已上架
832-000004,601机具识别传感器整机,机具识别传感器,监测终端,pcs,个,原材料-半成品,倾角识别/姿态,自制,1.00,,,1.00,,已上架
795-000810,YN580离心喷头氟橡胶软管（内径12mm）,内径12mm*外径16mm，长80mm   氟胶管，黑色,无人机,pcs,个,原材料-组装料,通用机械零件,外购,10.00,,,1.00,2.631431,已上架
795-000302,电机安装附件包,M4*22_304不锈钢杯头滚花内六角机牙螺丝*24_(3到10个螺牙半耐落漆);M5*26_ 304不锈钢杯头滚花内六角机牙螺丝*7_(3到10个螺牙半耐落漆);以上螺丝本色;强度等级：A2-70; 符合GB /T 70.1 - 3008 标准;M16不锈钢弹簧垫片*1;M18不锈钢弹簧垫片*1;M4不锈钢弹簧垫片*6M5不锈钢弹簧垫片*6;M8不锈钢平垫片*2_(M8*16*1.5mm);以上物料需满足中性盐雾72小时；强度等级：A2-70;附件包标签需定制(物料编码、物料名称中英文),自动驾驶,pcs,个,原材料-组装料,通用机械零件,外购,14.00,,,1.00,,已上架
795-000875,YN525_脚架后横梁,"""L*W*H：341*50*61.3mm；壁厚1.0mm；材质：6061铝型材，T6时效表面阳极氧化黑色哑光""",无人机,pcs,个,原材料-组装料,通用机械零件,外购,28.00,,,1.00,23.999957,已上架
525-000140,YN580药箱盖组件,YN580药箱盖组件-加药枪版,无人机,pcs,个,原材料-半成品,HD580组件整机,自制,1.00,,,1.00,,已上架
770-000152,4P连接器堵头-新,4P连接器堵头，黑色，协顺连接器,公用物料,pcs,个,原材料-组装料,连接器2（非电子）,外购,35.00,,,1.00,,已上架
165-003215,580V3左下管夹,材料：QA66+HF15+增韧剂，黑色，BL标识,无人机,pcs,个,原材料-组装料,加工零部件（外壳、硅胶按键、标签等）,外购,28.00,,,1.00,7.400031,已上架
525-000024,YN580探照灯组件,,无人机,pcs,个,原材料-半成品,HD580组件整机,自制,1.00,,,1.00,,已上架
165-001580,密封圈外径44*3.5,外径44mm，线径3.5mm    黑色，丁晴橡胶淘宝标准件,公用物料,pcs,个,原材料-组装料,加工零部件（外壳、硅胶按键、标签等）,外购,8.00,,,1.00,0.151872,已上架
165-003221,580V3图传天线固定带,45°橡胶，颜色：PANTONE black 6c；,无人机,pcs,个,原材料-组装料,加工零部件（外壳、硅胶按键、标签等）,外购,21.00,,,1.00,2.500012,已上架
590-000064,农业全程作业智能探测系统,YNGPCS700E1-单摄像头-无线机具-北斗包装BOM,监测终端,pcs,个,库存商品-产成品,701包装成品,自制,1.00,,,1.00,,已上架
849-000507,M4*6_不锈钢杯头内六角滚花机牙螺丝_整圈耐落,"304不锈钢，本色，强度等级：A2-70,第3到第10个螺牙要整圈涂耐落漆，中性盐雾72小时，符合GB/T 70.1-2008",公用物料,pcs,个,原材料-组装料,五金件,外购,13.00,,,1.00,,已上架
165-002288,YN525_机尾线仓盖,PP+30%gf，灰色塑胶，表面晒纹,无人机,pcs,个,原材料-组装料,加工零部件（外壳、硅胶按键、标签等）,外购,28.00,,,1.00,,已上架
165-001813,YN580关节转轴,轴径11*长82mm；材质：TUS316H,无人机,pcs,个,原材料-组装料,加工零部件（外壳、硅胶按键、标签等）,外购,35.00,,,1.00,18.050055,已上架
308-000013,YN525外关节碳管组件2号,,无人机,pcs,个,原材料-半成品,HD525整机,自制,1.00,,,1.00,,已上架
356-000402,2P电源连接器板端_插针_灰色,C615-0110，焊板式防水连接器 2P插针，灰色,公用物料,pcs,个,原材料-组装料,连接器1（电子）,外购,35.00,,,1.00,,已上架
838-000158,YN540proRTK天线,"HX-DUX611A；带fakra-A防水母头，线径2.5mm黑色线（SG316）,低损，84编织，铜包铜，线长：不算fakra头170mm",无人机,pcs,个,原材料-包装料,天线、传感器&摄像头,外购,35.00,,,1.00,,已上架
165-001444,YN540S-E14止回阀活塞,"φ12*9mm；""QA66+30GF,黑色""",无人机,pcs,个,原材料-组装料,加工零部件（外壳、硅胶按键、标签等）,外购,35.00,,,1.00,,已上架
165-002043,YN580桨叶保持托架,EVA，模切，黑色,无人机,pcs,个,原材料-组装料,加工零部件（外壳、硅胶按键、标签等）,外购,14.00,,,1.00,,已上架
525-000093,YN580机臂动力套组件3号_M10_中性,,无人机,pcs,个,原材料-半成品,HD580组件整机,自制,1.00,,,1.00,,已上架
525-000053,YN580离心喷头雾化盘组件,,无人机,pcs,个,原材料-半成品,HD580组件整机,自制,1.00,,,1.00,,已上架
849-000694,M3*8_不锈钢十字扁平头机牙螺丝_整圈耐落,"304不锈钢，本色，强度等级：A2-70,第3到第10个螺牙要整圈涂耐落漆，中性盐雾72小时",公用物料,pcs,个,原材料-组装料,五金件,外购,17.00,,,1.00,,已上架
U00-000160,北斗车载智能终端系统,UA411,智能定位,pcs,个,库存商品-产成品,远程运维终端包装成品,自制,1.00,,,1.00,,已上架
165-002350,YN525药箱出药口四通,"""L*W*H：130*120*104材质：QA66+30GF,黑色""",无人机,pcs,个,原材料-组装料,加工零部件（外壳、硅胶按键、标签等）,外购,28.00,,,1.00,,已上架
165-001837,YN580机尾铝挤支架,18*150*5；6061，表面氧化黑色,无人机,pcs,个,原材料-组装料,加工零部件（外壳、硅胶按键、标签等）,外购,35.00,,,1.00,40.849952,已上架
525-000159,YN580摇摆桨CW-20-总装版,YN580摇摆桨CW-20-总装版,无人机,pcs,个,原材料-半成品,HD580组件整机,自制,1.00,,,1.00,,已上架
367-000061,农业无人飞机,YN580国内整机包（单北斗）-70L双离心无双目版,无人机,pcs,个,库存商品-产成品,无人机包装成品,自制,1.00,,,1.00,,已上架
165-001788,YN580流量计出药口水管,外径14，内径12，PA波纹水管，PA波纹管，预弯成型,无人机,pcs,个,原材料-组装料,加工零部件（外壳、硅胶按键、标签等）,外购,28.00,,,1.00,3.040039,已上架
165-002315,YN525_脚架连接件2号,"""L*W*H：71.9*57.4*60.8mm;材质：QA66+30%CF，黑色嵌M4螺母1pcs""",无人机,pcs,个,原材料-组装料,加工零部件（外壳、硅胶按键、标签等）,外购,28.00,,,1.00,,已上架
525-000160,YN580摇摆桨基座组件带耐磨不锈钢片-10,L*W*H：123*67.3*28mm，6061铝合金-T6，黑色阳极氧化带本色不锈钢片,无人机,pcs,个,原材料-半成品,HD580组件整机,自制,21.00,,,1.00,,已上架
784-000132,YN540s_药箱盖组件,,无人机,pcs,个,原材料-半成品,HD540PRO整机,自制,1.00,,,1.00,,已上架
165-001842,YN580机尾下外罩,480x165.5x82mm；PP+30%gf，灰色塑胶，表面晒纹,无人机,pcs,个,原材料-组装料,加工零部件（外壳、硅胶按键、标签等）,外购,35.00,,,1.00,15.099964,已上架
165-001824,YN580雷达探照灯硅胶线卡,75度黑色硅胶件,无人机,pcs,个,原材料-组装料,加工零部件（外壳、硅胶按键、标签等）,外购,21.00,,,1.00,4.649950,已上架
972-000264,IMU,IIM-42652,公用物料,pcs,个,原材料-电子料,集成电路1（IC）,外购,210.00,,,1.00,9.700033,已上架
363-000205,701CAN口一拖二线束,线束总长4米，一端连接器A108L-8A，另一端连接器CJ-M12防水4P-G101,监测终端,pcs,个,原材料-包装料,线束（包装线束）,外购,35.00,,,1.00,21.000033,已上架
165-003206,580V3电池托架组件_右,黑色塑胶QA66+30%GF，组装两套灰色滚轮，一个缓冲硅胶垫,无人机,pcs,个,原材料-组装料,加工零部件（外壳、硅胶按键、标签等）,外购,35.00,,,1.00,27.800034,已上架
165-000526,YN540电池固定扣,6061铝挤机加工，原色阳极氧化,无人机,pcs,个,原材料-组装料,加工零部件（外壳、硅胶按键、标签等）,外购,28.00,,,1.00,3.399944,已上架
849-000211,1号电机支架抱箍A（S22）,S22，来料时带硅胶垫圈,自动驾驶,pcs,个,原材料-组装料,五金件,外购,28.00,,,1.00,,已上架
966-000004,580V3外关节碳管3.0组件-4号,"""L*W*H：964.5*61.8*85.4mm， 材质：QA66+30%CF,黑色; 内嵌不锈钢关节轴套。 模内注塑""",无人机,pcs,个,原材料-半成品,委外加工半成品物料,委外,42.00,,,1.00,,已上架
849-000627,M4*22_不锈钢平头倒边内六角机牙螺丝_整圈耐落,"304不锈钢，本色，强度等级：A2-70,第3到第10个螺牙要整圈涂耐落漆，中性盐雾72小时",公用物料,pcs,个,原材料-组装料,五金件,外购,17.00,,,1.00,,已上架
849-000773,M3*35_不锈钢杯头内六角滚花机牙螺丝_整圈耐落,"304不锈钢，本色，强度等级：A2-70,第3到第10个螺牙要整圈涂耐落漆，中性盐雾72小时，符合GB/T 70.1-2008",公用物料,pcs,个,原材料-组装料,五金件,外购,17.00,,,1.00,,已上架
849-000041,YC200整机支架,214*75.5*36，R235材质喷砂，折弯，不点焊,公用物料,pcs,个,原材料-组装料,五金件,外购,28.00,,,1.00,,已上架
525-000095,YN580机臂动力套组件包_M10_中性,,无人机,pcs,个,原材料-半成品,HD580组件整机,自制,1.00,,,1.00,,已上架
549-000046,卫星天线线缆,10米TNC转TNC线缆,自动驾驶,pcs,个,原材料-包装料,外购设备类,外购,1.00,,,1.00,,已上架
849-000347,M2*5_不锈钢十字平尾自攻螺丝,304不锈钢，本色，中性盐雾72小时,公用物料,pcs,个,原材料-组装料,五金件,外购,17.00,,,1.00,,已上架
165-002294,YN525_电池框架,PA+30gf，模内注塑螺母,无人机,pcs,个,原材料-组装料,加工零部件（外壳、硅胶按键、标签等）,外购,35.00,,,1.00,,已上架
849-000714,M1.5*30不锈钢R型开口销,M1.5*40    304不锈钢材质，淘宝标准件,公用物料,pcs,个,原材料-组装料,五金件,外购,10.00,,,1.00,,已上架
165-001556,YN540S_喷洒总线防尘罩（英文版）,L*W*H： 65.3*22.5*20   气橡胶，硬度50° 黑色,无人机,pcs,个,原材料-组装料,加工零部件（外壳、硅胶按键、标签等）,外购,21.00,,,1.00,1.399957,已上架
165-001807,YN580脚架连接件-2号,"""L*W*H：131*81*86mm；材质：QA66+20%GF，黑色嵌M3六角螺母1pcs""",无人机,pcs,个,原材料-组装料,加工零部件（外壳、硅胶按键、标签等）,外购,35.00,,,1.00,9.820039,已上架
849-000282,M3*8_不锈钢杯头内六角滚花机牙螺丝_整圈耐落,"304不锈钢，本色，强度等级：A2-70,第3到第10个螺牙要整圈涂耐落漆，中性盐雾72小时，符合GB/T 70.1-2008",公用物料,pcs,个,原材料-组装料,五金件,外购,17.00,,,1.00,,已上架
165-001829,YN580机头支架硅胶线卡,75度黑色硅胶,无人机,pcs,个,原材料-组装料,加工零部件（外壳、硅胶按键、标签等）,外购,21.00,,,1.00,2.900032,已上架
849-000754,Φ5*5+M4*8_不锈钢塞打螺丝_整圈耐落,"304不锈钢，本色，强度等级：A2-70,第3到第10个螺牙要整圈涂耐落漆，中性盐雾72小时，符合GB 6281-1985",公用物料,pcs,个,原材料-组装料,五金件,外购,17.00,,,1.00,,已上架
U00-000080,北斗车载智能终端系统,UA500,智能定位,pcs,个,库存商品-产成品,远程运维终端包装成品,自制,1.00,,,1.00,,已上架
165-002047,甩盘部件A,尺寸：φ80*10；黑色PA6+15GF%,无人机,pcs,个,原材料-组装料,加工零部件（外壳、硅胶按键、标签等）,外购,35.00,,,1.00,,已上架
606-000245,YN402_遥控器包装箱含内托_无Logo,,无人机,pcs,个,原材料-包装料,包装材料,外购,21.00,,,1.00,,已上架
528-000031,YS221A接收机整机_国内版_整机,,自动驾驶,pcs,个,原材料-半成品,418整机,自制,1.00,,,1.00,,已上架
165-001299,方向盘盖板_ODM_威盛,,自动驾驶,pcs,个,原材料-组装料,加工零部件（外壳、硅胶按键、标签等）,外购,28.00,,,1.00,,已上架
849-000712,M4*16平头倒边内六角螺丝,M4*16；不锈钢A2-70，带耐落漆，螺丝要求：第3到第10个螺牙要整圈涂耐落漆,公用物料,pcs,个,原材料-组装料,五金件,外购,1.00,,,1.00,0.198654,已上架
308-000014,YN525外关节碳管组件3号,,无人机,pcs,个,原材料-半成品,HD525整机,自制,1.00,,,1.00,,已上架
525-000180,YS508C雷达4G组件reID无卡-欧亚短线版,,无人机,pcs,个,原材料-半成品,HD580组件整机,自制,,,,1.00,,已上架
165-001878,YN580后机臂水管,外径14，内径12，PA局部波纹水管，长度参考尺寸1795mm,无人机,pcs,个,原材料-组装料,加工零部件（外壳、硅胶按键、标签等）,外购,28.00,,,1.00,,已上架
165-002048,甩盘部件B,尺寸：φ67，内部有不锈钢嵌件，3个M2.5*5铜螺母；黑色PA6+15GF%,无人机,pcs,个,原材料-组装料,加工零部件（外壳、硅胶按键、标签等）,外购,35.00,,,1.00,,已上架
165-002594,150正负极防水盖密封圈,外径14mm，线径2.4mm，红色硅胶圈,无人机,pcs,个,原材料-组装料,加工零部件（外壳、硅胶按键、标签等）,外购,21.00,,,1.00,0.237526,已上架
165-001806,YN580脚架连接件-1号,"""L*W*H：131*81*86mm；材质：QA66+20%GF，黑色嵌M3六角螺母1pcs""",无人机,pcs,个,原材料-组装料,加工零部件（外壳、硅胶按键、标签等）,外购,35.00,,,1.00,9.820039,已上架
849-000210,1号电机支架抱箍B（S22）,S22,公用物料,pcs,个,原材料-组装料,五金件,外购,28.00,,,1.00,,已上架
363-000207,701CAN口三米延长线束,线束长度3米，一端连接器 CJ-M12防水4P-G101，另一端 CJ-M12防水4P-M101,监测终端,pcs,个,原材料-包装料,线束（包装线束）,外购,35.00,,,1.00,12.470002,已上架
590-000073,农业全程作业智能探测系统,YNGPCS700E13-双摄像头-北斗,监测终端,pcs,个,库存商品-产成品,701包装成品,自制,1.00,,,1.00,,已上架
795-000865,电机1号安装支架附件包,M6x40不锈钢内六角机制螺栓三合一组件（20到30个螺牙半耐漆）*2；(A2-70)；M5x16不锈钢外六角机制螺栓三合一组件（耐落）*2；(A2-70)；以上物料需满足中性盐雾72小时；强度等级：A2-70； 附件包标签需定制(物料编码、物料名称中英文),自动驾驶,pcs,个,原材料-组装料,通用机械零件,外购,10.00,,,1.00,1.239949,已上架
U00-000151,北斗车载智能终端系统,UA411,智能定位,pcs,个,库存商品-产成品,远程运维终端包装成品,自制,1.00,,,1.00,,已上架
849-000202,M2.5*6_不锈钢十字圆头机牙螺丝_整圈耐落,"304不锈钢，本色，强度等级：A2-70,第3到第10个螺牙要整圈涂耐落漆，中性盐雾72小时，符合GB/T 918-2016",公用物料,pcs,个,原材料-组装料,五金件,外购,15.00,,,1.00,,已上架
165-001779,YN580离心喷头固定座-后,L*W*H：49.8*49*31.5mm;6061铝合金，黑色阳极氧化,无人机,pcs,个,原材料-组装料,加工零部件（外壳、硅胶按键、标签等）,外购,35.00,,,1.00,12.919968,已上架
165-002368,YN580碳纤维反桨62寸_丝印版,CCW桨叶2片，L*W*H：766.3*98*39.1mm     碳纤维,无人机,pcs,个,原材料-组装料,加工零部件（外壳、硅胶按键、标签等）,外购,28.00,,,1.00,,已上架
165-002519,YN580离心喷头下盖加强片,L*W*H：47*38*1mm，304不锈钢、本色,无人机,pcs,个,原材料-组装料,加工零部件（外壳、硅胶按键、标签等）,外购,21.00,,,1.00,3.999974,已上架
165-002271,YN580摇摆桨夹螺柱,304不锈钢，本色，强度等级：A2-70，中性盐雾72小时,无人机,pcs,个,原材料-组装料,加工零部件（外壳、硅胶按键、标签等）,外购,35.00,,,1.00,,已上架
784-000185,YN402_遥控器打点器_无logo_906B,,无人机,pcs,个,原材料-半成品,HD540PRO整机,自制,1.00,,,1.00,,已上架
165-002156,YN580离心喷头宝塔接头密封圈,外径18mm、线径2mm   氟胶圈、绿色,无人机,pcs,个,原材料-组装料,加工零部件（外壳、硅胶按键、标签等）,外购,17.00,,,1.00,,已上架
505-000036,YN501_LCD模组_带耳朵_(精创),尺寸：10.1寸；触摸屏结构：G+G；亮度：850Min cd/m2；分辨率：600*1024；触摸屏和显示屏工作温度：-20°-70°；储存温度：-30°-85°,自动驾驶,pcs,个,原材料-组装料,显示屏&板卡,外购,42.00,,,1.00,159.999977,已上架
165-002388,YN525_探照灯线卡,,无人机,pcs,个,原材料-组装料,加工零部件（外壳、硅胶按键、标签等）,外购,28.00,,,1.00,,已上架
795-000399,M5防水透气阀,氧化铝M5*0.8雅黑、总长15mm、牙长8mm、牙距0.8、牙底孔4.3,无人机,pcs,个,原材料-组装料,通用机械零件,外购,17.00,,,1.00,,已上架
165-003103,580V3右下管夹,材料：QA66+HF15+增韧剂，黑色，BR标识,无人机,pcs,个,原材料-组装料,加工零部件（外壳、硅胶按键、标签等）,外购,28.00,,,1.00,7.400031,已上架
849-000251,M6_不锈钢弹垫,304不锈钢，本色，中性盐雾72小时，符合GB/T 959.1-2017,公用物料,pcs,个,原材料-组装料,五金件,外购,13.00,,,1.00,,已上架
165-001838,YN580航电支架,QA66+30%玻纤，黑色，表面晒纹，V0防火,无人机,pcs,个,原材料-组装料,加工零部件（外壳、硅胶按键、标签等）,外购,28.00,,,1.00,12.699957,已上架
165-002336,YN525_电调支架,L*W*H：70.5*68.4*57,无人机,pcs,个,原材料-组装料,加工零部件（外壳、硅胶按键、标签等）,外购,28.00,,,1.00,,已上架
849-000832,M5*10*1mm 不锈钢垫片,内径5mm，外径10mm，厚1mm 不锈钢垫片,公用物料,pcs,个,原材料-组装料,五金件,外购,13.00,,,1.00,,已上架
849-000348,M2*6_不锈钢十字平尾自攻螺丝,304不锈钢，本色，中性盐雾72小时,公用物料,pcs,个,原材料-组装料,五金件,外购,13.00,,,1.00,,已上架
525-000138,YS410鱼眼摄像头组件V1.1组装BOM,,无人机,pcs,个,原材料-半成品,HD580组件整机,自制,1.00,,,1.00,,已上架
525-000030,YN580动力套组件4_H,,无人机,pcs,个,原材料-半成品,HD580组件整机,自制,1.00,,,1.00,,已上架
165-001839,YN580RTK支架左,88*88*108mm；黑色，QA66+30%,无人机,pcs,个,原材料-组装料,加工零部件（外壳、硅胶按键、标签等）,外购,28.00,,,1.00,3.859967,已上架
838-000304,YN402 2.4G&5.8G 图传刀锋天线,YN402图传天线,无人机,pcs,个,原材料-包装料,天线、传感器&摄像头,外购,35.00,,,1.00,,已上架
795-000883,YN525药箱盖连接绳,不锈钢绳：直径1mm，长度170mm,无人机,pcs,个,原材料-组装料,通用机械零件,外购,1.00,,,1.00,0.240125,已上架
165-001528,YN540S雷达避障固定铝件,L*W*H：63*52.5*15.8mm；壁厚1.7mm,无人机,pcs,个,原材料-组装料,加工零部件（外壳、硅胶按键、标签等）,外购,42.00,,,1.00,,已上架
165-001823,YN580分电板转接支架,黑色塑胶QA66+30%GF，模内注塑4颗M4铜螺母，热熔2颗M3铜螺母,无人机,pcs,个,原材料-组装料,加工零部件（外壳、硅胶按键、标签等）,外购,28.00,,,1.00,5.200034,已上架
165-002296,YN525_机头上外罩盖板,PP+30%gf，橙色塑胶，表面晒纹,无人机,pcs,个,原材料-组装料,加工零部件（外壳、硅胶按键、标签等）,外购,35.00,,,1.00,,已上架
165-002763,YN525探照灯垫高硅胶垫,厚度3.0mm硅胶片裁切，单面带背胶,无人机,pcs,个,原材料-组装料,加工零部件（外壳、硅胶按键、标签等）,外购,21.00,,,1.00,4.099979,已上架
849-001049,M3*22 法兰内六角螺丝,不锈钢，带耐落漆，螺丝要求：第3到第10个螺牙要整圈涂耐落漆,无人机,pcs,个,原材料-组装料,五金件,外购,1.00,,,1.00,0.129950,已上架
165-001811,YN580脚架三通-后,"""L*W*H：81.6*39*60mm；材质：QA66+25%GF，黑色嵌M3六角螺母3pcs""",无人机,pcs,个,原材料-组装料,加工零部件（外壳、硅胶按键、标签等）,外购,28.00,,,1.00,3.790020,已上架
165-001801,YN580内关节-4号,L*W*H：185*159*106mm；材质：QA66+30%CF，黑色；M3螺母,无人机,pcs,个,原材料-组装料,加工零部件（外壳、硅胶按键、标签等）,外购,35.00,,,1.00,37.999979,已上架
182-000030,一卡三通NaNo物联卡（腾讯）,NaNo插片卡，2G/年,自动驾驶,pcs,个,原材料-组装料,智能卡,外购,1.00,,,1.00,14.500047,已上架
849-000786,M8*30_碳钢杯头内六角滚花机牙螺丝,"碳钢，黑色达克罗，强度等级：12.9级,中性盐雾72小时，符合GB/T 70.1-2008",公用物料,pcs,个,原材料-组装料,五金件,外购,17.00,,,1.00,,已上架
849-000747,M2.6*8_不锈钢内六角平尾自攻螺丝,304不锈钢，本色，中性盐雾72小时,公用物料,pcs,个,原材料-组装料,五金件,外购,17.00,,,1.00,,已上架
883-000008,408蘑菇头底座组件,,自动驾驶,pcs,个,原材料-半成品,408整机,自制,1.00,,,1.00,,已上架
849-000977,M3*24_碳钢内六角机牙螺丝_整圈耐落,"整圈耐落，碳钢，达克罗，强度等级：12.9级,中性盐雾72小时，第3到第10个螺牙要整圈涂耐落漆，符合GB/T 70.1-2008",无人机,pcs,个,原材料-组装料,五金件,外购,1.00,,,1.00,0.060003,已上架
705-000039,高清摄像头螺丝包(不含摄像头),226-000067 ST5.5*25钻尾螺丝*3；230-000015 2号自封袋*1,监测终端,pcs,个,库存商品-配件,601系列其余包装,自制,21.00,,,1.00,,已上架
795-000349,IMU蘑菇头显示终端安装附件包,镀彩锌碳钢外六角钻尾带垫螺丝*15；强度等级：8.8级； 符合GB /T 15856.4 - 2002标准；附件包标签需定制(物料编码、物料名称中英文),自动驾驶,pcs,个,原材料-组装料,通用机械零件,外购,15.00,,,1.00,,已上架
308-000030,YN525旋转雷达组件A,,无人机,pcs,个,原材料-半成品,HD525整机,自制,1.00,,,1.00,,已上架
849-000334,M2.5*8_不锈钢十字圆头机牙螺丝_整圈耐落,"304不锈钢，本色，强度等级：A2-70,第3到第10个螺牙要整圈涂耐落漆，中性盐雾72小时，符合GB/T 918-2016",公用物料,pcs,个,原材料-组装料,五金件,外购,17.00,,,1.00,,已上架
165-002314,YN525_脚架连接件1号,"""L*W*H：71.9*57.4*60.8mm;材质：QA66+30%CF，黑色嵌M4螺母1pcs""",无人机,pcs,个,原材料-组装料,加工零部件（外壳、硅胶按键、标签等）,外购,28.00,,,1.00,,已上架
849-000748,M8*30_不锈钢法兰内六角机牙螺丝_整圈耐落,"304不锈钢，本色，强度等级：A2-70,第3到第10个螺牙要整圈涂耐落漆，中性盐雾72小时",公用物料,pcs,个,原材料-组装料,五金件,外购,17.00,,,1.00,,已上架
165-002293,YN525_机头右侧线夹,PA+30gf，本色,无人机,pcs,个,原材料-组装料,加工零部件（外壳、硅胶按键、标签等）,外购,28.00,,,1.00,,已上架
549-000689,YN580流量计,L*W*H：85*50*36，线束长度235mm；材质：尼龙+玻纤，带线束，线束长度235mm,无人机,pcs,个,原材料-包装料,外购设备类,自制,63.00,,,1.00,,已上架
795-001163,Φ5*6+M4*8不锈钢塞打螺丝,"304不锈钢，本色，强度等级：A2-70,第3到第10个螺牙要整圈涂耐落漆，中性盐雾72小时，符合GB 6281-1985",无人机,pcs,个,原材料-组装料,通用机械零件,外购,1.00,,,1.00,0.325779,已上架
165-001343,YN540S-药箱出药口四通,"L*W*H：145*104*62；材质：QA66+30GF,黑色",无人机,pcs,个,原材料-组装料,加工零部件（外壳、硅胶按键、标签等）,外购,35.00,,,1.00,,已上架
849-000808,M5*D4*L8_不锈钢销钉螺丝_整圈耐落,"304不锈钢，本色，强度等级：A2-70,所有螺牙要整圈涂耐落漆，中性盐雾72小时",公用物料,pcs,个,原材料-组装料,五金件,外购,17.00,,,1.00,,已上架
525-000004,YN580机臂动力套组件2号 _M8,,无人机,pcs,个,原材料-半成品,HD580组件整机,自制,1.00,,,1.00,,已上架
353-000192,WH300-72V电池组件,,无人车,pcs,个,原材料-半成品,VH300无人车,自制,,,,1.00,,已上架
165-001338,YN540S-出药口过滤网扣盖,φ12.5*9；材质：PP+30GF，黑色,无人机,pcs,个,原材料-组装料,加工零部件（外壳、硅胶按键、标签等）,外购,28.00,,,1.00,,已上架
165-001764,YN580关节锁扣组件_黑色版,内径74mm，三段式锁扣，黑色,无人机,pcs,个,原材料-组装料,加工零部件（外壳、硅胶按键、标签等）,外购,35.00,,,1.00,34.080009,已上架
182-000028,量讯物联移动单卡100M月套餐流量卡（组流量池-后装-插拔卡）,,自动驾驶,pcs,个,原材料-组装料,智能卡,外购,1.00,,,1.00,1.705622,已上架
795-000758,YN580脚架弯管,"""外径35mm；壁厚1.2mm；材质：6061铝型材，T6时效表面阳极氧化黑色哑光""",无人机,pcs,个,原材料-组装料,通用机械零件,外购,35.00,,,1.00,78.850044,已上架
362-000184,YN540 CCW桨叶,40132 CCW 两片,无人机,pcs,个,原材料-包装料,无人机组装料,外购,42.00,,,1.00,,已上架
832-000016,701倾角传感器（MEMSIC）,,监测终端,pcs,个,原材料-半成品,倾角识别/姿态,自制,,,,1.00,,已上架
165-002310,YN525_后主梁,L*W*H：484*205*95.9mm;材质：QA66+30%CF，黑色,无人机,pcs,个,原材料-组装料,加工零部件（外壳、硅胶按键、标签等）,外购,35.00,,,1.00,,已上架
165-002287,YN525_机尾线仓,PP+30%gf，灰色塑胶，表面晒纹，组装2pcs方形螺母,无人机,pcs,个,原材料-组装料,加工零部件（外壳、硅胶按键、标签等）,外购,28.00,,,1.00,,已上架
549-000690,YN580分电板组件,分电板+铜板灌胶后组件，带7根线束,无人机,pcs,个,原材料-包装料,外购设备类,自制,45.00,,,1.00,,已上架
525-000033,YN580机臂动力套组件包_M8,,无人机,pcs,个,原材料-半成品,HD580组件整机,自制,1.00,,,1.00,,已上架
849-000777,M3*16*1mm 不锈钢垫片,内径3mm，外径16mm，厚1mm 不锈钢垫片,公用物料,pcs,个,原材料-组装料,五金件,外购,13.00,,,1.00,,已上架
525-000192,580V3机臂动力套组件3号,,无人机,pcs,个,原材料-半成品,HD580组件整机,自制,1.00,,,1.00,,已上架
165-001402,"""YN540S-药箱盖密封圈""",黑色硅胶,无人机,pcs,个,原材料-组装料,加工零部件（外壳、硅胶按键、标签等）,外购,14.00,,,1.00,,已上架
832-000010,601倾角传感器整机(凯乐伯）,,监测终端,pcs,个,原材料-半成品,倾角识别/姿态,自制,1.00,,,1.00,,已上架
165-002792,150电机三相线硅胶压条,黑色硅橡胶，粘贴不锈钢片,无人机,pcs,个,原材料-组装料,加工零部件（外壳、硅胶按键、标签等）,外购,21.00,,,1.00,2.900032,已上架
165-001831,YN580RTK硅胶线夹,18*18*42；黑色，70°硅胶,无人机,pcs,个,原材料-组装料,加工零部件（外壳、硅胶按键、标签等）,外购,21.00,,,1.00,1.250006,已上架
525-000018,YN580航电模块组件,,无人机,pcs,个,原材料-半成品,HD580组件整机,自制,1.00,,,1.00,,已上架
165-001847,YN580雷达吊装件,材质：QA66+30%GF，黑色，嵌M4螺母2pcs,无人机,pcs,个,原材料-组装料,加工零部件（外壳、硅胶按键、标签等）,外购,28.00,,,1.00,16.000009,已上架
165-003609,YN580机尾上外罩盖板-黄色,273x150x23mm；PP+30%gf， 色号：QT395C，表面晒纹,无人机,pcs,个,原材料-组装料,加工零部件（外壳、硅胶按键、标签等）,外购,35.00,,,1.00,,已上架
165-001951,YN580离心喷头喷碗内衬,L*W*H：39*38.2*38.2mm    PA6+20%GF，黑色,无人机,pcs,个,原材料-组装料,加工零部件（外壳、硅胶按键、标签等）,外购,28.00,,,1.00,,已上架
525-000028,YN580动力套组件2_H,,无人机,pcs,个,原材料-半成品,HD580组件整机,自制,1.00,,,1.00,,已上架
994-000450,YN580前机臂电源线束_H,,无人机,pcs,个,原材料-组装料,线束（组装线束）,外购,35.00,,,1.00,,已上架
276-000103,150电调正负极堵盖组件,L*W*H：38.2*30.4*11.5mm,无人机,pcs,个,原材料-半成品,HD5150组装半成品,自制,1.00,,,1.00,,已上架
165-001845,YN580后称重支架,L*W*H：110*55.5*75mm；6061铝型材，表面普通阳极氧化黑色,无人机,pcs,个,原材料-组装料,加工零部件（外壳、硅胶按键、标签等）,外购,35.00,,,1.00,33.250024,已上架
165-001865,YN580电调支架_H,材质：QA66+30%GF,无人机,pcs,个,原材料-组装料,加工零部件（外壳、硅胶按键、标签等）,外购,28.00,,,1.00,2.500012,已上架
994-000409,YN580后接口板电源线束,,无人机,pcs,个,原材料-组装料,线束（组装线束）,外购,35.00,,,1.00,,已上架
525-000157,YN580外关节碳管3.0组件-4号,"L*W*H：964.5*61.8*85.4mm， 材质：QA66+30%CF,黑色; 内嵌不锈钢关节轴套。 壁厚3mm碳管",无人机,pcs,个,原材料-半成品,HD580组件整机,自制,1.00,,,1.00,,已上架
165-003218,580V3电机线束固定座,"材料：QA66+HF30,黑色，热熔M3螺母",无人机,pcs,个,原材料-组装料,加工零部件（外壳、硅胶按键、标签等）,外购,28.00,,,1.00,2.660020,已上架
525-000187,580V3后喷头组件,,无人机,pcs,个,原材料-半成品,HD580组件整机,自制,1.00,,,1.00,,已上架
165-002328,YN525_机臂耐磨环,"""L*W*H：50*58.6*64.8mm 材质：QA66+15GF，黑色嵌M3螺母2pcs""",无人机,pcs,个,原材料-组装料,加工零部件（外壳、硅胶按键、标签等）,外购,28.00,,,1.00,,已上架
526-000001,北斗导航农机驾驶仪,YN812BDS-2.5GD(YN812拖拉机-国内版),自动驾驶,tao,套,库存商品-产成品,812包装成品,自制,1.00,,,1.00,,已上架
849-000397,M3*26_不锈钢杯头内六角滚花机牙螺丝_整圈耐落,"304不锈钢，本色，强度等级：A2-70,第3到第10个螺牙要整圈涂耐落漆，中性盐雾72小时，符合GB/T 70.1-2008",公用物料,pcs,个,原材料-组装料,五金件,外购,17.00,,,1.00,,已上架
795-000973,YC632雾化盘手拧螺母,L*W*H：41.2*28*12.3mm； 材质：QA66+15%GF，黑色,无人机,pcs,个,原材料-组装料,通用机械零件,外购,28.00,,,1.00,1.799977,已上架
165-003205,580V3电池托架组件_左,黑色塑胶QA66+30%GF，组装两套灰色滚轮，一个缓冲硅胶垫,无人机,pcs,个,原材料-组装料,加工零部件（外壳、硅胶按键、标签等）,外购,35.00,,,1.00,27.800034,已上架
165-003229,580V3左方梁,材质：6061铝型材，T6时效，攻牙M4表面阳极氧化黑色哑光,无人机,pcs,个,原材料-组装料,加工零部件（外壳、硅胶按键、标签等）,外购,28.00,,,1.00,91.009974,已上架
838-000222,戴柏电台天线含底座-黑色,M60F+RT450GT；450～470MHz吸盘天线，YN408 电台天线黑色黑色棒状天线加底座，频率范围：450～470；TNC阳头，吸盘天线含底座，黑色,自动驾驶,pcs,个,原材料-包装料,天线、传感器&摄像头,外购,28.00,,,1.00,,已上架
165-000298,显示终端RAM支架（U型球头底座）,哑光黑色，长212.1mm，球外径37.8mm；,自动驾驶,pcs,个,原材料-组装料,加工零部件（外壳、硅胶按键、标签等）,外购,10.00,,,1.00,59.999949,已上架
849-000746,M3*5_不锈钢十字盘头机牙螺丝_整圈耐落,"304不锈钢，本色，强度等级：A2-70,第3到第10个螺牙要整圈涂耐落漆，中性盐雾72小时，符合GB/T 918-2016",公用物料,pcs,个,原材料-组装料,五金件,外购,17.00,,,1.00,,已上架
525-000046,YN580机尾接口板组件（匹配自研电调）,,无人机,pcs,个,原材料-半成品,HD580组件整机,自制,1.00,,,1.00,,已上架
795-001141,580V3电机转接座,材料：BL6061-T6，喷砂硬质阳极氧化黑色,无人机,pcs,个,原材料-组装料,通用机械零件,外购,28.00,,,1.00,25.000007,已上架
588-000330,GPS模块VM982_P1_S01_PCBA,GPS_MODULE_VM982_P1_S01_PCBA,自动驾驶,pcs,个,原材料-半成品,已贴线路板,委外,28.00,,,1.00,,已上架
165-002842,180水泵出药口水管,"外径14，内径12,PA增韧水管，白色，带波纹管",无人机,pcs,个,原材料-组装料,加工零部件（外壳、硅胶按键、标签等）,外购,28.00,,,1.00,1.170002,已上架
308-000026,YN525机臂动力套组件3号,,无人机,pcs,个,原材料-半成品,HD525整机,自制,1.00,,,1.00,,已上架
165-002312,YN525_左管夹,L*W*H：254*129.4*27.8mm;材质：QA66+15GF，黑色,无人机,pcs,个,原材料-组装料,加工零部件（外壳、硅胶按键、标签等）,外购,28.00,,,1.00,,已上架
165-001950,YN580离心喷头喷碗,L*W*H：98.1*66.6*41.6mm    PA6+20%GF，黑色,无人机,pcs,个,原材料-组装料,加工零部件（外壳、硅胶按键、标签等）,外购,28.00,,,1.00,,已上架
165-002738,150分电板螺丝轴套,材质：SUS 316H，本色，中性盐雾72小时,无人机,pcs,个,原材料-组装料,加工零部件（外壳、硅胶按键、标签等）,外购,28.00,,,1.00,3.399944,已上架
849-000276,M2.5*5_不锈钢十字盘头机牙螺丝_整圈耐落,"304不锈钢，本色，强度等级：A2-70,第3到第10个螺牙要整圈涂耐落漆，中性盐雾72小时，符合GB/T 918-2016",公用物料,pcs,个,原材料-组装料,五金件,外购,35.00,,,1.00,,已上架
549-000692,YN580动力电机CW_Y,,无人机,pcs,个,原材料-包装料,外购设备类,外购,48.00,,,1.00,,已上架
606-000071,YC200飞机盒包装箱,"尺寸：415mm*295mm*140mm,加硬本色,无logo印刷",智能播种,pcs,个,原材料-包装料,包装材料,外购,14.00,,,1.00,,已上架
795-000663,YN540S_离心喷头防水堵头,尼龙内六角防水堵头：M12*1.5；黑色,无人机,pcs,个,原材料-组装料,通用机械零件,外购,10.00,,,1.00,,已上架
994-000418,YN580作业总线,,无人机,pcs,个,原材料-组装料,线束（组装线束）,外购,35.00,,,1.00,,已上架
525-000134,YS508机尾雷达组件有卡,,无人机,pcs,个,原材料-半成品,HD580组件整机,自制,1.00,,,1.00,,已上架
165-002650,YN580摇摆桨CCW_CW桨夹-TUS304耐磨片,L*W*H：40*22*3.3mm，sus304本色,无人机,pcs,个,原材料-组装料,加工零部件（外壳、硅胶按键、标签等）,外购,21.00,,,1.00,3.399944,已上架
308-000016,YN525动力套组件1号,,无人机,pcs,个,原材料-半成品,HD525整机,自制,35.00,,,1.00,,已上架
849-000075,40-150喉箍,调节范围30mm-150mm，带宽12mm，美式喉箍，304不锈钢，印有YIT-YN标志,公用物料,pcs,个,原材料-组装料,五金件,外购,17.00,,,1.00,,已上架
165-003217,580V3电调线束固定座,"材料：QA66+HF30,黑色，热熔M3螺母",无人机,pcs,个,原材料-组装料,加工零部件（外壳、硅胶按键、标签等）,外购,28.00,,,1.00,2.660020,已上架
182-000055,一卡三通NaNo物联卡（腾讯薄款）,NaNo插片卡，2G/年,自动驾驶,zhang,张,原材料-组装料,智能卡,外购,1.00,,,1.00,14.500047,已上架
849-000830,M4*7.5内六角平头螺丝,不锈钢，带耐落漆，螺丝要求：第3到第10个螺牙要整圈涂耐落漆,公用物料,pcs,个,原材料-组装料,五金件,外购,13.00,,,1.00,,已上架
795-000626,YN540S  E14水管扣,L*W*H：26.5*22.6*12mm，PA6+20%GF，黑色,无人机,pcs,个,原材料-组装料,通用机械零件,外购,28.00,,,1.00,,已上架
525-000135,YN580旋转雷达组件V2.1,,无人机,pcs,个,原材料-半成品,HD580组件整机,自制,1.00,,,1.00,,已上架
849-000332,抽芯铆钉,3.2*6，开口圆头拉钉,公用物料,pcs,个,原材料-组装料,五金件,外购,17.00,,,1.00,,已上架
849-000037,贴片螺母,TMTSO2520CTJ,公用物料,pcs,个,原材料-组装料,五金件,外购,28.00,,,1.00,,已上架
165-002759,150电池固定扣,材料：7061-T6，喷砂阳极氧化本色,无人机,pcs,个,原材料-组装料,加工零部件（外壳、硅胶按键、标签等）,外购,28.00,,,1.00,3.300052,已上架
525-000193,580V3机臂动力套组件4号,,无人机,pcs,个,原材料-半成品,HD580组件整机,自制,1.00,,,1.00,,已上架
165-001834,YN580机尾硅胶线夹_右,15.5 x 44x18；红色，70°硅胶,无人机,pcs,个,原材料-组装料,加工零部件（外壳、硅胶按键、标签等）,外购,21.00,,,1.00,2.500012,已上架
308-000018,YN525动力套组件3号,,无人机,pcs,个,原材料-半成品,HD525整机,自制,35.00,,,1.00,,已上架
838-000196,YN408-蘑菇头天线连接线束(8m),CAB-SG58/U-8M-TNCJ*WJ；YN408 蘑菇头天线连接线束，一端为90°TNC阳头，一端TNC直头，引线长度8m,自动驾驶,pcs,个,原材料-包装料,天线、传感器&摄像头,外购,28.00,,,1.00,,已上架
994-000419,YN580喷洒总线,,无人机,pcs,个,原材料-组装料,线束（组装线束）,外购,35.00,,,1.00,,已上架
165-001445,YN540S-E14止回阀弹簧,不锈钢弹簧线径*内径*外径：0.5*10*25mm；不锈钢原色,无人机,pcs,个,原材料-组装料,加工零部件（外壳、硅胶按键、标签等）,外购,17.00,,,1.00,,已上架
165-000120,308终端RAM支架,101U，长186MM，球外径36.3,自动驾驶,pcs,个,原材料-组装料,加工零部件（外壳、硅胶按键、标签等）,外购,30.00,,,1.00,34.000005,已上架
165-003355,580V3摄像头主支架,黑色塑胶QA66+30%CF，带铜螺母,无人机,pcs,个,原材料-组装料,加工零部件（外壳、硅胶按键、标签等）,外购,28.00,,,1.00,39.140036,已上架
308-000024,YN525机臂动力套组件1号,,无人机,pcs,个,原材料-半成品,HD525整机,自制,1.00,,,1.00,,已上架
795-001142,580V3电机固定座,材料：BL6061-T6，喷砂硬质阳极氧化黑色,无人机,pcs,个,原材料-组装料,通用机械零件,外购,28.00,,,1.00,132.000046,已上架
362-000171,YN540 40寸正桨组件_新丝印无YN logo,黑色M5X30杯头螺丝*2，φ30xφ15x1pom垫片*4，φ29xφ15x1.5硅胶垫*4，40寸CW 40132正桨桨叶*2，40寸桨夹*1,无人机,pcs,个,原材料-包装料,无人机组装料,自制,42.00,,,1.00,,已上架
165-002706,YN418方向盘盖板,,自动驾驶,pcs,个,原材料-组装料,加工零部件（外壳、硅胶按键、标签等）,外购,28.00,,,1.00,3.730017,已上架
276-000104,150电调三相电堵盖组件,L*W*H：56.8*31.8*11.5mm,无人机,pcs,个,原材料-半成品,HD5150组装半成品,自制,1.00,,,1.00,,已上架
795-000803,YN580外关节碳管2.0组件-1号,,无人机,pcs,个,原材料-组装料,通用机械零件,自制,42.00,,,1.00,,已上架
849-000392,ST2.6*6-镀锌铁十字圆头尖尾自攻螺丝,镀锌铁；蓝白锌；强度等级：8.8级别；圆头十字尖尾(圆头φ4.2mm),公用物料,pcs,个,原材料-组装料,五金件,外购,15.00,,,1.00,,已上架
849-000283,M3*20_不锈钢杯头内六角滚花机牙螺丝_整圈耐落,"304不锈钢，本色，强度等级：A2-70,第3到第10个螺牙要整圈涂耐落漆，中性盐雾72小时，符合GB/T 70.1-2008",公用物料,pcs,个,原材料-组装料,五金件,外购,17.00,,,1.00,,已上架
849-000296,M6*12*1_不锈钢平垫,304不锈钢，本色，中性盐雾72小时，符合GB/T 97.4-2002,公用物料,pcs,个,原材料-组装料,五金件,外购,17.00,,,1.00,,已上架
525-000048,YN580集成药箱组件（70L),,无人机,pcs,个,原材料-半成品,HD580组件整机,自制,1.00,,,1.00,,已上架
165-000580,计亩仪RAM支架,底座1:VIN-B-001连杆：VIN-B-9底座2：VIN-B-001,智能播种,pcs,个,原材料-组装料,加工零部件（外壳、硅胶按键、标签等）,外购,23.00,,,1.00,,已上架
849-000496,M2.5*6_不锈钢十字盘头机牙螺丝_整圈耐落，带介,"304不锈钢，本色，强度等级：A2-70,第3到第10个螺牙要整圈涂耐落漆，中性盐雾72小时，介直径6mm,符合GB /T 9074.5 - 2004",公用物料,pcs,个,原材料-组装料,五金件,外购,17.00,,,1.00,,已上架
849-000304,M3*6_不锈钢十字盘头机牙螺丝_整圈耐落,"304不锈钢，本色，强度等级：A2-70,第3到第10个螺牙要整圈涂耐落漆，中性盐雾72小时，符合GB/T 918-2016",公用物料,pcs,个,原材料-组装料,五金件,外购,15.00,,,1.00,,已上架
363-000282,YC400电源线,昌俊M12防水2P公头；线长5米；带3A中型汽车防水保险丝，末端O型端子内径8.3mm，外径11.7mm，带波纹管,智能播种,pcs,个,原材料-包装料,线束（包装线束）,外购,35.00,,,1.00,,已上架
165-001809,YN580脚架连接件-4号,"""L*W*H：131*81*86mm；材质：QA66+20%GF，黑色嵌M3六角螺母1pcs""",无人机,pcs,个,原材料-组装料,加工零部件（外壳、硅胶按键、标签等）,外购,35.00,,,1.00,10.279949,已上架
165-000345,YC200友农logo,YC200终端友农logo,智能播种,pcs,个,原材料-组装料,加工零部件（外壳、硅胶按键、标签等）,外购,21.00,,,1.00,0.709075,已上架
U00-000170,北斗车载智能终端系统,UA411,智能定位,pcs,个,库存商品-产成品,远程运维终端包装成品,自制,1.00,,,1.00,,已上架
165-001785,YN580药箱面罩,L*W*H：254*354*55；pp，浅灰色浅灰色QT429C,无人机,pcs,个,原材料-组装料,加工零部件（外壳、硅胶按键、标签等）,外购,28.00,,,1.00,4.580003,已上架
165-002347,YN525药箱箱体,"吹塑件，改性PE,L*W*H：604*325*424",无人机,pcs,个,原材料-组装料,加工零部件（外壳、硅胶按键、标签等）,外购,28.00,,,1.00,,已上架
165-001881,"""YN580探照灯固定支架""",L*W*H：60.5*59.5*41.5mm，PA+30GF，黑色,无人机,pcs,个,原材料-组装料,加工零部件（外壳、硅胶按键、标签等）,外购,28.00,,,1.00,,已上架
403-000032,402遥控器外置21700电池,YNSC2150202-21700-2S1P,公用物料,pcs,个,原材料-电子料,电池,外购,33.00,,,1.00,60.199959,已上架
525-000006,YN580机臂动力套组件3号_M8,,无人机,pcs,个,原材料-半成品,HD580组件整机,自制,1.00,,,1.00,,已上架
165-002334,YN525_机臂护线硅胶套,L*W*H：50*50*58mm，硬度60°硅橡胶，黑色,无人机,pcs,个,原材料-组装料,加工零部件（外壳、硅胶按键、标签等）,外购,21.00,,,1.00,,已上架
849-001043,M2.5*8大平头倒边内六角螺钉,"头部直径5.5MM,头部厚度1.2密码，304不锈钢，本色，强度等级：A2-70,第3到第10个螺牙要整圈涂耐落漆，中性盐雾72小时，符合GB/T 918-2016",无人机,pcs,个,原材料-组装料,五金件,外购,1.00,,,1.00,0.072998,已上架
525-000043,YN580机架模块（无双目版）,,无人机,pcs,个,原材料-半成品,HD580组件整机,自制,1.00,,,1.00,,已上架
849-000987,M5*22_不锈钢内六角机牙螺丝_整圈耐落,"304不锈钢，本色，强度等级：A2-70,第3到第10个螺牙要整圈涂耐落漆，中性盐雾72小时",公用物料,pcs,个,原材料-组装料,五金件,外购,1.00,,,1.00,0.089948,已上架
795-000962,电机安装附件包,M5*26_ 304不锈钢杯头滚花内六角机牙螺丝*7_(3到10个螺牙半耐落漆); 以上螺丝本色;强度等级：A2-70; 符合GB /T 70.1 - 3008 标准; M16不锈钢弹簧垫片*1; M18不锈钢弹簧垫片*1; M5不锈钢弹簧垫片*6; M8不锈钢平垫片*2_(M8*16*1.5mm); 以上物料需满足中性盐雾72小时；强度等级：A2-70;附件包标签需定制(物料编码、物料名称中英文),自动驾驶,pcs,个,原材料-组装料,通用机械零件,外购,1.00,,,1.00,1.930040,已上架
101-000004,X25Q128JVEIQ,X25Q128JVEIQ,公用物料,pcs,个,原材料-电子料,集成电路2,外购,84.00,,,1.00,5.500049,已上架
838-000213,408蘑菇头天线底座及固定座（海积）,,自动驾驶,pcs,个,原材料-包装料,天线、传感器&摄像头,外购,28.00,,,1.00,,已上架
795-000756,YN580主梁-左,"""L*W*H：800*70*40mm；管厚1.5mm；材质：6061铝型材，T6时效，攻牙M4表面阳极氧化黑色哑光""",无人机,pcs,个,原材料-组装料,通用机械零件,外购,35.00,,,1.00,91.999967,已上架
165-002567,YN580离心喷头垫片,L*W*H：31.1*31.3*0.3mm，304不锈钢、本色，带背胶,无人机,pcs,个,原材料-组装料,加工零部件（外壳、硅胶按键、标签等）,外购,21.00,,,1.00,5.000024,已上架
994-000645,YC400电源线（屏蔽层版）,,智能播种,pcs,个,原材料-组装料,线束（组装线束）,外购,35.00,,,1.00,,已上架
795-000133,线束安装附件包,轧带吸盘（3M背胶20*20mm  定位片吸盘）附件包标签需定制(物料编码、物料名称中英文、生产日期),自动驾驶,pcs,个,原材料-组装料,通用机械零件,外购,10.00,,,1.00,,已上架
549-000318,YN540S_叶轮泵,"L*W*H：94*82*60，线束长度370mm；L*W*H:,18S-8L 泵头材质：尼龙+玻纤，电机部分6061挤出型材，带线束，线束长度370mm，",无人机,pcs,个,原材料-包装料,外购设备类,外购,42.00,,,1.00,,已上架
849-000491,M2*8_不锈钢杯头内六角滚花机牙螺丝_整圈耐落,"304不锈钢，本色，强度等级：A2-70,第3到第10个螺牙要整圈涂耐落漆，中性盐雾72小时，符合GB/T 70.1-2008",公用物料,pcs,个,原材料-组装料,五金件,外购,17.00,,,1.00,,已上架
525-000101,YN580动力套组件2号_M10_中性,,无人机,pcs,个,原材料-半成品,HD580组件整机,自制,1.00,,,1.00,,已上架
165-002049,YN580下雾化盘螺丝挡片,尺寸：φ23*0.5，不锈钢黑色电泳,无人机,pcs,个,原材料-组装料,加工零部件（外壳、硅胶按键、标签等）,外购,21.00,,,1.00,,已上架
795-000759,YN580脚架横梁-前,"""腰圆管40*15*1.5mm""；""材质：6063铝型材，T6时效表面阳极氧化黑色哑光""",无人机,pcs,个,原材料-组装料,通用机械零件,外购,35.00,,,1.00,9.500023,已上架
165-002329,YN525关节手拧套筒,直径79.3*39mm;材质：QA66+15GF，黑色,无人机,pcs,个,原材料-组装料,加工零部件（外壳、硅胶按键、标签等）,外购,28.00,,,1.00,,已上架
165-001341,YN540s_水泵出药口水管,"外径14，内径12,PA水管，乳白色，长度77mm，要求:水管无弯曲变形，要直，长度公差77mm±0.2mm，带印字。",无人机,pcs,个,原材料-组装料,加工零部件（外壳、硅胶按键、标签等）,外购,21.00,,,1.00,,已上架
589-000011,电源适配器,YS120-12008300（中标插头）,无人机,pcs,个,原材料-电子料,电源,外购,42.00,,,1.00,,已上架
363-000325,408插秧机电源线,,自动驾驶,pcs,个,原材料-包装料,线束（包装线束）,外购,35.00,,,1.00,,已上架
P61-000351,农业智能播种监控系统,YC400-605,智能播种,pcs,个,库存商品-产成品,播种监控包装成品,自制,1.00,,,1.00,,已上架
165-002273,YN580摇摆桨CW桨夹,L*W*H：137.7*47*42mm，6061铝合金-T6，黑色阳极氧化,无人机,pcs,个,原材料-组装料,加工零部件（外壳、硅胶按键、标签等）,外购,28.00,,,1.00,,已上架
972-000704,电源管理芯片,TTPMIC25APQR,公用物料,pcs,个,原材料-电子料,集成电路1（IC）,外购,98.00,,,1.00,12.300050,已上架
165-002270,YN580摇摆桨螺柱,304不锈钢，本色，强度等级：A2-70，中性盐雾72小时,无人机,pcs,个,原材料-组装料,加工零部件（外壳、硅胶按键、标签等）,外购,35.00,,,1.00,,已上架
795-000870,YN525_左方梁,"""L*W*H：510*70*30mm；管厚1.4mm;材质：6061铝型材，T6时效，攻牙M4表面阳极氧化黑色哑光""",无人机,pcs,个,原材料-组装料,通用机械零件,自制,21.00,,,1.00,,已上架
972-000577,IMU,IIM-42653,公用物料,pcs,个,原材料-电子料,集成电路1（IC）,外购,210.00,,,1.00,15.499984,已上架
165-003207,580V3分电板转接支架,黑色塑胶QA66+30%GF，模内注塑4颗定制不锈钢柱和2颗M3铜螺母,无人机,pcs,个,原材料-组装料,加工零部件（外壳、硅胶按键、标签等）,外购,28.00,,,1.00,13.330045,已上架
165-002311,YN525_防割线垫块A,L*W*H：55.6*24.2*12.8mm;材质：QA66+30GF，黑色,无人机,pcs,个,原材料-组装料,加工零部件（外壳、硅胶按键、标签等）,外购,28.00,,,1.00,,已上架
849-000284,M3*24_不锈钢杯头内六角滚花机牙螺丝_整圈耐落,"304不锈钢，本色，强度等级：A2-70,第3到第10个螺牙要整圈涂耐落漆，中性盐雾72小时，符合GB/T 70.1-2008",公用物料,pcs,个,原材料-组装料,五金件,外购,17.00,,,1.00,,已上架
734-000001,WH300无人车,WH300喷洒无人车双风扇双喷头,无人车,pcs,个,库存商品-产成品,VH300无人车包装成品（双风扇）,自制,,,,1.00,,已上架
165-001790,YN580_离心喷头软连接件,L*W*H：78*65.7*49mm；UPU60°+304不锈钢,无人机,pcs,个,原材料-组装料,加工零部件（外壳、硅胶按键、标签等）,外购,35.00,,,1.00,16.149960,已上架
525-000223,580V3机架模块（无双目版）,,无人机,pcs,个,原材料-半成品,HD580组件整机,自制,,,,1.00,,已上架
525-000197,YC403A2航电模块V3,,无人机,pcs,个,原材料-半成品,HD580组件整机,自制,1.00,,,1.00,,已上架
606-000069,YC200终端飞机盒,尺寸：290mm*135mm*75mm，加硬本色,智能播种,pcs,个,原材料-包装料,包装材料,外购,14.00,,,1.00,,已上架
P61-000331,农业智能播种监控系统,YC402-0-D-14-YN,智能播种,pcs,个,库存商品-产成品,播种监控包装成品,自制,1.00,,,1.00,,已上架
165-002155,YN580离心喷头宝塔接头,L*W*H：37.6*23*20mm    6061铝合金， 黑色阳极氧化,无人机,pcs,个,原材料-组装料,加工零部件（外壳、硅胶按键、标签等）,外购,35.00,,,1.00,,已上架
994-000735,580V3机臂电子调速信号线束,,无人机,pcs,个,原材料-组装料,线束（组装线束）,外购,35.00,,,1.00,,已上架
838-000374,四系统全频外置无人机天线,HX-DUX611A-2517(线长 235mm),无人机,pcs,个,原材料-包装料,天线、传感器&摄像头,外购,1.00,,,1.00,78.999995,已上架
549-000160,YN540pro旋转雷达电机,圆形，最大外径43.8mm，高度18.9mm 铝合金/黑色,无人机,pcs,个,原材料-包装料,外购设备类,外购,42.00,,,1.00,,已上架
165-000242,701钣金安装支架,整体尺寸：96*85*66.7材料：TUS304,监测终端,pcs,个,原材料-组装料,加工零部件（外壳、硅胶按键、标签等）,外购,21.00,,,1.00,5.999961,已上架
849-000322,M3*20_不锈钢内六角机牙螺丝_整圈耐落，带介,"304不锈钢，本色，强度等级：A2-70,第3到第10个螺牙要整圈涂耐落漆，中性盐雾72小时，介直径8mm",公用物料,pcs,个,原材料-组装料,五金件,外购,13.00,,,1.00,,已上架
838-000294,HX---GPS蘑菇头天线HPS320(黄色),四系统全频外置测量天线HPS320,自动驾驶,pcs,个,原材料-包装料,天线、传感器&摄像头,外购,35.00,,,1.00,,已上架
966-000002,580V3外关节碳管3.0组件-2号,"L*W*H：964.5*61.8*85.4mm， 材质：QA66+30%CF,黑色; 内嵌不锈钢关节轴套。 壁厚3mm碳管",无人机,pcs,个,原材料-半成品,委外加工半成品物料,委外,42.00,,,1.00,,已上架
526-000006,北斗导航农机驾驶仪,YN812BDS-2.5GD(YN812星基-QX),自动驾驶,pcs,个,库存商品-产成品,812包装成品,自制,,,,1.00,,已上架
795-000303,十字螺丝刀,十字2.5，长度80mm,公用物料,pcs,个,原材料-组装料,通用机械零件,外购,15.00,,,1.00,,已上架
165-002318,YN525_脚架横梁扣件,"""L*W*H：59.6*50*16.5mm材质：QA66+30%CF，黑色""",无人机,pcs,个,原材料-组装料,加工零部件（外壳、硅胶按键、标签等）,外购,28.00,,,1.00,,已上架
367-000130,YN580农业无人飞机,YN580双目双离心，欧亚版，橙色外壳，不含遥控器,无人机,pcs,个,库存商品-产成品,无人机包装成品,自制,,,,1.00,,已上架
165-001654,农业无人飞机空白铭牌,工厂镭雕铭牌,无人机,pcs,个,原材料-组装料,加工零部件（外壳、硅胶按键、标签等）,外购,10.00,,,1.00,1.999987,已上架
795-000754,YN580主梁-前,"""L*W*H：460*70*40mm；管厚1.5mm；材质：6061铝型材，T6时效，攻牙M4表面阳极氧化黑色哑光""",无人机,pcs,个,原材料-组装料,通用机械零件,外购,35.00,,,1.00,57.000025,已上架
308-000023,YN525后离心喷头组件,,无人机,pcs,个,原材料-半成品,HD525整机,自制,1.00,,,1.00,,已上架
165-001876,YN580称重计底座后,PA6+20%GF，黑色（含药箱滚轮2个）,无人机,pcs,个,原材料-组装料,加工零部件（外壳、硅胶按键、标签等）,外购,28.00,,,1.00,,已上架
549-000688,YN580叶轮泵,L*W*H：93.2*62*83；线束长度385mm（连接器到电机出线口）,无人机,pcs,个,原材料-包装料,外购设备类,自制,42.00,,,1.00,,已上架
849-000922,M4*22_不锈钢法兰内六角机牙螺丝_整圈耐落,"304不锈钢，本色，强度等级：A2-70,第3到第10个螺牙要整圈涂耐落漆，中性盐雾72小时，GB/T 70.1-2008",公用物料,pcs,个,原材料-组装料,五金件,外购,13.00,,,1.00,,已上架
849-000789,Φ4*3+M3*6_不锈钢塞打螺丝_整圈耐落,"304不锈钢，本色，强度等级：A2-70,第3到第10个螺牙要整圈涂耐落漆，中性盐雾72小时，符合GB 6281-1985",公用物料,pcs,个,原材料-组装料,五金件,外购,17.00,,,1.00,,已上架
165-003223,580V3后机臂水管,PA6，改性，乳白色,无人机,pcs,个,原材料-组装料,加工零部件（外壳、硅胶按键、标签等）,外购,28.00,,,1.00,16.540036,已上架
165-001885,YN580电池托架硅胶缓冲垫,黑色橡胶，70度,无人机,pcs,个,原材料-组装料,加工零部件（外壳、硅胶按键、标签等）,外购,28.00,,,1.00,,已上架
849-000355,M3*24_不锈钢内六角机牙螺丝_整圈耐落，带介,"304不锈钢，本色，强度等级：A2-70,第3到第10个螺牙要整圈涂耐落漆，中性盐雾72小时，介直径7mm",公用物料,pcs,个,原材料-组装料,五金件,外购,13.00,,,1.00,,已上架
849-000756,Φ5*12+M4*8_不锈钢塞打螺丝_整圈耐落,"304不锈钢，本色，强度等级：A2-70,第3到第10个螺牙要整圈涂耐落漆，中性盐雾72小时，符合GB 6281-1985",公用物料,pcs,个,原材料-组装料,五金件,外购,17.00,,,1.00,,已上架
356-000528,8P连接器板端_插针0.64mm_黑色,C615-0108，焊板式防水连接器 8P插针，插针规格直径0.64mm，黑色,公用物料,pcs,个,原材料-组装料,连接器1（电子）,外购,35.00,,,1.00,5.009968,已上架
165-002627,YN580机臂护线硅胶圈B,硅橡胶，硬度70°,无人机,pcs,个,原材料-组装料,加工零部件（外壳、硅胶按键、标签等）,外购,21.00,,,1.00,7.480035,已上架
165-001931,YN580分电板支撑胶垫,60度黑色硅胶，厚度1.5mm，单面带3M 300LE 背胶,无人机,pcs,个,原材料-组装料,加工零部件（外壳、硅胶按键、标签等）,外购,14.00,,,1.00,,已上架
849-000633,M3*8_不锈钢十字沉头机牙螺丝_整圈耐落,"304不锈钢，本色，强度等级：A2-70,第3到第10个螺牙要整圈涂耐落漆，中性盐雾72小时，符合GB/T 819.2-2016",公用物料,pcs,个,原材料-组装料,五金件,外购,17.00,,,1.00,,已上架
525-000078,YN580机尾上外罩组件,,无人机,pcs,个,原材料-半成品,HD580组件整机,自制,1.00,,,1.00,,已上架
367-000131,YN580农业无人飞机,YN580单目双离心FCC认证，美国版，黄色定制版外壳，不含遥控器,无人机,pcs,个,库存商品-产成品,无人机包装成品,自制,,,,1.00,,已上架
849-000775,M3*35_不锈钢杯头内六角尖尾自攻螺丝,304不锈钢，本色，中性盐雾72小时,公用物料,pcs,个,原材料-组装料,五金件,外购,17.00,,,1.00,,已上架
165-002297,YN525_机头上外罩,PP+30%gf，灰色塑胶，表面晒纹，模内注塑M3螺母,无人机,pcs,个,原材料-组装料,加工零部件（外壳、硅胶按键、标签等）,外购,35.00,,,1.00,,已上架
525-000021,YS410鱼眼摄像头组件,,无人机,pcs,个,原材料-半成品,HD580组件整机,自制,1.00,,,1.00,,已上架
795-000110,梅花手柄螺丝,M4x8 手柄直径25mm,智能播种,pcs,个,原材料-组装料,通用机械零件,外购,17.00,,,1.00,,已上架
733-000100,贴片功率电感,DSEB0730-4R7M,公用物料,pcs,个,原材料-电子料,电感,外购,35.00,,,1.00,2.449953,已上架
795-000873,YN525_脚架弯管,"""外径30mm；壁厚1.0mm；材质：6061铝型材，T6时效表面阳极氧化黑色哑光""",无人机,pcs,个,原材料-组装料,通用机械零件,外购,35.00,,,1.00,69.999997,已上架
849-000351,M3*20_不锈钢内六角机牙螺丝_整圈耐落，带介,"304不锈钢，本色，强度等级：A2-70,第3到第10个螺牙要整圈涂耐落漆，中性盐雾72小时，介直径6mm",公用物料,pcs,个,原材料-组装料,五金件,外购,17.00,,,1.00,,已上架
525-000142,YN580机尾接口板V2组件（匹配自研电调）,,无人机,pcs,个,原材料-半成品,HD580组件整机,自制,1.00,,,1.00,,已上架
454-000258,ESD二极管,KEB05VCDF,公用物料,pcs,个,原材料-电子料,二极管,外购,56.00,,,1.00,0.060003,已上架
165-001810,YN580脚架三通-前,厚3.5mm；材质：QA66+25%GF，黑色，嵌M3螺母3pcs,无人机,pcs,个,原材料-组装料,加工零部件（外壳、硅胶按键、标签等）,外购,28.00,,,1.00,8.370023,已上架
525-000177,580V3分电板组件,圆柱连接器，灌胶成品，带7根线束,无人机,pcs,个,原材料-半成品,HD580组件整机,外购,1.00,,,1.00,,已上架
165-001796,YN580离心喷头吊杆-前,L*W*H：25*32*32mm；6061铝合金，黑色阳极氧化,无人机,pcs,个,原材料-组装料,加工零部件（外壳、硅胶按键、标签等）,外购,28.00,,,1.00,5.710003,已上架
705-000035,主机螺丝包,226-000090 M6*8机牙螺丝.M6*8mm，圆头十字，304不锈钢*3；226-000067  ST5.5*25钻尾螺丝 钻尾螺丝 M5.5*25mm*6；230-000010 6号自封袋，加厚*1,监测终端,pcs,个,库存商品-配件,601系列其余包装,自制,17.00,,,1.00,,已上架
838-000163,408蘑菇头天线底座及固定座,,自动驾驶,pcs,个,原材料-包装料,天线、传感器&摄像头,外购,35.00,,,1.00,18.700596,已上架
U00-000159,北斗车载智能终端系统,UA411,智能定位,pcs,个,库存商品-产成品,远程运维终端包装成品,自制,1.00,,,1.00,,已上架
165-002291,YN525_鱼眼摄像头固定支架,PA+30gf，本色，热熔M3*D5螺母,无人机,pcs,个,原材料-组装料,加工零部件（外壳、硅胶按键、标签等）,外购,28.00,,,1.00,,已上架
795-000130,显示终端安装附件包,M5.0*10不锈钢杯头内六角机制螺钉*4（A2-70）；ST4.8*25不锈钢外六角钻尾螺丝*3（强度等级：8.8级)；以上物料均需满足中性盐雾72小时 ;附件包标签需定制(物料编码、物料名称中英文),自动驾驶,pcs,个,原材料-组装料,通用机械零件,外购,10.00,,,1.00,,已上架
165-003052,密封圈外径33*3.5,,无人机,pcs,个,原材料-组装料,加工零部件（外壳、硅胶按键、标签等）,外购,1.00,,,1.00,0.297529,已上架
165-002015,YN580机头主支架_新,6061铝合金，阳极氧化黑色，攻牙,无人机,pcs,个,原材料-组装料,加工零部件（外壳、硅胶按键、标签等）,外购,35.00,,,1.00,,已上架
525-000091,YN580机臂动力套组件1号 _M10_中性,,无人机,pcs,个,原材料-半成品,HD580组件整机,自制,1.00,,,1.00,,已上架
165-001336,YN540S-加药口过滤网,"L*W*H：198*131*123；""PP+30GF骨架+模内嵌件35目不锈钢网""",无人机,pcs,个,原材料-组装料,加工零部件（外壳、硅胶按键、标签等）,外购,28.00,,,1.00,,已上架
165-003225,580V3右上管夹,材料：QA66+HF15+增韧剂，黑色，TR标识,无人机,pcs,个,原材料-组装料,加工零部件（外壳、硅胶按键、标签等）,外购,28.00,,,1.00,7.100016,已上架
549-001813,方向盘本体_铭牌_AG,方向盘直径φ410，方向盘来料时需铆压好产品和二维码空白铭牌,自动驾驶,pcs,个,原材料-包装料,外购设备类,外购,28.00,,,1.00,41.999953,已上架
165-001808,YN580脚架连接件-3号,"""L*W*H：131*81*86mm；材质：QA66+20%GF，黑色嵌M3六角螺母1pcs""",无人机,pcs,个,原材料-组装料,加工零部件（外壳、硅胶按键、标签等）,外购,35.00,,,1.00,10.279949,已上架
165-001874,YN580称重计底座左,L*W*H：80.5*77*33mm；PA6+20%GF，黑色（含药箱滚轮1个）,无人机,pcs,个,原材料-组装料,加工零部件（外壳、硅胶按键、标签等）,外购,28.00,,,1.00,4.700009,已上架
838-000159,HG---定位蘑菇头天线(橙色),HG-HOYH7156,自动驾驶,pcs,个,原材料-包装料,天线、传感器&摄像头,外购,28.00,,,1.00,74.499996,已上架
849-000302,M5_不锈钢六角防松螺母,304不锈钢，本色，带防松，中性盐雾72小时,公用物料,pcs,个,原材料-组装料,五金件,外购,17.00,,,1.00,,已上架
838-000128,308V3摄像头,型号：AHD摄像头，720p，正腾视讯，3芯连接器，4米线长，带支架及固定螺丝，不带波纹管,自动驾驶,pcs,个,原材料-包装料,天线、传感器&摄像头,外购,24.00,,,1.00,48.999964,已上架
308-000035,YN525药箱盖组件,,无人机,pcs,个,原材料-半成品,HD525整机,自制,1.00,,,1.00,,已上架
U00-000155,北斗车载智能终端系统,UA411,智能定位,pcs,个,库存商品-产成品,远程运维终端包装成品,自制,1.00,,,1.00,,已上架
994-000528,YN525_接口板供电转接线,,无人机,pcs,个,原材料-组装料,线束（组装线束）,外购,28.00,,,1.00,,已上架
849-000805,M3*35+6_不锈钢六角柱,304不锈钢，本色，中性盐雾72小时,公用物料,pcs,个,原材料-组装料,五金件,外购,17.00,,,1.00,,已上架
165-001841,YN580机尾上外罩,480x165.5x82mm；PP+30%gf，橙色塑胶，表面晒纹,无人机,pcs,个,原材料-组装料,加工零部件（外壳、硅胶按键、标签等）,外购,35.00,,,1.00,17.430024,已上架
838-000217,定位天线,AFC-GPS/BD-35-35-4-5000,智能播种,pcs,个,原材料-包装料,天线、传感器&摄像头,外购,35.00,,,1.00,,已上架
165-002351,YN525加药口过滤网,"""φ182*182.7PA+30GF骨架+模内嵌件35目不锈钢网""",无人机,pcs,个,原材料-组装料,加工零部件（外壳、硅胶按键、标签等）,外购,28.00,,,1.00,,已上架
165-001791,YN580_离心喷头吊杆-后,L*W*H：114.5*32*32mm；6061铝合金，黑色阳极氧化,无人机,pcs,个,原材料-组装料,加工零部件（外壳、硅胶按键、标签等）,外购,28.00,,,1.00,8.999998,已上架
789-000020,智能遥控器,YN402友农国内版遥控器包,无人机,pcs,个,库存商品-配件,无人机其他配件包,自制,1.00,,,1.00,,已上架
165-001843,YN580机尾上外罩盖板,273x150x23mm；PP+30%gf，橙色塑胶，表面晒纹,无人机,pcs,个,原材料-组装料,加工零部件（外壳、硅胶按键、标签等）,外购,35.00,,,1.00,8.099953,已上架
165-002029,YN580动力电机保护罩-后,L*W*H：224*180*116mm；EPP发泡、灰色,无人机,pcs,个,原材料-组装料,加工零部件（外壳、硅胶按键、标签等）,外购,21.00,,,1.00,,已上架
838-000296,摄像头,BHD720P高清摄像头（夜间全彩）,智能大屏,pcs,个,原材料-包装料,天线、传感器&摄像头,外购,24.00,,,1.00,,已上架
525-000025,YN580止回阀弯通接头组件,,无人机,pcs,个,原材料-半成品,HD580组件整机,自制,1.00,,,1.00,,已上架
525-000058,YN580航电模块组件_单北斗导航版,,无人机,pcs,个,原材料-半成品,HD580组件整机,自制,1.00,,,1.00,,已上架
849-000437,4*10+M3*6不锈钢塞打螺丝,不锈钢螺丝；带耐落漆，螺丝要求：第3到第10个螺牙要整圈涂耐落漆,公用物料,pcs,个,原材料-组装料,五金件,外购,17.00,,,1.00,,已上架
770-000132,4+4P连接器堵头,4+4P连接器堵头，黑色，协顺连接器,公用物料,pcs,个,原材料-组装料,连接器2（非电子）,外购,35.00,,,1.00,,已上架
849-000921,0.5*5*35压缩弹簧,d0.5*D5*M35;不锈钢弹簧,公用物料,pcs,个,原材料-组装料,五金件,外购,13.00,,,1.00,,已上架
525-000002,YN580机臂动力套组件1号 _M8,,无人机,pcs,个,原材料-半成品,HD580组件整机,自制,1.00,,,1.00,,已上架
849-000717,812 M5防水透气阀,氧化铝M5*0.8雅黑、总长12mm、牙长6mm、牙距0.8、牙底孔4.3,公用物料,pcs,个,原材料-组装料,五金件,外购,5.00,,,1.00,,已上架
165-001529,M4*9*1_不锈钢平垫,304不锈钢，本色，中性盐雾72小时，符合GB/T 97.4-2002,无人机,pcs,个,原材料-组装料,加工零部件（外壳、硅胶按键、标签等）,外购,17.00,,,1.00,,已上架
165-002283,YN525电池滚轮托架组件,黑色塑胶QA66+30%GF，组装两套滚轮,无人机,pcs,个,原材料-组装料,加工零部件（外壳、硅胶按键、标签等）,外购,28.00,,,1.00,,已上架
795-000872,YN525_前称重支架,"""L*W*H：75*19.7*7mm；材质：6061铝型材，T6时效，攻牙M4表面阳极氧化黑色哑光""",无人机,pcs,个,原材料-组装料,通用机械零件,外购,21.00,,,1.00,5.899956,已上架
165-001946,YN580碳纤维正桨62寸,CCW桨叶2片，L*W*H：766.3*98*39.1mm；黑色，碳纤维,无人机,pcs,个,原材料-组装料,加工零部件（外壳、硅胶按键、标签等）,外购,28.00,,,1.00,,已上架
165-001800,YN580内关节-3号,"""L*W*H：185*159*106mm；材质：QA66+30%CF，黑色嵌M3螺母1pcs""",无人机,pcs,个,原材料-组装料,加工零部件（外壳、硅胶按键、标签等）,外购,35.00,,,1.00,37.999979,已上架
525-000156,YN580外关节碳管3.0组件-3号,"L*W*H：964.5*61.8*85.4mm， 材质：QA66+30%CF,黑色; 内嵌不锈钢关节轴套。 壁厚3mm碳管",无人机,pcs,个,原材料-半成品,HD580组件整机,自制,1.00,,,1.00,,已上架
165-002284,YN525_机头支架左,黑色，QA66+30%,无人机,pcs,个,原材料-组装料,加工零部件（外壳、硅胶按键、标签等）,外购,28.00,,,1.00,,已上架
165-002704,YN418方向盘发泡本体_铭牌,外径390mm，发泡本体,自动驾驶,pcs,个,原材料-组装料,加工零部件（外壳、硅胶按键、标签等）,外购,28.00,,,1.00,73.109983,已上架
849-000752,M3*50_不锈钢法兰内六角机牙螺丝_整圈耐落,"304不锈钢，本色，强度等级：A2-70,第3到第10个螺牙要整圈涂耐落漆，中性盐雾72小时",公用物料,pcs,个,原材料-组装料,五金件,外购,24.00,,,1.00,,已上架
165-002333,YN525_离心喷头34号固定座,L*W*H：49.8*30*49，6061铝合金，黑色阳极氧化,无人机,pcs,个,原材料-组装料,加工零部件（外壳、硅胶按键、标签等）,外购,21.00,,,1.00,,已上架
165-001798,YN580内关节-1号,L*W*H：190*157*104mm；材质：QA66+30%CF，黑色,无人机,pcs,个,原材料-组装料,加工零部件（外壳、硅胶按键、标签等）,外购,35.00,,,1.00,37.799969,已上架
165-001348,密封圈外径53*3.1,黑色，丁晴橡胶淘宝标准件,公用物料,pcs,个,原材料-组装料,加工零部件（外壳、硅胶按键、标签等）,外购,8.00,,,1.00,,已上架
849-000203,M3*20_不锈钢十字圆头机牙螺丝_整圈耐落,"304不锈钢，本色，强度等级：A2-70,第3到第10个螺牙要整圈涂耐落漆，中性盐雾72小时，符合GB/T 918-2016",公用物料,pcs,个,原材料-组装料,五金件,外购,15.00,,,1.00,,已上架
308-000005,YN525机架模块组件,,无人机,pcs,个,原材料-半成品,HD525整机,自制,1.00,,,1.00,,已上架
525-000029,YN580动力套组件3_H,,无人机,pcs,个,原材料-半成品,HD580组件整机,自制,1.00,,,1.00,,已上架
165-002658,YS221接收机支架底座(带背胶),158*60*26mm，壁厚3mm；材料R235A，表面喷烤漆，附3mm厚度VHB3M背胶；,自动驾驶,pcs,个,原材料-组装料,加工零部件（外壳、硅胶按键、标签等）,外购,21.00,,,1.00,7.500036,已上架
849-000482,M2.5*6_不锈钢杯头内六角滚花机牙螺丝_整圈耐落,"304不锈钢，本色，强度等级：A2-70,第3到第10个螺牙要整圈涂耐落漆，中性盐雾72小时，符合GB/T 70.1-2008",公用物料,pcs,个,原材料-组装料,五金件,外购,17.00,,,1.00,,已上架
849-000622,M2*14+5_不锈钢六角柱,304不锈钢，本色，中性盐雾72小时,公用物料,pcs,个,原材料-组装料,五金件,外购,17.00,,,1.00,,已上架
795-001164,580V3右方梁,材质：6061铝型材，T6时效，攻牙M4表面阳极氧化黑色哑光,无人机,pcs,个,原材料-组装料,通用机械零件,外购,28.00,,,1.00,91.009974,已上架
468-000349,YN402遥控器使用说明书中文版,,无人机,pcs,个,原材料-包装料,印刷类,外购,13.00,,,1.00,,已上架
525-000011,YN580药箱控制盒组件,,无人机,pcs,个,原材料-半成品,HD580组件整机,自制,1.00,,,1.00,,已上架
165-001984,YN580药箱水泵托架硅胶垫,L*W*H：85*15*3mm  硅橡胶（带防水背胶），硬度40度  黑色,无人机,pcs,个,原材料-组装料,加工零部件（外壳、硅胶按键、标签等）,外购,14.00,,,1.00,,已上架
784-000131,YN540s_药箱控制盒组件,,无人机,pcs,个,原材料-半成品,HD540PRO整机,自制,1.00,,,1.00,,已上架
849-000924,M5*28_不锈钢杯头内六角滚花机牙螺丝_整圈耐落,"304不锈钢，本色，强度等级：A2-70,第3到第10个螺牙要整圈涂耐落漆，中性盐雾72小时，符合GB/T 70.1-2008",公用物料,pcs,个,原材料-组装料,五金件,外购,13.00,,,1.00,,已上架
972-000089,储存器芯片,JS42S16160J-6BLI,公用物料,pcs,个,原材料-电子料,集成电路1（IC）,外购,112.00,,,1.00,,已上架
165-003608,590机尾上外罩-黄色,480x165.5x82mm；PP+30%gf，色号：QT395C，表面晒纹,无人机,pcs,个,原材料-组装料,加工零部件（外壳、硅胶按键、标签等）,外购,35.00,,,1.00,,已上架
165-001949,YN580桨叶（62寸）POM垫片,"L*W*H：41*41*1mm；POM,白色",无人机,pcs,个,原材料-组装料,加工零部件（外壳、硅胶按键、标签等）,外购,21.00,,,1.00,,已上架
165-002117,插秧机方向盘盖板(不带LOGO),,智能播种,pcs,个,原材料-组装料,加工零部件（外壳、硅胶按键、标签等）,外购,21.00,,,1.00,,已上架
849-000923,M3*8盘头带介平尾自攻螺丝,带介平尾自攻螺丝,公用物料,pcs,个,原材料-组装料,五金件,外购,13.00,,,1.00,,已上架
363-000315,408电磁阀信号连接线,,自动驾驶,pcs,个,原材料-包装料,线束（包装线束）,外购,35.00,,,1.00,,已上架
784-000151,YN540S_止回阀弯通接头组件,,无人机,pcs,个,原材料-半成品,HD540PRO整机,自制,1.00,,,1.00,,已上架
276-000001,YC403航电模块,YC403航电模块组件,无人机,pcs,个,原材料-半成品,HD5150组装半成品,自制,1.00,,,1.00,,已上架
849-000713,YN540S-药箱防松车件,φ2.8*74    304不锈钢材质，车件,公用物料,pcs,个,原材料-组装料,五金件,外购,35.00,,,1.00,,已上架
849-000289,M4*26_不锈钢杯头内六角滚花机牙螺丝_整圈耐落,"304不锈钢，本色，强度等级：A2-70,第3到第10个螺牙要整圈涂耐落漆，中性盐雾72小时，符合GB/T 70.1-2008",公用物料,pcs,个,原材料-组装料,五金件,外购,35.00,,,1.00,,已上架
165-003219,580V3端部护线胶套,70°橡胶，颜色：PANTONE black 6c；,无人机,pcs,个,原材料-组装料,加工零部件（外壳、硅胶按键、标签等）,外购,21.00,,,1.00,3.180046,已上架
994-000550,406电源+电机+接收机连接线,,自动驾驶,pcs,个,原材料-组装料,线束（组装线束）,外购,35.00,,,1.00,,已上架
525-000182,580V3机架模块（双目版）,,无人机,pcs,个,原材料-半成品,HD580组件整机,自制,1.00,,,1.00,,已上架
795-000667,YN540S-E14手拧水管螺母,"L*W*H：31*26.5*19.5mm ；QA66+30GF,黑色",无人机,pcs,个,原材料-组装料,通用机械零件,外购,35.00,,,1.00,,已上架
454-000111,瞬态电压抑制器TVS,SM8T36CA-AL,公用物料,pcs,个,原材料-电子料,二极管,外购,56.00,,,1.00,2.219998,已上架
165-001802,YN580机框内衬件-左,L*W*H：101.5*85*70mm；材质：QA66+15GF，黑色,无人机,pcs,个,原材料-组装料,加工零部件（外壳、硅胶按键、标签等）,外购,28.00,,,1.00,3.360055,已上架
165-001880,YN580作业总线压块,L*W*H：54*30*17mm，硅胶材质，硬度70，黑色,无人机,pcs,个,原材料-组装料,加工零部件（外壳、硅胶按键、标签等）,外购,21.00,,,1.00,,已上架
784-000183,YN402_遥控器整机_无Logo_国内版,,无人机,pcs,个,原材料-半成品,HD540PRO整机,自制,1.00,,,1.00,,已上架
165-002292,YN525_机头左侧线夹,PA+30gf，本色,无人机,pcs,个,原材料-组装料,加工零部件（外壳、硅胶按键、标签等）,外购,28.00,,,1.00,,已上架
795-000805,YN580外关节碳管2.0组件-3号,,无人机,pcs,个,原材料-组装料,通用机械零件,自制,42.00,,,1.00,,已上架
525-000008,YN580机臂动力套组件4号_M8,,无人机,pcs,个,原材料-半成品,HD580组件整机,自制,1.00,,,1.00,,已上架
165-001833,YN580机尾线夹_左,65.3 x 82.35 x 22.14；QA66+30%玻纤,无人机,pcs,个,原材料-组装料,加工零部件（外壳、硅胶按键、标签等）,外购,28.00,,,1.00,1.979986,已上架
849-000689,M2.5*L6机制螺钉,扁平头十字 M2.5*L6机制螺钉，耐落，防锈，不锈钢，螺丝要求：第3到第10个螺牙要整圈涂耐落漆,公用物料,pcs,个,原材料-组装料,五金件,外购,10.00,,,1.00,,已上架
165-002298,YN525_机头下外罩,PP+30%gf，灰色塑胶，表面晒纹，模内注塑M3螺母,无人机,pcs,个,原材料-组装料,加工零部件（外壳、硅胶按键、标签等）,外购,35.00,,,1.00,,已上架
849-000955,M4*20_不锈钢法兰内六角机牙螺丝_整圈耐落,"304不锈钢，本色，强度等级：A2-70,第3到第10个螺牙要整圈涂耐落漆，中性盐雾72小时",公用物料,pcs,个,原材料-组装料,五金件,外购,1.00,,,1.00,0.125430,已上架
165-002473,150电机下罩,"QA66+30%GF,灰色（QT4278C）",无人机,pcs,个,原材料-组装料,加工零部件（外壳、硅胶按键、标签等）,外购,28.00,,,1.00,2.653240,已上架
468-000530,导航车贴(60*15cm),单透，60*15cm，带背胶,自动驾驶,pcs,个,原材料-包装料,印刷类,外购,7.00,,,1.00,2.400007,已上架
849-001039,150圆柱分电板减震弹簧,65Mn，加硬，表面镀镍,无人机,pcs,个,原材料-组装料,五金件,外购,21.00,,,1.00,0.140007,已上架
849-000847,圆柱头内六角平尾自攻螺丝M3*16,"M3*16,自攻 304不锈钢圆柱头内六角平尾自攻螺丝",公用物料,pcs,个,原材料-组装料,五金件,外购,17.00,,,1.00,,已上架
367-000097,625 农业无人飞机,YN525农业无人飞机（YN525 Agricultural Drone)，中性英文,无人机,pcs,个,库存商品-产成品,无人机包装成品,自制,1.00,,,1.00,,已上架
528-000036,YS221A接收机组件_国内,,自动驾驶,pcs,个,原材料-半成品,418整机,自制,1.00,,,1.00,,已上架
165-003224,580V3左上管夹,材料：QA66+HF15+增韧剂，黑色，TL标识,无人机,pcs,个,原材料-组装料,加工零部件（外壳、硅胶按键、标签等）,外购,28.00,,,1.00,7.049957,已上架
590-000075,农业全程作业智能探测系统,YNGPCS700E2-双摄像头-北斗,监测终端,pcs,个,库存商品-产成品,701包装成品,自制,1.00,,,1.00,,已上架
849-000288,M4*22_不锈钢杯头内六角滚花机牙螺丝_整圈耐落,"304不锈钢，本色，强度等级：A2-70,第3到第10个螺牙要整圈涂耐落漆，中性盐雾72小时，符合GB/T 70.1-2008",公用物料,pcs,个,原材料-组装料,五金件,外购,15.00,,,1.00,,已上架
165-002976,友农_插秧机_蘑菇头支架组件（产品铭牌+二维码铭牌+钢印）,尺寸：224*113.8*17mm(带U型补强快，需铆接)，底板黑色喷粉，带铭牌(产品铭牌和二维码铭牌)，增加4个通孔φ6.4通孔,自动驾驶,pcs,个,原材料-组装料,加工零部件（外壳、硅胶按键、标签等）,外购,28.00,,,1.00,28.659964,已上架
165-001797,YN580机臂耐磨环,"L*W*H：50*58.6*64.8mm；""材质：QA66+25GF，黑色嵌M3螺母2pcs""",无人机,pcs,个,原材料-组装料,加工零部件（外壳、硅胶按键、标签等）,外购,28.00,,,1.00,5.870011,已上架
525-000012,YN580离心喷头组件_后,,无人机,pcs,个,原材料-半成品,HD580组件整机,自制,1.00,,,1.00,,已上架
U00-000161,北斗车载智能终端系统,UA411,智能定位,pcs,个,库存商品-产成品,远程运维终端包装成品,自制,1.00,,,1.00,,已上架
165-000351,插秧机方向盘,插秧机专用，外径370mm,自动驾驶,pcs,个,原材料-组装料,加工零部件（外壳、硅胶按键、标签等）,外购,35.00,,,1.00,44.000053,已上架
525-000027,YN580动力套组件1_H,,无人机,pcs,个,原材料-半成品,HD580组件整机,自制,1.00,,,1.00,,已上架
308-000017,YN525动力套组件2号,,无人机,pcs,个,原材料-半成品,HD525整机,自制,35.00,,,1.00,,已上架
363-000314,408电源+前轮转角连接线,主线长2米，端子线长2米，陀螺仪角度传感器1.5米,自动驾驶,pcs,个,原材料-包装料,线束（包装线束）,外购,35.00,,,1.00,,已上架
165-002629,YN580分电板缓冲脚垫,35度灰色橡胶，尺寸φ16*11.7mm，,无人机,pcs,个,原材料-组装料,加工零部件（外壳、硅胶按键、标签等）,外购,21.00,,,1.00,1.299952,已上架
165-002414,150电调底壳护线抱箍,材质：304不锈钢+硅胶，尺寸：L*W*H：78*15*6.8mm,无人机,pcs,个,原材料-组装料,加工零部件（外壳、硅胶按键、标签等）,外购,21.00,,,1.00,1.999987,已上架
849-000426,M3*6_不锈钢十字圆头机牙螺丝_整圈耐落,"304不锈钢，本色，强度等级：A2-70,第3到第10个螺牙要整圈涂耐落漆，中性盐雾72小时，符合GB/T 918-2016",公用物料,pcs,个,原材料-组装料,五金件,外购,13.00,,,1.00,,已上架
705-000043,701说明书附件包,302-000094 701产品说明书*1；302-000095 701合格证*1；302-000003 安装确认书*1；230-000011  10号自封袋*1,监测终端,pcs,个,库存商品-配件,601系列其余包装,自制,17.00,,,1.00,,已上架
849-000494,ST3.0*10内六角平尾自攻螺丝,不锈钢，带耐落漆，螺丝要求：第3到第10个螺牙要整圈涂耐落漆,公用物料,pcs,个,原材料-组装料,五金件,外购,17.00,,,1.00,,已上架
165-002317,YN525_脚架连接件4号,"""L*W*H：62*57.8*59.5mm;材质：QA66+30%CF，黑色嵌M4螺母1pcs""",无人机,pcs,个,原材料-组装料,加工零部件（外壳、硅胶按键、标签等）,外购,28.00,,,1.00,,已上架
165-002349,YN525集成药箱硅胶线卡,"""L*W*H：87*18*15材质：硅胶,黑色，硬度70度""",无人机,pcs,个,原材料-组装料,加工零部件（外壳、硅胶按键、标签等）,外购,21.00,,,1.00,,已上架
165-001875,YN580称重计底座右,L*W*H：80.5*77*33mm；PA6+20%GF，黑色（含药箱滚轮1个）,无人机,pcs,个,原材料-组装料,加工零部件（外壳、硅胶按键、标签等）,外购,28.00,,,1.00,,已上架
549-002409,580V3动力电机_无丝印版,,无人机,pcs,个,原材料-包装料,外购设备类,外购,50.00,,,1.00,615.000014,已上架
549-000202,遥控器挎带,黑色1.4米双扣,无人机,pcs,个,原材料-包装料,外购设备类,外购,18.00,,,1.00,,已上架
165-001846,YN580脚架线卡,材质：QA66+20%GF，黑色,无人机,pcs,个,原材料-组装料,加工零部件（外壳、硅胶按键、标签等）,外购,28.00,,,1.00,2.079991,已上架
849-000417,M2*5_碳钢十字扁平头机牙螺丝_整圈耐落,碳钢，黑色达克罗，强度等级：8.8级，第3到第10个螺牙要整圈涂耐落漆，中性盐雾72小时,公用物料,pcs,个,原材料-组装料,五金件,外购,13.00,,,1.00,,已上架
994-000526,YN525_分电板信号转接线,,无人机,pcs,个,原材料-组装料,线束（组装线束）,外购,35.00,,,1.00,,已上架
528-000043,YS221E接收机组件_千寻星基版,,自动驾驶,pcs,个,原材料-半成品,418整机,自制,,,,1.00,,已上架
590-000072,农业全程作业智能探测系统,YNGPCS700E2-单摄像头-北斗,监测终端,pcs,个,库存商品-产成品,701包装成品,自制,1.00,,,1.00,,已上架
308-000010,YN525脚架组件,,无人机,pcs,个,原材料-半成品,HD525整机,自制,1.00,,,1.00,,已上架
525-000190,580V3机臂动力套组件1号__双离心版本,,无人机,pcs,个,原材料-半成品,HD580组件整机,自制,1.00,,,1.00,,已上架
849-000975,M3*6_不锈钢法兰内六角机牙螺丝_整圈耐落,"304不锈钢，本色，强度等级：A2-70,第3到第10个螺牙要整圈涂耐落漆，中性盐雾72小时",无人机,pcs,个,原材料-组装料,五金件,外购,1.00,,,1.00,0.091191,已上架
P69-000060,友安北斗智能仪表系统,UB201L-洋马监控计亩一体机整套,智能大屏,pcs,个,库存商品-产成品,智能平板终端包装成品,自制,1.00,,,1.00,,已上架
165-002073,YN580单目减震球,减震球，30度黑色硅胶,无人机,pcs,个,原材料-组装料,加工零部件（外壳、硅胶按键、标签等）,外购,21.00,,,1.00,,已上架
165-002369,YN580图传天线固定带,L*W*H：282*38*12mm   硅橡胶，硬度：60度   黑色    巨鹿,无人机,pcs,个,原材料-组装料,加工零部件（外壳、硅胶按键、标签等）,外购,21.00,,,1.00,,已上架
849-000877,M4*28_不锈钢法兰内六角机牙螺丝_整圈耐落,"304不锈钢，本色，强度等级：A2-70,第3到第10个螺牙要整圈涂耐落漆，中性盐雾72小时；",公用物料,pcs,个,原材料-组装料,五金件,外购,13.00,,,1.00,,已上架
165-002624,I580_管夹垫块,28*19*6mm,无人机,pcs,个,原材料-组装料,加工零部件（外壳、硅胶按键、标签等）,外购,21.00,,,1.00,5.999961,已上架
849-000349,M2.3*7_不锈钢十字平尾自攻螺丝,304不锈钢，黑色达克罗，中性盐雾72小时,公用物料,pcs,个,原材料-组装料,五金件,外购,13.00,,,1.00,,已上架
363-000204,701CAN口一拖三线束,线束总长4米，一端连接器A108L-8A，另一端连接器 CJ-M12防水4P-G101,监测终端,pcs,个,原材料-包装料,线束（包装线束）,外购,35.00,,,1.00,,已上架
593-000030,YN300E（东徕硕）_906AMBD整机,701整机，东徕硕壳体,监测终端,pcs,个,原材料-半成品,701整机,自制,1.00,,,1.00,,已上架
165-002251,YN580电池托架垫片,孔径4.2，外径9，厚度0.6，自带背胶，材质：POM,无人机,pcs,个,原材料-组装料,加工零部件（外壳、硅胶按键、标签等）,外购,21.00,,,1.00,,已上架
832-000008,新无线机具识别传感器,新无线机具识别传感器组装BOM,监测终端,pcs,个,原材料-半成品,倾角识别/姿态,自制,1.00,,,1.00,,已上架
795-000458,IMU安装附件包,ST4.8*25镀彩锌碳钢外六角钻尾螺丝*8    附件包标签需定制(物料编码、物料名称中英文、生产日期),自动驾驶,pcs,个,原材料-组装料,通用机械零件,外购,14.00,,,1.00,,已上架
994-000713,580V3前机臂电子调速电源线（1，2号）,,行业无人机,pcs,个,原材料-组装料,线束（组装线束）,外购,35.00,,,1.00,159.999977,已上架
165-002118,YN580探照灯垫高泡棉,L*W*H：64*16*2mm    2mm厚，黑色，epdm发泡,无人机,pcs,个,原材料-组装料,加工零部件（外壳、硅胶按键、标签等）,外购,14.00,,,1.00,,已上架
308-000029,YN525称重计组件,,无人机,pcs,个,原材料-半成品,HD525整机,自制,1.00,,,1.00,,已上架
590-000100,农机智能探测系统,YNGPCS700E1-单摄-无线-北斗,监测终端,pcs,个,库存商品-产成品,701包装成品,自制,1.00,,,1.00,,已上架
165-001835,YN580机尾硅胶线夹_左,15.5 x 40 x 18；黑色，70°硅胶,无人机,pcs,个,原材料-组装料,加工零部件（外壳、硅胶按键、标签等）,外购,21.00,,,1.00,2.250056,已上架
525-000158,YN580摇摆桨CCW-10总装版,YN580摇摆桨CCW-10总装版,无人机,pcs,个,原材料-半成品,HD580组件整机,自制,1.00,,,1.00,,已上架
382-000005,北斗导航农机驾驶仪,YN406BDS-2.5GD(YN406拖拉机V2),自动驾驶,pcs,个,库存商品-产成品,406包装成品,自制,1.00,,,1.00,,已上架
165-001832,YN580机尾线夹_右,70.94 x 81.39 x 22.14；QA66+30%玻纤,无人机,pcs,个,原材料-组装料,加工零部件（外壳、硅胶按键、标签等）,外购,28.00,,,1.00,1.979986,已上架
849-001021,M6X16不锈钢外六角三组合螺丝_半耐落,"304不锈钢，本色，带平垫和弹簧垫片三组合；强度等级：A2-70,第3到第10个螺牙00-180度涂耐落漆，中性盐雾72小时",自动驾驶,pcs,个,原材料-组装料,五金件,外购,14.00,,,1.00,0.238995,已上架
308-000034,YN525药箱控制盒组件,,无人机,pcs,个,原材料-半成品,HD525整机,自制,1.00,,,1.00,,已上架
994-000410,YN580机头机尾信号线束,,无人机,pcs,个,原材料-组装料,线束（组装线束）,外购,35.00,,,1.00,,已上架
795-000457,插秧机蘑菇头固定板安装附件包,M8x38不锈钢U型螺栓（镀水蜡）*2；M8不锈钢六角螺母（镀水蜡）*4；M8平垫片（不锈钢）*5(A2-70)；M8不锈钢弹簧垫片*5(A2-70)；以上物料均需满足中性盐雾72小时；强度等级：A2-70;附件包标签需定制(物料编码、物料名称中英文),自动驾驶,pcs,个,原材料-组装料,通用机械零件,外购,14.00,,,1.00,,已上架
165-002383,密封圈外径8*1.9,外径8mm，线径1.9mm黑色，丁晴橡胶淘宝标准件,无人机,pcs,个,原材料-组装料,加工零部件（外壳、硅胶按键、标签等）,外购,17.00,,,1.00,,已上架
165-002335,YN525_机臂护线硅胶套抱箍,L*W*H：40*23*9mm，304不锈钢，黑色,无人机,pcs,个,原材料-组装料,加工零部件（外壳、硅胶按键、标签等）,外购,21.00,,,1.00,,已上架
182-000029,量讯物联移动单卡100M月套餐流量卡（组流量池-后装-贴片卡）,,监测终端,pcs,个,原材料-组装料,智能卡,外购,15.00,,,1.00,2.199997,已上架
165-001987,YN580雷达硅胶堵头2,材质：硅胶，硬度70，黑色,无人机,pcs,个,原材料-组装料,加工零部件（外壳、硅胶按键、标签等）,外购,21.00,,,1.00,,已上架
849-000770,M4*8_不锈钢大平头倒边内六角机牙螺丝_整圈耐落,"304不锈钢，本色，强度等级：A2-70,第3到第10个螺牙要整圈涂耐落漆，中性盐雾72小时",公用物料,pcs,个,原材料-组装料,五金件,外购,17.00,,,1.00,,已上架
972-000512,WIFI模块,RCA9531-BL3A,公用物料,pcs,个,原材料-电子料,集成电路1（IC）,外购,31.00,,,1.00,,未上架
260-000101,YC400播种终端(网络版)整机,,智能播种,pcs,个,原材料-半成品,UC400整机,自制,1.00,,,1.00,,未上架
165-001549,UA400P5天线组件,UA400P5天线组件,智能定位,pcs,个,原材料-组装料,加工零部件（外壳、硅胶按键、标签等）,外购,28.00,,,1.00,,未上架
849-001203,后防撞梁右盖板,"R235,哑光黑RAL 9011",无人车,pcs,个,原材料-组装料,五金件,外购,1.00,,,1.00,35.000055,未上架
725-000416,贴片陶瓷电容,"4.7nf,25V,0201,10%,X7R",公用物料,pcs,个,原材料-电子料,电容,外购,98.00,,,1.00,0.002373,未上架
165-002069,YS508机尾雷达散热片6,6W导热硅胶垫，尺寸：57*7*1mm,无人机,pcs,个,原材料-组装料,加工零部件（外壳、硅胶按键、标签等）,外购,14.00,,,1.00,,未上架
356-000280,双排卧贴插座,B2004WRB-2X8P,公用物料,pcs,个,原材料-组装料,连接器1（电子）,外购,1.00,,,1.00,0.250182,未上架
705-000054,701DBD说明书附件包,,监测终端,pcs,个,库存商品-配件,601系列其余包装,自制,10.00,,,1.00,,未上架
972-000422,电平转换芯片,SS0104YQ,公用物料,pcs,个,原材料-电子料,集成电路1（IC）,外购,42.00,,,1.00,0.900045,未上架
454-000317,TVS二极管,5.0SMDJ90CA,公用物料,pcs,个,原材料-电子料,二极管,外购,42.00,,,1.00,0.969992,未上架
795-000693,Q401图传导热硅胶垫,6W导热硅胶，8*8*1.2mm,无人机,pcs,个,原材料-组装料,通用机械零件,外购,21.00,,,1.00,,未上架
725-000029,贴片陶瓷电容,"1nF,50V,0402,10%",公用物料,pcs,个,原材料-电子料,电容,外购,126.00,,,1.00,0.003051,未上架
972-000799,WIFI/BT模组,FSP32-WROVER-IE-N4R8,公用物料,pcs,个,原材料-电子料,集成电路1（IC）,外购,28.00,,,1.00,17.099951,未上架
733-000129,绕线贴片功率电感,OR5040-4R7N,公用物料,pcs,个,原材料-电子料,电感,外购,28.00,,,1.00,0.136956,未上架
733-000034,绕线贴片功率电感,TWPA4020S1R0NT,公用物料,pcs,个,原材料-电子料,电感,外购,42.00,,,1.00,0.200010,未上架
795-000747,YN580药箱控制盒导热硅胶垫01,6W导热硅胶，L*W*H：23*14*2mm；灰色，6w.mk,无人机,pcs,个,原材料-组装料,通用机械零件,外购,14.00,,,1.00,0.409964,未上架
539-000486,高精度贴片电阻,"53.6k,0402,0.1%",公用物料,pcs,个,原材料-电子料,电阻,外购,133.00,,,1.00,0.056952,未上架
588-000352,YS504_旋转雷达_定子板_P3_S01_PCBA,YS504_旋转雷达_定子板_P3_S01_PCBA,无人机,pcs,个,原材料-半成品,已贴线路板,委外,33.00,,,1.00,,未上架
849-000217,M2.5*8 碳钢十字圆头机牙螺丝_整圈耐落,"铁镀镍加硬，本色，强度等级：8.8级,第3到第10个螺牙要整圈涂耐落漆，中性盐雾72小时，符合GB/T 918-2016",公用物料,pcs,个,原材料-组装料,五金件,外购,17.00,,,1.00,,未上架
165-000736,YN501_硅胶圈,277.6*184.6*9.7mm，黑色，硅胶，30度±5,自动驾驶,pcs,个,原材料-组装料,加工零部件（外壳、硅胶按键、标签等）,外购,28.00,,,1.00,,未上架
733-000123,贴片功率电感,THP0603-2R2M,公用物料,pcs,个,原材料-电子料,电感,外购,30.00,,,1.00,0.240012,未上架
795-001135,YS411A主板硅胶导热片8x8x1mm,1mm，灰色，6w.mk导热硅胶,无人机,pcs,个,原材料-组装料,通用机械零件,外购,14.00,,,1.00,0.049946,未上架
588-000588,UB200L_Camera_EX12_P0_S4_PCBA,UB200L_Camera_EX12_P0_S4_PCBA,智能大屏,pcs,个,原材料-半成品,已贴线路板,委外,10.00,,,1.00,,未上架
165-003410,后接口板壳体,QA66+30GF,无人车,pcs,个,原材料-组装料,加工零部件（外壳、硅胶按键、标签等）,外购,1.00,,,1.00,129.999946,未上架
849-001181,电池盖板总成,R235  灰白哑光RAL 8047  新科技橙Pantone 1505C,无人车,pcs,个,原材料-组装料,五金件,外购,1.00,,,1.00,159.999977,未上架
972-000275,低压差线性稳压器,TGM2033-3.3XN5G/TR,公用物料,pcs,个,原材料-电子料,集成电路1（IC）,外购,64.00,,,1.00,0.289958,未上架
165-001424,YN402_后壳组件,灰色塑胶件，表面晒纹，组装辅料,无人机,pcs,个,原材料-组装料,加工零部件（外壳、硅胶按键、标签等）,外购,35.00,,,1.00,,未上架
165-002798,150电调底壳,L*W*H：154.6*106.7*24mm,无人机,pcs,个,原材料-组装料,加工零部件（外壳、硅胶按键、标签等）,外购,28.00,,,1.00,27.208027,未上架
165-001226,408SIM卡盖硅胶泡棉,13*2.8*1mm 红色带背胶,无人机,pcs,个,原材料-组装料,加工零部件（外壳、硅胶按键、标签等）,外购,14.00,,,1.00,,未上架
725-000040,贴片陶瓷电容,"10UF,25V,0805,10%",公用物料,pcs,个,原材料-电子料,电容,外购,70.00,,,1.00,0.031527,未上架
165-001418,YN402_五向键防尘胶套,40度黑色硅胶，圆形，表面消光,无人机,pcs,个,原材料-组装料,加工零部件（外壳、硅胶按键、标签等）,外购,35.00,,,1.00,,未上架
733-000151,贴片功率电感,THP0603-4R7M,公用物料,pcs,个,原材料-电子料,电感,外购,28.00,,,1.00,0.251990,未上架
849-000841,M3*8扁平头十字螺丝,M3*8扁平头十字螺丝，不锈钢，加耐落，螺丝要求：第3到第10个螺牙要整圈涂耐落漆,公用物料,pcs,个,原材料-组装料,五金件,外购,17.00,,,1.00,,未上架
838-000226,YN408 海外版4G主天线,O12-8339-R0A,自动驾驶,pcs,个,原材料-包装料,天线、传感器&摄像头,外购,35.00,,,1.00,,未上架
539-000101,贴片电阻,"22R,0603,1%",公用物料,pcs,个,原材料-电子料,电阻,外购,84.00,,,1.00,0.002825,未上架
539-000483,热敏电阻,TSM0B103F3903RZ,公用物料,pcs,个,原材料-电子料,电阻,外购,56.00,,,1.00,,未上架
795-000749,YN580药箱控制盒导热硅胶垫03,6W导热硅胶，L*W*H：6.5*6.1*2mm；灰色，6w.mk,无人机,pcs,个,原材料-组装料,通用机械零件,外购,14.00,,,1.00,0.080004,未上架
356-000355,天线底座MMCX-JE-7536,ZK-MMCX-JE-7536,公用物料,pcs,个,原材料-组装料,连接器1（电子）,外购,35.00,,,1.00,1.279951,未上架
606-000340,YN580整机包装内衬,,无人机,pcs,个,原材料-包装料,包装材料,外购,14.00,,,1.00,243.799986,未上架
849-000498,M2贴片螺母,9774020243R；M2贴片螺母，高度2mm，外径4.35,公用物料,pcs,个,原材料-组装料,五金件,外购,25.00,,,1.00,,未上架
363-000542,WH300电调前后接口板信号线,,无人车,pcs,个,原材料-包装料,线束（包装线束）,外购,28.00,,,1.00,13.599550,未上架
165-002903,701面壳组件（东徕硕）,黑色PC，尺寸：177.8*117.8*13.5，组装辅料,监测终端,pcs,个,原材料-组装料,加工零部件（外壳、硅胶按键、标签等）,外购,28.00,,,1.00,17.679980,未上架
972-000837,隔离驱动,OSI6602VB-DLAR,公用物料,pcs,个,原材料-电子料,集成电路1（IC）,外购,84.00,,,1.00,2.900032,未上架
356-000396,2*12PIN双排排针（扬展康）,ZZK1220-212SG0A08701,公用物料,pcs,个,原材料-组装料,连接器1（电子）,外购,25.00,,,1.00,0.289958,未上架
972-000835,气压计,CMP581,公用物料,pcs,个,原材料-电子料,集成电路1（IC）,外购,84.00,,,1.00,,未上架
165-001899,YS403双目镜片,镜片φ33*2（防水背胶厚度0.2mm）；铝硅玻璃钢化处理，AF膜，反面黑色丝印,无人机,pcs,个,原材料-组装料,加工零部件（外壳、硅胶按键、标签等）,外购,28.00,,,1.00,,未上架
165-003411,后车配电盒密封圈,EPDM,无人车,pcs,个,原材料-组装料,加工零部件（外壳、硅胶按键、标签等）,外购,35.00,,,1.00,10.000048,未上架
549-002595,WH300水箱电磁阀,,无人车,pcs,个,原材料-包装料,外购设备类,外购,1.00,,,1.00,,未上架
972-000210,国民MCU,O32G032C8L7,公用物料,pcs,个,原材料-电子料,集成电路1（IC）,外购,42.00,,,1.00,,未上架
725-000221,贴片陶瓷电容,"12pF,50V,0402,5%",公用物料,pcs,个,原材料-电子料,电容,外购,98.00,,,1.00,0.002373,未上架
733-000223,贴片电感,MQW15CA39NJ00D,公用物料,pcs,个,原材料-电子料,电感,外购,98.00,,,1.00,1.000050,未上架
588-000607,UA400_DYW_P5_PCBA,UA400_DYW_P5_PCBA,智能定位,pcs,个,原材料-半成品,已贴线路板,委外,18.00,,,1.00,,未上架
356-000287,YN540-PRO后接口板智安电池端子,JP5+4+5公连接器,公用物料,pcs,个,原材料-组装料,连接器1（电子）,外购,31.00,,,1.00,42.799993,未上架
165-001789,YN580药箱控制盒壳体,"L*W*H：196.5*78*53.5mm；BDC12,喷粉、黑色",无人机,pcs,个,原材料-组装料,加工零部件（外壳、硅胶按键、标签等）,外购,35.00,,,1.00,19.060049,未上架
795-000930,YC403航电导电泡棉1,包裹式导电泡棉，银灰色，58*3*1mm，自然高度1mm，工作高度0.5mm；,无人机,pcs,个,原材料-组装料,通用机械零件,外购,14.00,,,1.00,0.200010,未上架
321-000446,YC400_MAIN_P7_PCB,YC400_MAIN_P7_PCB,智能播种,pcs,个,原材料-电子料,印刷线路板,外购,45.00,,,1.00,8.810045,未上架
733-000121,贴片共模电感,TCM4532EL-110,公用物料,pcs,个,原材料-电子料,电感,外购,28.00,,,1.00,0.560028,未上架
849-001179,防撞梁本体,"R235,新科技橙Pantone 1505C",无人车,pcs,个,原材料-组装料,五金件,外购,1.00,,,1.00,179.999960,未上架
165-002371,YN403_前壳,"205.5*160*15.8mm（带热熔螺母）,塑胶PC+ABS,黑色晒纹",自动驾驶,pcs,个,原材料-组装料,加工零部件（外壳、硅胶按键、标签等）,外购,28.00,,,1.00,,未上架
165-001857,YN580探照灯镜片,L*W*H：105*59*2mm   2mm厚钢化玻璃，带黑色油墨丝印和0.2mm厚背胶,无人机,pcs,个,原材料-组装料,加工零部件（外壳、硅胶按键、标签等）,外购,28.00,,,1.00,12.430000,未上架
725-000452,贴片钽电容,"100uF,±20%,6.3V,3528，-55~105℃",公用物料,pcs,个,原材料-电子料,电容,外购,140.00,,,1.00,,未上架
321-000337,无线机具52810_P0_PCB,YS101_ALG52810_P0_PCB,监测终端,pcs,个,原材料-电子料,印刷线路板,外购,35.00,,,1.00,1.230005,未上架
849-001250,称重计硅胶盖压板,M:Al 7061  T5 C:黑色阳极氧化,无人车,pcs,个,原材料-组装料,五金件,外购,1.00,,,1.00,39.999966,未上架
539-000499,贴片电阻,"5.1K,2512,1%",公用物料,pcs,个,原材料-电子料,电阻,外购,35.00,,,1.00,0.068026,未上架
838-000212,801-C-WIFI天线,ZK-801-C-W-01,监测终端,pcs,个,原材料-包装料,天线、传感器&摄像头,外购,35.00,,,1.00,,未上架
539-000371,贴片电阻,"3.3R,1206,1%",公用物料,pcs,个,原材料-电子料,电阻,外购,112.00,,,1.00,0.036951,未上架
321-000475,YN580_自研电调_P4.1_PCB,YN580_自研电调_P4.1_PCB,无人机,pcs,个,原材料-电子料,印刷线路板,外购,35.00,,,1.00,83.700004,未上架
588-000496,UA500_A_P4_PCBA,UA500_A_P4_PCBA,智能定位,pcs,个,原材料-半成品,已贴线路板,委外,33.00,,,1.00,,未上架
321-000581,YS504_V2_避障雷达板_P1.1_PCB,YS504_V2_避障雷达板_P1.1_PCB,无人机,pcs,个,原材料-电子料,印刷线路板,外购,90.00,,,1.00,25.729987,未上架
165-000837,YN501_导电泡棉7,包裹式导电泡棉9mm*9mm*6mm,自动驾驶,pcs,个,原材料-组装料,加工零部件（外壳、硅胶按键、标签等）,外购,21.00,,,1.00,,未上架
972-000495,以太网SWITCH,STL8305NBI-CG,公用物料,pcs,个,原材料-电子料,集成电路1（IC）,外购,10.00,,,1.00,7.819713,未上架
725-000151,贴片陶瓷电容,"220nF,25V,0402,10%",公用物料,pcs,个,原材料-电子料,电容,外购,98.00,,,1.00,0.016837,未上架
972-000079,DC-DC芯片,TGM6603-5.0YN6G/TR,公用物料,pcs,个,原材料-电子料,集成电路1（IC）,外购,64.00,,,1.00,,未上架
972-000618,SAR sensor,TX9371ICSTRT,公用物料,pcs,个,原材料-电子料,集成电路1（IC）,外购,112.00,,,1.00,4.299989,未上架
358-000062,NPN三极管,QHPT60603NY,公用物料,pcs,个,原材料-电子料,晶体管,外购,133.00,,,1.00,0.960048,未上架
795-000783,电调铜条1,T2紫铜，6.5*4.5*0.8,无人机,pcs,个,原材料-组装料,通用机械零件,外购,33.00,,,1.00,0.112774,未上架
795-001249,气弹簧-5kg,中心距120，行程33，两端M8球头，压力5kg,无人车,pcs,个,原材料-组装料,通用机械零件,外购,1.00,,,1.00,,未上架
165-000756,UA400上盖,110*60*14，黑色PC+45度透明TPU,智能定位,pcs,个,原材料-组装料,加工零部件（外壳、硅胶按键、标签等）,外购,28.00,,,1.00,,未上架
165-003006,150电调正负极堵盖,L*W*H：38.2*30.4*11.5mm,无人机,pcs,个,原材料-组装料,加工零部件（外壳、硅胶按键、标签等）,外购,28.00,,,1.00,1.579966,未上架
725-000324,贴片陶瓷电容,"68nF,50V,0603,10%,X7R",公用物料,pcs,个,原材料-电子料,电容,外购,84.00,,,1.00,0.007458,未上架
539-000007,贴片电阻,"5.6K,0402,1%",公用物料,pcs,个,原材料-电子料,电阻,外购,84.00,,,1.00,0.001921,未上架
795-000950,YC403航电导电泡棉4,包裹式导电泡棉，银灰色，9031mm，自然高度1mm，工作高度0.5mm,无人机,pcs,个,原材料-组装料,通用机械零件,外购,14.00,,,1.00,0.249956,未上架
165-002954,YS508C机尾雷达前壳,黑色尼龙QA66，外观面抛光800，热熔铜螺母,无人机,pcs,个,原材料-组装料,加工零部件（外壳、硅胶按键、标签等）,外购,28.00,,,1.00,8.819989,未上架
308-000032,YN525无人机主机双离心版总装,,无人机,pcs,个,原材料-半成品,HD525整机,自制,1.00,,,1.00,,未上架
356-000563,双排排母 立贴 2.0Pitch 2X7pin,QF202A62B-07V020-1TR,自动驾驶,pcs,个,原材料-组装料,连接器1（电子）,外购,25.00,,,1.00,0.860043,未上架
358-000174,NMOS,DJAC70SN15,公用物料,pcs,个,原材料-电子料,晶体管,外购,56.00,,,1.00,1.970042,未上架
165-002306,YN525_称重计右壳体,L*W*H：81.67*63.17*28.2mm；QA66+HF30 黑色,无人机,pcs,个,原材料-组装料,加工零部件（外壳、硅胶按键、标签等）,外购,28.00,,,1.00,,未上架
588-000459,YN402遥控器 波轮左小板P1_ PCBA,YN402_ROCKER_LEFT_CON_P1,无人机,pcs,个,原材料-半成品,已贴线路板,委外,33.00,,,1.00,,未上架
725-000458,贴片陶瓷电容,"180PF,50V,0402,5%,NP0",公用物料,pcs,个,原材料-电子料,电容,外购,98.00,,,1.00,0.007006,未上架
838-000173,YN540pro旋转雷达无线WiFi发射端焊接馈线,长度60，线径1.13，96编织，一端焊接，一端ipex座,无人机,pcs,个,原材料-包装料,天线、传感器&摄像头,外购,35.00,,,1.00,1.101976,未上架
454-000230,TVS二极管,TMAJ33CA,公用物料,pcs,个,原材料-电子料,二极管,外购,56.00,,,1.00,0.083055,未上架
994-000631,YC400采集器上接一拖二线（双线）（屏蔽层+双绞版）,,智能播种,pcs,个,原材料-组装料,线束（组装线束）,外购,35.00,,,1.00,,未上架
972-000825,EMMC,SS70B64G4Y06G,公用物料,pcs,个,原材料-电子料,集成电路1（IC）,外购,72.00,,,1.00,38.300446,未上架
358-000094,双通道N-MOS,KMTG100N06D,公用物料,pcs,个,原材料-电子料,晶体管,外购,84.00,,,1.00,0.949991,未上架
165-001461,YN408_导航上按键,透明PC，表面颜色PT BLACK6C，喷哑光漆，需要镭雕字符,自动驾驶,pcs,个,原材料-组装料,加工零部件（外壳、硅胶按键、标签等）,外购,28.00,,,1.00,,未上架
849-001214,WH300电控上盖,7061-T6,无人车,pcs,个,原材料-组装料,五金件,外购,1.00,,,1.00,369.999968,未上架
554-000078,同步升压转换芯片,TGM6612AYTQX13G/TR,公用物料,pcs,个,原材料-电子料,稳压器,外购,98.00,,,1.00,2.780026,未上架
539-000374,贴片电阻,"10R,2512,1%,1W",公用物料,pcs,个,原材料-电子料,电阻,外购,98.00,,,1.00,0.169952,未上架
165-001992,YN580旋转雷达码盘,环形，外径66mm，内径29.2mm，厚度0.2mm,无人机,pcs,个,原材料-组装料,加工零部件（外壳、硅胶按键、标签等）,外购,28.00,,,1.00,,未上架
838-000335,YN580雷达无线WiFi发射端焊接馈线-57mm,线长57mm，线径1.37mm，ipex座子1代,无人机,pcs,个,原材料-包装料,天线、传感器&摄像头,外购,35.00,,,1.00,,未上架
795-000688,航电V2散热硅胶垫5,6W导热硅胶，7*7*1mm，浅灰色,无人机,pcs,个,原材料-组装料,通用机械零件,外购,14.00,,,1.00,,未上架
539-000631,贴片电阻,"10R,0201,1%,50mW",公用物料,pcs,个,原材料-电子料,电阻,外购,84.00,,,1.00,0.004746,未上架
849-000691,M3*L5自攻螺钉,圆头十字 M3*L5带介自攻螺钉，耐落，防锈，不锈钢无磁，螺丝要求：第3到第10个螺牙要整圈涂耐落漆,公用物料,pcs,个,原材料-组装料,五金件,外购,10.00,,,1.00,,未上架
165-001897,YS403双目前壳,L*W*H：214.93*75.47*35.7mm；压铸铝钝化颜色QANTONE4278C材料BDC12,无人机,pcs,个,原材料-组装料,加工零部件（外壳、硅胶按键、标签等）,外购,35.00,,,1.00,,未上架
165-002164,YS508机尾雷达天线接地海绵,全包裹银灰色，单面带背胶，I16.5*M16*X11.5,无人机,pcs,个,原材料-组装料,加工零部件（外壳、硅胶按键、标签等）,外购,14.00,,,1.00,,未上架
527-000012,贴片无源晶振,E3SB27E00000SE,公用物料,pcs,个,原材料-电子料,晶体振荡器,外购,70.00,,,1.00,,未上架
454-000199,TVS二极管,KEU05UCR,公用物料,pcs,个,原材料-电子料,二极管,外购,56.00,,,1.00,0.113000,未上架
994-000507,TB包装线束-6118R-1180R电源线-洋马,,智能大屏,pcs,个,原材料-组装料,线束（组装线束）,外购,35.00,,,1.00,,未上架
972-000621,快充协议芯片,IUSB238_002DD,公用物料,pcs,个,原材料-电子料,集成电路1（IC）,外购,42.00,,,1.00,1.199947,未上架
165-001159,701显示屏面小系统屏蔽罩B,"L*W*H:69.8*63.4*3.8mm,材质洋白铜",监测终端,pcs,个,原材料-组装料,加工零部件（外壳、硅胶按键、标签等）,外购,21.00,,,1.00,,未上架
539-000199,贴片电阻,"16K,0402,1%",公用物料,pcs,个,原材料-电子料,电阻,外购,56.00,,,1.00,0.001243,未上架
165-001964,YN580感应线圈发射端,圆形，外径21.6mm，高度5.6mm，线束长度44mm,无人机,pcs,个,原材料-组装料,加工零部件（外壳、硅胶按键、标签等）,外购,28.00,,,1.00,,未上架
849-001333,外卡轴用弹性挡圈,Φ35 65Mn黑色,无人车,pcs,个,原材料-组装料,五金件,外购,1.00,,,1.00,0.111418,未上架
733-000096,贴片磁珠,VPZ1608E121-3R0TF,公用物料,pcs,个,原材料-电子料,电感,外购,28.00,,,1.00,0.027007,未上架
795-000662,YN402_散热风扇,40*40*8mm风扇，厂家型号：OS45C05-20F15,无人机,pcs,个,原材料-组装料,通用机械零件,外购,1.00,,,1.00,,未上架
690-000045,贴片发光二极管,29-217/R6C-AL1M2VY/6T,公用物料,pcs,个,原材料-电子料,发光二极管,外购,35.00,,,1.00,0.049946,未上架
606-000989,YN406 包装外箱_V2,,自动驾驶,pcs,个,原材料-包装料,包装材料,外购,14.00,,,1.00,10.559963,未上架
358-000146,P沟道MOS管,KMTG050P03A,公用物料,pcs,个,原材料-电子料,晶体管,外购,84.00,,,1.00,1.020051,未上架
588-000665,YN580_BACK CONTROL BOARD_P3_PCBA(匹配自研电调),YN580_BACK CONTROL BOARD_P3_PCBA(匹配自研电调),无人机,pcs,个,原材料-半成品,已贴线路板,委外,1.00,,,1.00,,未上架
165-001680,YN540S离心喷头电机线束防磨胶带,L*W*H：9*9mm*0.18mm     材料：特氟龙,公用物料,pcs,个,原材料-组装料,加工零部件（外壳、硅胶按键、标签等）,外购,14.00,,,1.00,0.200010,未上架
165-002108,YN580雷达导热垫3,导热率8W，异形,无人机,pcs,个,原材料-组装料,加工零部件（外壳、硅胶按键、标签等）,外购,14.00,,,1.00,,未上架
733-000248,贴片共模电感,TFT9070F-301,公用物料,pcs,个,原材料-电子料,电感,外购,30.00,,,1.00,1.020051,未上架
165-002527,拖拉机方向盘LOGO贴(YN新),外径64.6mm，滴塑带3M9448A背胶,自动驾驶,pcs,个,原材料-组装料,加工零部件（外壳、硅胶按键、标签等）,外购,21.00,,,1.00,0.713143,未上架
733-000180,贴片共模电感,TDMM0806H-2-900T,公用物料,pcs,个,原材料-电子料,电感,外购,28.00,,,1.00,0.056048,未上架
358-000147,N沟道MOS管,KMSL0310AU-13,公用物料,pcs,个,原材料-电子料,晶体管,外购,98.00,,,1.00,0.364990,未上架
356-000275,2.0卧式插件连接器,QHD20061-203RSNA01,公用物料,pcs,个,原材料-组装料,连接器1（电子）,外购,25.00,,,1.00,0.115034,未上架
363-000548,配电盒接触器通断检测线束,5A 1平方,无人车,pcs,个,原材料-包装料,线束（包装线束）,外购,35.00,,,1.00,5.387840,未上架
733-000227,贴片功率电感,DSAB0730-330M,公用物料,pcs,个,原材料-电子料,电感,外购,42.00,,,1.00,0.580029,未上架
849-001284,M20_外六角螺母,M20*1.5 12级发黑,无人车,pcs,个,原材料-组装料,五金件,外购,1.00,,,1.00,2.367350,未上架
356-000587,2x2排针连接器,2x2pin,无人机,pcs,个,原材料-组装料,连接器1（电子）,外购,25.00,,,1.00,0.240012,未上架
539-000073,贴片电阻,"7.68K,0402,1%",公用物料,pcs,个,原材料-电子料,电阻,外购,84.00,,,1.00,0.001469,未上架
165-002355,YN525加药枪硅胶盖,L*W*H：191.5*73.2*68；黑色硅胶，60度,无人机,pcs,个,原材料-组装料,加工零部件（外壳、硅胶按键、标签等）,外购,21.00,,,1.00,,未上架
972-000728,可调过压保护开关,TGM40661YG/TR,公用物料,pcs,个,原材料-电子料,集成电路1（IC）,外购,42.00,,,1.00,0.580029,未上架
606-000990,YN406 珍珠棉内托_V2,,自动驾驶,pcs,个,原材料-包装料,包装材料,外购,14.00,,,1.00,39.999966,未上架
468-000559,YN503_固定标签_国内,"54.6*23.2mm，，PC片表面细磨砂效果；丝印，带3M背胶，背胶厚度0.1mm,耐60度以上高温",自动驾驶,pcs,个,原材料-包装料,印刷类,外购,21.00,,,1.00,0.920046,未上架
795-001133,YS411A FPC连接器预压泡棉,黑色泡棉厚度1.2MM，单面带背胶,无人机,pcs,个,原材料-组装料,通用机械零件,外购,14.00,,,1.00,0.160008,未上架
165-000859,YN540PRO_气压计盖子,黑色塑胶，PC+ABS,无人机,pcs,个,原材料-组装料,加工零部件（外壳、硅胶按键、标签等）,外购,28.00,,,1.00,,未上架
795-001043,YC632喷头上端盖B,"""L*W*H：φ64.7*23.75mm； 材质：BDC12铝，黑色""",无人机,pcs,个,原材料-组装料,通用机械零件,外购,28.00,,,1.00,19.999983,未上架
849-001248,称重计,70*45*10.8,无人车,pcs,个,原材料-组装料,五金件,外购,42.00,,,1.00,55.000038,未上架
994-000241,YN501_电源开关已焊线,408开关型号（215-000047）：12M自锁凸面带灯3V开关； 线型号（208-000238）： 线长L=170MM，连接器型号：（长江连接器）B1501H-4P，线型：BWG24，1黑2红3黄4黄,自动驾驶,pcs,个,原材料-组装料,线束（组装线束）,外购,35.00,,,1.00,14.999959,未上架
849-001353,M16*260_外六角螺栓,M16*260 10.9达克罗,无人车,pcs,个,原材料-组装料,五金件,外购,1.00,,,1.00,,未上架
795-001183,轴套1,25*30*12.5（内径*外径*高度，mm）,无人车,pcs,个,原材料-组装料,通用机械零件,外购,28.00,,,1.00,7.876778,未上架
165-001539,YN402_前壳组件_无logo,灰色塑胶件，表面晒纹，组装辅料,无人机,pcs,个,原材料-组装料,加工零部件（外壳、硅胶按键、标签等）,外购,35.00,,,1.00,,未上架
165-001422,YN402_散热支架组件,压铸铝合金散热器，组装泡棉,无人机,pcs,个,原材料-组装料,加工零部件（外壳、硅胶按键、标签等）,外购,35.00,,,1.00,,未上架
972-000514,限流开关,TGM2523AXN6G/TR,公用物料,pcs,个,原材料-电子料,集成电路1（IC）,外购,64.00,,,1.00,0.736986,未上架
849-000192,M3X10+4单头六角铜柱，六角对边尺寸4.6,M3*10+4mm单头六角铜柱，本色，外牙M3*4mm，内牙M3牙深不低于6mm，六角对边4.6mm，长度10mm,公用物料,pcs,个,原材料-组装料,五金件,外购,15.00,,,1.00,,未上架
468-000565,YS221固定标签(国内),"72.5*17.5mm，PC片表面细磨砂效果；丝印，带背胶，背胶厚度0.1mm,耐60度以上高温",自动驾驶,pcs,个,原材料-包装料,印刷类,外购,21.00,,,1.00,0.720036,未上架
972-000632,CPU,X3ME00IBGTMB-H,公用物料,pcs,个,原材料-电子料,集成电路1（IC）,外购,64.00,,,1.00,94.199964,未上架
539-000036,贴片电阻,"5.9K,0402,1%",公用物料,pcs,个,原材料-电子料,电阻,外购,84.00,,,1.00,0.001469,未上架
725-000072,贴片陶瓷电容,"4.7uF,50V,1206,10%",公用物料,pcs,个,原材料-电子料,电容,外购,70.00,,,1.00,0.200010,未上架
454-000202,肖特基二极管,TM340AF,公用物料,pcs,个,原材料-电子料,二极管,外购,105.00,,,1.00,0.110853,未上架
539-000342,贴片电阻,"30R,1206,1%",公用物料,pcs,个,原材料-电子料,电阻,外购,84.00,,,1.00,0.010961,未上架
353-000163,前底盘系统,,无人车,pcs,个,原材料-半成品,VH300无人车,自制,,,,1.00,,未上架
606-001026,912 包装内衬（new）,,自动驾驶,pcs,个,原材料-包装料,包装材料,外购,14.00,,,1.00,38.500004,未上架
588-000732,YC632_P2_PCBA,YC632_P2_PCBA,无人机,pcs,个,原材料-半成品,已贴线路板,委外,1.00,,,1.00,,未上架
358-000150,NMOS,OCEP050N12GU,公用物料,pcs,个,原材料-电子料,晶体管,外购,0.00,,,1.00,,未上架
849-000902,TB系列钣金件配件-右摄像头安装转接板-洋马农机,材质R235，表面喷黑长宽高=80*55*10mm,公用物料,pcs,个,原材料-组装料,五金件,外购,35.00,,,1.00,,未上架
795-000802,电调铜条6,T2紫铜，33*10.5*0.8，矩形切口,无人机,pcs,个,原材料-组装料,通用机械零件,外购,33.00,,,1.00,0.514037,未上架
165-001322,YN540pro雷达感应线圈屏蔽壳,圆形，最大外径φ47mm，高度38.75mm,无人机,pcs,个,原材料-组装料,加工零部件（外壳、硅胶按键、标签等）,外购,42.00,,,1.00,,未上架
972-000001,SPI NOR FLASH,X25Q128JVSIQTR,公用物料,pcs,个,原材料-电子料,集成电路1（IC）,外购,84.00,,,1.00,,未上架
539-000016,贴片电阻,"75K,0402,1%",公用物料,pcs,个,原材料-电子料,电阻,外购,84.00,,,1.00,0.001469,未上架
165-001963,YN580感应线圈发射端固定铝件,环形，φ35.6mm，高度6.8mm；钝化，本色,无人机,pcs,个,原材料-组装料,加工零部件（外壳、硅胶按键、标签等）,外购,35.00,,,1.00,,未上架
972-000519,微处理器,BT32F403AVGT7,公用物料,pcs,个,原材料-电子料,集成电路1（IC）,外购,56.00,,,1.00,5.500049,未上架
165-002644,YS221接收机上壳,182.8*175.2*32.6mm；材料：BBS30%+QC70% ，热熔铜螺母 工艺：灰白，表面细磨砂效果+丝印,自动驾驶,pcs,个,原材料-组装料,加工零部件（外壳、硅胶按键、标签等）,外购,35.00,,,1.00,20.290054,未上架
539-000540,贴片电阻,38.3K，0402，1%,公用物料,pcs,个,原材料-电子料,电阻,外购,84.00,,,1.00,0.001469,未上架
308-000037,YN525_后离心喷头直连线束组件,,无人机,pcs,个,原材料-半成品,HD525整机,自制,1.00,,,1.00,,未上架
838-000322,YN540S_航电WiFi天线,2.4&5.8G PCB内置天线,无人机,pcs,个,原材料-包装料,天线、传感器&摄像头,外购,35.00,,,1.00,,未上架
588-000545,YS403_X3M主板_P2_S01_PCBA,YS403_X3M_P2_S01_PCBA,无人机,pcs,个,原材料-半成品,已贴线路板,委外,10.00,,,1.00,,未上架
165-001861,YN580探照灯铝基板,L*W*H：101*53*3.1mm；铝基板：白色,无人机,pcs,个,原材料-组装料,加工零部件（外壳、硅胶按键、标签等）,外购,35.00,,,1.00,47.500002,未上架
165-002626,YC400友农贴膜,YC400终端友农logo贴膜,智能播种,pcs,个,原材料-组装料,加工零部件（外壳、硅胶按键、标签等）,外购,21.00,,,1.00,0.800040,未上架
321-000374,遥控器波轮左小板P1 PCB,YN402_ROCKER_LEFT_CON_P1_PCB,无人机,pcs,个,原材料-电子料,印刷线路板,外购,30.00,,,1.00,0.609974,未上架
733-000024,贴片磁珠,CLM18SG121TN1D,公用物料,pcs,个,原材料-电子料,电感,外购,112.00,,,1.00,0.116955,未上架
539-000090,贴片电阻,"12.1K,0402,1%",公用物料,pcs,个,原材料-电子料,电阻,外购,84.00,,,1.00,0.001469,未上架
733-000206,贴片磁珠,IZ1005K102TFB01,公用物料,pcs,个,原材料-电子料,电感,外购,105.00,,,1.00,0.021018,未上架
795-001223,YC632离心喷头电机,L*W*H：φ69*72mm； 外壳材质：6061铝，表面氧化黑色,无人机,pcs,个,原材料-组装料,通用机械零件,外购,42.00,,,1.00,,未上架
165-001416,YN402_顶部按键小板支架,灰色塑胶件,无人机,pcs,个,原材料-组装料,加工零部件（外壳、硅胶按键、标签等）,外购,35.00,,,1.00,,未上架
527-000037,贴片无源晶振,RTS3032768J13T,公用物料,pcs,个,原材料-电子料,晶体振荡器,外购,28.00,,,1.00,0.509969,未上架
972-000558,移远通信模块,TC668SEMNA-F61-UGNDA,公用物料,pcs,个,原材料-电子料,集成电路1（IC）,外购,64.00,,,1.00,1006.540042,未上架
588-000584,YS506_V2_定高FPC_40PIN_P0_S01_PCBA,YS506_V2_定高FPC_40PIN_P0_S01_PCBA,无人机,pcs,个,原材料-半成品,已贴线路板,委外,13.00,,,1.00,,未上架
321-000433,YS403_元橡左FPC_P1_PCB,YS403_YX_FPC_LEFT_P1_PCB,无人机,pcs,个,原材料-电子料,印刷线路板,外购,35.00,,,1.00,,未上架
994-000487,YN580后离心喷头直连线束,,无人机,pcs,个,原材料-组装料,线束（组装线束）,外购,35.00,,,1.00,,未上架
356-000429,4PIN 卧插线对板连接器2.5pitch,ZZKA2501WR-4P,公用物料,pcs,个,原材料-组装料,连接器1（电子）,外购,25.00,,,1.00,0.080004,未上架
539-000122,贴片电阻,"41.2K,0603,1%",公用物料,pcs,个,原材料-电子料,电阻,外购,84.00,,,1.00,0.002825,未上架
972-000631,LPDDR4,K4FBE3D4HB-KHCL,公用物料,pcs,个,原材料-电子料,集成电路1（IC）,外购,112.00,,,1.00,461.654946,未上架
539-000388,热敏电阻,OCP18XH103F03RB,公用物料,pcs,个,原材料-电子料,电阻,外购,112.00,,,1.00,0.116955,未上架
795-000617,航电V2散热硅胶垫3,6W导热硅胶，21*16*1mm，浅灰色,无人机,pcs,个,原材料-组装料,通用机械零件,外购,14.00,,,1.00,,未上架
972-000458,电压比较器,SS331XF,公用物料,pcs,个,原材料-电子料,集成电路1（IC）,外购,42.00,,,1.00,0.224983,未上架
356-000294,14PIN双排排母,3243-207MG0ABNUR8,公用物料,pcs,个,原材料-组装料,连接器1（电子）,外购,28.00,,,1.00,0.540027,未上架
539-000383,贴片电阻,"8.25K,0402,1%",公用物料,pcs,个,原材料-电子料,电阻,外购,84.00,,,1.00,0.001469,未上架
994-000455,YN580电调信号线束接口板端_H,,无人机,pcs,个,原材料-组装料,线束（组装线束）,外购,35.00,,,1.00,,未上架
972-000737,EMMC,SS70B32G4S15G,公用物料,pcs,个,原材料-电子料,集成电路1（IC）,外购,72.00,,,1.00,179.999960,未上架
539-000345,贴片电阻,"220K,0402,1%",公用物料,pcs,个,原材料-电子料,电阻,外购,84.00,,,1.00,0.002825,未上架
849-000636,M2*4_不锈钢十字大扁头尖尾自攻螺丝,304不锈钢，本色，中性盐雾72小时,公用物料,pcs,个,原材料-组装料,五金件,外购,17.00,,,1.00,,未上架
972-000624,MCU,GS32R294HAK0MJDR,公用物料,pcs,个,原材料-电子料,集成电路1（IC）,外购,168.00,,,1.00,116.499949,未上架
165-001486,YN501卡扣2,"28.9*15.5*9.7mm，ABS+PC,黑色，表面皮纹处理",自动驾驶,pcs,个,原材料-组装料,加工零部件（外壳、硅胶按键、标签等）,外购,35.00,,,1.00,,未上架
895-000033,新无线机具识别器按键,按键直径8，高度10.9,公用物料,pcs,个,原材料-组装料,开关,外购,18.00,,,1.00,0.329960,未上架
468-000655,YN580用户手册-中性英文版,580V3用,无人机,pcs,个,原材料-包装料,印刷类,外购,1.00,,,1.00,7.999948,未上架
690-000027,双色贴片发光二极管,TP0605URPGC,公用物料,pcs,个,原材料-电子料,发光二极管,外购,30.00,,,1.00,0.180009,未上架
733-000166,贴片功率电感,IPIM322512-S22M,公用物料,pcs,个,原材料-电子料,电感,外购,28.00,,,1.00,0.309959,未上架
364-000019,贴片自恢复保险丝,TMD0603B004TF,公用物料,pcs,个,原材料-电子料,保险丝&蜂鸣器类,外购,133.00,,,1.00,,未上架
539-000254,贴片电阻,"2.2M,0402,1%",公用物料,pcs,个,原材料-电子料,电阻,外购,98.00,,,1.00,0.001469,未上架
895-000090,轻触开关,K2-2266-180-00-250,公用物料,pcs,个,原材料-组装料,开关,外购,28.00,,,1.00,0.095033,未上架
849-001195,摆臂面板,"R235,哑光黑RAL 9011",无人车,pcs,个,原材料-组装料,五金件,外购,1.00,,,1.00,68.000010,未上架
539-000141,贴片电阻,"17.4K,0402,1%",公用物料,pcs,个,原材料-电子料,电阻,外购,84.00,,,1.00,0.001469,未上架
539-000152,贴片电阻,"10M,0402,1%",公用物料,pcs,个,原材料-电子料,电阻,外购,84.00,,,1.00,0.001921,未上架
454-000157,稳压二极管,NMSZ5270BT1G,公用物料,pcs,个,原材料-电子料,二极管,外购,1.00,,,1.00,,未上架
356-000292,单排卧贴插座,ZZKWF12547-102ZSNAR1,公用物料,pcs,个,原材料-组装料,连接器1（电子）,外购,25.00,,,1.00,0.120006,未上架
733-000244,贴片共模电感,BMCW3225B-2-101T,公用物料,pcs,个,原材料-电子料,电感,外购,105.00,,,1.00,,未上架
165-001456,YC400 P5前壳,171*93.5*14.5，带M4*6*6的铜螺母，带79.75*55*1.5点胶槽位,智能播种,pcs,个,原材料-组装料,加工零部件（外壳、硅胶按键、标签等）,外购,28.00,,,1.00,,未上架
972-000702,角度检测解码芯片,NT6709QC-STD,公用物料,pcs,个,原材料-电子料,集成电路1（IC）,外购,90.00,,,1.00,9.800038,未上架
165-002068,YS508机尾雷达散热片5,6W导热硅胶垫，尺寸：28*28*1mm,无人机,pcs,个,原材料-组装料,加工零部件（外壳、硅胶按键、标签等）,外购,14.00,,,1.00,,未上架
588-000664,YC302B_自研电调灯板_P0_PCBA,YC302B_自研电调灯板_P0_PCBA,无人机,pcs,个,原材料-半成品,已贴线路板,委外,1.00,,,1.00,,未上架
165-000266,701pro摄像头连接器防水胶套,黑色橡胶套，直径11mm，长20mm,自动驾驶,pcs,个,原材料-组装料,加工零部件（外壳、硅胶按键、标签等）,外购,21.00,,,1.00,0.056500,未上架
725-000074,贴片陶瓷电容,"20pf,50V,0402,5%",公用物料,pcs,个,原材料-电子料,电容,外购,28.00,,,1.00,0.006102,未上架
165-001817,YN580前接口板壳体,黑色塑胶QA66+30%GF，热熔铜螺母,无人机,pcs,个,原材料-组装料,加工零部件（外壳、硅胶按键、标签等）,外购,28.00,,,1.00,9.240010,未上架
588-000551,YN580电调灯板PCBA,YN580电调灯板PCBA,无人机,pcs,个,原材料-半成品,已贴线路板,委外,13.00,,,1.00,,未上架
549-000881,方向盘本体_铭牌_宁波威盛,方向盘直径φ410，方向盘来料时需铆压好产品和二维码空白铭牌；,自动驾驶,pcs,个,原材料-包装料,外购设备类,外购,28.00,,,1.00,,未上架
356-000283,12芯（2+10）连接器板端_插针_黑色,C615-1001 焊板式防水连接器 2+10P_黑色,公用物料,pcs,个,原材料-组装料,连接器1（电子）,外购,35.00,,,1.00,8.799988,未上架
539-000409,贴片电阻,"1K,0402,1%",公用物料,pcs,个,原材料-电子料,电阻,外购,56.00,,,1.00,0.001808,未上架
165-001976,YN580旋转雷达BTB连接器缓冲泡棉1,单面背胶缓冲泡棉，L*W*H：13*4.8*1.5mm,无人机,pcs,个,原材料-组装料,加工零部件（外壳、硅胶按键、标签等）,外购,21.00,,,1.00,,未上架
725-000366,贴片陶瓷电容,47nF 16V 1402 10% X7R,公用物料,pcs,个,原材料-电子料,电容,外购,77.00,,,1.00,0.003164,未上架
454-000285,稳压二极管,CZD52C20,公用物料,pcs,个,原材料-电子料,二极管,外购,56.00,,,1.00,0.072433,未上架
539-000517,贴片电阻,"348k,0402,1%",公用物料,pcs,个,原材料-电子料,电阻,外购,98.00,,,1.00,0.001469,未上架
795-001188,长圆橡胶堵盖,50*120,无人车,pcs,个,原材料-组装料,通用机械零件,外购,28.00,,,1.00,2.834040,未上架
972-000473,LED驱动器芯片,BW9666QNR,公用物料,pcs,个,原材料-电子料,集成电路1（IC）,外购,392.00,,,1.00,0.609974,未上架
356-000375,40PIN双排排母,ZZK2243-220MG0ANBUR4,公用物料,pcs,个,原材料-组装料,连接器1（电子）,外购,25.00,,,1.00,1.234977,未上架
994-000280,UA400通用-M线束,40mm八芯BWG24护套线 天海连接器0434701 DS-M8母头,智能定位,pcs,个,原材料-组装料,线束（组装线束）,外购,35.00,,,1.00,,未上架
165-000721,YN501_密封圈（外径21X1.5),外径E21线径1.5;红色，耐高温无毒硅胶O型圈;硬度60±10,公用物料,pcs,个,原材料-组装料,加工零部件（外壳、硅胶按键、标签等）,外购,14.00,,,1.00,,未上架
549-001147,YN580动力电机CCW_EVK_M10_中性,,无人机,pcs,个,原材料-包装料,外购设备类,外购,48.00,,,1.00,,未上架
356-000251,白色贴片插座母座,XB1502A-002R-TAND,公用物料,pcs,个,原材料-组装料,连接器1（电子）,外购,25.00,,,1.00,0.140007,未上架
165-001466,YN408_手柄保护套,硅胶，80°，自带3.0mm背胶,自动驾驶,pcs,个,原材料-组装料,加工零部件（外壳、硅胶按键、标签等）,外购,21.00,,,1.00,,未上架
994-000329,YC400终端线束_P5,昌俊M12防水公头*3(1个4P，1个2P，2个3P)；HX12防水4P母头；16芯BWG26护套线，外径7mm，线长110mm；灿达连接器：B2004HB-2x8,智能播种,pcs,个,原材料-组装料,线束（组装线束）,外购,35.00,,,1.00,,未上架
994-000068,701两芯电源线,硅胶软线，L=60mm,监测终端,pcs,个,原材料-组装料,线束（组装线束）,外购,35.00,,,1.00,5.500049,未上架
165-001208,701底板组件,L*W*H=179.8*119.8*25.2mm，预埋两颗M6铜螺母,监测终端,pcs,个,原材料-组装料,加工零部件（外壳、硅胶按键、标签等）,外购,28.00,,,1.00,,未上架
849-001300,M4*50_304不锈钢内六角圆柱头防脱落螺栓,M4x40  304不锈钢,无人车,pcs,个,原材料-组装料,五金件,外购,1.00,,,1.00,0.335610,未上架
454-000304,ESD静电保护芯片,TRV05-4A,公用物料,pcs,个,原材料-电子料,二极管,外购,56.00,,,1.00,0.120006,未上架
165-001436,YN402_扭簧固定支架,灰色塑胶，外观面晒纹,无人机,pcs,个,原材料-组装料,加工零部件（外壳、硅胶按键、标签等）,外购,35.00,,,1.00,,未上架
356-000401,2P电源连接器板端_插针_黑色,C615-0110，焊板式防水连接器 2P插针，黑色,公用物料,pcs,个,原材料-组装料,连接器1（电子）,外购,35.00,,,1.00,11.199995,未上架
165-000770,YN501MOS屏蔽罩,67.53*47.1*5.65，不锈钢,自动驾驶,pcs,个,原材料-组装料,加工零部件（外壳、硅胶按键、标签等）,外购,21.00,,,1.00,,未上架
725-000079,贴片陶瓷电容,"470nF,50V,0402,10%",公用物料,pcs,个,原材料-电子料,电容,外购,98.00,,,1.00,0.120006,未上架
972-000768,DC-DC芯片,UMI3112H,公用物料,pcs,个,原材料-电子料,集成电路1（IC）,外购,42.00,,,1.00,0.200010,未上架
165-003486,590机尾上外罩_橙色,480x165.5x82mm，色号：QT1505C，PP+30%gf，橙色塑胶，表面晒纹,无人机,pcs,个,原材料-组装料,加工零部件（外壳、硅胶按键、标签等）,外购,28.00,,,1.00,,未上架
165-000858,YN540PRO_气压计支架,黑色塑胶，PC+ABS,无人机,pcs,个,原材料-组装料,加工零部件（外壳、硅胶按键、标签等）,外购,28.00,,,1.00,,未上架
849-001431,M8*16*6四方螺母,,无人车,pcs,个,原材料-组装料,待分类,外购,1.00,,,1.00,,未上架
363-000538,称重传感器线束,,无人车,pcs,个,原材料-包装料,线束（包装线束）,外购,35.00,,,1.00,59.999949,未上架
849-001287,M3*24_304不锈钢十字盘头螺栓,M3*24  304不锈钢,无人车,pcs,个,原材料-组装料,五金件,外购,1.00,,,1.00,0.058082,未上架
358-000063,N沟道MOS管,BOTL66912,公用物料,pcs,个,原材料-电子料,晶体管,外购,140.00,,,1.00,13.399992,未上架
725-000060,贴片陶瓷电容,"3.3nF,50V,0402,10%",公用物料,pcs,个,原材料-电子料,电容,外购,126.00,,,1.00,0.004181,未上架
849-001209,快拆结构上组件,R235，哑光黑RAL 9011,无人车,pcs,个,原材料-组装料,五金件,外购,1.00,,,1.00,77.999945,未上架
321-000371,YC402_SK3568主板_P2_PCB,YC402_SK3568_P2_PCB,无人机,pcs,个,原材料-电子料,印刷线路板,外购,35.00,,,1.00,37.999979,未上架
838-000305,YN402 MAIN-EM 主天线,YN402MAIN-SC668S-EM-V1.0,无人机,pcs,个,原材料-包装料,天线、传感器&摄像头,外购,35.00,,,1.00,,未上架
363-000572,作业通讯线束,,无人车,pcs,个,原材料-包装料,线束（包装线束）,外购,35.00,,,1.00,7.004079,未上架
849-000335,新无线机具识别器塔簧,线径0.3，高度6.5，小径内径5.5，大径内径10.5,公用物料,pcs,个,原材料-组装料,五金件,外购,17.00,,,1.00,,未上架
165-003216,580V3喷头转接件,材料：QA66+30%GF，黑色 ，模内注塑M3*D5.5*L6螺母,无人机,pcs,个,原材料-组装料,加工零部件（外壳、硅胶按键、标签等）,外购,28.00,,,1.00,5.939958,未上架
795-000437,YN540pro旋转雷达无线WiFi板背胶,环形，外径φ6，内径φ4，9495LE（3M）,无人机,pcs,个,原材料-组装料,通用机械零件,外购,17.00,,,1.00,,未上架
725-000354,贴片陶瓷电容,"100PF,50V,0603,5%",公用物料,pcs,个,原材料-电子料,电容,外购,60.00,,,1.00,0.007006,未上架
849-001349,不锈钢套筒φ6*4*13,304不锈钢加长套柱φ6*4*13,无人机,pcs,个,原材料-组装料,五金件,外购,1.00,,,1.00,,未上架
606-000380,北斗智能平板十寸单屏内托,珍珠棉EPE:305mm*250mm*80mm*20mm,智能大屏,pcs,个,原材料-包装料,包装材料,外购,14.00,,,1.00,2.749968,未上架
321-000370,YC102导航手柄_P1_PCB,YC102_Navigation_Handle_P1_PCB,自动驾驶,pcs,个,原材料-电子料,印刷线路板,外购,35.00,,,1.00,2.509956,未上架
795-000265,701pro屏蔽框,30.55*20.5*2.0，洋白铜,自动驾驶,pcs,个,原材料-组装料,通用机械零件,外购,21.00,,,1.00,,未上架
356-000503,双排卧贴插座,ZZKA2006CWR-2x8P,公用物料,pcs,个,原材料-组装料,连接器1（电子）,外购,25.00,,,1.00,0.329960,未上架
733-000082,功率电感,XPN252012ER47MT,公用物料,pcs,个,原材料-电子料,电感,外购,28.00,,,1.00,0.150968,未上架
165-002076,YN580机尾上外罩盖板_机尾雷达三合一,273x150x23mm    PP+30%gf，橙色塑胶，表面晒纹,无人机,pcs,个,原材料-组装料,加工零部件（外壳、硅胶按键、标签等）,外购,28.00,,,1.00,,未上架
994-000403,YS410鱼眼摄像头线束,,无人机,pcs,个,原材料-组装料,线束（组装线束）,外购,35.00,,,1.00,,未上架
321-000578,YC403_SK3576_P1.1_PCB,YC403_SK3576_P1.1_PCB,无人机,pcs,个,原材料-电子料,印刷线路板,外购,45.00,,,1.00,34.360023,未上架
588-000500,YN402_遥控器主板_P2_PCBA (TC668S-EM版本),YN402_遥控器主板_P2_PCBA (TC668S-EM版本),无人机,pcs,个,原材料-半成品,已贴线路板,委外,33.00,,,1.00,,未上架
321-000487,YS508_FPC_40PIN_P0_PCB,YS508_FPC_40PIN_P0_PCB,无人机,pcs,个,原材料-电子料,印刷线路板,外购,35.00,,,1.00,1.799977,未上架
849-001188,外侧支架,"R235,哑光黑RAL 9011",无人车,pcs,个,原材料-组装料,五金件,外购,1.00,,,1.00,201.420014,未上架
165-002514,150电调MOS面导热垫3,材质:8W导热硅胶，厚度1.8mm,无人机,pcs,个,原材料-组装料,加工零部件（外壳、硅胶按键、标签等）,外购,14.00,,,1.00,0.944793,未上架
588-000430,YC400_Terminal_P5_S01_PCBA,YC400_Terminal_P5_S01_PCBA,智能播种,pcs,个,原材料-半成品,已贴线路板,委外,33.00,,,1.00,,未上架
321-000456,YS506_V2_转子板_FPGA_P2_PCB,YS506_V2_转子板_FPGA_P2_PCB,无人机,pcs,个,原材料-电子料,印刷线路板,外购,45.00,,,1.00,11.199995,未上架
972-000685,仪表放大器,JNA104ASOIC8,公用物料,pcs,个,原材料-电子料,集成电路1（IC）,外购,42.00,,,1.00,2.800027,未上架
733-000207,功率电感,TPH4030HR47NT,公用物料,pcs,个,原材料-电子料,电感,外购,140.00,,,1.00,0.196959,未上架
733-000078,贴片磁珠,VPZ1608U220-6R0TF,公用物料,pcs,个,原材料-电子料,电感,外购,98.00,,,1.00,0.027007,未上架
539-000571,贴片电阻,100k，1206，1%,公用物料,pcs,个,原材料-电子料,电阻,外购,84.00,,,1.00,0.010961,未上架
539-000341,贴片电阻,"10K,1206,1%",公用物料,pcs,个,原材料-电子料,电阻,外购,84.00,,,1.00,0.008362,未上架
838-000336,YN580雷达无线WiFi接收端焊接馈线-120mm,线长120mm，线径1.37mm，ipex座子1代,无人机,pcs,个,原材料-包装料,天线、传感器&摄像头,外购,35.00,,,1.00,,未上架
306-000005,YN503_前壳预装组件（412）,,自动驾驶,pcs,个,原材料-半成品,412整机,自制,1.00,,,1.00,,未上架
321-000375,YN402遥控器电池转接板P1 PCB,YN402_BAT_CON_P1_PCB,无人机,pcs,个,原材料-电子料,印刷线路板,外购,30.00,,,1.00,1.049996,未上架
539-000175,贴片电阻,"0R,0402,1%",公用物料,pcs,个,原材料-电子料,电阻,外购,35.00,,,1.00,0.001243,未上架
791-000016,YN403显示终端整机_预装组件_插秧机,406终端整机预组装RAM球头基座+4颗M5*12不锈钢螺丝,自动驾驶,pcs,个,原材料-半成品,406整机,自制,,,,1.00,,未上架
994-000538,YN525_电调信号连接线(后),,无人机,pcs,个,原材料-组装料,线束（组装线束）,外购,35.00,,,1.00,,未上架
539-000082,贴片电阻,"243K,0402,1%",公用物料,pcs,个,原材料-电子料,电阻,外购,84.00,,,1.00,0.001921,未上架
849-001196,驱动轴带双排链齿总成,40Cr,无人车,pcs,个,原材料-组装料,五金件,外购,1.00,,,1.00,75.999958,未上架
539-000633,贴片电阻,"68R,0402,±1%",公用物料,pcs,个,原材料-电子料,电阻,外购,84.00,,,1.00,0.003955,未上架
795-000814,YN580电调信号连接器热缩管,Φ14mm热缩管，长度40mm,无人机,pcs,个,原材料-组装料,通用机械零件,外购,13.00,,,1.00,0.040567,未上架
165-003384,外导流管,"PA+30%GF,黑色",无人车,pcs,个,原材料-组装料,加工零部件（外壳、硅胶按键、标签等）,外购,1.00,,,1.00,39.999966,未上架
725-000522,直插铝电解电容,直插铝电解电容，330uF，100V，E12.5xL35mm， ±20% ，-40℃~+105℃，10000hrs@105℃；,公用物料,pcs,个,原材料-电子料,电容,外购,40.00,,,1.00,1.899982,未上架
356-000191,CT25-02V240-12A电池座,CT25-02V240-12A,公用物料,pcs,个,原材料-组装料,连接器1（电子）,外购,25.00,,,1.00,0.785011,未上架
165-003007,150电调三相电堵盖,L*W*H：56.8*31.8*11.5mm,无人机,pcs,个,原材料-组装料,加工零部件（外壳、硅胶按键、标签等）,外购,28.00,,,1.00,1.504821,未上架
690-000008,直插发光二极管,"Red,304-10SURDS530-A3-L_V3",公用物料,pcs,个,原材料-电子料,发光二极管,外购,35.00,,,1.00,0.109949,未上架
994-000467,YS508机尾雷达线束,,无人机,pcs,个,原材料-组装料,线束（组装线束）,外购,35.00,,,1.00,,未上架
539-000171,贴片电阻,"30.9K,0402,1%",公用物料,pcs,个,原材料-电子料,电阻,外购,112.00,,,1.00,0.003051,未上架
260-000038,YC400播种终端(网络版)整机,,智能播种,pcs,个,原材料-半成品,UC400整机,自制,1.00,,,1.00,,未上架
165-000229,701pro密封圈（摄像头）,外径E17*线径1.5;红色，耐高温无毒硅胶O型圈;硬度60±10,自动驾驶,pcs,个,原材料-组装料,加工零部件（外壳、硅胶按键、标签等）,外购,21.00,,,1.00,0.043957,未上架
725-000160,贴片陶瓷电容,"16pf,50v,0402,5%",公用物料,pcs,个,原材料-电子料,电容,外购,84.00,,,1.00,,未上架
725-000167,贴片陶瓷电容,"100uF,10V,1210,20%",公用物料,pcs,个,原材料-电子料,电容,外购,70.00,,,1.00,0.566356,未上架
895-000089,轻触开关,K2-2266-160-00-250,公用物料,pcs,个,原材料-组装料,开关,外购,28.00,,,1.00,0.100005,未上架
849-001262,M10*26_外六角法兰面螺栓,M10*1.5*26  10.9级黑色达克罗,无人车,pcs,个,原材料-组装料,五金件,外购,1.00,,,1.00,0.905130,未上架
994-000630,YC400采集器下接一拖四线(4种，2.7m)（屏蔽层版）,,智能播种,pcs,个,原材料-组装料,线束（组装线束）,外购,35.00,,,1.00,,未上架
539-000120,贴片电阻,"20K,0603,1%",公用物料,pcs,个,原材料-电子料,电阻,外购,84.00,,,1.00,0.003503,未上架
539-000378,贴片电阻,"24R,0402,1%",公用物料,pcs,个,原材料-电子料,电阻,外购,112.00,,,1.00,0.002825,未上架
849-001182,盖板铰链支架,"R235,哑光黑RAL 9011",无人车,pcs,个,原材料-组装料,五金件,外购,1.00,,,1.00,30.000031,未上架
849-000023,M3X8+4单头六角铜柱，六角对边尺寸4.6,M3*8+4mm单头六角铜柱，本色，外牙M3*4，内牙M3牙深不低于6mm，六角对边4.6mm，长度8mm,公用物料,pcs,个,原材料-组装料,五金件,外购,15.00,,,1.00,,未上架
356-000616,勤本2P电源连接器板端_插针_黑色,焊板式防水连接器 2P插针，黑色,无人机,pcs,个,原材料-组装料,连接器1（电子）,外购,35.00,,,1.00,,未上架
725-000118,贴片陶瓷电容,"22uf,10V,0805,20%",公用物料,pcs,个,原材料-电子料,电容,外购,70.00,,,1.00,0.056952,未上架
725-000352,贴片陶瓷电容,"1nF,100V,0805,10%",公用物料,pcs,个,原材料-电子料,电容,外购,98.00,,,1.00,0.018984,未上架
539-000487,高精度贴片电阻,"15K,0402,0.1%",公用物料,pcs,个,原材料-电子料,电阻,外购,133.00,,,1.00,0.067009,未上架
588-000634,YS508_3T4R_80G_9232_P0_PCBA,YS508_3T4R_80G_9232_P0_PCBA,无人机,pcs,个,原材料-半成品,已贴线路板,委外,13.00,,,1.00,,未上架
867-000010,友安北斗智能仪表系统,UB201L,智能大屏,pcs,个,原材料-半成品,TB200整机,自制,1.00,,,1.00,,未上架
795-001192,轴承套,45*35*5,无人车,pcs,个,原材料-组装料,通用机械零件,外购,1.00,,,1.00,4.247218,未上架
539-000304,贴片电阻,"137K,0402,1%",公用物料,pcs,个,原材料-电子料,电阻,外购,84.00,,,1.00,0.003051,未上架
308-000020,YN525集成药箱A组件,,无人机,pcs,个,原材料-半成品,HD525整机,自制,1.00,,,1.00,,未上架
849-001246,水箱固定支架,R235 所有表面，黑色哑光金属漆；RAL 0011 Graphitschwarz,无人车,pcs,个,原材料-组装料,五金件,外购,1.00,,,1.00,270.000053,未上架
795-000441,YN540pro旋转雷达无线WIFI导热硅胶片,L*W*H=12*12*1.2mm，6W,无人机,pcs,个,原材料-组装料,通用机械零件,外购,14.00,,,1.00,,未上架
849-001192,内侧轴承挡圈,"R235,哑光黑RAL 9011",无人车,pcs,个,原材料-组装料,五金件,外购,1.00,,,1.00,28.000044,未上架
795-001181,橡胶过线圈,22*28,无人车,pcs,个,原材料-组装料,通用机械零件,外购,28.00,,,1.00,4.181000,未上架
849-001278,M2*6_内六角盘头螺栓,M2*6 45#,无人车,pcs,个,原材料-组装料,五金件,外购,1.00,,,1.00,0.035030,未上架
525-000200,580V3无人机主机_双离心版总装（双目_欧亚版）,,无人机,pcs,个,原材料-半成品,HD580组件整机,自制,1.00,,,1.00,,未上架
356-000613,勤本8芯（4+4）连接器板端_插针_黑色,焊板式防水连接器 4+4P_黑色,无人机,pcs,个,原材料-组装料,连接器1（电子）,外购,35.00,,,1.00,,未上架
972-000625,NOR FLASH,NX25U25645GXDQ00,公用物料,pcs,个,原材料-电子料,集成电路1（IC）,外购,140.00,,,1.00,23.999957,未上架
972-000215,CAN收发器,UJA1042T/3,公用物料,pcs,个,原材料-电子料,集成电路1（IC）,外购,1.00,,,1.00,12.088740,未上架
539-000200,贴片电阻,"5.1R,1206,1%",公用物料,pcs,个,原材料-电子料,电阻,外购,84.00,,,1.00,0.025990,未上架
356-000341,RF射频同轴连接器,RF-YN125-1,公用物料,pcs,个,原材料-组装料,连接器1（电子）,外购,60.00,,,1.00,0.140007,未上架
588-000296,YS504_雷达转子板_P2.1_S01_PCBA,YS504_雷达转子板_P2.1_S01_PCBA,无人机,pcs,个,原材料-半成品,已贴线路板,委外,33.00,,,1.00,,未上架
849-001391,M6*45_法兰面防松外六角螺母,,无人车,pcs,个,原材料-组装料,五金件,外购,1.00,,,1.00,,未上架
972-000716,DDR4,GDQ2BFAA-WQ,公用物料,pcs,个,原材料-电子料,集成电路1（IC）,外购,84.00,,,1.00,105.000052,未上架
539-000249,贴片电阻,"82.5K,0402,1%",公用物料,pcs,个,原材料-电子料,电阻,外购,84.00,,,1.00,0.001469,未上架
795-000636,YN540S_离心喷头_散热硅胶垫2,6W导热硅胶，24.5*8.7*1mm;灰色，6w.mk,无人机,pcs,个,原材料-组装料,通用机械零件,外购,14.00,,,1.00,,未上架
972-000770,DCDC转换器,TCT2230DTVDR,公用物料,pcs,个,原材料-电子料,集成电路1（IC）,外购,56.00,,,1.00,0.309959,未上架
165-002401,YS410鱼眼摄像头前壳V1.1,"尺寸：117.5*72.5*43.3mm；材料：BDC12；工艺：黑色,外观面喷粉",无人机,pcs,个,原材料-组装料,加工零部件（外壳、硅胶按键、标签等）,外购,35.00,,,1.00,14.999959,未上架
795-000946,YN503主板电源屏蔽罩支架,洋白铜，外观尺寸：30*20.3*4.8mm，厚度0.2mm,自动驾驶,pcs,个,原材料-组装料,通用机械零件,外购,21.00,,,1.00,0.420021,未上架
725-000242,贴片陶瓷电容,"100nf,10v,0201,10%,X7R",公用物料,pcs,个,原材料-电子料,电容,外购,112.00,,,1.00,0.016950,未上架
539-000318,贴片电阻,"0R,1206,5%",公用物料,pcs,个,原材料-电子料,电阻,外购,35.00,,,1.00,0.005650,未上架
454-000175,TVS二极管,TMBJ36CA,公用物料,pcs,个,原材料-电子料,二极管,外购,56.00,,,1.00,0.149951,未上架
539-000591,贴片电阻,1R，0402，1%,公用物料,pcs,个,原材料-电子料,电阻,外购,84.00,,,1.00,0.003842,未上架
165-002058,YS508机尾雷达主板支架,BDC12压铸铝，攻牙，表面钝化,无人机,pcs,个,原材料-组装料,加工零部件（外壳、硅胶按键、标签等）,外购,28.00,,,1.00,,未上架
539-000368,贴片电阻,"10R,2512,1%",公用物料,pcs,个,原材料-电子料,电阻,外购,98.00,,,1.00,0.169952,未上架
849-000281,M3*8_不锈钢十字盘头机牙螺丝_整圈耐落,"304不锈钢，本色，强度等级：A2-70,第3到第10个螺牙要整圈涂耐落漆，中性盐雾72小时，符合GB/T 918-2016",公用物料,pcs,个,原材料-组装料,五金件,外购,14.00,,,1.00,,未上架
972-000758,eMMC,KLMCG4JEUD-C04Q,公用物料,pcs,个,原材料-电子料,集成电路1（IC）,外购,112.00,,,1.00,95.000004,未上架
101-000002,BW5005DNRZ,BW5005DNRZ,公用物料,pcs,个,原材料-电子料,集成电路2,外购,98.00,,,1.00,0.130063,未上架
358-000097,三极管,MMBT3906LT1G,公用物料,pcs,个,原材料-电子料,晶体管,外购,84.00,,,1.00,0.020114,未上架
539-000066,贴片电阻,"1.5K,0402,1%",公用物料,pcs,个,原材料-电子料,电阻,外购,84.00,,,1.00,0.001469,未上架
165-000805,YN540PRO_飞控板屏蔽框3,0.2mm洋白铜 12.2*12.2*2.7mm,无人机,pcs,个,原材料-组装料,加工零部件（外壳、硅胶按键、标签等）,外购,21.00,,,1.00,,未上架
588-000469,YC540S_SPRINKLER_P1_S01_PCBA,YC540S_SPRINKLER_P1_S01_PCBA,无人机,pcs,个,原材料-半成品,已贴线路板,委外,33.00,,,1.00,,未上架
849-000204,M3*10不锈钢耐落机制螺丝,材料：不锈钢耐落，圆头十字,公用物料,pcs,个,原材料-组装料,五金件,外购,14.00,,,1.00,,未上架
725-000141,贴片陶瓷电容,"10nF,25V,0402,10%",公用物料,pcs,个,原材料-电子料,电容,外购,126.00,,,1.00,0.003503,未上架
321-000510,YC302B_自研电调灯板_P0_PCB,YC302B_自研电调灯板_P0_PCB,无人机,pcs,个,原材料-电子料,印刷线路板,外购,35.00,,,1.00,0.549971,未上架
588-000457,YN402遥控器电池转接板P1_PCBA,YN402_BAT_CON_P1,无人机,pcs,个,原材料-半成品,已贴线路板,委外,33.00,,,1.00,,未上架
795-000620,YN540S_航电导电泡棉2,包裹式导电泡棉，银灰色，40*3*1mm，自然高度1mm，工作高度0.5mm,无人机,pcs,个,原材料-组装料,通用机械零件,外购,21.00,,,1.00,,未上架
165-003399,喷洒风扇固定架盖,"PA+30%GF,黑色哑光金属漆",无人车,pcs,个,原材料-组装料,加工零部件（外壳、硅胶按键、标签等）,外购,1.00,,,1.00,129.999946,未上架
356-000615,勤本12芯（2+10）连接器板端_插针_黑色,焊板式防水连接器 2+10P_黑色,无人机,pcs,个,原材料-组装料,连接器1（电子）,外购,35.00,,,1.00,,未上架
539-000076,贴片电阻,"33K,0402,1%",公用物料,pcs,个,原材料-电子料,电阻,外购,84.00,,,1.00,0.001921,未上架
972-000610,CAN收发器,UPT1042V-SO1R-S,公用物料,pcs,个,原材料-电子料,集成电路1（IC）,外购,112.00,,,1.00,0.760038,未上架
165-003445,插栓式保险片250A,XCPF0250A-60,无人车,pcs,个,原材料-组装料,加工零部件（外壳、硅胶按键、标签等）,外购,1.00,,,1.00,13.050031,未上架
725-000134,贴片陶瓷电容,"10nf,100V,1206,5%",公用物料,pcs,个,原材料-电子料,电容,外购,112.00,,,1.00,0.075032,未上架
733-000132,贴片共模电感,BCMA4532HT-110Y,公用物料,pcs,个,原材料-电子料,电感,外购,98.00,,,1.00,,未上架
358-000149,NPN三极管,MMBT5551LT1G,公用物料,pcs,个,原材料-电子料,晶体管,外购,45.00,,,1.00,0.029945,未上架
838-000285,YN402 4G副天线IPEX-IPEX转接线,YN402 转接跳线，ZK-IPEX1代-1.37黑色线80±2mm,无人机,pcs,个,原材料-包装料,天线、传感器&摄像头,外购,35.00,,,1.00,,未上架
165-001762,YS410鱼眼单目散热硅胶垫2,"13*13*1mm,散热功率：6W；灰色",无人机,pcs,个,原材料-组装料,加工零部件（外壳、硅胶按键、标签等）,外购,14.00,,,1.00,0.145996,未上架
849-001241,作业配电盒主壳体,铝合金，喷砂皓月银,无人车,pcs,个,原材料-组装料,五金件,外购,35.00,,,1.00,123.000048,未上架
353-000166,后摆臂分装组件,,无人车,pcs,个,原材料-半成品,VH300无人车,自制,,,,1.00,,未上架
838-000251,YC400-4G天线_P5,线长35mm，材质FPC+cable+RF1，背胶类型：3M-300LSE，尺寸77.7*15.3mm,智能播种,pcs,个,原材料-包装料,天线、传感器&摄像头,外购,28.00,,,1.00,,未上架
733-000152,贴片绕线电感,ORVD252012-100M,公用物料,pcs,个,原材料-电子料,电感,外购,28.00,,,1.00,0.109949,未上架
725-000418,贴片陶瓷电容,"47uF,6.3V,0805,20%,X5R",公用物料,pcs,个,原材料-电子料,电容,外购,56.00,,,1.00,0.083055,未上架
849-001234,内侧罩,R235，灰白哑光RAL 7047,无人车,pcs,个,原材料-组装料,五金件,外购,1.00,,,1.00,77.999945,未上架
725-000388,贯通型滤波器,"1.5-6GHz 30dB,100pF,50V,1A,0603,20%",公用物料,pcs,个,原材料-电子料,电容,外购,133.00,,,1.00,0.235040,未上架
539-000600,贴片电阻,4.7R，0805，5%，1/4W，防脉冲,公用物料,pcs,个,原材料-电子料,电阻,外购,112.00,,,1.00,0.049833,未上架
733-000122,贴片功率电感,OR4030-3R3M,公用物料,pcs,个,原材料-电子料,电感,外购,30.00,,,1.00,0.108028,未上架
356-000561,双排排母 立贴 2.0Pitch 2X4pin,QF202A62B-04V040-1TR,自动驾驶,pcs,个,原材料-组装料,连接器1（电子）,外购,25.00,,,1.00,0.620031,未上架
849-001291,M3*8_304不锈钢十字盘头螺栓,M3x8  304不锈钢,无人车,pcs,个,原材料-组装料,五金件,外购,1.00,,,1.00,0.043957,未上架
165-003395,喷洒风扇旋转支撑,"PA+30%GF,黑色",无人车,pcs,个,原材料-组装料,加工零部件（外壳、硅胶按键、标签等）,外购,1.00,,,1.00,44.999990,未上架
165-001547,YN408_导航下盖_2,PC+ABC，139.5*19.2*67.76，表面颜色QT4278C,自动驾驶,pcs,个,原材料-组装料,加工零部件（外壳、硅胶按键、标签等）,外购,28.00,,,1.00,,未上架
606-000130,408平地机包装纸箱,,自动驾驶,pcs,个,原材料-包装料,包装材料,外购,14.00,,,1.00,,未上架
838-000330,斯方优化后定位天线-5m,线长5m，单频天线，天线防水等级JP67,监测终端,pcs,个,原材料-包装料,天线、传感器&摄像头,外购,35.00,,,1.00,,未上架
165-000279,壳体密封圈,165*89*2.2，黑色60°硅胶,智能播种,pcs,个,原材料-组装料,加工零部件（外壳、硅胶按键、标签等）,外购,21.00,,,1.00,,未上架
165-002362,YN580药箱盖本体,L*W*H：216*85*54      半透明PP,无人机,pcs,个,原材料-组装料,加工零部件（外壳、硅胶按键、标签等）,外购,28.00,,,1.00,5.300039,未上架
588-000765,YN608_前接口板_P0_PCBA,YN403_FRONT_CONTAOL_BOARD_P0_PCBA,无人车,pcs,个,原材料-半成品,已贴线路板,委外,1.00,,,1.00,,未上架
539-000232,贴片电阻,"36K,1206,1%",公用物料,pcs,个,原材料-电子料,电阻,外购,35.00,,,1.00,0.007910,未上架
165-002736,150圆柱分电板O型密封圈,内径60mm，线径0.8mm，55度黑色硅胶,无人机,pcs,个,原材料-组装料,加工零部件（外壳、硅胶按键、标签等）,外购,8.00,,,1.00,0.395500,未上架
454-000217,肖特基二极管,KSPJ560A,公用物料,pcs,个,原材料-电子料,二极管,外购,56.00,,,1.00,0.264985,未上架
725-000143,贴片陶瓷电容,"22uF,25V,1210,10%",公用物料,pcs,个,原材料-电子料,电容,外购,84.00,,,1.00,0.778005,未上架
972-000764,MPU,TTM32MP257AAL3,公用物料,pcs,个,原材料-电子料,集成电路1（IC）,外购,98.00,,,1.00,48.200037,未上架
356-000390,TYPE-C连接器,TPCA2-16R316-1TR,公用物料,pcs,个,原材料-组装料,连接器1（电子）,外购,25.00,,,1.00,0.549971,未上架
733-000169,贴片磁珠,DBW322513U102T,公用物料,pcs,个,原材料-电子料,电感,外购,30.00,,,1.00,0.174020,未上架
539-000046,贴片电阻,"91K,0402,1%",公用物料,pcs,个,原材料-电子料,电阻,外购,84.00,,,1.00,0.001921,未上架
539-000006,贴片电阻,"4.7K,0402,1%",公用物料,pcs,个,原材料-电子料,电阻,外购,84.00,,,1.00,0.001921,未上架
454-000259,贴片二极管,1N4148WT,公用物料,pcs,个,原材料-电子料,二极管,外购,70.00,,,1.00,0.031527,未上架
363-000559,后分电盒负极线束,,无人车,pcs,个,原材料-包装料,线束（包装线束）,外购,35.00,,,1.00,131.667600,未上架
356-000364,16PIN 双排立插排针2.0pitch,ZZK1220-2208SG0A17001,公用物料,pcs,个,原材料-组装料,连接器1（电子）,外购,25.00,,,1.00,0.540027,未上架
165-002756,150电调铜条面导热垫,"材质:8W导热硅胶，厚度1.6mm,L*W*H：86*49*1.6mm",无人机,pcs,个,原材料-组装料,加工零部件（外壳、硅胶按键、标签等）,外购,14.00,,,1.00,3.619955,未上架
539-000256,贴片电阻,"300K,0805,1%",公用物料,pcs,个,原材料-电子料,电阻,外购,98.00,,,1.00,0.006215,未上架
321-000301,UB200 8寸屏按键板FPC线,12PIN，30*6.5*0.121mm，12PIN转接FPC，异面软排线，印刷字体，,智能大屏,pcs,个,原材料-电子料,印刷线路板,外购,35.00,,,1.00,0.349057,未上架
593-000023,YN300E（超雅）_906AMBD组装bom,,监测终端,pcs,个,原材料-半成品,701整机,自制,1.00,,,1.00,,未上架
849-001356,M10*16风扇旋转螺栓,M10*16,无人车,pcs,个,原材料-组装料,五金件,外购,1.00,,,1.00,1.158024,未上架
165-002724,YN503_散热硅脂_2,"6W导热硅胶,17*15*1mm, 蓝色",自动驾驶,pcs,个,原材料-组装料,加工零部件（外壳、硅胶按键、标签等）,外购,14.00,,,1.00,0.149951,未上架
165-003203,580V3圆柱分电板壳体,黑色塑胶QA66+30%GF，模内注塑2颗M3单通铜螺母，局部晒纹,无人机,pcs,个,原材料-组装料,加工零部件（外壳、硅胶按键、标签等）,外购,28.00,,,1.00,8.810045,未上架
795-000614,屏蔽罩,UA500屏蔽罩B,智能定位,pcs,个,原材料-组装料,通用机械零件,外购,21.00,,,1.00,,未上架
588-000450,YN402_充电器_DN3702_P0_PCBA,YN402_充电器_DN3702_P0_PCBA,无人机,pcs,个,原材料-半成品,已贴线路板,委外,33.00,,,1.00,,未上架
539-000155,贴片电阻,"8.2K,0402,1%",公用物料,pcs,个,原材料-电子料,电阻,外购,84.00,,,1.00,0.001921,未上架
725-000286,贴片陶瓷电容,"100uF,6.3V,1206,20%,X5R",公用物料,pcs,个,原材料-电子料,电容,外购,70.00,,,1.00,0.329960,未上架
539-000102,贴片电阻,"49.9R,0603,1%",公用物料,pcs,个,原材料-电子料,电阻,外购,84.00,,,1.00,0.002825,未上架
539-000331,贴片电阻,"2.7M,0402,1%",公用物料,pcs,个,原材料-电子料,电阻,外购,98.00,,,1.00,0.002034,未上架
849-001186,后车架总成,"R235,哑光黑RAL 9011",无人车,pcs,个,原材料-组装料,五金件,外购,1.00,,,1.00,649.999956,未上架
165-001411,YN402_返航按键,黑色塑胶，外观晒纹、logo印刷颜色,无人机,pcs,个,原材料-组装料,加工零部件（外壳、硅胶按键、标签等）,外购,35.00,,,1.00,,未上架
972-000085,WIFI+蓝牙模块,BL-M8723DS1,公用物料,pcs,个,原材料-电子料,集成电路1（IC）,外购,28.00,,,1.00,,未上架
358-000012,PNP三极管,NMBT3906LT1G,公用物料,pcs,个,原材料-电子料,晶体管,外购,140.00,,,1.00,0.068704,未上架
725-000382,纽扣式超级电容,FH5R5V474T,公用物料,pcs,个,原材料-电子料,电容,外购,28.00,,,1.00,1.663699,未上架
725-000028,贴片陶瓷电容,"100pF,50V,0402,5%",公用物料,pcs,个,原材料-电子料,电容,外购,126.00,,,1.00,0.003390,未上架
849-001263,M10*20*1_铜垫片,M10*20*1   黄铜,无人车,pcs,个,原材料-组装料,五金件,外购,1.00,,,1.00,0.295495,未上架
972-000574,低功耗蓝牙模块,ALG52810P0-1-TC,公用物料,pcs,个,原材料-电子料,集成电路1（IC）,外购,42.00,,,1.00,18.200006,未上架
165-000763,YN501主板屏蔽罩支架3,30.3*19.2*2.3，洋白铜,自动驾驶,pcs,个,原材料-组装料,加工零部件（外壳、硅胶按键、标签等）,外购,21.00,,,1.00,,未上架
539-000311,贴片电阻,"2.2R,0402,1%,1/16W",公用物料,pcs,个,原材料-电子料,电阻,外购,112.00,,,1.00,0.004633,未上架
733-000117,绕线贴片功率电感,INR4020-1R0N,公用物料,pcs,个,原材料-电子料,电感,外购,28.00,,,1.00,0.108028,未上架
972-000092,运算放大器,SS722XM,公用物料,pcs,个,原材料-电子料,集成电路1（IC）,外购,28.00,,,1.00,,未上架
588-000826,YN608_ESC_P0_CAPS_PCBA,,无人车,pcs,个,原材料-半成品,已贴线路板,委外,1.00,,,1.00,,未上架
972-000815,DC-DC电源芯片,TK6615CS5,公用物料,pcs,个,原材料-电子料,集成电路1（IC）,外购,42.00,,,1.00,0.104977,未上架
539-000442,贴片电阻,"150R,0402,1%",公用物料,pcs,个,原材料-电子料,电阻,外购,56.00,,,1.00,0.001243,未上架
539-000236,贴片电阻,"3.65K,0402,1%",公用物料,pcs,个,原材料-电子料,电阻,外购,98.00,,,1.00,0.001469,未上架
725-000023,贴片陶瓷电容,"1nF,16V,0402,10%",公用物料,pcs,个,原材料-电子料,电容,外购,112.00,,,1.00,0.006554,未上架
795-000877,YN525动力套组件1号,,无人机,pcs,个,原材料-组装料,通用机械零件,外购,42.00,,,1.00,,未上架
165-001269,YN501防水硅胶圈3,,自动驾驶,pcs,个,原材料-组装料,加工零部件（外壳、硅胶按键、标签等）,外购,28.00,,,1.00,,未上架
356-000524,BTB连接器,CB613-H40P-C0R,公用物料,pcs,个,原材料-组装料,连接器1（电子）,外购,25.00,,,1.00,1.610024,未上架
725-000372,贴片陶瓷电容,15pF 50V 1402 5%  C0G,公用物料,pcs,个,原材料-电子料,电容,外购,77.00,,,1.00,0.002147,未上架
895-000087,总高8mm正贴轻触开关,LN6060A1-20H80-0PTR,公用物料,pcs,个,原材料-组装料,开关,外购,28.00,,,1.00,0.160008,未上架
725-000064,贴片陶瓷电容,"4.7uF,10V,0402,10%",公用物料,pcs,个,原材料-电子料,电容,外购,126.00,,,1.00,0.013221,未上架
588-000271,YN408_SIM卡板_P1_S01_PCBA,YN408_SIM_P1_S01_PCBA,自动驾驶,pcs,个,原材料-半成品,已贴线路板,委外,28.00,,,1.00,,未上架
849-000731,ST2.6*8十字圆头自攻螺丝,"ST2.6*8,十字圆头平尾，发黑，加硬",公用物料,pcs,个,原材料-组装料,五金件,外购,13.00,,,1.00,,未上架
606-000853,I406 预组装珍珠棉内托,,自动驾驶,pcs,个,原材料-包装料,包装材料,外购,14.00,,,1.00,3.499949,未上架
539-000577,贴片电阻,"22R,1206,1%",公用物料,pcs,个,原材料-电子料,电阻,外购,84.00,,,1.00,0.011526,未上架
353-000179,作业升降系统,,无人车,pcs,个,原材料-半成品,VH300无人车,自制,,,,1.00,,未上架
165-001430,YN402_不锈钢支撑架,不锈钢折弯，直径5mm，两端攻牙M3*8mm,无人机,pcs,个,原材料-组装料,加工零部件（外壳、硅胶按键、标签等）,外购,28.00,,,1.00,,未上架
994-000545,YN525_旋转雷达线束,,无人机,pcs,个,原材料-组装料,线束（组装线束）,外购,35.00,,,1.00,,未上架
356-000253,M12防水8P板端公头1.0针,前锁面板式M12 TW17-23L,公用物料,pcs,个,原材料-组装料,连接器1（电子）,外购,42.00,,,1.00,5.174948,未上架
795-000863,408IMU自研屏蔽罩V2,15.2*13.8*3mm，壁厚0.2mm，洋白铜,自动驾驶,pcs,个,原材料-组装料,通用机械零件,外购,21.00,,,1.00,,未上架
849-001242,作业配电盒上盖,铝合金，喷砂皓月银,无人车,pcs,个,原材料-组装料,五金件,外购,35.00,,,1.00,39.000029,未上架
849-001252,称重计防水垫片,电泳，黑色,无人车,pcs,个,原材料-组装料,五金件,外购,28.00,,,1.00,5.999961,未上架
795-001201,急停标识,,无人车,pcs,个,原材料-组装料,通用机械零件,外购,28.00,,,1.00,0.624212,未上架
539-000269,贴片电阻,"29.4K,0402,1%",公用物料,pcs,个,原材料-电子料,电阻,外购,84.00,,,1.00,0.001921,未上架
795-001178,可调自锁拉扣锁紧器,B119B-2,无人车,pcs,个,原材料-组装料,通用机械零件,外购,28.00,,,1.00,33.674000,未上架
733-000130,贴片功率电感,TWPA4020S2R2MT,公用物料,pcs,个,原材料-电子料,电感,外购,56.00,,,1.00,0.251651,未上架
849-001173,水平支架快拆件,黑色35坐管夹,无人车,pcs,个,原材料-组装料,五金件,外购,1.00,,,1.00,21.560400,未上架
501-000005,网络变压器,I1601CE,公用物料,pcs,个,原材料-电子料,变压器,外购,30.00,,,1.00,,未上架
364-000053,熔断型保险丝,2010T5A250V,公用物料,pcs,个,原材料-电子料,保险丝&蜂鸣器类,外购,56.00,,,1.00,,未上架
356-000463,HX12航空板端公头连接器,HX12-4P,公用物料,pcs,个,原材料-组装料,连接器1（电子）,外购,42.00,,,1.00,2.099992,未上架
356-000612,勤本14P连接器板端_插针0.64mm_棕色,焊板式防水连接器 14P插针，插针规格直径0.64mm，棕色,无人机,pcs,个,原材料-组装料,连接器1（电子）,外购,35.00,,,1.00,,未上架
165-002509,YC403_航电上下壳防水圈,黑色防水硅胶圈，55度,无人机,pcs,个,原材料-组装料,加工零部件（外壳、硅胶按键、标签等）,外购,21.00,,,1.00,2.600017,未上架
356-000382,Push-Push Nano SIM 卡座,SMN-Q07137-05T,公用物料,pcs,个,原材料-组装料,连接器1（电子）,外购,25.00,,,1.00,0.680034,未上架
165-002405,YN403_导电泡棉3,包裹式低密度导电泡棉26mm*16mm*11.2mm（自然高度），4-R4,自动驾驶,pcs,个,原材料-组装料,加工零部件（外壳、硅胶按键、标签等）,外购,14.00,,,1.00,0.340017,未上架
321-000373,遥控器波轮右小板P1 PCB,YN402_ROCKER_Right_CON_P1_PCB,无人机,pcs,个,原材料-电子料,印刷线路板,外购,30.00,,,1.00,0.680034,未上架
165-003471,小号线束保险盒插座10A,10A+小号保险盒 1套,无人车,pcs,个,原材料-组装料,加工零部件（外壳、硅胶按键、标签等）,外购,1.00,,,1.00,1.850036,未上架
725-000049,贴片陶瓷电容,"1UF,200V,2220,10%",公用物料,pcs,个,原材料-电子料,电容,外购,70.00,,,1.00,2.199997,未上架
454-000323,肖特基二极管,ESS320,公用物料,pcs,个,原材料-电子料,二极管,外购,56.00,,,1.00,0.181026,未上架
972-000489,MCU,YN32F303CCT6A,公用物料,pcs,个,原材料-电子料,集成电路1（IC）,外购,84.00,,,1.00,3.939971,未上架
468-000095,701合格证,701合格证,监测终端,pcs,个,原材料-包装料,印刷类,外购,23.00,,,1.00,,未上架
165-001560,YN501_导电泡棉D,38mm*7mm*5.5mm,自动驾驶,pcs,个,原材料-组装料,加工零部件（外壳、硅胶按键、标签等）,外购,21.00,,,1.00,0.129046,未上架
321-000507,YN580_后接口板_P3_PCB,YN580_BACK_CONTROL_BOARD_P3_PCB,无人机,pcs,个,原材料-电子料,印刷线路板,外购,35.00,,,1.00,24.499982,未上架
972-000822,过压保护开关,TY6884PYC,公用物料,pcs,个,原材料-电子料,集成电路1（IC）,外购,56.00,,,1.00,2.340004,未上架
539-000506,绕线功率电阻,KNP 5WS 400Ω 5% T,公用物料,pcs,个,原材料-电子料,电阻,外购,28.00,,,1.00,0.300015,未上架
972-000725,PMIC,SK806S-5,公用物料,pcs,个,原材料-电子料,集成电路1（IC）,外购,28.00,,,1.00,7.500036,未上架
733-000098,功率电感,YNR5040-4R7M,公用物料,pcs,个,原材料-电子料,电感,外购,24.00,,,1.00,0.153002,未上架
454-000087,ESD瞬态抑制二极管,CV03C-H,公用物料,pcs,个,原材料-电子料,二极管,外购,140.00,,,1.00,0.207581,未上架
165-001775,YS403双目导热硅胶1,L*W*H：12*12*1；灰色，6w.mk导热硅胶,无人机,pcs,个,原材料-组装料,加工零部件（外壳、硅胶按键、标签等）,外购,14.00,,,1.00,0.129950,未上架
363-000549,配电盒急停按钮线束,5A 1平方,无人车,pcs,个,原材料-包装料,线束（包装线束）,外购,35.00,,,1.00,5.603670,未上架
539-000026,贴片电阻,"10R,0402,1%",公用物料,pcs,个,原材料-电子料,电阻,外购,84.00,,,1.00,0.003842,未上架
321-000482,YS506_MT_BOARD_P2_PCB,YS506_MT_BOARD_P2_PCB,无人机,pcs,个,原材料-电子料,印刷线路板,外购,45.00,,,1.00,3.249993,未上架
725-000357,贴片陶瓷电容,18pF 50V 1402 5% NP0,公用物料,pcs,个,原材料-电子料,电容,外购,98.00,,,1.00,0.002486,未上架
358-000159,NMOS,IGN055N12S,公用物料,pcs,个,原材料-电子料,晶体管,外购,105.00,,,1.00,2.500012,未上架
454-000281,肖特基二极管,KSPX540A,公用物料,pcs,个,原材料-电子料,二极管,外购,56.00,,,1.00,0.208033,未上架
539-000481,贴片电阻,"2.49K,0402,1%",公用物料,pcs,个,原材料-电子料,电阻,外购,84.00,,,1.00,0.001469,未上架
165-001883,YN580电池托架滚轮轴套,黑色QA66+20%GF，φ6.5*22.6mm,无人机,pcs,个,原材料-组装料,加工零部件（外壳、硅胶按键、标签等）,外购,28.00,,,1.00,,未上架
363-000586,后驱动器供电线束,,无人车,pcs,个,原材料-电子料,线束（包装线束）,外购,35.00,,,1.00,,未上架
972-000657,4G数传模块,M511C-2C,公用物料,pcs,个,原材料-电子料,集成电路1（IC）,外购,28.00,,,1.00,12.200045,未上架
849-001193,外侧盖板,"R235,哑光黑RAL 9011",无人车,pcs,个,原材料-组装料,五金件,外购,1.00,,,1.00,64.999973,未上架
539-000372,贴片电阻,"71.5K,0402,1%",公用物料,pcs,个,原材料-电子料,电阻,外购,84.00,,,1.00,0.001469,未上架
539-000480,贴片电阻,"2.7K,2512,1%,1W",公用物料,pcs,个,原材料-电子料,电阻,外购,42.00,,,1.00,0.068026,未上架
356-000081,IPEX天线座,S4151-01,公用物料,pcs,个,原材料-组装料,连接器1（电子）,外购,30.00,,,1.00,0.124978,未上架
849-001285,M25*1.5_R型径向精密锁紧螺母,R-M25-1.5P-48-12,无人车,pcs,个,原材料-组装料,五金件,外购,1.00,,,1.00,14.690000,未上架
403-000052,UA400软包500mAh锂离子聚合物电池,"603035-500mAh 接插件JST-1.35 2P 线长50mm VL1571 28AWG,带保护板EW01+8205",智能定位,pcs,个,原材料-电子料,电池,外购,33.00,,,1.00,,未上架
165-001414,YN402_顶部按键左,黑色塑胶，外观晒纹,无人机,pcs,个,原材料-组装料,加工零部件（外壳、硅胶按键、标签等）,外购,35.00,,,1.00,,未上架
994-000629,YC400采集器上接直连线（双线）（屏蔽层+双绞版）,,智能播种,pcs,个,原材料-组装料,线束（组装线束）,外购,35.00,,,1.00,,未上架
588-000694,YN503_Mainboard_P1_PCBA,YN503_Mainboard_P1_PCBA,自动驾驶,pcs,个,原材料-半成品,已贴线路板,委外,14.00,,,1.00,,未上架
795-000689,航电V2散热硅胶垫6,6W导热硅胶，33*27*1.5mm，浅灰色,无人机,pcs,个,原材料-组装料,通用机械零件,外购,14.00,,,1.00,,未上架
795-000908,YC403航电主控板屏蔽框2,0.2mm洋白铜 47.66*53.4*2.7mm,无人机,pcs,个,原材料-组装料,通用机械零件,外购,21.00,,,1.00,0.969992,未上架
165-001412,YN402_返回按键,黑色塑胶，外观晒纹、logo印刷颜色,无人机,pcs,个,原材料-组装料,加工零部件（外壳、硅胶按键、标签等）,外购,35.00,,,1.00,,未上架
165-001794,YN580_离心喷头电调上盖,L*W*H：68.3*68.3*53mm；BDC12，黑色哑光喷漆,无人机,pcs,个,原材料-组装料,加工零部件（外壳、硅胶按键、标签等）,外购,38.00,,,1.00,12.999972,未上架
838-000282,YN402 MAIN主天线,YN402 MAIN主天线,无人机,pcs,个,原材料-包装料,天线、传感器&摄像头,外购,35.00,,,1.00,,未上架
725-000392,贯通型滤波器,"0.8-2000MHz 40dB,1UF,100V,6A,1206,20%",公用物料,pcs,个,原材料-电子料,电容,外购,105.00,,,1.00,0.929990,未上架
849-000757,M2.5*8_不锈钢十字盘头平尾自攻螺丝,304不锈钢，本色，中性盐雾72小时，符合GB/T 945-2017,公用物料,pcs,个,原材料-组装料,五金件,外购,17.00,,,1.00,,未上架
838-000397,YS508-4G-DIV天线,ZK-YS508-DIV-V1.0,无人机,pcs,个,原材料-包装料,天线、传感器&摄像头,外购,35.00,,,1.00,1.082992,未上架
321-000453,YN580_前接口板_P2-1_BX88772CLI_PCB,YC580_FRONT_RACK_CONTAOL_BOARD_P2-1_BX88772CLI_PCB,无人机,pcs,个,原材料-电子料,印刷线路板,外购,35.00,,,1.00,23.999957,未上架
165-003748,流量计水管B,,无人车,pcs,个,原材料-组装料,加工零部件（外壳、硅胶按键、标签等）,外购,1.00,,,1.00,,未上架
454-000046,ESD静电保护芯片,TRV05-4,公用物料,pcs,个,原材料-电子料,二极管,外购,30.00,,,1.00,0.209954,未上架
972-000599,噪音抑制滤波器,WAF201610FA-941-1,公用物料,pcs,个,原材料-电子料,集成电路1（IC）,外购,30.00,,,1.00,1.599967,未上架
849-001226,三目内部相机支架,,无人车,pcs,个,原材料-组装料,五金件,外购,1.00,,,1.00,150.000042,未上架
165-003389,卡线夹右,"QA12,黑色",无人车,pcs,个,原材料-组装料,加工零部件（外壳、硅胶按键、标签等）,外购,1.00,,,1.00,14.999959,未上架
539-000511,贴片电阻,"31.6K,0402,0.5%",公用物料,pcs,个,原材料-电子料,电阻,外购,42.00,,,1.00,0.001356,未上架
725-000336,贴片陶瓷电容,"6.2pf,50v,0402,0.25PF",公用物料,pcs,个,原材料-电子料,电容,外购,98.00,,,1.00,0.002486,未上架
165-001323,YN540pro雷达定子固定铝板,圆形，外径φ80.4mm，高度7.7mm，材料BDC12,无人机,pcs,个,原材料-组装料,加工零部件（外壳、硅胶按键、标签等）,外购,42.00,,,1.00,,未上架
733-000218,贴片磁珠,HZ1608U601CTF,公用物料,pcs,个,原材料-电子料,电感,外购,105.00,,,1.00,0.220011,未上架
539-000139,贴片电阻,"220R,0402,1%",公用物料,pcs,个,原材料-电子料,电阻,外购,98.00,,,1.00,0.001808,未上架
356-000406,4P连接器板端_插针_黑色,C615-0107，焊板式防水连接器 4P插针，黑色,公用物料,pcs,个,原材料-组装料,连接器1（电子）,外购,35.00,,,1.00,6.147200,未上架
795-000629,UA500屏蔽罩B上盖,"33*19*3,不锈钢",智能定位,pcs,个,原材料-组装料,通用机械零件,外购,21.00,,,1.00,,未上架
554-000087,DCDC降压芯片,TCT2360FPB,公用物料,pcs,个,原材料-电子料,稳压器,外购,56.00,,,1.00,1.599967,未上架
725-000041,贴片陶瓷电容,"10uF,10V,0805,10%",公用物料,pcs,个,原材料-电子料,电容,外购,70.00,,,1.00,0.044974,未上架
358-000133,场效应管PMOS,LMTL4P06,公用物料,pcs,个,原材料-电子料,晶体管,外购,28.00,,,1.00,0.249956,未上架
539-000320,贴片电阻,"120R,0402,1%",公用物料,pcs,个,原材料-电子料,电阻,外购,84.00,,,1.00,0.002034,未上架
165-003417,90度转接件,90度转接件,无人车,pcs,个,原材料-组装料,加工零部件（外壳、硅胶按键、标签等）,外购,1.00,,,1.00,0.531100,未上架
593-000021,YN300E-AMBD_PCBA组件,906AMBD单北斗,监测终端,pcs,个,原材料-半成品,701整机,自制,10.00,,,1.00,,未上架
849-001233,外侧罩,R235，灰白哑光RAL 7047,无人车,pcs,个,原材料-组装料,五金件,外购,1.00,,,1.00,89.000043,未上架
733-000182,贴片磁珠,TMU0805-152M,公用物料,pcs,个,原材料-电子料,电感,外购,30.00,,,1.00,0.068026,未上架
849-001324,M8*35_304不锈钢外六角法兰面带齿螺栓,M8*35  304不锈钢,无人车,pcs,个,原材料-组装料,五金件,外购,1.00,,,1.00,0.781960,未上架
321-000160,无线机具识别器YS101_P3_PCB,YS101_MAINBOARD_P3_PCB,监测终端,pcs,个,原材料-电子料,印刷线路板,外购,35.00,,,1.00,1.130000,未上架
468-000493,YN406说明书（中文）,,自动驾驶,pcs,个,原材料-包装料,印刷类,外购,7.00,,,1.00,,未上架
589-000020,DC-DC电源芯片,KW5262NMSOTA#TR,无人机,pcs,个,原材料-电子料,电源,外购,56.00,,,1.00,,未上架
165-001527,PC垫片,L*W*H=18*18*1mm，材质：PC,公用物料,pcs,个,原材料-组装料,加工零部件（外壳、硅胶按键、标签等）,外购,14.00,,,1.00,,未上架
972-000418,BOOST芯片,TGM6611CYTQV11G/TR,公用物料,pcs,个,原材料-电子料,集成电路1（IC）,外购,64.00,,,1.00,1.379956,未上架
165-001956,YN580雷达信号固定铝件,L*W*H：120*64.5*18.9mm，壁厚1.2mm；钝化，本色,无人机,pcs,个,原材料-组装料,加工零部件（外壳、硅胶按键、标签等）,外购,35.00,,,1.00,,未上架
539-000545,贴片电阻,"4.99R,0402,1%",公用物料,pcs,个,原材料-电子料,电阻,外购,98.00,,,1.00,0.003842,未上架
549-000776,YN580叶轮泵主体,,无人机,pcs,个,原材料-包装料,外购设备类,外购,42.00,,,1.00,,未上架
454-000082,NPN三极管,NMBT3904,公用物料,pcs,个,原材料-电子料,二极管,外购,30.00,,,1.00,0.060003,未上架
725-000391,贴片陶瓷电容,1UF，100V，1206，10%,公用物料,pcs,个,原材料-电子料,电容,外购,126.00,,,1.00,,未上架
356-000530,8P连接器板端_插针0.64mm_棕色,C615-0108，焊板式防水连接器 8P插针，插针规格直径0.64mm，棕色,公用物料,pcs,个,原材料-组装料,连接器1（电子）,外购,35.00,,,1.00,5.009968,未上架
972-000400,数字隔离器,OSI8142S1,公用物料,pcs,个,原材料-电子料,集成电路1（IC）,外购,90.00,,,1.00,2.600017,未上架
358-000171,NPN三极管,QHPT60415NY,公用物料,pcs,个,原材料-电子料,晶体管,外购,133.00,,,1.00,1.450016,未上架
795-000878,YN525动力套组件2号,,无人机,pcs,个,原材料-组装料,通用机械零件,外购,42.00,,,1.00,,未上架
972-000540,EMMC,BT70B32G4Y01F,公用物料,pcs,个,原材料-电子料,集成电路1（IC）,外购,72.00,,,1.00,17.229223,未上架
770-000143,micro 2.0连接器,MCUE1-05V056-1C-TR；micro 2.0连接器，立式插板 脚长，高度6.5mm,公用物料,pcs,个,原材料-组装料,连接器2（非电子）,外购,25.00,,,1.00,,未上架
356-000281,8PIN 双排立插线对板连接器2.0pitch,XB2013A-204S-BAND-GW,公用物料,pcs,个,原材料-组装料,连接器1（电子）,外购,25.00,,,1.00,0.100005,未上架
356-000513,FPC连接器,ZZKWF12518-104ZG0AR1,公用物料,pcs,个,原材料-组装料,连接器1（电子）,外购,25.00,,,1.00,0.209954,未上架
972-000687,EEPROM存储器,GM93C66A-SO-T-G,公用物料,pcs,个,原材料-电子料,集成电路1（IC）,外购,56.00,,,1.00,0.449966,未上架
539-000114,贴片电阻,"2K,0603,1%",公用物料,pcs,个,原材料-电子料,电阻,外购,98.00,,,1.00,0.003503,未上架
501-000004,变压器,750312924,公用物料,pcs,个,原材料-电子料,变压器,外购,126.00,,,1.00,5.699946,未上架
849-000828,YS508后雷达板散热板,黄铜，表面电镀防氧化,公用物料,pcs,个,原材料-组装料,五金件,外购,21.00,,,1.00,,未上架
454-000166,肖特基二极管,KSPD50230B,公用物料,pcs,个,原材料-电子料,二极管,外购,56.00,,,1.00,0.041019,未上架
539-000546,贴片电阻,"357K,0402,1%",公用物料,pcs,个,原材料-电子料,电阻,外购,112.00,,,1.00,0.002825,未上架
733-000160,贴片磁珠,QZ2012U121-3R0TF,公用物料,pcs,个,原材料-电子料,电感,外购,42.00,,,1.00,0.082151,未上架
165-003426,WH300电调板BOT面导热垫2,8w.导热硅胶,无人车,pcs,个,原材料-组装料,加工零部件（外壳、硅胶按键、标签等）,外购,14.00,,,1.00,0.120006,未上架
165-003446,F50正极插座-螺柱式,F50-GPJ120,无人车,pcs,个,原材料-组装料,加工零部件（外壳、硅胶按键、标签等）,外购,28.00,,,1.00,35.910044,未上架
795-001197,尼龙防水接头黑色-M10,黑色M10x1.5,无人车,pcs,个,原材料-组装料,通用机械零件,外购,28.00,,,1.00,0.192100,未上架
356-000502,连接器,BFA07-T06EC-A00,公用物料,pcs,个,原材料-组装料,连接器1（电子）,外购,25.00,,,1.00,0.260013,未上架
849-000697,M2*6_不锈钢十字沉头机牙螺丝_整圈耐落,"304不锈钢，本色，强度等级：A2-70,第3到第10个螺牙要整圈涂耐落漆，中性盐雾72小时，符合GB/T 819.2-2016",公用物料,pcs,个,原材料-组装料,五金件,外购,13.00,,,1.00,,未上架
364-000007,贴片熔断型保险丝,0451015.MRL,公用物料,pcs,个,原材料-电子料,保险丝&蜂鸣器类,外购,133.00,,,1.00,,未上架
165-001771,YS403双目30PIN-FPC泡棉,L*W*H：20*20*1  泡棉带背胶,无人机,pcs,个,原材料-组装料,加工零部件（外壳、硅胶按键、标签等）,外购,14.00,,,1.00,0.249956,未上架
838-000375,YN406-4G天线,IPEX一代-RF1.37mm，线缆长度65MM，天线FPC尺寸：85*39MM,自动驾驶,pcs,个,原材料-包装料,天线、传感器&摄像头,外购,35.00,,,1.00,1.819978,未上架
733-000097,功率电感,YNR6045-8R2M,公用物料,pcs,个,原材料-电子料,电感,外购,24.00,,,1.00,0.167692,未上架
734-000003,WH300 双喷头整车（EU版）,WH300喷洒无人车双风扇双喷头,无人车,pcs,个,库存商品-产成品,VH300无人车包装成品（双风扇）,自制,1.00,,,1.00,,未上架
356-000098,2*14P双排排母,"2.0MM间距，塑高高度4.6,带定位柱",公用物料,pcs,个,原材料-组装料,连接器1（电子）,外购,25.00,,,1.00,1.154973,未上架
468-000295,YC400智能播种监控系统说明书,播种监控说明书（适配TD600款）,智能播种,pcs,个,原材料-包装料,印刷类,外购,23.00,,,1.00,0.049946,未上架
849-000194,M2.5*6机制螺丝,圆头十字，耐落螺丝,公用物料,pcs,个,原材料-组装料,五金件,外购,17.00,,,1.00,,未上架
972-000662,同步降压转换器,KW5393FSOTI#TR,公用物料,pcs,个,原材料-电子料,集成电路1（IC）,外购,112.00,,,1.00,0.320016,未上架
165-000582,YC200点胶面板,75.8*51*2.5mm，R1，透明亚克力,智能播种,pcs,个,原材料-组装料,加工零部件（外壳、硅胶按键、标签等）,外购,21.00,,,1.00,,未上架
725-000428,贴片陶瓷电容,2.2nF，100v，0603，10%,公用物料,pcs,个,原材料-电子料,电容,外购,98.00,,,1.00,0.015029,未上架
321-000288,定位模块VM982_P1_PCB,GPS_MODULE_VM982_P1_PCB,自动驾驶,pcs,个,原材料-电子料,印刷线路板,外购,35.00,,,1.00,2.401476,未上架
725-000088,贴片陶瓷电容,"1UF,16V,0603,10%",公用物料,pcs,个,原材料-电子料,电容,外购,70.00,,,1.00,0.018984,未上架
838-000413,YS508-WIFI 天线,ZK-YS508-WIFI-V1.0,自动驾驶,pcs,个,原材料-包装料,天线、传感器&摄像头,外购,35.00,,,1.00,1.299952,未上架
364-000039,贴片自恢复保险丝,CSMD0603-125-16V,公用物料,pcs,个,原材料-电子料,保险丝&蜂鸣器类,外购,28.00,,,1.00,,未上架
838-000279,YN402 DIV分集天线,YN402 DIV分集天线,无人机,pcs,个,原材料-包装料,天线、传感器&摄像头,外购,35.00,,,1.00,,未上架
165-002905,701国产化显示屏支架（东徕硕）,黑色PC，L*W*H=108.7*70.4*8.6mm，预埋4颗M2.5铜螺母,监测终端,pcs,个,原材料-组装料,加工零部件（外壳、硅胶按键、标签等）,外购,28.00,,,1.00,2.529957,未上架
358-000121,NMOS,KMTQ100N04A,公用物料,pcs,个,原材料-电子料,晶体管,外购,84.00,,,1.00,0.464995,未上架
165-001462,YN408_导航下按键,透明PC，表面颜色PT BLACK6C，喷哑光漆，需要镭雕字符,自动驾驶,pcs,个,原材料-组装料,加工零部件（外壳、硅胶按键、标签等）,外购,28.00,,,1.00,,未上架
972-000006,CAN收发器,UJA1051T/3/1J,公用物料,pcs,个,原材料-电子料,集成电路1（IC）,外购,7.00,,,1.00,,未上架
539-000530,贴片电阻,15k，0805，1%,公用物料,pcs,个,原材料-电子料,电阻,外购,98.00,,,1.00,0.005311,未上架
972-000721,线性稳压器LDO,TGM2232-3.3XN5G,公用物料,pcs,个,原材料-电子料,集成电路1（IC）,外购,64.00,,,1.00,0.449966,未上架
543-000049,UA400整机BOM（线束K3带电池),"UA400线束K3（整条,双CAN,208-000533,），新天线（229-000364）带电池",智能定位,pcs,个,原材料-半成品,TA400整机,自制,1.00,,,1.00,,未上架
838-000404,YS221-TNC转MMCX转接线,"频率范围: 0-4 GHz; 3电压驻波比: ≤1.5 ; 硅胶圈要装在槽内;带螺母、密封圈、端面齿圈，线长55mm；线径1.37mm,黑线",自动驾驶,pcs,个,原材料-包装料,天线、传感器&摄像头,外购,35.00,,,1.00,5.300039,未上架
994-000398,YN580水泵线束,,无人机,pcs,个,原材料-组装料,线束（组装线束）,外购,35.00,,,1.00,,未上架
795-001189,M20螺母防护帽,M20,无人车,pcs,个,原材料-组装料,通用机械零件,外购,28.00,,,1.00,5.469200,未上架
733-000088,绕线贴片功率电感,TWPA6045S8R2MT,公用物料,pcs,个,原材料-电子料,电感,外购,42.00,,,1.00,0.167014,未上架
363-000513,TB系列视频线-洋马6118R-组合视频线,倒车视频右视视频粮仓视频三合一延长线M12-4P航空母头+HX12-4P航空公头,智能大屏,pcs,个,原材料-包装料,线束（包装线束）,外购,35.00,,,1.00,,未上架
588-000547,YS403_元橡左FPC_P1_S01_PCBA,YS403_YX_FPC_LEFT_P1_S01_PCBA,无人机,pcs,个,原材料-半成品,已贴线路板,委外,10.00,,,1.00,,未上架
588-000465,YC102_导航手柄_P1_PCBA,YC102_Navigation_Handle_P1_PCBA,自动驾驶,pcs,个,原材料-半成品,已贴线路板,委外,8.00,,,1.00,,未上架
165-001856,YN580称重计防水硅胶件压圈,L*W*H：直径14*1.7mm；TUS304,无人机,pcs,个,原材料-组装料,加工零部件（外壳、硅胶按键、标签等）,外购,21.00,,,1.00,2.300002,未上架
165-001893,701底板组件（超雅）,L*W*H=179.8*119.8*25.2mm，预埋两颗M6铜螺母,监测终端,pcs,个,原材料-组装料,加工零部件（外壳、硅胶按键、标签等）,外购,28.00,,,1.00,,未上架
364-000049,自恢复保险丝,1210L010/90,公用物料,pcs,个,原材料-电子料,保险丝&蜂鸣器类,外购,0.00,,,1.00,0.407026,未上架
588-000757,YS508C_REMOTEID_P0_PCBA,YS508C_REMOTEID_P0_PCBA,无人机,pcs,个,原材料-半成品,已贴线路板,委外,1.00,,,1.00,,未上架
165-001773,YS403双目绝缘泡棉1,L*W*H：9*2.6*1mm；绝缘泡棉带背胶,无人机,pcs,个,原材料-组装料,加工零部件（外壳、硅胶按键、标签等）,外购,14.00,,,1.00,0.024973,未上架
539-000531,贴片电阻,150k，0805，1%,公用物料,pcs,个,原材料-电子料,电阻,外购,98.00,,,1.00,0.005311,未上架
527-000025,贴片无源晶振,RRS3024000C10A,公用物料,pcs,个,原材料-电子料,晶体振荡器,外购,28.00,,,1.00,,未上架
356-000586,10PIN排针连接器,2*5双排排针，针高6mm，塑高2mm，针脚长3mm，pin距2.54mm,无人机,pcs,个,原材料-组装料,连接器1（电子）,外购,25.00,,,1.00,0.460023,未上架
838-000376,YN406-WIFI天线,IPEX一代-RF1.37mm，线缆长度101MM，天线FPC尺寸：30.6*15.4MM,自动驾驶,pcs,个,原材料-包装料,天线、传感器&摄像头,外购,35.00,,,1.00,1.130000,未上架
838-000281,YN402 图传SMA-IPEX转接线2,YN402 图传SMA-IPEX转接线2，RF1.37黑色线132±3mm，SMA镀金直母头（母针）整体13牙 3.5挡板,无人机,pcs,个,原材料-包装料,天线、传感器&摄像头,外购,35.00,,,1.00,,未上架
972-000638,SAW,UA1658A,公用物料,pcs,个,原材料-电子料,集成电路1（IC）,外购,42.00,,,1.00,1.999987,未上架
972-000634,4G模块 （FC800KCNLC-J03-SNNSA）,FC800KCNLC-J03-SNNSA,公用物料,pcs,个,原材料-电子料,集成电路1（IC）,外购,42.00,,,1.00,14.810006,未上架
356-000522,连接器,GP0545G-06S-TAND,公用物料,pcs,个,原材料-组装料,连接器1（电子）,外购,25.00,,,1.00,0.340017,未上架
356-000558,双排排针 DIP 2.0Pitch 2X5pin,QM202B30A-05V45-140-1BA,自动驾驶,pcs,个,原材料-组装料,连接器1（电子）,外购,25.00,,,1.00,0.460023,未上架
733-000135,贴片功率电感,DSEB1510-330M,公用物料,pcs,个,原材料-电子料,电感,外购,31.00,,,1.00,7.029956,未上架
165-001563,YN501_导电泡棉G,26mm*8mm*2.5mm,自动驾驶,pcs,个,原材料-组装料,加工零部件（外壳、硅胶按键、标签等）,外购,21.00,,,1.00,0.096050,未上架
725-000027,贴片陶瓷电容,"27pF,50V,0402,5%",公用物料,pcs,个,原材料-电子料,电容,外购,126.00,,,1.00,0.007458,未上架
838-000286,YN402 4G主天线IPEX-IPEX转接,YN402 转接跳线，ZK-IPEX1代-1.37黑色线175±2mm,无人机,pcs,个,原材料-包装料,天线、传感器&摄像头,外购,35.00,,,1.00,,未上架
539-000031,贴片电阻,"2K,0402,1%",公用物料,pcs,个,原材料-电子料,电阻,外购,84.00,,,1.00,0.001921,未上架
165-001939,YS403右FPC泡棉1,99.56*43.0*1.1；黑色 EVA泡棉带背胶,无人机,pcs,个,原材料-组装料,加工零部件（外壳、硅胶按键、标签等）,外购,14.00,,,1.00,0.780039,未上架
358-000131,P沟道MOS管,LMT6L7P04,公用物料,pcs,个,原材料-电子料,晶体管,外购,35.00,,,1.00,0.455051,未上架
588-000810,YN608_SPRINKLER_P2_PCBA,,无人车,pcs,个,原材料-半成品,已贴线路板,委外,1.00,,,1.00,,未上架
539-000118,贴片电阻,"10K,0603,1%",公用物料,pcs,个,原材料-电子料,电阻,外购,84.00,,,1.00,0.003503,未上架
165-003498,580V3机头下罩摄像头硅胶护套,灰色硅胶，色号：QT4278C，硬度60度,无人机,pcs,个,原材料-组装料,加工零部件（外壳、硅胶按键、标签等）,外购,21.00,,,1.00,1.150001,未上架
539-000194,贴片电阻,"10K,0402,1%",公用物料,pcs,个,原材料-电子料,电阻,外购,35.00,,,1.00,,未上架
454-000223,肖特基二极管,KSPI140A,公用物料,pcs,个,原材料-电子料,二极管,外购,56.00,,,1.00,0.052997,未上架
972-000614,LPDDR4,K4FBE3D4HB-KFCL,公用物料,pcs,个,原材料-电子料,集成电路1（IC）,外购,0.00,,,1.00,,未上架
454-000211,开关/检波二极管,TD101AW,公用物料,pcs,个,原材料-电子料,二极管,外购,70.00,,,1.00,0.032996,未上架
539-000620,贴片低阻值采样电阻,"18mR,2512,1%,3W",公用物料,pcs,个,原材料-电子料,电阻,外购,91.00,,,1.00,0.224983,未上架
849-001298,M4*24_304不锈钢平头倒边内六角螺栓,M4*24  304不锈钢,无人车,pcs,个,原材料-组装料,五金件,外购,1.00,,,1.00,8.542800,未上架
849-001216,右前电调支架,R235，哑光黑RAL 9011,无人车,pcs,个,原材料-组装料,五金件,外购,1.00,,,1.00,16.000009,未上架
539-000544,贴片电阻,"1K,0201,1%",公用物料,pcs,个,原材料-电子料,电阻,外购,98.00,,,1.00,0.002034,未上架
795-000820,YS508 4G板屏蔽罩2,0.2mm不锈钢 58.1*45*3.5mm,无人机,pcs,个,原材料-组装料,通用机械零件,外购,21.00,,,1.00,0.600030,未上架
165-001004,YN501_TNC连接器防水胶套,黑色橡胶套，直径10mm，长20mm,无人机,pcs,个,原材料-组装料,加工零部件（外壳、硅胶按键、标签等）,外购,14.00,,,1.00,,未上架
588-000660,YS506B_旋转雷达V2.1_ 定高射频板_P0_PCBA,YS506B_V2.1_定高射频板_P0_PCBA,无人机,pcs,个,原材料-半成品,已贴线路板,委外,1.00,,,1.00,,未上架
838-000172,YN540pro旋转雷达无线WiFi接收端焊接馈线,长度105，线径1.13，96编织，一端焊接，一端ipex座,无人机,pcs,个,原材料-包装料,天线、传感器&摄像头,外购,35.00,,,1.00,,未上架
549-000696,YS410_PS04A10摄像头模组,YS410_PS04A10摄像头模组,无人机,pcs,个,原材料-包装料,外购设备类,外购,38.00,,,1.00,278.000001,未上架
725-000429,贴片陶瓷电容,390PF，50V，0402，5%，C0G,公用物料,pcs,个,原材料-电子料,电容,外购,77.00,,,1.00,0.009492,未上架
972-000878,CAN收发器,UPT1042VQ-DF6R-S,公用物料,pcs,个,原材料-电子料,集成电路1（IC）,外购,168.00,,,1.00,,未上架
165-002799,YS508C雷达4G主板支架,BDC12压铸铝，攻牙，表面钝化,无人机,pcs,个,原材料-组装料,加工零部件（外壳、硅胶按键、标签等）,外购,28.00,,,1.00,12.000035,未上架
165-001958,YN580避障散热铜片,L*W*H：18.8*17.5*8.85mm，壁厚0.8mm；黄铜，本色,无人机,pcs,个,原材料-组装料,加工零部件（外壳、硅胶按键、标签等）,外购,21.00,,,1.00,,未上架
606-000011,10号自封袋,10号自封袋，加厚10号，24×34,公用物料,pcs,个,原材料-包装料,包装材料,外购,7.00,,,1.00,,未上架
539-000379,贴片电阻,"10K,0201,1%",公用物料,pcs,个,原材料-电子料,电阻,外购,84.00,,,1.00,0.002034,未上架
972-000017,电平转换芯片,TP3072EEN-L/TR,公用物料,pcs,个,原材料-电子料,集成电路1（IC）,外购,1.00,,,1.00,2.028237,未上架
849-001149,YN402新波轮扭簧,琴钢线扭簧，线径0.5*中径4.2mm，2圈半，脚长9mm，夹角75°，加硬，镀镍，去氢处理,无人机,pcs,个,原材料-组装料,五金件,外购,28.00,,,1.00,0.120006,未上架
165-000764,YN501主板屏蔽罩2,44.3*31.6*3.85，不锈钢,自动驾驶,pcs,个,原材料-组装料,加工零部件（外壳、硅胶按键、标签等）,外购,21.00,,,1.00,,未上架
356-000599,TYPE-C母座,YC2401A-S316-101TR-06,自动驾驶,pcs,个,原材料-组装料,连接器1（电子）,外购,25.00,,,1.00,1.679971,未上架
725-000031,贴片陶瓷电容,"10nF,50V,0402,10%",公用物料,pcs,个,原材料-电子料,电容,外购,126.00,,,1.00,0.003051,未上架
972-000197,MS卡,M2M-MS1；30M月/贴片；江苏移动,公用物料,pcs,个,原材料-电子料,集成电路1（IC）,外购,1.00,,,1.00,,未上架
165-003407,WH300电控密封垫,硅胶,无人车,pcs,个,原材料-组装料,加工零部件（外壳、硅胶按键、标签等）,外购,1.00,,,1.00,69.999997,未上架
588-000643,YN300E_801_U113_P3_S05_PCBA（华大北斗）,YN300E_801_U113_P3_S05_PCBA（华大北斗）,监测终端,pcs,个,原材料-半成品,已贴线路板,委外,10.00,,,1.00,,未上架
849-001235,作业部分主支架,R235，灰白哑光RAL 7047,无人车,pcs,个,原材料-组装料,五金件,外购,1.00,,,1.00,59.000012,未上架
994-000536,YN525_称重传感器线束,,无人机,pcs,个,原材料-组装料,线束（组装线束）,外购,35.00,,,1.00,,未上架
849-001375,Φ8*10*18套管,,无人车,pcs,个,原材料-组装料,五金件,外购,1.00,,,1.00,1.853200,未上架
165-003460,小号4路插栓保险丝盒,"小号（带铜梁）不含保险片，适用负载72V/DC,100A:",无人车,pcs,个,原材料-组装料,加工零部件（外壳、硅胶按键、标签等）,外购,1.00,,,1.00,31.209470,未上架
454-000201,肖特基二极管,MRB521S-30T1G,公用物料,pcs,个,原材料-电子料,二极管,外购,42.00,,,1.00,0.045200,未上架
849-001341,圆形堵头,开孔32mm（黑）,无人车,pcs,个,原材料-组装料,五金件,外购,1.00,,,1.00,0.437536,未上架
539-000387,贴片电阻,"300R,1206,1%",公用物料,pcs,个,原材料-电子料,电阻,外购,84.00,,,1.00,0.010961,未上架
454-000232,肖特基二极管,KSPJ540A,公用物料,pcs,个,原材料-电子料,二极管,外购,56.00,,,1.00,0.262047,未上架
795-000635,YN540S_离心喷头_散热硅胶垫1,6W导热硅胶，25.8*19.8*1mm;灰色，6w.mk,无人机,pcs,个,原材料-组装料,通用机械零件,外购,14.00,,,1.00,,未上架
725-000396,贴片电容,"12pF,50V,0402,1%,C0G",公用物料,pcs,个,原材料-电子料,电容,外购,112.00,,,1.00,0.043053,未上架
972-000389,电平转换芯片,VM3202Q,公用物料,pcs,个,原材料-电子料,集成电路1（IC）,外购,42.00,,,1.00,0.549971,未上架
849-001327,M8*7*28_平键,8*7*18,无人车,pcs,个,原材料-组装料,五金件,外购,1.00,,,1.00,0.142154,未上架
588-000578,YS506_V2_定子板_P2_PCBA,YS506_V2_定子板_P2_PCBA,无人机,pcs,个,原材料-半成品,已贴线路板,委外,13.00,,,1.00,,未上架
356-000295,pogo pin连接器,QG20B1-6575-1P-01TR,公用物料,pcs,个,原材料-组装料,连接器1（电子）,外购,25.00,,,1.00,0.229955,未上架
539-000091,贴片电阻,"22.1K,0402,1%",公用物料,pcs,个,原材料-电子料,电阻,外购,84.00,,,1.00,0.001469,未上架
972-000410,MCU,YN32F303RCT6A,公用物料,pcs,个,原材料-电子料,集成电路1（IC）,外购,84.00,,,1.00,3.950028,未上架
363-000543,WH300电调电磁制动器信号线,,无人车,pcs,个,原材料-包装料,线束（包装线束）,外购,28.00,,,1.00,11.199882,未上架
849-001304,M4_304不锈钢法兰尼龙防松自锁螺母,M4  304不锈钢,无人车,pcs,个,原材料-组装料,五金件,外购,1.00,,,1.00,0.325440,未上架
849-000720,M2.5*L6机制螺钉（半圈奈落）,圆头十字 M2.5*L6机制螺钉，耐落，防锈不锈钢，螺丝要求：第3到第10个螺牙要半圈涂耐落漆,公用物料,pcs,个,原材料-组装料,五金件,外购,17.00,,,1.00,,未上架
165-002322,YN525_外关节3号,"""L*W*H：740*56*76mm，材质：QA66+30%CF,黑色;内嵌“YN525关节轴套”模内注塑：外径50mm，壁厚1.5mm碳管""",无人机,pcs,个,原材料-组装料,加工零部件（外壳、硅胶按键、标签等）,外购,42.00,,,1.00,,未上架
353-000171,三目相机,,无人车,pcs,个,原材料-半成品,VH300无人车,自制,,,,1.00,,未上架
454-000161,贴片TVS二极管,ESD5Z12T,公用物料,pcs,个,原材料-电子料,二极管,外购,30.00,,,1.00,0.088479,未上架
795-000776,YN580-L型宝塔接头,"L*W*H：46*32*12mm    ""QA66+30GF,黑色",无人机,pcs,个,原材料-组装料,通用机械零件,外购,35.00,,,1.00,2.250056,未上架
321-000257,YS504_定高雷达板77G_P1_PCB,YS504_定高雷达板77G_P1_PCB,无人机,pcs,个,原材料-电子料,印刷线路板,外购,30.00,,,1.00,,未上架
606-000692,YN525-整机包装内衬,,无人机,pcs,个,原材料-包装料,包装材料,外购,14.00,,,1.00,184.000047,未上架
725-000108,贴片陶瓷电容,"470pF,50V,0402,10%",公用物料,pcs,个,原材料-电子料,电容,外购,126.00,,,1.00,0.007458,未上架
539-000057,贴片电阻,"2K,1206,1%",公用物料,pcs,个,原材料-电子料,电阻,外购,84.00,,,1.00,0.009944,未上架
539-000594,贴片电阻,3.3R，0805，5%，0.25W,公用物料,pcs,个,原材料-电子料,电阻,外购,112.00,,,1.00,0.043957,未上架
725-000091,贴片陶瓷电容,"1nF,2KV,1206,10%",公用物料,pcs,个,原材料-电子料,电容,外购,126.00,,,1.00,0.280014,未上架
849-001270,M12*35_外六角法兰面螺栓,M12*1.75*35  10.9级黑色达克罗,无人车,pcs,个,原材料-组装料,五金件,外购,1.00,,,1.00,1.689350,未上架
588-000266,801_8芯转接板_P3_S01_PCBA,801_8CONNECTOR_P3_S01_PCBA,监测终端,pcs,个,原材料-半成品,已贴线路板,委外,17.00,,,1.00,,未上架
356-000428,2.54mm 双排12pin，180°直排插针,QM252B28A-06V60-150-1TU,公用物料,pcs,个,原材料-组装料,连接器1（电子）,外购,25.00,,,1.00,0.689978,未上架
454-000287,贴片二极管,TMF10CA,公用物料,pcs,个,原材料-电子料,二极管,外购,56.00,,,1.00,0.079100,未上架
539-000263,贴片电阻,"62K,0402,1%",公用物料,pcs,个,原材料-电子料,电阻,外购,98.00,,,1.00,0.001469,未上架
454-000179,肖特基二极管,CAT54WS,公用物料,pcs,个,原材料-电子料,二极管,外购,28.00,,,1.00,0.044974,未上架
539-000398,贴片电阻,"240R,0201,1%",公用物料,pcs,个,原材料-电子料,电阻,外购,84.00,,,1.00,0.002034,未上架
838-000283,YN402 LORA SMA-Ipex转接线,YN402 LORA SMA-IPEX-1代RF1.37黑色转接线,无人机,pcs,个,原材料-包装料,天线、传感器&摄像头,外购,35.00,,,1.00,,未上架
165-003086,YS411A外壳防水硅胶圈,,无人机,pcs,个,原材料-组装料,加工零部件（外壳、硅胶按键、标签等）,外购,1.00,,,1.00,80.000045,未上架
972-000005,低压差线性稳压器,TGM2019-3.3YN5G/TR,公用物料,pcs,个,原材料-电子料,集成电路1（IC）,外购,42.00,,,1.00,,未上架
733-000162,一体成型功率电感,DSEB0730-3R3M,公用物料,pcs,个,原材料-电子料,电感,外购,42.00,,,1.00,2.549958,未上架
725-000036,贴片陶瓷电容,"10nF,100V,0603,10%",公用物料,pcs,个,原材料-电子料,电容,外购,126.00,,,1.00,0.020792,未上架
165-003439,前车铜排7-总负,T2,无人车,pcs,个,原材料-组装料,加工零部件（外壳、硅胶按键、标签等）,外购,1.00,,,1.00,153.700001,未上架
972-000065,复位芯片,VM803RS,公用物料,pcs,个,原材料-电子料,集成电路1（IC）,外购,42.00,,,1.00,,未上架
795-000445,YN540pro旋转雷达BTB连接器压片1,不锈钢片，L*W*H=17.45*5*0.3mm,无人机,pcs,个,原材料-组装料,通用机械零件,外购,28.00,,,1.00,,未上架
165-003401,水管A,内10mm*外14mm,无人车,pcs,个,原材料-组装料,加工零部件（外壳、硅胶按键、标签等）,外购,28.00,,,1.00,2.555947,未上架
725-000158,贴片陶瓷电容,"2.2uf,16v,0603,10%",公用物料,pcs,个,原材料-电子料,电容,外购,70.00,,,1.00,0.025990,未上架
527-000056,贴片无源晶振,RRS1040000C10AD,公用物料,pcs,个,原材料-电子料,晶体振荡器,外购,28.00,,,1.00,0.400020,未上架
165-003467,作业铜排1-作业分电板正,T2,无人车,pcs,个,原材料-组装料,加工零部件（外壳、硅胶按键、标签等）,外购,1.00,,,1.00,95.100009,未上架
733-000161,一体成型功率电感,DSAB0740-S22M,公用物料,pcs,个,原材料-电子料,电感,外购,31.00,,,1.00,0.509969,未上架
165-002077,机具识别下盖(凯乐伯）,PC-ABS材料灰色 601C/601S,监测终端,pcs,个,原材料-组装料,加工零部件（外壳、硅胶按键、标签等）,外购,28.00,,,1.00,,未上架
539-000396,贴片电阻,"200R,0201,1%",公用物料,pcs,个,原材料-电子料,电阻,外购,84.00,,,1.00,0.002034,未上架
359-000040,电源开关,自锁式开关,无人车,pcs,个,原材料-组装料,通用电气零件,外购,1.00,,,1.00,10.342212,未上架
838-000178,YN408-WIFI天线（PCB）,O12-8213-R0A；PCB 天线，IPEX接头，线缆长度100mm,自动驾驶,pcs,个,原材料-包装料,天线、传感器&摄像头,外购,35.00,,,1.00,,未上架
972-000587,负载开关,TY6875ADBC,公用物料,pcs,个,原材料-电子料,集成电路1（IC）,外购,56.00,,,1.00,1.499962,未上架
539-000400,贴片电阻,"91K,0805,1%",公用物料,pcs,个,原材料-电子料,电阻,外购,84.00,,,1.00,0.006554,未上架
849-001373,水管抱箍,,无人车,pcs,个,原材料-组装料,五金件,外购,1.00,,,1.00,4.087775,未上架
165-001935,YN580助降灯铝基板,L*W*H：25*8*1mm    铝基板：白色,无人机,pcs,个,原材料-组装料,加工零部件（外壳、硅胶按键、标签等）,外购,35.00,,,1.00,,未上架
165-001321,YN540pro雷达转子信号固定铝件,L*W*H：60*52.5*9.7mm；壁厚2mm,无人机,pcs,个,原材料-组装料,加工零部件（外壳、硅胶按键、标签等）,外购,42.00,,,1.00,,未上架
356-000529,8P连接器板端_插针0.64mm_灰色,C615-0108，焊板式防水连接器 8P插针，插针规格直径0.64mm，灰色,公用物料,pcs,个,原材料-组装料,连接器1（电子）,外购,35.00,,,1.00,5.009968,未上架
972-000414,定位模块,BTGM332D-5NR32,公用物料,pcs,个,原材料-电子料,集成电路1（IC）,外购,56.00,,,1.00,8.199958,未上架
725-000465,贴片陶瓷电容,"2.2UF,1210,100V, X7R, 10%，软端子，AEC-R200",公用物料,pcs,个,原材料-电子料,电容,外购,112.00,,,1.00,1.100055,未上架
165-001286,UA500底壳,104*23*5.4  黑色，QA66*30%GF，4级抗UV，阻燃等级V0,智能定位,pcs,个,原材料-组装料,加工零部件（外壳、硅胶按键、标签等）,外购,28.00,,,1.00,,未上架
165-001442,密封圈外径11*2,黑色，丁晴橡胶淘宝标准件,公用物料,pcs,个,原材料-组装料,加工零部件（外壳、硅胶按键、标签等）,外购,10.00,,,1.00,,未上架
527-000036,贴片无源晶振,TF32WK32768D31T002,公用物料,pcs,个,原材料-电子料,晶体振荡器,外购,28.00,,,1.00,0.480024,未上架
539-000021,贴片电阻,"1M,0402,1%",公用物料,pcs,个,原材料-电子料,电阻,外购,84.00,,,1.00,0.001921,未上架
165-003391,离心喷头PCBA外壳密封圈,外径90*2,无人车,pcs,个,原材料-组装料,加工零部件（外壳、硅胶按键、标签等）,外购,1.00,,,1.00,0.418552,未上架
363-000540,WH300电调电源线,,无人车,pcs,个,原材料-包装料,线束（包装线束）,外购,28.00,,,1.00,27.699125,未上架
795-000619,YN540S_航电导电泡棉1,包裹式导电泡棉，银灰色，83*3*1mm，自然高度1mm，工作高度0.5mm,无人机,pcs,个,原材料-组装料,通用机械零件,外购,21.00,,,1.00,,未上架
165-000228,701pro硅胶圈（34针连接器）,41.2*30.6*6.6mm，40度硅胶,自动驾驶,pcs,个,原材料-组装料,加工零部件（外壳、硅胶按键、标签等）,外购,21.00,,,1.00,,未上架
972-000771,异步降压转换器,KWH5125CESOP#TRPBF,公用物料,pcs,个,原材料-电子料,集成电路1（IC）,外购,56.00,,,1.00,2.300002,未上架
733-000119,贴片功率电感,THP1206-1R0M,公用物料,pcs,个,原材料-电子料,电感,外购,30.00,,,1.00,1.049996,未上架
972-000741,电压监控IC,TGM803B-SXN3LG/TR,公用物料,pcs,个,原材料-电子料,集成电路1（IC）,外购,64.00,,,1.00,0.220011,未上架
321-000285,UB200_KEYBORAD_P2_PCB,UB200_KEYBORAD_P2_PCB,智能大屏,pcs,个,原材料-电子料,印刷线路板,外购,35.00,,,1.00,2.099992,未上架
733-000104,贴片磁珠,CLM18SG260TN1D,公用物料,pcs,个,原材料-电子料,电感,外购,73.00,,,1.00,0.109384,未上架
321-000527,YC403_SK3576_P1_PCB,YC403_SK3576_P1_PCB,无人机,pcs,个,原材料-电子料,印刷线路板,外购,45.00,,,1.00,30.360049,未上架
972-000697,电压基准芯片,SS3112-1.25XSF3,公用物料,pcs,个,原材料-电子料,集成电路1（IC）,外购,42.00,,,1.00,1.559965,未上架
795-000660,YN402_2030喇叭,2030喇叭，功率2W，带引线，尾部2P 1.25pitch连接器,无人机,pcs,个,原材料-组装料,通用机械零件,外购,18.00,,,1.00,,未上架
363-000563,前后接口板通讯线束,,无人车,pcs,个,原材料-包装料,线束（包装线束）,外购,35.00,,,1.00,9.942079,未上架
454-000288,ESD静电保护管,KEB03D5,公用物料,pcs,个,原材料-电子料,二极管,外购,56.00,,,1.00,0.046669,未上架
321-000172,YN401_打点器P2_PCB,YN401_GNSS BOARD_P2_PCB,无人机,pcs,个,原材料-电子料,印刷线路板,外购,35.00,,,1.00,1.000050,未上架
838-000277,YN402 PCB内置WIFI天线,YN402 无源PCB板 WIFI-2.4/5.8G,无人机,pcs,个,原材料-包装料,天线、传感器&摄像头,外购,35.00,,,1.00,,未上架
994-000348,YN402_后壳按键小板转接线,2P连接线，线束绞线，两端1.25pitch连接器,无人机,pcs,个,原材料-组装料,线束（组装线束）,外购,35.00,,,1.00,,未上架
795-000782,电调MOS屏蔽罩1,洋白铜，厚0.5mm,无人机,pcs,个,原材料-组装料,通用机械零件,外购,21.00,,,1.00,3.979973,未上架
363-000580,喷洒模块线束,,无人车,pcs,个,原材料-包装料,线束（包装线束）,外购,35.00,,,1.00,7.913729,未上架
165-002507,YC403_航电模块下盖,铝合金压铸，BDC12，表面喷涂，颜色潘通金属色QT4278C,无人机,pcs,个,原材料-组装料,加工零部件（外壳、硅胶按键、标签等）,外购,28.00,,,1.00,35.000055,未上架
165-000727,YN501_散热硅胶垫2,6W导热硅胶，50*30*1mm  灰色，6W.mk  规则矩形,自动驾驶,pcs,个,原材料-组装料,加工零部件（外壳、硅胶按键、标签等）,外购,14.00,,,1.00,,未上架
795-000926,YC403航电散热硅胶垫1,6W导热硅胶，29*23*1mm，浅灰色,无人机,pcs,个,原材料-组装料,通用机械零件,外购,14.00,,,1.00,0.580029,未上架
849-001319,M6*45_法兰面防松外六角螺母螺栓组合,M6*45  10.9级,无人车,pcs,个,原材料-组装料,五金件,外购,1.00,,,1.00,0.531100,未上架
358-000110,N沟道MOS管,JMTL2N7002KS,公用物料,pcs,个,原材料-电子料,晶体管,外购,84.00,,,1.00,0.029945,未上架
838-000401,YN503-4G-MAIN 天线,YN503-MAIN-V1.0,自动驾驶,pcs,个,原材料-包装料,天线、传感器&摄像头,外购,35.00,,,1.00,1.599967,未上架
539-000401,贴片电阻,"8.2K,0201,1%",公用物料,pcs,个,原材料-电子料,电阻,外购,98.00,,,1.00,0.002034,未上架
849-000382,M16*E19*L2.8六角螺母,M16薄螺母M16F-TW20-2.8L，黄铜镀镍,公用物料,pcs,个,原材料-组装料,五金件,外购,42.00,,,1.00,,未上架
849-000605,ST2.6*16不锈钢自攻螺丝,圆头十字尖尾， ST2.6*16，不锈钢,公用物料,pcs,个,原材料-组装料,五金件,外购,17.00,,,1.00,,未上架
795-000428,UA411螺丝附件包,M5*25十字法兰外六角螺丝*2  ，M5螺母*2，M5平垫(规格5*14*1.2)*4，M5弹垫*4,智能定位,pcs,个,原材料-组装料,通用机械零件,外购,13.00,,,1.00,,未上架
358-000166,贴片PMOS管,TPS040P02ES6,公用物料,pcs,个,原材料-电子料,晶体管,外购,56.00,,,1.00,0.149951,未上架
165-001758,YS410鱼眼摄像头后壳,"110.3*65.8*33.7mm；BDC12,黑色,外观面喷粉",无人机,pcs,个,原材料-组装料,加工零部件（外壳、硅胶按键、标签等）,外购,35.00,,,1.00,12.999972,未上架
795-000894,铜条,T2紫铜，11*7*0.8,无人机,pcs,个,原材料-组装料,通用机械零件,外购,33.00,,,1.00,0.168031,未上架
849-000511,贴片螺母,TMTSO3035CTJ,公用物料,pcs,个,原材料-组装料,五金件,外购,28.00,,,1.00,,未上架
353-000162,上装及底盘装置,,无人车,pcs,个,原材料-半成品,VH300无人车,自制,,,,1.00,,未上架
725-000149,贴片陶瓷电容,"1uf,50v,0603,10%",公用物料,pcs,个,原材料-电子料,电容,外购,56.00,,,1.00,0.015029,未上架
606-000691,YN525-整机包纸箱-中性英文版,,无人机,pcs,个,原材料-包装料,包装材料,外购,14.00,,,1.00,46.000040,未上架
733-000131,贴片功率电感,DSEB0730-2R2M,公用物料,pcs,个,原材料-电子料,电感,外购,31.00,,,1.00,2.549958,未上架
849-000792,M2.5*5扁平头十字螺丝,L=5mm，不锈钢，加耐落，螺丝要求：第3到第10个螺牙要整圈涂耐落漆,公用物料,pcs,个,原材料-组装料,五金件,外购,13.00,,,1.00,,未上架
165-000467,YN401打点器_中框支架,黑色塑胶，68*61*15mm，注塑，黑色PC+ABS,无人机,pcs,个,原材料-组装料,加工零部件（外壳、硅胶按键、标签等）,外购,28.00,,,1.00,1.130000,未上架
849-001232,圆管顶部连接板,R235，哑光黑RAL 9011,无人车,pcs,个,原材料-组装料,五金件,外购,1.00,,,1.00,12.000035,未上架
994-000350,2米弹簧手柄线束,线长2M，整根线束全屏蔽带接地，JP67防护等级,无人机,pcs,个,原材料-组装料,线束（组装线束）,外购,35.00,,,1.00,,未上架
795-000309,701防水透气膜,防水透气膜，外径φ10，内径φ5，厚度 0.3，透气区域为内径，单面背胶,监测终端,pcs,个,原材料-组装料,通用机械零件,外购,14.00,,,1.00,,未上架
363-000576,配电盒内作业接口板线束,6A 1平方,无人车,pcs,个,原材料-包装料,线束（包装线束）,外购,35.00,,,1.00,10.000500,未上架
972-000323,SS232收发器,CL13232ESO,公用物料,pcs,个,原材料-电子料,集成电路1（IC）,外购,42.00,,,1.00,0.665005,未上架
994-000371,801 SMA转ipex线束（国产化专用）,线长70mm，一端SMA头，另一端ipex，X7防水，SMA连接器螺纹长度15mm,监测终端,pcs,个,原材料-组装料,线束（组装线束）,外购,35.00,,,1.00,,未上架
725-000038,贴片陶瓷电容,"100nF,100V,0805,10%",公用物料,pcs,个,原材料-电子料,电容,外购,70.00,,,1.00,0.044974,未上架
972-000717,LTE(Cat4)无线通信数据模块,M509RC(D)-SC,公用物料,pcs,个,原材料-电子料,集成电路1（IC）,外购,28.00,,,1.00,50.500039,未上架
725-000164,贴片陶瓷电容,"2.7nF,50V,0402,±10%",公用物料,pcs,个,原材料-电子料,电容,外购,126.00,,,1.00,0.003955,未上架
165-001429,YN402内置电池固定支架组件,灰色塑胶件，组装泡棉,无人机,pcs,个,原材料-组装料,加工零部件（外壳、硅胶按键、标签等）,外购,35.00,,,1.00,,未上架
690-000014,贴片发光二极管,"YELLOW,29-31-Y2C-CN2Q1BZ-3T-(GN)",公用物料,pcs,个,原材料-电子料,发光二极管,外购,28.00,,,1.00,,未上架
454-000241,肖特基二极管,TS315,公用物料,pcs,个,原材料-电子料,二极管,外购,42.00,,,1.00,0.150968,未上架
795-001187,链条总成,"5分10A,单车约3m",无人车,pcs,个,原材料-组装料,通用机械零件,外购,28.00,,,1.00,21.591023,未上架
554-000075,稳压器,TGM2048-ADJXTEK8G/TR,公用物料,pcs,个,原材料-电子料,稳压器,外购,98.00,,,1.00,1.599967,未上架
549-002093,150加强雷达电机,环形，φ49mm，高度24.1mm；阳极氧化/黑色,无人机,pcs,个,原材料-包装料,外购设备类,外购,42.00,,,1.00,100.000028,未上架
165-000677,UB200防水透气膜,外径24mm 胶边2mm 厚度1mm，胶边厚0.5mm，黑色,智能大屏,pcs,个,原材料-组装料,加工零部件（外壳、硅胶按键、标签等）,外购,14.00,,,1.00,,未上架
549-000205,HX-EU1023D 华信电台模块,HX-EU1023D,自动驾驶,pcs,个,原材料-包装料,外购设备类,外购,28.00,,,1.00,,未上架
165-001959,YN580定高散热铜片,L*W：19.5*17.5mm，壁厚0.8mmL*W：19.5*17.5mm，壁厚0.8mm；黄铜，本色,无人机,pcs,个,原材料-组装料,加工零部件（外壳、硅胶按键、标签等）,外购,28.00,,,1.00,,未上架
165-001777,YS403双目导热硅胶3,L*W*H：15*15*1；灰色，6w.mk导热硅胶,无人机,pcs,个,原材料-组装料,加工零部件（外壳、硅胶按键、标签等）,外购,14.00,,,1.00,0.180009,未上架
358-000138,P沟道MOS管,ZJL07P03BL,公用物料,pcs,个,原材料-电子料,晶体管,外购,70.00,,,1.00,0.329960,未上架
358-000001,NPN三极管,NMBT3904LT1G,公用物料,pcs,个,原材料-电子料,晶体管,外购,140.00,,,1.00,0.114921,未上架
994-000413,YN580后离心喷头直连线束组件,,无人机,pcs,个,原材料-组装料,线束（组装线束）,自制,35.00,,,1.00,,未上架
165-003435,前车铜排3-接触器负,T2,无人车,pcs,个,原材料-组装料,加工零部件（外壳、硅胶按键、标签等）,外购,1.00,,,1.00,179.999960,未上架
972-000655,4G模块,FC800KCNCC-J01-SNNSA,公用物料,pcs,个,原材料-电子料,集成电路1（IC）,外购,42.00,,,1.00,13.920018,未上架
454-000169,TVS管,TM24CMI,公用物料,pcs,个,原材料-电子料,二极管,外购,56.00,,,1.00,0.260013,未上架
165-003394,风扇底部防旋转垫片,"PA+30%GF,黑色",无人车,pcs,个,原材料-组装料,加工零部件（外壳、硅胶按键、标签等）,外购,1.00,,,1.00,28.000044,未上架
356-000534,连接器,GP0520F-006R-TAND,公用物料,pcs,个,原材料-组装料,连接器1（电子）,外购,25.00,,,1.00,0.280014,未上架
588-000729,YN580_后接口板_P4_PCBA(搭配配自研电调),YN580_BACK CONTROL BOARD_P4_PCBA(匹配自研电调),无人机,pcs,个,原材料-半成品,已贴线路板,委外,1.00,,,1.00,,未上架
101-000005,FH211020-9EFA-4EED,FH211020-9EFA-4EED,公用物料,pcs,个,原材料-电子料,集成电路2,外购,28.00,,,1.00,1.060053,未上架
849-000822,M3*8_不锈钢内六角平尾自攻螺丝,304不锈钢，本色，中性盐雾72小时,公用物料,pcs,个,原材料-组装料,五金件,外购,17.00,,,1.00,,未上架
454-000108,肖特基二极管,CAS40-04LT1G,公用物料,pcs,个,原材料-电子料,二极管,外购,140.00,,,1.00,0.225435,未上架
165-001268,YN501防水硅胶圈2,,自动驾驶,pcs,个,原材料-组装料,加工零部件（外壳、硅胶按键、标签等）,外购,28.00,,,1.00,,未上架
795-000945,YN503主板电源屏蔽罩,不锈钢304，外观尺寸：30.5*20.7*4.5mm，厚度0.15mm,自动驾驶,pcs,个,原材料-组装料,通用机械零件,外购,21.00,,,1.00,0.249956,未上架
972-000705,MPU,TTM32MP231AAL3,公用物料,pcs,个,原材料-电子料,集成电路1（IC）,外购,64.00,,,1.00,48.194500,未上架
539-000552,贴片电阻,47k，0201，1%，1/20W,公用物料,pcs,个,原材料-电子料,电阻,外购,84.00,,,1.00,0.002034,未上架
725-000447,贴片陶瓷电容,"100nF,250V,1206,10%，X7R",公用物料,pcs,个,原材料-电子料,电容,外购,56.00,,,1.00,0.031527,未上架
165-002537,密封圈外径17.61*2.62,外径17.61，线径2.62丁晴胶圈，黑色,无人机,pcs,个,原材料-组装料,加工零部件（外壳、硅胶按键、标签等）,外购,21.00,,,1.00,0.237526,未上架
725-000157,贴片电解电容,WEJ470M1HTR-0607,公用物料,pcs,个,原材料-电子料,电容,外购,84.00,,,1.00,0.226000,未上架
972-000703,过压保护芯片,TGM40659YG/TR,公用物料,pcs,个,原材料-电子料,集成电路1（IC）,外购,45.00,,,1.00,1.052369,未上架
165-000802,YN540PRO_主控板屏蔽罩4,0.15mm不锈钢 19.14*13.94*2.2mm,无人机,pcs,个,原材料-组装料,加工零部件（外壳、硅胶按键、标签等）,外购,21.00,,,1.00,,未上架
539-000004,贴片电阻,"330R,0402,1%",公用物料,pcs,个,原材料-电子料,电阻,外购,112.00,,,1.00,0.002825,未上架
733-000074,贴片电感,MQW15AN2N7B0ZD,公用物料,pcs,个,原材料-电子料,电感,外购,56.00,,,1.00,0.560028,未上架
356-000246,无线机具电池连接器,FWF-15004-T02B24W5M,公用物料,pcs,个,原材料-组装料,连接器1（电子）,外购,25.00,,,1.00,,未上架
539-000052,贴片电阻,"750K,0402,1%",公用物料,pcs,个,原材料-电子料,电阻,外购,98.00,,,1.00,0.001469,未上架
849-001264,M10*35_外六角法兰面螺栓,M10*35  10.9级达克罗,无人车,pcs,个,原材料-组装料,五金件,外购,1.00,,,1.00,0.716420,未上架
165-001209,701国产化显示屏支架,L*W*H=108.7*70.4*8.6mm，预埋4颗M2.5铜螺母,监测终端,pcs,个,原材料-组装料,加工零部件（外壳、硅胶按键、标签等）,外购,28.00,,,1.00,,未上架
838-000442,YS411A单目摄像头模组D8T06A Camera Module,,无人机,pcs,个,原材料-组装料,天线、传感器&摄像头,外购,1.00,,,1.00,,未上架
972-000454,动态随机存取存储器,K4B2G1646F-BHMA,公用物料,pcs,个,原材料-电子料,集成电路1（IC）,外购,7.00,,,1.00,46.870027,未上架
838-000211,801-C-主天线,ZK-801-C-M-01,监测终端,pcs,个,原材料-包装料,天线、传感器&摄像头,外购,35.00,,,1.00,,未上架
539-000489,高精度贴片电阻,"200R,0402,0.1%",公用物料,pcs,个,原材料-电子料,电阻,外购,133.00,,,1.00,0.056952,未上架
838-000443,YS411A双目摄像头组件V210A Camera Module,,无人机,pcs,个,原材料-组装料,天线、传感器&摄像头,外购,1.00,,,1.00,,未上架
321-000485,YS508_1T4R_80G_9232_P0_PCB,YS508_1T4R_80G_9232_P0_PCB,无人机,pcs,个,原材料-电子料,印刷线路板,外购,90.00,,,1.00,25.878017,未上架
849-001244,作业板散热片,7063-T5,无人车,pcs,个,原材料-组装料,五金件,外购,1.00,,,1.00,150.000042,未上架
733-000226,贴片电感,NTF0402P39NJ10ST,公用物料,pcs,个,原材料-电子料,电感,外购,24.00,,,1.00,0.169952,未上架
356-000604,勤本4P连接器板端_插针0.64mm_黑色,焊板式防水连接器 4P插针，插针规格直径0.64mm，黑色,无人机,pcs,个,原材料-组装料,连接器1（电子）,外购,35.00,,,1.00,0.829985,未上架
725-000261,电解电容,ERS1KM470F12OT,公用物料,pcs,个,原材料-电子料,电容,外购,56.00,,,1.00,0.149951,未上架
165-002670,YN503_后壳,307.5*212.4*33.87mm； 材料：PC+ABS，带热熔铜螺母                                                    工艺：黑色，表面细皮纹,自动驾驶,pcs,个,原材料-组装料,加工零部件（外壳、硅胶按键、标签等）,外购,35.00,,,1.00,23.819948,未上架
539-000421,贴片电阻,"10K,0402,1%",公用物料,pcs,个,原材料-电子料,电阻,外购,56.00,,,1.00,0.001808,未上架
733-000038,绕线贴片功率电感,TWPA4030S1R0NT,公用物料,pcs,个,原材料-电子料,电感,外购,42.00,,,1.00,0.142945,未上架
795-000451,YN540pro旋转雷达雷达板导热硅胶片2,L*W*H=5*5*1.5mm，6W,无人机,pcs,个,原材料-组装料,通用机械零件,外购,14.00,,,1.00,,未上架
165-001319,YN540pro雷达旋转支撑件,L*W*H：57.6*385*18mm，厚度3.2mm,无人机,pcs,个,原材料-组装料,加工零部件（外壳、硅胶按键、标签等）,外购,42.00,,,1.00,,未上架
321-000543,YS221_P0_PCB,YS221_P0_PCB,自动驾驶,pcs,个,原材料-电子料,印刷线路板,外购,35.00,,,1.00,8.130011,未上架
539-000157,贴片电阻,"16.5K,0402,1%",公用物料,pcs,个,原材料-电子料,电阻,外购,112.00,,,1.00,0.002825,未上架
165-001557,YN501_导电泡棉A,36mm*8mm*3mm,自动驾驶,pcs,个,原材料-组装料,加工零部件（外壳、硅胶按键、标签等）,外购,21.00,,,1.00,,未上架
321-000431,YS403_X3M主板_P2_PCB,YS403_X3M_P2_PCB,无人机,pcs,个,原材料-电子料,印刷线路板,外购,30.00,,,1.00,13.580001,未上架
733-000188,贴片磁珠,VPZ1608U601-1R3TF,公用物料,pcs,个,原材料-电子料,电感,外购,98.00,,,1.00,0.060003,未上架
838-000455,YS508-U-4G副天线,YS508-U-4G-DIV,无人机,pcs,个,原材料-组装料,天线、传感器&摄像头,外购,35.00,,,1.00,1.082992,未上架
972-000515,安全芯片,YSCK2,公用物料,pcs,个,原材料-电子料,集成电路1（IC）,外购,21.00,,,1.00,4.199984,未上架
725-000302,贴片铝电解电容,WZT221M1HTT-0810,公用物料,pcs,个,原材料-电子料,电容,外购,70.00,,,1.00,0.709979,未上架
725-000443,贴片陶瓷电容,"68nF,50V,0402,10%,X7R",公用物料,pcs,个,原材料-电子料,电容,外购,98.00,,,1.00,0.006215,未上架
356-000271,12PIN 双排立插线对板连接器2.0pitch,XB2013A-206S-BAND-GW,公用物料,pcs,个,原材料-组装料,连接器1（电子）,外购,25.00,,,1.00,0.140007,未上架
165-003386,离心喷头PCBA顶盖,BDC12，T5黑色阳极氧化,无人车,pcs,个,原材料-组装料,加工零部件（外壳、硅胶按键、标签等）,外购,1.00,,,1.00,220.000039,未上架
795-000003,601C倾角/机具识别标签纸,空白标签  亮白色 PVC 47.8mm*32.4mm R角2.5mm,监测终端,pcs,个,原材料-组装料,通用机械零件,外购,17.00,,,1.00,,未上架
725-000174,贴片陶瓷电容,"10uF,±10%,50V,1206,X7R",公用物料,pcs,个,原材料-电子料,电容,外购,70.00,,,1.00,0.197976,未上架
972-000538,GNSS LNA,BW5005EDNR,公用物料,pcs,个,原材料-电子料,集成电路1（IC）,外购,28.00,,,1.00,0.096050,未上架
165-001962,YN580感应线圈接收端固定铝件,环形，φ25.6mm，高度11.7mm，M7*1螺纹孔；钝化，本色,无人机,pcs,个,原材料-组装料,加工零部件（外壳、硅胶按键、标签等）,外购,35.00,,,1.00,,未上架
725-000410,贴片陶瓷电容,"22uF,10V,0805,±20%,X7R",公用物料,pcs,个,原材料-电子料,电容,外购,112.00,,,1.00,0.349961,未上架
358-000080,N沟道MOS管,MBSS138LT1G,公用物料,pcs,个,原材料-电子料,晶体管,外购,126.00,,,1.00,0.039550,未上架
165-003414,作业接口板壳体,QA66+30GF,无人车,pcs,个,原材料-组装料,加工零部件（外壳、硅胶按键、标签等）,外购,1.00,,,1.00,159.999977,未上架
468-000003,安装确认书,A5大小，148mm×210mm，一式两份，第一页签字，第二页复印联；（用于安装后机手签字确认）,智能灌溉,pcs,个,原材料-包装料,印刷类,外购,23.00,,,1.00,,未上架
690-000007,直插发光二极管,"Green,304-10SYGD-T530-E2-L _V4",公用物料,pcs,个,原材料-电子料,发光二极管,外购,35.00,,,1.00,0.095033,未上架
725-000250,贴片陶瓷电容,"30pF,50V,0402,5%",公用物料,pcs,个,原材料-电子料,电容,外购,77.00,,,1.00,0.002147,未上架
165-001941,YN580探照灯透气阀橡帽,φ9*15mm    ，黑色,无人机,pcs,个,原材料-组装料,加工零部件（外壳、硅胶按键、标签等）,外购,10.00,,,1.00,,未上架
725-000259,贴片陶瓷电容,"2.2uF,25V,0402,10%",公用物料,pcs,个,原材料-电子料,电容,外购,98.00,,,1.00,0.042036,未上架
358-000185,N沟道MOS,MN4812LT1G,公用物料,pcs,个,原材料-电子料,晶体管,外购,105.00,,,1.00,0.189953,未上架
725-000026,贴片陶瓷电容,"18pF,50V,0402,5%",公用物料,pcs,个,原材料-电子料,电容,外购,126.00,,,1.00,0.004520,未上架
260-000064,YC400采集器（4路播种）_P3.0组装BOM,YC-DAC-D-04,智能播种,pcs,个,原材料-半成品,UC400整机,自制,1.00,,,1.00,,未上架
725-000349,贴片陶瓷电容,"47PF,50V,0402,5%",公用物料,pcs,个,原材料-电子料,电容,外购,98.00,,,1.00,0.002486,未上架
725-000315,贴片铝电解电容,WZH470M1JTR-0810,公用物料,pcs,个,原材料-电子料,电容,外购,84.00,,,1.00,0.380019,未上架
725-000306,电解电容,ERS1EM221E11OT,公用物料,pcs,个,原材料-电子料,电容,外购,56.00,,,1.00,0.115034,未上架
795-000785,电调铜条3,T2紫铜，29*6*0.8,无人机,pcs,个,原材料-组装料,通用机械零件,外购,33.00,,,1.00,0.307134,未上架
994-000544,YN525_探照灯线束,,无人机,pcs,个,原材料-组装料,线束（组装线束）,外购,35.00,,,1.00,,未上架
165-001033,YN540pro旋转雷达防水硅胶圈,直径φ114mm，厚度1mm,无人机,pcs,个,原材料-组装料,加工零部件（外壳、硅胶按键、标签等）,外购,21.00,,,1.00,,未上架
849-001220,前车配电盒主壳体,铝合金,无人车,pcs,个,原材料-组装料,五金件,外购,35.00,,,1.00,220.799966,未上架
725-000255,贴片陶瓷电容,"3.3nF,50V,0603,10%,X7R",公用物料,pcs,个,原材料-电子料,电容,外购,84.00,,,1.00,0.021922,未上架
356-000062,天线底座,MMCX-JE-13,公用物料,pcs,个,原材料-组装料,连接器1（电子）,外购,25.00,,,1.00,4.501016,未上架
972-000343,SDRAM,X9825G6KH-6I,公用物料,pcs,个,原材料-电子料,集成电路1（IC）,外购,84.00,,,1.00,44.999990,未上架
588-000565,YN580_电调电容板CAP5_P0_PCBA,YN580_电调电容板CAP5_P0_PCBA,无人机,pcs,个,原材料-半成品,已贴线路板,委外,13.00,,,1.00,,未上架
725-000274,贴片陶瓷电容,"2.2nF,16V,0201,10%",公用物料,pcs,个,原材料-电子料,电容,外购,112.00,,,1.00,0.006780,未上架
795-001232,短直水管,,无人车,pcs,个,原材料-组装料,通用机械零件,外购,1.00,,,1.00,,未上架
356-000270,10PIN 双排立插线对板连接器2.0pitch,XB2013A-205S-BAND-GW,公用物料,pcs,个,原材料-组装料,连接器1（电子）,外购,24.00,,,1.00,0.120006,未上架
725-000128,贴片陶瓷电容,"150pf,50v,0402,5%",公用物料,pcs,个,原材料-电子料,电容,外购,98.00,,,1.00,0.005650,未上架
733-000155,贴片电感,TDCL1005C9N1JTDF,公用物料,pcs,个,原材料-电子料,电感,外购,98.00,,,1.00,0.007345,未上架
972-000774,GNSS定位模块,UAU1114-1216BB0,公用物料,pcs,个,原材料-电子料,集成电路1（IC）,外购,28.00,,,1.00,7.800051,未上架
454-000221,二极管,TD10U60SL,公用物料,pcs,个,原材料-电子料,二极管,外购,28.00,,,1.00,0.689978,未上架
725-000431,贴片陶瓷电容,"2.2uf,10v,0201,10%",公用物料,pcs,个,原材料-电子料,电容,外购,126.00,,,1.00,0.124978,未上架
359-000035,角度传感器,,无人车,pcs,个,原材料-电子料,通用电气零件,外购,42.00,,,1.00,184.000047,未上架
321-000432,YS403_模块FPC_P1_PCB,YS403_MODULE_FPC_P1_PCB,无人机,pcs,个,原材料-电子料,印刷线路板,外购,35.00,,,1.00,1.000050,未上架
838-000338,YN580 定位天线转接线,HX-DUX611A-JG010,无人机,pcs,个,原材料-包装料,天线、传感器&摄像头,外购,35.00,,,1.00,,未上架
539-000497,功率电阻,QE2512FKF070R1L,公用物料,pcs,个,原材料-电子料,电阻,外购,140.00,,,1.00,,未上架
539-000601,贴片电阻,4.7R，0805，5%，1/2W，防脉冲,公用物料,pcs,个,原材料-电子料,电阻,外购,126.00,,,1.00,0.029945,未上架
539-000477,贴片电阻,"60.4R,0805,1%",公用物料,pcs,个,原材料-电子料,电阻,外购,42.00,,,1.00,0.004181,未上架
165-001826,YN580双目摄像头减震脚垫,φ17*11.9mm，60度橙色硅胶,无人机,pcs,个,原材料-组装料,加工零部件（外壳、硅胶按键、标签等）,外购,21.00,,,1.00,1.250006,未上架
972-000608,充电芯片,TGM41573XTSE32G/TR,公用物料,pcs,个,原材料-电子料,集成电路1（IC）,外购,64.00,,,1.00,5.360042,未上架
725-000078,贴片陶瓷电容,"470NF,25V,0402,10%",公用物料,pcs,个,原材料-电子料,电容,外购,126.00,,,1.00,0.024295,未上架
539-000502,热敏电阻,DMFD103J3900HANT,公用物料,pcs,个,原材料-电子料,电阻,外购,35.00,,,1.00,0.050963,未上架
849-001184,外壳后下盖板总成,"R235,哑光黑RAL 9011",无人车,pcs,个,原材料-组装料,五金件,外购,1.00,,,1.00,30.000031,未上架
588-000541,YS410_YI3519主板_P1_S01_PCBA,YS410_YI3519_P1_S01_PCBA,无人机,pcs,个,原材料-半成品,已贴线路板,委外,10.00,,,1.00,,未上架
606-000053,YN100大纸箱格栅底板,660mmX380mm，B瓦材质厚度3mm(一箱五个),智能定位,pcs,个,原材料-包装料,包装材料,外购,14.00,,,1.00,,未上架
972-000845,LTE(Cat4)无线通信数据模块,TLM750-VA,公用物料,pcs,个,原材料-电子料,集成电路1（IC）,外购,42.00,,,1.00,136.500045,未上架
725-000104,贴片陶瓷电容,"1uF,10V,0402,10%",公用物料,pcs,个,原材料-电子料,电容,外购,70.00,,,1.00,0.004972,未上架
539-000008,贴片电阻,"10K,0402,1%",公用物料,pcs,个,原材料-电子料,电阻,外购,84.00,,,1.00,0.001921,未上架
321-000567,YN580后接口板P4_PCB,YN580后接口板P4_PCB,无人机,pcs,个,原材料-电子料,印刷线路板,外购,35.00,,,1.00,37.699964,未上架
356-000356,天线底座MMCX-KE-7536,ZK-MMCX-KE-7536,公用物料,pcs,个,原材料-组装料,连接器1（电子）,外购,35.00,,,1.00,1.279951,未上架
165-001890,YN580外关节3号,"""L*W*H：964.5*61.8*85.4mm，材质：QA66+30%CF,黑色;内嵌不锈钢关节轴套。模内注塑：外径54.6mm，壁厚1.8mm碳管""",无人机,pcs,个,原材料-组装料,加工零部件（外壳、硅胶按键、标签等）,外购,42.00,,,1.00,,未上架
165-001981,YN580_航电铭牌,航电铭牌，黑底丝印白色无logo，五处印刷开窗透光，66.67*47.81*1.3mm,无人机,pcs,个,原材料-组装料,加工零部件（外壳、硅胶按键、标签等）,外购,21.00,,,1.00,,未上架
849-000854,M2.5*8扁平头十字螺丝,L=8mm，不锈钢，加耐落，螺丝要求：第3到第10个螺牙要整圈涂耐落漆,公用物料,pcs,个,原材料-组装料,五金件,外购,17.00,,,1.00,,未上架
165-003438,前车铜排6-后分电板正,T2,无人车,pcs,个,原材料-组装料,加工零部件（外壳、硅胶按键、标签等）,外购,1.00,,,1.00,82.200042,未上架
165-001413,YN402_五向按键,黑色塑胶，外观晒纹,无人机,pcs,个,原材料-组装料,加工零部件（外壳、硅胶按键、标签等）,外购,35.00,,,1.00,,未上架
539-000406,贴片电阻,"16.5K,0402,1%",公用物料,pcs,个,原材料-电子料,电阻,外购,42.00,,,1.00,0.001243,未上架
539-000444,贴片电阻,"820R,0603,1%",公用物料,pcs,个,原材料-电子料,电阻,外购,112.00,,,1.00,0.004746,未上架
359-000036,角度传感器磁铁,,无人车,pcs,个,原材料-组装料,通用电气零件,外购,42.00,,,1.00,1.000050,未上架
849-001323,M8*30_304不锈钢外六角法兰面螺栓,M8*30  304不锈钢,无人车,pcs,个,原材料-组装料,五金件,外购,1.00,,,1.00,0.424993,未上架
770-000147,701帝硕七芯连接器,七芯，连接器长度21.3mm，直径15.4mm,公用物料,pcs,个,原材料-组装料,连接器2（非电子）,外购,35.00,,,1.00,,未上架
454-000286,贴片二极管,TMF24AL,公用物料,pcs,个,原材料-电子料,二极管,外购,56.00,,,1.00,0.104977,未上架
165-001453,YN501改版后壳_(英文版),,自动驾驶,pcs,个,原材料-组装料,加工零部件（外壳、硅胶按键、标签等）,外购,28.00,,,1.00,,未上架
527-000055,有源晶振,P52JF-WUM-50M,公用物料,pcs,个,原材料-电子料,晶体振荡器,外购,42.00,,,1.00,1.299952,未上架
539-000330,贴片电阻,"470K,0402,1%",公用物料,pcs,个,原材料-电子料,电阻,外购,84.00,,,1.00,0.001921,未上架
454-000252,肖特基二极管,SB751V-40,公用物料,pcs,个,原材料-电子料,二极管,外购,70.00,,,1.00,0.052545,未上架
994-000387,701CAN口一拖三线束（帝硕）,线束总长4米，一端连接器A108L-8A，另一端一分三，连接器 均为CJ-M12防水4P-G101,监测终端,pcs,个,原材料-组装料,线束（组装线束）,外购,35.00,,,1.00,,未上架
588-000662,YC302B电调电容板CAP_P0_PCBA,YC302B电调电容板CAP_P0_PCBA,无人机,pcs,个,原材料-半成品,已贴线路板,委外,1.00,,,1.00,,未上架
972-000227,雷达收发器,UEF8102EN/N1E,公用物料,pcs,个,原材料-电子料,集成电路1（IC）,外购,363.00,,,1.00,,未上架
165-002059,YS50机尾雷达防水硅胶圈,55度橙色硅胶，光面,无人机,pcs,个,原材料-组装料,加工零部件（外壳、硅胶按键、标签等）,外购,21.00,,,1.00,,未上架
539-000555,贴片电阻,防脉冲电阻 49.9 Ohms ±1% 0.2W 0402,公用物料,pcs,个,原材料-电子料,电阻,外购,98.00,,,1.00,,未上架
725-000179,贴片陶瓷电容,"56pF,50V,0402,5%,NP0",公用物料,pcs,个,原材料-电子料,电容,外购,98.00,,,1.00,0.002373,未上架
725-000257,贴片铝电解电容,VH1H470MF065000CEO,公用物料,pcs,个,原材料-电子料,电容,外购,28.00,,,1.00,0.266002,未上架
165-000755,UA400底壳,110*87.6*18.8，黑色PC,智能定位,pcs,个,原材料-组装料,加工零部件（外壳、硅胶按键、标签等）,外购,28.00,,,1.00,,未上架
554-000031,同步升压转换芯片,TY7120RAC,公用物料,pcs,个,原材料-电子料,稳压器,外购,140.00,,,1.00,2.300002,未上架
539-000056,贴片电阻,"2R,1206,1%",公用物料,pcs,个,原材料-电子料,电阻,外购,84.00,,,1.00,0.009492,未上架
972-000654,MCU,NIMXRT1021CAG4B,公用物料,pcs,个,原材料-电子料,集成电路1（IC）,外购,112.00,,,1.00,18.300011,未上架
972-000113,音频放大器,UPA6211A1TDGNRQ1,公用物料,pcs,个,原材料-电子料,集成电路1（IC）,外购,112.00,,,1.00,2.119993,未上架
725-000100,贴片陶瓷电容,"10nF,50V,0402,10%",公用物料,pcs,个,原材料-电子料,电容,外购,105.00,,,1.00,0.005537,未上架
849-001042,1号电机支架抱箍A（S22新款）,"S22，材质：6061铝；颜色：黑色，尾部带1颗M6*25mm的内六角弹垫组合螺丝(具体规格：TUS304,螺牙长度25mm，弹垫厚度1.3mm，GB93弹垫外径MAX:10.08mm，螺丝头径9.88-10.22mm，第3到第10个螺牙00-180度耐落漆，以上物料需满足中性盐雾72小时；强度等级：A2-70",自动驾驶,pcs,个,原材料-组装料,五金件,外购,28.00,,,1.00,12.550006,未上架
358-000128,P沟道MOS管,KMTG080P03A,公用物料,pcs,个,原材料-电子料,晶体管,外购,112.00,,,1.00,0.700035,未上架
838-000156,YN408 4G DIV支架天线,"频率：924-960/2710-2690（MHz），VSWR（Free）≦1.5,IPEX 一代，线长130mm,线径1.37mm，低损，天线长宽：35.18*10.9mm",自动驾驶,pcs,个,原材料-包装料,天线、传感器&摄像头,外购,35.00,,,1.00,,未上架
795-000264,701pro屏蔽罩,30.95*20.9*1.8，不锈钢,自动驾驶,pcs,个,原材料-组装料,通用机械零件,外购,21.00,,,1.00,,未上架
795-000884,YN403主板CPU屏蔽罩,不锈钢304，外观尺寸：46.2*42.1*2.58 0.15mm，厚度0.15mm,自动驾驶,pcs,个,原材料-组装料,通用机械零件,外购,21.00,,,1.00,1.199947,未上架
895-000038,轻触开关,ZZKDK12T43S260,公用物料,pcs,个,原材料-组装料,开关,外购,28.00,,,1.00,0.140007,未上架
849-001198,后后轮车轮轴,45#、R235,无人车,pcs,个,原材料-组装料,五金件,外购,1.00,,,1.00,68.000010,未上架
849-001251,称重计固定支架,M:Al 7061  T5 C:黑色阳极氧化,无人车,pcs,个,原材料-组装料,五金件,外购,1.00,,,1.00,170.000025,未上架
539-000169,贴片电阻,"13K,0402,1%",公用物料,pcs,个,原材料-电子料,电阻,外购,98.00,,,1.00,0.002712,未上架
539-000439,贴片低阻值采样电阻,MR2512-23R003F4,公用物料,pcs,个,原材料-电子料,电阻,外购,140.00,,,1.00,0.369962,未上架
795-000801,电调铜条5,T2紫铜，31*7*0.8,无人机,pcs,个,原材料-组装料,通用机械零件,外购,33.00,,,1.00,0.335045,未上架
733-000210,磁珠,DBM160808U221T,公用物料,pcs,个,原材料-电子料,电感,外购,140.00,,,1.00,,未上架
501-000006,网络变压器,C1601S-5.0(工业级),公用物料,pcs,个,原材料-电子料,变压器,外购,42.00,,,1.00,0.569972,未上架
321-000396,UA500_P4_PCB,UA500_P4_PCB,智能定位,pcs,个,原材料-电子料,印刷线路板,外购,35.00,,,1.00,,未上架
588-000342,YS504_避障板FPC排线_24PIN_P0_S01_PCBA,YS504_避障板FPC排线_24PIN_P0_S01_PCBA,无人机,pcs,个,原材料-半成品,已贴线路板,委外,18.00,,,1.00,,未上架
972-000170,高清视频解码芯片,SN6854MGQW,公用物料,pcs,个,原材料-电子料,集成电路1（IC）,外购,84.00,,,1.00,,未上架
588-000649,YS210_自研IMU模块_P1_PCBA,YS210_IMU_P1_PCBA,自动驾驶,pcs,个,原材料-半成品,已贴线路板,委外,14.00,,,1.00,,未上架
725-000338,贴片陶瓷电容,"47uF,10V,1206,20%",公用物料,pcs,个,原材料-电子料,电容,外购,84.00,,,1.00,0.482058,未上架
454-000237,稳压二极管,CZD52C15,公用物料,pcs,个,原材料-电子料,二极管,外购,56.00,,,1.00,0.049946,未上架
849-000195,M2.5*9+3单头六角铜柱，六角对边尺寸4.9,M2.5*9+3单头六角铜柱，本色，外牙M2.5*3，内牙M2.5牙深不低于6mm，六角对边4.9mm，长度9mm,公用物料,pcs,个,原材料-组装料,五金件,外购,13.00,,,1.00,,未上架
539-000407,贴片电阻,"953K,0402,1%",公用物料,pcs,个,原材料-电子料,电阻,外购,35.00,,,1.00,0.001243,未上架
539-000244,贴片电阻,"3K,0402,1%",公用物料,pcs,个,原材料-电子料,电阻,外购,84.00,,,1.00,0.001921,未上架
849-000700,M3*6-不锈钢十字圆头机牙螺丝_半耐落,304不锈钢；本色；强度等级：A2-70；第3到第10个螺牙要半圈涂耐落漆，中性盐雾72小时；符合GB /T 918 - 2016标准(螺丝头槽号H型)；,公用物料,pcs,个,原材料-组装料,五金件,外购,15.00,,,1.00,,未上架
165-001234,YN540pro雷达定子固定板,圆形，外径φ80.4mm，高度7.7mm，材料BDC12,无人机,pcs,个,原材料-组装料,加工零部件（外壳、硅胶按键、标签等）,外购,42.00,,,1.00,,未上架
356-000557,M12防水6P-A款板端公头-26L,M12防水6P-A code板端公头1.0针 前锁面板式M12 TW17-26L,自动驾驶,pcs,个,原材料-组装料,连接器1（电子）,外购,42.00,,,1.00,5.549995,未上架
849-001261,M1.6*4_不锈钢十字薄平头螺丝_整圈耐落,"304不锈钢，本色，强度等级：A2-70,第3到第10个螺牙要整圈涂耐落漆，中性盐雾72小时，符合GB/T 918-2016",无人车,pcs,个,原材料-组装料,五金件,外购,1.00,,,1.00,0.140120,未上架
165-000771,YN501MOS屏蔽罩支架,67.13*46.7*6.3，洋白铜,自动驾驶,pcs,个,原材料-组装料,加工零部件（外壳、硅胶按键、标签等）,外购,21.00,,,1.00,,未上架
795-000947,YN503视频解码屏蔽罩,不锈钢304，外观尺寸：29.2*25.1*3.7mm，厚度0.15mm,自动驾驶,pcs,个,原材料-组装料,通用机械零件,外购,21.00,,,1.00,0.249956,未上架
165-003886,接收机可调节底座,,自动驾驶,pcs,个,原材料-组装料,待分类,外购,1.00,,,1.00,,未上架
539-000218,贴片电阻,"100K,0402,1%",公用物料,pcs,个,原材料-电子料,电阻,外购,35.00,,,1.00,0.001243,未上架
849-001221,前车配电盒上盖,铝合金,无人车,pcs,个,原材料-组装料,五金件,外购,35.00,,,1.00,75.600051,未上架
733-000199,贴片功率电感,MQW15AN2N7B80D,公用物料,pcs,个,原材料-电子料,电感,外购,140.00,,,1.00,0.237300,未上架
165-003468,作业铜排2-作业分电板负,T2,无人车,pcs,个,原材料-组装料,加工零部件（外壳、硅胶按键、标签等）,外购,1.00,,,1.00,34.600035,未上架
539-000086,贴片电阻,"36K,1206,1%",公用物料,pcs,个,原材料-电子料,电阻,外购,112.00,,,1.00,0.009040,未上架
849-001222,前车配电盒底座,铝合金,无人车,pcs,个,原材料-组装料,五金件,外购,35.00,,,1.00,81.600012,未上架
454-000136,肖特基二极管,C360AE-13,公用物料,pcs,个,原材料-电子料,二极管,外购,140.00,,,1.00,0.555847,未上架
849-001272,M12*55_外六角螺栓,M12*55  10.9级达克罗,无人车,pcs,个,原材料-组装料,五金件,外购,1.00,,,1.00,0.776310,未上架
165-001936,YS403 左右FPC加强板泡棉,8.0*4.5*1.1；黑色 EVA泡棉带背胶,无人机,pcs,个,原材料-组装料,加工零部件（外壳、硅胶按键、标签等）,外购,14.00,,,1.00,0.145996,未上架
165-002321,YN525_外关节2号,"""L*W*H：740*56*76mm，材质：QA66+30%CF,黑色;内嵌“YN525关节轴套”模内注塑：外径50mm，壁厚1.5mm碳管""",无人机,pcs,个,原材料-组装料,加工零部件（外壳、硅胶按键、标签等）,外购,42.00,,,1.00,,未上架
165-001415,YN402_顶部按键右,黑色塑胶，外观晒纹,无人机,pcs,个,原材料-组装料,加工零部件（外壳、硅胶按键、标签等）,外购,35.00,,,1.00,,未上架
539-000048,贴片电阻,"120K,0402,1%",公用物料,pcs,个,原材料-电子料,电阻,外购,84.00,,,1.00,0.001469,未上架
539-000326,贴片电阻,"10K,0805,1%",公用物料,pcs,个,原材料-电子料,电阻,外购,84.00,,,1.00,0.005311,未上架
321-000461,YS506_V2_定高FPC_40PIN_P0_PCB,YS506_V2_定高FPC_40PIN_P0_PCB,无人机,pcs,个,原材料-电子料,印刷线路板,外购,35.00,,,1.00,1.799977,未上架
795-000353,YN540PRO_气压计周圈密封泡棉,黑色泡棉，正面带蓝色离型膜，背面带背胶，53*23.5*0.8mm,无人机,pcs,个,原材料-组装料,通用机械零件,外购,21.00,,,1.00,,未上架
972-000726,CPU,SK3576J,公用物料,pcs,个,原材料-电子料,集成电路1（IC）,外购,28.00,,,1.00,148.499967,未上架
165-002402,YS410摄像头防水硅胶圈V1.1,红色硅胶，45度,无人机,pcs,个,原材料-组装料,加工零部件（外壳、硅胶按键、标签等）,外购,21.00,,,1.00,0.712465,未上架
588-000458,YN402遥控器 波轮右小板P1_ PCBA,YN402_ROCKER_Right_CON_P1,无人机,pcs,个,原材料-半成品,已贴线路板,委外,33.00,,,1.00,,未上架
165-000801,YN540PRO_主控板屏蔽框4,0.2mm洋白铜 18.74*13.54*2.7mm,无人机,pcs,个,原材料-组装料,加工零部件（外壳、硅胶按键、标签等）,外购,21.00,,,1.00,,未上架
795-001180,盖板磁铁,40*10*3双孔距20,无人车,pcs,个,原材料-组装料,通用机械零件,外购,28.00,,,1.00,5.000024,未上架
165-001406,YN402_指示灯导光柱,半透明导光柱，透明PC+扩散粉,无人机,pcs,个,原材料-组装料,加工零部件（外壳、硅胶按键、标签等）,外购,35.00,,,1.00,,未上架
733-000237,一体成型功率电感,DSBA1275-320M,公用物料,pcs,个,原材料-电子料,电感,外购,35.00,,,1.00,3.479948,未上架
588-000677,YC403_SK3576_P1_S01_PCBA,YC403_SK3576_P1_S01_PCBA,无人机,pcs,个,原材料-半成品,已贴线路板,委外,1.00,,,1.00,,未上架
539-000392,贴片电阻,"100K,0805,1%",公用物料,pcs,个,原材料-电子料,电阻,外购,84.00,,,1.00,0.005311,未上架
725-000001,贴片陶瓷电容,"22pF,50V,0402,5%",公用物料,pcs,个,原材料-电子料,电容,外购,126.00,,,1.00,0.003955,未上架
165-002067,YS508机尾雷达散热片4,6W导热硅胶垫，尺寸：45*26*1mm,无人机,pcs,个,原材料-组装料,加工零部件（外壳、硅胶按键、标签等）,外购,14.00,,,1.00,,未上架
725-000351,贴片陶瓷电容,"1nF,50V,0603,10%",公用物料,pcs,个,原材料-电子料,电容,外购,98.00,,,1.00,0.005989,未上架
795-000471,YN540pro旋转雷达定子板导热硅胶片1,L*W*H=5*5*1.2mm，6W,无人机,pcs,个,原材料-组装料,通用机械零件,外购,14.00,,,1.00,,未上架
165-000898,YN540pro旋转雷达码盘,环形，外径70.4mm，内径29.2mm，厚度0.15mm TUS304,无人机,pcs,个,原材料-组装料,加工零部件（外壳、硅胶按键、标签等）,外购,28.00,,,1.00,,未上架
725-000389,贯通型滤波器,"1UF,6.3V,2A,0603,10%",公用物料,pcs,个,原材料-电子料,电容,外购,70.00,,,1.00,,未上架
363-000575,配电盒内喷洒系统线束,10A 1.5平方,无人车,pcs,个,原材料-包装料,线束（包装线束）,外购,35.00,,,1.00,6.000300,未上架
994-000723,RTK线束延长线,FAKRA公转母 A型200mm,无人车,pcs,个,原材料-电子料,线束（组装线束）,外购,35.00,,,1.00,11.746576,未上架
690-000046,贴片发光二极管,29-217/Y5C-AP1Q2/6T,公用物料,pcs,个,原材料-电子料,发光二极管,外购,35.00,,,1.00,0.052997,未上架
363-000509,TB系列视频线-洋马6118R-右侧,长度1.0米外套波纹管HX12-4P母头+HX12-4P公头,智能大屏,pcs,个,原材料-包装料,线束（包装线束）,外购,35.00,,,1.00,,未上架
165-001898,YS403双目镜头支架,L*W*H：36*25*10.2；压铸铝钝化材料BDC12,无人机,pcs,个,原材料-组装料,加工零部件（外壳、硅胶按键、标签等）,外购,35.00,,,1.00,,未上架
972-000032,LED驱动器,TGM3726YTN6G/TR,公用物料,pcs,个,原材料-电子料,集成电路1（IC）,外购,64.00,,,1.00,,未上架
165-002508,YC403_航电铭牌 航电铭牌,航电铭牌，黑底丝印白色无logo，五处印刷开窗透光，66.67*47.81*1.3mm,无人机,pcs,个,原材料-组装料,加工零部件（外壳、硅胶按键、标签等）,外购,21.00,,,1.00,2.099992,未上架
733-000175,功率电感,THP1004-2R2M,公用物料,pcs,个,原材料-电子料,电感,外购,30.00,,,1.00,0.440022,未上架
364-000075,PPTC,TMD0805P020TF-30,公用物料,pcs,个,原材料-电子料,保险丝&蜂鸣器类,外购,28.00,,,1.00,,未上架
364-000072,插件自恢复保险丝,TC250-110SW0D,公用物料,pcs,个,原材料-电子料,保险丝&蜂鸣器类,外购,28.00,,,1.00,,未上架
972-000159,贴片IMU,CMI088,公用物料,pcs,个,原材料-电子料,集成电路1（IC）,外购,140.00,,,1.00,,未上架
994-000621,YC400采集器上接直连线（屏蔽层+双绞版）,,智能播种,pcs,个,原材料-组装料,线束（组装线束）,外购,35.00,,,1.00,19.790029,未上架
539-000162,贴片电阻,"510R,0603,1%",公用物料,pcs,个,原材料-电子料,电阻,外购,112.00,,,1.00,0.004746,未上架
725-000360,贴片陶瓷电容,10uF 10V 1402 20% X5R,公用物料,pcs,个,原材料-电子料,电容,外购,70.00,,,1.00,0.020453,未上架
165-003434,前车铜排2-接触器正,T2,无人车,pcs,个,原材料-组装料,加工零部件（外壳、硅胶按键、标签等）,外购,1.00,,,1.00,120.000011,未上架
165-001812,YN580关节轴套,外径14*长62.8mm；材质：TUS316H,无人机,pcs,个,原材料-组装料,加工零部件（外壳、硅胶按键、标签等）,外购,35.00,,,1.00,10.450014,未上架
539-000248,贴片电阻,"30K,0402,1%",公用物料,pcs,个,原材料-电子料,电阻,外购,84.00,,,1.00,0.001469,未上架
795-000731,UA400 P5 盖,19x12.9x3mm,智能定位,pcs,个,原材料-组装料,通用机械零件,外购,21.00,,,1.00,0.234023,未上架
165-000463,YN401电池充电座_导光柱,半透明塑胶，29.8*6*5mm，透明PC+0.1%散光粉,无人机,pcs,个,原材料-组装料,加工零部件（外壳、硅胶按键、标签等）,外购,28.00,,,1.00,1.439959,未上架
165-001937,YS403左FPC泡棉1,68.8*43.0*1.1；黑色 EVA泡棉带背胶,无人机,pcs,个,原材料-组装料,加工零部件（外壳、硅胶按键、标签等）,外购,14.00,,,1.00,0.680034,未上架
165-001925,YN580-双目装饰盖主体,"L*W*H：233.8*73.8*35.9mm；""PP+HF30%颜色QT4278""",无人机,pcs,个,原材料-组装料,加工零部件（外壳、硅胶按键、标签等）,外购,28.00,,,1.00,,未上架
165-003443,插栓式保险片50A,XCPF0050A-30HV,无人车,pcs,个,原材料-组装料,加工零部件（外壳、硅胶按键、标签等）,外购,1.00,,,1.00,7.729991,未上架
165-002512,150电调MOS面导热垫1,材质:8W导热硅胶，厚度1.8mm,无人机,pcs,个,原材料-组装料,加工零部件（外壳、硅胶按键、标签等）,外购,14.00,,,1.00,3.876013,未上架
725-000217,贴片陶瓷电容,"10nF,50V,0402,10%",公用物料,pcs,个,原材料-电子料,电容,外购,98.00,,,1.00,0.002486,未上架
849-001281,M2.5*8_不锈钢十字圆头机牙螺丝_整圈耐落,"304不锈钢，本色，强度等级：A2-70,第3到第10个螺牙要整圈涂耐落漆，中性盐雾72小时，符合GB/T 918-2016",无人车,pcs,个,原材料-组装料,五金件,外购,1.00,,,1.00,0.056500,未上架
527-000021,贴片无源晶振,7M25000012,公用物料,pcs,个,原材料-电子料,晶体振荡器,外购,49.00,,,1.00,,未上架
539-000281,贴片功率电阻,MR2512-22R020F4,公用物料,pcs,个,原材料-电子料,电阻,外购,70.00,,,1.00,0.288037,未上架
165-001924,YN580_航电模块下盖,铝合金压铸，BDC12，表面喷涂，颜色潘通金属色QT10388,无人机,pcs,个,原材料-组装料,加工零部件（外壳、硅胶按键、标签等）,外购,42.00,,,1.00,,未上架
849-001293,M3_弹簧垫片,M3  304不锈钢,无人车,pcs,个,原材料-组装料,五金件,外购,1.00,,,1.00,0.009605,未上架
849-000484,M3X7.5+4单头六角不锈钢螺柱，六角对边尺寸4.6,"M3*7.5+4单头六角304不锈钢螺柱，本色，外牙M3*4mm，内牙M3牙深不低于6mm，六角对边4.6mm,长度7.5mm",公用物料,pcs,个,原材料-组装料,五金件,外购,15.00,,,1.00,,未上架
478-000038,580V3无人机主机_双离心版总装（无双目_美国版FCC认证）,,无人机,pcs,个,原材料-组装料,HD590组装半成品,自制,,,,1.00,,未上架
358-000139,P沟道MOS管,Si2393DS-T1-GE3,公用物料,pcs,个,原材料-电子料,晶体管,外购,84.00,,,1.00,,未上架
554-000027,降压型转换器,NP4560DN-LF-Z,公用物料,pcs,个,原材料-电子料,稳压器,外购,126.00,,,1.00,2.949978,未上架
165-000193,机具识别器上盖,PC-ABS材质 灰色 601C/601S,监测终端,pcs,个,原材料-组装料,加工零部件（外壳、硅胶按键、标签等）,外购,28.00,,,1.00,0.400020,未上架
539-000170,贴片电阻,"21K,0402,1%",公用物料,pcs,个,原材料-电子料,电阻,外购,112.00,,,1.00,0.002825,未上架
849-001310,M5*24_304不锈钢平头倒边内六角螺栓,M5*24  304不锈钢,无人车,pcs,个,原材料-组装料,五金件,外购,1.00,,,1.00,0.250634,未上架
165-003415,1寸螺纹接头,1寸螺纹,无人车,pcs,个,原材料-组装料,加工零部件（外壳、硅胶按键、标签等）,外购,1.00,,,1.00,0.463300,未上架
321-000452,580后接口板P2_PCB,YN580_BACK CONTROL BOARD_P2_PCB,无人机,pcs,个,原材料-电子料,印刷线路板,外购,35.00,,,1.00,24.498400,未上架
972-000606,MCU,YN32E505VCT6,公用物料,pcs,个,原材料-电子料,集成电路1（IC）,外购,84.00,,,1.00,10.399955,未上架
539-000053,贴片电阻,"62R,0603,1%",公用物料,pcs,个,原材料-电子料,电阻,外购,98.00,,,1.00,0.002825,未上架
539-000159,贴片电阻,"147K,0402,1%",公用物料,pcs,个,原材料-电子料,电阻,外购,112.00,,,1.00,0.002825,未上架
972-000303,随机存储器,GM25CL64B-G,公用物料,pcs,个,原材料-电子料,集成电路1（IC）,外购,42.00,,,1.00,5.400044,未上架
165-003453,单目FPC粘贴泡棉胶,EVA泡棉，双面带胶TESA 4972,无人车,pcs,个,原材料-组装料,加工零部件（外壳、硅胶按键、标签等）,外购,21.00,,,1.00,0.360018,未上架
363-000512,TB系列视频线-洋马6118R-卸粮,长度4.8米外套波纹管HX12-4P母头+HX12-4P公头,智能大屏,pcs,个,原材料-包装料,线束（包装线束）,外购,35.00,,,1.00,,未上架
849-001326,M8*75_防松外六角螺母螺栓组合,M8*75 45#,无人车,pcs,个,原材料-组装料,五金件,外购,1.00,,,1.00,1.412500,未上架
554-000034,异步升压转换器,TY7208LABC,公用物料,pcs,个,原材料-电子料,稳压器,外购,140.00,,,1.00,0.700035,未上架
588-000839,IVS400_CAM_FPC_P0_S01_PCBA,IVS400_CAM_FPC_P0_S01_PCBA,无人车,pcs,个,原材料-半成品,已贴线路板,委外,1.00,,,1.00,,未上架
972-000459,收发器,NS2575,公用物料,pcs,个,原材料-电子料,集成电路1（IC）,外购,28.00,,,1.00,1.699972,未上架
539-000255,贴片电阻,"47K,0603,1%",公用物料,pcs,个,原材料-电子料,电阻,外购,84.00,,,1.00,0.003503,未上架
725-000348,贴片陶瓷电容,"10NF,50V,0603,10%",公用物料,pcs,个,原材料-电子料,电容,外购,98.00,,,1.00,0.006102,未上架
165-001206,YN540PRO_主控板屏蔽罩9,0.15mm不锈钢54.79*48.06*1.95mm,无人机,pcs,个,原材料-组装料,加工零部件（外壳、硅胶按键、标签等）,外购,21.00,,,1.00,,未上架
454-000011,肖特基二极管,C340AF-13,公用物料,pcs,个,原材料-电子料,二极管,外购,140.00,,,1.00,0.600030,未上架
554-000038,同步降压转换器,KW5093SOTI#TRPBF,公用物料,pcs,个,原材料-电子料,稳压器,外购,84.00,,,1.00,0.485900,未上架
795-001172,前轮胎总成,530*150,无人车,pcs,个,原材料-组装料,通用机械零件,外购,1.00,,,1.00,209.999991,未上架
165-001434,YN402_电池盖扭簧,304不锈钢扭簧，0.5*3.0mm，10圈，120度，脚长7mm,无人机,pcs,个,原材料-组装料,加工零部件（外壳、硅胶按键、标签等）,外购,28.00,,,1.00,,未上架
539-000523,贴片电阻,"30k,0805,1%",公用物料,pcs,个,原材料-电子料,电阻,外购,84.00,,,1.00,0.005311,未上架
165-001559,YN501_导电泡棉C,38mm*7mm*4mm,自动驾驶,pcs,个,原材料-组装料,加工零部件（外壳、硅胶按键、标签等）,外购,21.00,,,1.00,,未上架
795-001196,尼龙防水接头白色-M10,白色M10x1.5,无人车,pcs,个,原材料-组装料,通用机械零件,外购,28.00,,,1.00,0.192100,未上架
321-000498,YS210_自研IMU模块_P1_PCB,YS210_IMU_P1_PCB,自动驾驶,pcs,个,原材料-电子料,印刷线路板,外购,45.00,,,1.00,1.499962,未上架
165-003432,WH300电调板电容导热垫,8w.导热硅胶,无人车,pcs,个,原材料-组装料,加工零部件（外壳、硅胶按键、标签等）,外购,14.00,,,1.00,3.510006,未上架
358-000103,P沟道MOS管,MP3401LT1G,公用物料,pcs,个,原材料-电子料,晶体管,外购,126.00,,,1.00,0.110853,未上架
165-003413,作业配电盒密封圈,EPDM,无人车,pcs,个,原材料-组装料,加工零部件（外壳、硅胶按键、标签等）,外购,35.00,,,1.00,10.000048,未上架
356-000139,MMCX母座加高型,MMCX-3.5x11.9,公用物料,pcs,个,原材料-组装料,连接器1（电子）,外购,28.00,,,1.00,,未上架
725-000030,贴片陶瓷电容,"4.7nF,50V,0402,10%",公用物料,pcs,个,原材料-电子料,电容,外购,126.00,,,1.00,0.003503,未上架
539-000384,贴片电阻,"330R,0805,1%,125mW",公用物料,pcs,个,原材料-电子料,电阻,外购,84.00,,,1.00,0.005311,未上架
588-000793,YN608_作业接口板_P0_PCBA,,无人车,pcs,个,原材料-半成品,已贴线路板,委外,1.00,,,1.00,,未上架
363-000564,前接口板供电线束,,无人车,pcs,个,原材料-包装料,线束（包装线束）,外购,35.00,,,1.00,17.500875,未上架
972-000630,LDO,TGM2203-3.0YN3LG,公用物料,pcs,个,原材料-电子料,集成电路1（IC）,外购,64.00,,,1.00,0.380019,未上架
606-000015,2号自封袋,2号自封袋，加厚,公用物料,pcs,个,原材料-包装料,包装材料,外购,14.00,,,1.00,,未上架
539-000205,贴片电阻,"27K,0402,1%",公用物料,pcs,个,原材料-电子料,电阻,外购,35.00,,,1.00,0.001469,未上架
849-000795,M3*7不锈钢十字圆头机牙螺丝(半圈带耐落),M3*7不锈钢十字圆头机牙螺丝(半圈带耐落),公用物料,pcs,个,原材料-组装料,五金件,外购,17.00,,,1.00,,未上架
539-000064,贴片电阻,"470R,0402,1%",公用物料,pcs,个,原材料-电子料,电阻,外购,84.00,,,1.00,0.001921,未上架
364-000050,贴片可恢复保险丝,TMD1210P010TF/90,公用物料,pcs,个,原材料-电子料,保险丝&蜂鸣器类,外购,112.00,,,1.00,,未上架
353-000178,作业装置,,无人车,pcs,个,原材料-半成品,VH300无人车,自制,,,,1.00,,未上架
972-000301,与门,TN74LVC1G08DBVR,公用物料,pcs,个,原材料-电子料,集成电路1（IC）,外购,42.00,,,1.00,0.109949,未上架
165-000081,防水透气膜,外径50mm 胶边2mm 厚度0.75mm，胶边3mm，黑色,智能播种,pcs,个,原材料-组装料,加工零部件（外壳、硅胶按键、标签等）,外购,21.00,,,1.00,2.044961,未上架
539-000386,贴片电阻,"150R,1206,1%",公用物料,pcs,个,原材料-电子料,电阻,外购,84.00,,,1.00,0.010961,未上架
363-000541,WH300电调霍尔温度信号线,,无人车,pcs,个,原材料-包装料,线束（包装线束）,外购,28.00,,,1.00,15.900569,未上架
725-000018,贴片陶瓷电容,"22uF,16V,1206,10%",公用物料,pcs,个,原材料-电子料,电容,外购,56.00,,,1.00,0.103960,未上架
725-000020,贴片钽电解电容,6TPE100MAZB,公用物料,pcs,个,原材料-电子料,电容,外购,140.00,,,1.00,1.299952,未上架
554-000070,线性稳压器,TGM2225-5.0XK3G/TR,公用物料,pcs,个,原材料-电子料,稳压器,外购,70.00,,,1.00,0.849986,未上架
972-000772,LPDDR4/4X,NT53E2G32D4DE-146 AAT:C,公用物料,pcs,个,原材料-电子料,集成电路1（IC）,外购,112.00,,,1.00,1490.000033,未上架
527-000050,贴片有源晶振,OXETGLJANF-27MHZ,公用物料,pcs,个,原材料-电子料,晶体振荡器,外购,98.00,,,1.00,1.199947,未上架
356-000387,12PIN 双排卧插线对板连接器2.0pitch,ZZKA2006WR-2x6P,公用物料,pcs,个,原材料-组装料,连接器1（电子）,外购,25.00,,,1.00,0.180009,未上架
795-000968,YC632离心电机,L*W*H：φ69*72mm； 外壳材质：6061铝，表面氧化黑色,无人机,pcs,个,原材料-组装料,通用机械零件,外购,42.00,,,1.00,240.000022,未上架
165-002066,YS508机尾雷达散热片3,6W导热硅胶垫，尺寸：12*7*2.8mm,无人机,pcs,个,原材料-组装料,加工零部件（外壳、硅胶按键、标签等）,外购,14.00,,,1.00,,未上架
525-000208,590机尾上外罩组件_橙色,,无人机,pcs,个,原材料-半成品,HD580组件整机,自制,,,,1.00,,未上架
363-000558,后分电盒正极线束,,无人车,pcs,个,原材料-包装料,线束（包装线束）,外购,35.00,,,1.00,131.667600,未上架
972-000661,视频编解码芯片,OVP6158C,公用物料,pcs,个,原材料-电子料,集成电路1（IC）,外购,56.00,,,1.00,6.499986,未上架
353-000036,喷洒离心电机模组,,无人车,pcs,个,原材料-组装料,VH300无人车,委外,1.00,,,1.00,,未上架
165-002375,YN403_SIM卡盖板,59.88*12.17*4.22mm，黑色，PC+ABS，晒纹，丝印LOG,自动驾驶,pcs,个,原材料-组装料,加工零部件（外壳、硅胶按键、标签等）,外购,28.00,,,1.00,,未上架
358-000039,P沟道MOS管,BOSS21115C,公用物料,pcs,个,原材料-电子料,晶体管,外购,140.00,,,1.00,0.210745,未上架
539-000198,贴片电阻,"15K,0402,1%",公用物料,pcs,个,原材料-电子料,电阻,外购,35.00,,,1.00,0.001243,未上架
356-000381,大电流DC插座,EC081A-6320R100-0BDP,公用物料,pcs,个,原材料-组装料,连接器1（电子）,外购,25.00,,,1.00,1.020051,未上架
994-000408,YN580称重传感器线束,,无人机,pcs,个,原材料-组装料,线束（组装线束）,外购,35.00,,,1.00,,未上架
849-001292,M3*8_平头内六角沉头螺栓,M3*8 45#,无人车,pcs,个,原材料-组装料,五金件,外购,1.00,,,1.00,0.071642,未上架
725-000225,贴片陶瓷电容,"220nF,10V,0402,10%",公用物料,pcs,个,原材料-电子料,电容,外购,98.00,,,1.00,0.005650,未上架
849-001177,前车架总成,"R235,哑光黑RAL 9011",无人车,pcs,个,原材料-组装料,五金件,外购,1.00,,,1.00,480.000044,未上架
454-000130,瞬态抑制二极管,SMAJ7.0CA,公用物料,pcs,个,原材料-电子料,二极管,外购,56.00,,,1.00,0.077970,未上架
849-001231,作业圆管立柱,R235，哑光黑RAL 9011,无人车,pcs,个,原材料-组装料,五金件,外购,1.00,,,1.00,154.999953,未上架
356-000197,无线机具电池连接器（LHE）,B1501-TR02,公用物料,pcs,个,原材料-组装料,连接器1（电子）,外购,1.00,,,1.00,,未上架
795-000887,YN403主板电源屏蔽罩支架,洋白铜，外观尺寸：26.9*22.3*2.57mm，厚度0.2mm,自动驾驶,pcs,个,原材料-组装料,通用机械零件,外购,21.00,,,1.00,0.900045,未上架
849-001183,外壳后上盖板总成,"R235,哑光黑RAL 9011",无人车,pcs,个,原材料-组装料,五金件,外购,1.00,,,1.00,159.999977,未上架
795-000446,YN540pro旋转雷达BTB连接器压片2,不锈钢片，L*W*H=21*5*0.3mm,无人机,pcs,个,原材料-组装料,通用机械零件,外购,28.00,,,1.00,,未上架
165-002323,YN525_外关节4号,"""L*W*H：740*56*76mm，材质：QA66+30%CF,黑色;内嵌“YN525关节轴套”模内注塑：外径50mm，壁厚1.5mm碳管""",无人机,pcs,个,原材料-组装料,加工零部件（外壳、硅胶按键、标签等）,外购,21.00,,,1.00,,未上架
454-000333,肖特基二极管,1N4148WS,公用物料,pcs,个,原材料-电子料,二极管,外购,70.00,,,1.00,0.030962,未上架
795-000358,航电散热硅胶垫4,6W导热硅胶，14*14*1mm，浅灰色,无人机,pcs,个,原材料-组装料,通用机械零件,外购,14.00,,,1.00,,未上架
165-001907,实木栈板,,无人机,pcs,个,原材料-组装料,加工零部件（外壳、硅胶按键、标签等）,外购,14.00,,,1.00,,未上架
795-000613,屏蔽罩,UA500屏蔽罩T,智能定位,pcs,个,原材料-组装料,通用机械零件,外购,84.00,,,1.00,,未上架
972-000412,NMOS负载开关,DPS3552QN16,公用物料,pcs,个,原材料-电子料,集成电路1（IC）,外购,28.00,,,1.00,0.660033,未上架
725-000228,贴片电解电容,VH1A221ME058000CE0,公用物料,pcs,个,原材料-电子料,电容,外购,84.00,,,1.00,0.118989,未上架
849-001265,M10*55_外六角法兰面螺栓,M10*1.5*55  10.9级黑色达克罗,无人车,pcs,个,原材料-组装料,五金件,外购,1.00,,,1.00,0.760038,未上架
588-000599,YN580_BACK CONTROL BOARD_P2_PCBA(匹配自研电调),YN580_BACK CONTROL BOARD_P2_PCBA(匹配自研电调),无人机,pcs,个,原材料-半成品,已贴线路板,委外,10.00,,,1.00,,未上架
356-000499,2x2排针连接器,2*2PIN 双排排针，SMT，2.54间距,公用物料,pcs,个,原材料-组装料,连接器1（电子）,外购,24.00,,,1.00,0.349961,未上架
994-000592,508_电源+前轮转角连接线（95%编织套管）,主线长2米，端子线长2米，陀螺仪角度传感器1.5米，95%疏密度编织套管,自动驾驶,pcs,个,原材料-组装料,线束（组装线束）,外购,35.00,,,1.00,,未上架
363-000554,电池输出及通讯线束,,无人车,pcs,个,原材料-包装料,线束（包装线束）,外购,35.00,,,1.00,302.544053,未上架
994-000724,WH300探照灯线束,附带2根22#线，长度26mm，两边剥皮上锡，剥皮上锡长度3mm,无人车,pcs,个,原材料-组装料,线束（组装线束）,外购,35.00,,,1.00,,未上架
539-000055,贴片低阻值采样电阻,QE1206FKE470R01Z,公用物料,pcs,个,原材料-电子料,电阻,外购,140.00,,,1.00,0.269957,未上架
972-000338,LDO,CL9161G-33BARN,公用物料,pcs,个,原材料-电子料,集成电路1（IC）,外购,42.00,,,1.00,0.100005,未上架
972-000121,定位导航模块,NXT906B,公用物料,pcs,个,原材料-电子料,集成电路1（IC）,外购,42.00,,,1.00,,未上架
539-000447,贴片电阻,"107K,0402,1%",公用物料,pcs,个,原材料-电子料,电阻,外购,98.00,,,1.00,0.001921,未上架
356-000175,单排卧贴插座,532610271,公用物料,pcs,个,原材料-组装料,连接器1（电子）,外购,120.00,,,1.00,0.774276,未上架
539-000001,贴片电阻,"0R,0402,1%",公用物料,pcs,个,原材料-电子料,电阻,外购,84.00,,,1.00,0.002034,未上架
165-000239,801 4.3寸显示屏,"4.3寸规格尺寸,FPC排线50MM，涂屏蔽层",监测终端,pcs,个,原材料-组装料,加工零部件（外壳、硅胶按键、标签等）,外购,42.00,,,1.00,25.200017,未上架
733-000109,贴片电感,TWPA4030S100MT,公用物料,pcs,个,原材料-电子料,电感,外购,42.00,,,1.00,0.142945,未上架
356-000311,MMCX母座加高型,MMCX-KE-351A,公用物料,pcs,个,原材料-组装料,连接器1（电子）,外购,30.00,,,1.00,1.699972,未上架
972-000531,DDR3L,JS46TR16128DL-125KBLA1,公用物料,pcs,个,原材料-电子料,集成电路1（IC）,外购,112.00,,,1.00,,未上架
308-000011,YN525机架组件,,无人机,pcs,个,原材料-半成品,HD525整机,自制,1.00,,,1.00,,未上架
588-000555,YC621_药箱控制板_P1_S01_PCBA,YC621_SPRINKLER_P1_S01_PCBA,无人机,pcs,个,原材料-半成品,已贴线路板,委外,10.00,,,1.00,,未上架
972-000744,PMIC,SK809-5A,公用物料,pcs,个,原材料-电子料,集成电路1（IC）,外购,28.00,,,1.00,6.599991,未上架
165-002515,150电调MOS面导热垫4,材质:8W导热硅胶，厚度3mm,无人机,pcs,个,原材料-组装料,加工零部件（外壳、硅胶按键、标签等）,外购,14.00,,,1.00,1.671496,未上架
849-001180,前上装外壳焊接总成,R235 哑光黑RAL 0011 灰白哑光RAL 7047,无人车,pcs,个,原材料-组装料,五金件,外购,1.00,,,1.00,880.000043,未上架
165-001776,YS403双目导热硅胶2,L*W*H：5.5*5.5*1；灰色，6w.mk导热硅胶,无人机,pcs,个,原材料-组装料,加工零部件（外壳、硅胶按键、标签等）,外购,14.00,,,1.00,0.040002,未上架
725-000107,贴片陶瓷电容,"10uf,16v,0805,10%",公用物料,pcs,个,原材料-电子料,电容,外购,70.00,,,1.00,0.097971,未上架
588-000582,YS506_V2_光电编码板_P2_S01_PCBA,YS506_V2_光电编码板_P2_S01_PCBA,无人机,pcs,个,原材料-半成品,已贴线路板,委外,13.00,,,1.00,,未上架
838-000280,YN402 数传SMA-IPEX转接线1,YN402 图传SMA-IPEX转接线1，RF1.37黑色线234±5mm，SMA镀金直母头（母针）整体13牙 3.5挡板,无人机,pcs,个,原材料-包装料,天线、传感器&摄像头,外购,35.00,,,1.00,,未上架
733-000164,贴片电感,TMH0201-27NJT-LF,公用物料,pcs,个,原材料-电子料,电感,外购,28.00,,,1.00,0.024521,未上架
454-000186,瞬态电压抑制器TVS,SM8T36C,公用物料,pcs,个,原材料-电子料,二极管,外购,35.00,,,1.00,,未上架
539-000050,贴片电阻,"150K,0402,1%",公用物料,pcs,个,原材料-电子料,电阻,外购,84.00,,,1.00,0.001921,未上架
972-000270,音频功放,QA8157,公用物料,pcs,个,原材料-电子料,集成电路1（IC）,外购,28.00,,,1.00,0.400020,未上架
795-001199,塑料垫片,亚克力 启动50MM 内径22MM,无人车,pcs,个,原材料-组装料,通用机械零件,外购,28.00,,,1.00,0.334706,未上架
539-000446,贴片电阻,"62K,0805,1%",公用物料,pcs,个,原材料-电子料,电阻,外购,98.00,,,1.00,0.005311,未上架
725-000132,贴片陶瓷电容,"10uf,10V,0402,20%",公用物料,pcs,个,原材料-电子料,电容,外购,126.00,,,1.00,0.036047,未上架
849-001240,电磁阀支架,R235，哑光黑RAL 9011,无人车,pcs,个,原材料-组装料,五金件,外购,1.00,,,1.00,14.999959,未上架
363-000550,三目通讯线束,弯包胶Type C转弯12pin防水接头,无人车,pcs,个,原材料-包装料,线束（包装线束）,外购,35.00,,,1.00,66.000023,未上架
539-000154,贴片电阻,"499R,0402,1%",公用物料,pcs,个,原材料-电子料,电阻,外购,84.00,,,1.00,0.001921,未上架
725-000116,贴片陶瓷电容,"2.2uf,6.3v,0402,10%",公用物料,pcs,个,原材料-电子料,电容,外购,98.00,,,1.00,0.024973,未上架
165-002408,YN403_导电泡棉6,包裹式低密度导电泡棉15mm*8mm*8.5mm（自然高度），4-R3,自动驾驶,pcs,个,原材料-组装料,加工零部件（外壳、硅胶按键、标签等）,外购,14.00,,,1.00,0.149951,未上架
454-000297,肖特基二极管,T520F,公用物料,pcs,个,原材料-电子料,二极管,外购,70.00,,,1.00,0.186676,未上架
725-000343,贴片陶瓷电容,"22uF,6.3V,0603,20%,X5R",公用物料,pcs,个,原材料-电子料,电容,外购,70.00,,,1.00,0.025990,未上架
725-000332,贴片陶瓷电容,"20pf,50V,0402,5%",公用物料,pcs,个,原材料-电子料,电容,外购,98.00,,,1.00,0.002825,未上架
306-000105,YN412预组装包_插秧机,,自动驾驶,pcs,个,原材料-半成品,412整机,自制,,,,1.00,,未上架
849-001329,M8_304不锈钢六角法兰面尼龙防松螺母,M8  304不锈钢,无人车,pcs,个,原材料-组装料,五金件,外购,1.00,,,1.00,0.674836,未上架
725-000037,贴片陶瓷电容,"1nF,100V,0805,10%",公用物料,pcs,个,原材料-电子料,电容,外购,126.00,,,1.00,0.024973,未上架
849-000946,M2.5*8盲孔贴片螺母,M2.5*8盲孔贴片螺母，牙深6mm，铜镀锡，TMTSO2580CJT-盲孔∅5.5X9.63-M2.5,无人机,pcs,个,原材料-组装料,五金件,外购,25.00,,,1.00,0.540027,未上架
165-000765,YN501主板屏蔽罩支架2,43.9*31.2*4.4，洋白铜,自动驾驶,pcs,个,原材料-组装料,加工零部件（外壳、硅胶按键、标签等）,外购,21.00,,,1.00,,未上架
972-000938,EMMC,CWEFMI032GN2RJ,无人机,pcs,个,原材料-电子料,集成电路1（IC）,外购,1.00,,,1.00,124.999583,未上架
165-000889,YN540pro旋转雷达定高雷达固定板,L*W*H：60*53*9.8mm；壁厚1.2mm 铝合金，钝化本色,无人机,pcs,个,原材料-组装料,加工零部件（外壳、硅胶按键、标签等）,外购,42.00,,,1.00,,未上架
588-000650,YN525接口板_P2_PCBA,YN525接口板_P2_PCBA,无人机,pcs,个,原材料-半成品,已贴线路板,委外,1.00,,,1.00,,未上架
356-000520,1-YF-M20USBZ1A-2,1-YF-M20USBZ1A-2,公用物料,pcs,个,原材料-组装料,连接器1（电子）,外购,21.00,,,1.00,,未上架
165-002281,拖拉机方向盘LOGO贴(YN),外径64.6mm，滴塑带3M9448A背胶,自动驾驶,pcs,个,原材料-组装料,加工零部件（外壳、硅胶按键、标签等）,外购,21.00,,,1.00,,未上架
725-000005,贴片陶瓷电容,"56pF,50V,0402,5%",公用物料,pcs,个,原材料-电子料,电容,外购,126.00,,,1.00,0.003277,未上架
356-000427,2.54mm 双排14pin，180°直排插针,QM252B28A-07V60-145-1TU,公用物料,pcs,个,原材料-组装料,连接器1（电子）,外购,24.00,,,1.00,0.720036,未上架
725-000061,贴片陶瓷电容,"47nF,16V,0402,10%",公用物料,pcs,个,原材料-电子料,电容,外购,126.00,,,1.00,0.004972,未上架
972-000436,百兆网口PHY,STL8201FI-VC-CG,公用物料,pcs,个,原材料-电子料,集成电路1（IC）,外购,56.00,,,1.00,2.400007,未上架
321-000501,YN403_USB&SIM_P1_PCB,YN403_USB&SIM_P1_PCB,自动驾驶,pcs,个,原材料-电子料,印刷线路板,外购,35.00,,,1.00,1.419958,未上架
539-000253,贴片电阻,"249K,0402,1%",公用物料,pcs,个,原材料-电子料,电阻,外购,98.00,,,1.00,0.002147,未上架
733-000163,贴片绕线电感,ORVD252012-S47N,公用物料,pcs,个,原材料-电子料,电感,外购,30.00,,,1.00,0.115034,未上架
690-000005,贴片发光二极管,"Red,29-213/R6W-BP2Q2B/3T",公用物料,pcs,个,原材料-电子料,发光二极管,外购,21.00,,,1.00,0.068026,未上架
849-001174,M5螺母,M5*5,无人车,pcs,个,原材料-组装料,五金件,外购,1.00,,,1.00,0.103960,未上架
725-000212,贴片陶瓷电容,"330nf,16v,0402,10%",公用物料,pcs,个,原材料-电子料,电容,外购,126.00,,,1.00,0.180348,未上架
725-000320,贴片陶瓷电容,"4.7nF,50V,0402,10%",公用物料,pcs,个,原材料-电子料,电容,外购,98.00,,,1.00,0.002486,未上架
725-000033,贴片陶瓷电容,"1uF,6.3V,0402,10%",公用物料,pcs,个,原材料-电子料,电容,外购,70.00,,,1.00,0.013786,未上架
554-000066,线性稳压器,TGM2203-5.0YN3LG/TR,公用物料,pcs,个,原材料-电子料,稳压器,外购,45.00,,,1.00,0.410642,未上架
770-000148,701帝硕八芯连接器,八芯，连接器长度21.3mm，直径15.4mm,公用物料,pcs,个,原材料-组装料,连接器2（非电子）,外购,35.00,,,1.00,,未上架
321-000437,YN580 _分电板信号小板 _P1 _PCB,YN580_BAT_SCON_P1 _PCB,无人机,pcs,个,原材料-电子料,印刷线路板,外购,35.00,,,1.00,0.160008,未上架
527-000057,贴片无源晶振,XL2MI-211-24M,公用物料,pcs,个,原材料-电子料,晶体振荡器,外购,28.00,,,1.00,0.180009,未上架
165-003456,后车铜排2-后分电板负,T2,无人车,pcs,个,原材料-组装料,加工零部件（外壳、硅胶按键、标签等）,外购,1.00,,,1.00,44.599970,未上架
725-000288,贴片陶瓷电容,"1UF,100V,1210,10%,X7R",公用物料,pcs,个,原材料-电子料,电容,外购,105.00,,,1.00,0.524998,未上架
321-000365,YC602_V2-B板_P1_PCB,YC602_V2-B板_P1_PCB,无人机,pcs,个,原材料-电子料,印刷线路板,外购,40.00,,,1.00,4.749955,未上架
588-000620,GPS模块M20_P2_S01_PCBA,GPS模块M20_P2_S01_PCBA,自动驾驶,pcs,个,原材料-半成品,已贴线路板,委外,7.00,,,1.00,,未上架
539-000093,贴片电阻,"90.9K,0402,1%",公用物料,pcs,个,原材料-电子料,电阻,外购,84.00,,,1.00,0.001808,未上架
165-001432,YN402_电池推钮弹簧,304不锈钢弹簧，φ0.5*4*10mm,无人机,pcs,个,原材料-组装料,加工零部件（外壳、硅胶按键、标签等）,外购,28.00,,,1.00,,未上架
359-000039,急停按钮,,无人车,pcs,个,原材料-组装料,通用电气零件,外购,28.00,,,1.00,33.222000,未上架
588-000635,YS508_FPC_40PIN_P0_PCBA,YS508_FPC_40PIN_P0_PCBA,无人机,pcs,个,原材料-半成品,已贴线路板,委外,13.00,,,1.00,,未上架
838-000264,HG-YINL8054全频段内置螺旋天线,HG-YINL8054,无人机,pcs,个,原材料-包装料,天线、传感器&摄像头,外购,28.00,,,1.00,,未上架
725-000044,贴片陶瓷电容,"1UF,100V,1206,10%",公用物料,pcs,个,原材料-电子料,电容,外购,126.00,,,1.00,0.055031,未上架
165-001094,801-4g模块电源屏蔽罩,规格描述：L*W*H=13.81*12.15*4.7mm，厚度0.2mm，材质洋白铜,监测终端,pcs,个,原材料-组装料,加工零部件（外壳、硅胶按键、标签等）,外购,21.00,,,1.00,,未上架
358-000158,PMOS,KMPL1050AK-13,公用物料,pcs,个,原材料-电子料,晶体管,外购,84.00,,,1.00,1.049996,未上架
733-000183,绕线贴片功率电感,OR5040-220M,公用物料,pcs,个,原材料-电子料,电感,外购,30.00,,,1.00,0.144979,未上架
321-000586,YN502_CAT4_P0.1_PCB,YN502_CAT4_P0.1_PCB,自动驾驶,pcs,个,原材料-电子料,印刷线路板,外购,90.00,,,1.00,2.500012,未上架
539-000575,贴片电阻,"510R,1206,1%",公用物料,pcs,个,原材料-电子料,电阻,外购,84.00,,,1.00,0.008927,未上架
356-000525,4P连接器板端_插针0.64mm_黑色,C615-0107，焊板式防水连接器 4P插针，插针规格直径0.64mm，黑色,公用物料,pcs,个,原材料-组装料,连接器1（电子）,外购,35.00,,,1.00,3.950028,未上架
454-000203,肖特基二极管,KSPD0340A,公用物料,pcs,个,原材料-电子料,二极管,外购,56.00,,,1.00,0.039550,未上架
733-000020,绕线贴片功率电感,TWPA3012S2R2NT,公用物料,pcs,个,原材料-电子料,电感,外购,140.00,,,1.00,0.120006,未上架
972-000779,高清视频解码芯片,UP2856-NA1,公用物料,pcs,个,原材料-电子料,集成电路1（IC）,外购,112.00,,,1.00,11.400005,未上架
539-000346,贴片电阻,"44.2K,0402,1%",公用物料,pcs,个,原材料-电子料,电阻,外购,98.00,,,1.00,0.001808,未上架
165-000722,YN501_M16连接器防水胶套,黑色橡胶套，直径15mm，长20mm,公用物料,pcs,个,原材料-组装料,加工零部件（外壳、硅胶按键、标签等）,外购,21.00,,,1.00,,未上架
363-000560,接触器通断检测线束,,无人车,pcs,个,原材料-包装料,线束（包装线束）,外购,35.00,,,1.00,9.050396,未上架
356-000585,12PIN排针连接器,2*6双排排针，针高6mm，塑高2mm，针脚长3mm，pin距2.54mm,无人机,pcs,个,原材料-组装料,连接器1（电子）,外购,25.00,,,1.00,0.520026,未上架
725-000326,钽电容,UAJD227K010RNJ,公用物料,pcs,个,原材料-电子料,电容,外购,224.00,,,1.00,2.500012,未上架
849-001322,M6_304不锈钢六角法兰面尼龙防松螺母,M6  304不锈钢,无人车,pcs,个,原材料-组装料,五金件,外购,1.00,,,1.00,0.228034,未上架
353-000164,前上装系统,,无人车,pcs,个,原材料-半成品,VH300无人车,自制,,,,1.00,,未上架
849-001239,水泵支架-右,R235，哑光黑RAL 9011,无人车,pcs,个,原材料-组装料,五金件,外购,1.00,,,1.00,19.000046,未上架
165-001938,YS403左FPC泡棉2,68.8*43.0*1.1；黑色 EVA泡棉带背胶,无人机,pcs,个,原材料-组装料,加工零部件（外壳、硅胶按键、标签等）,外购,14.00,,,1.00,0.580029,未上架
165-002732,150感应线圈加强屏蔽壳,材料BDC12;本色；钝化,无人机,pcs,个,原材料-组装料,加工零部件（外壳、硅胶按键、标签等）,外购,35.00,,,1.00,7.649987,未上架
454-000045,贴片肖特基二极,SB521S-30,公用物料,pcs,个,原材料-电子料,二极管,外购,105.00,,,1.00,0.169952,未上架
165-001900,YS403双目FPC右镜头座泡棉,L*W*H：9.5*12*2mm；硅胶泡棉带背胶,无人机,pcs,个,原材料-组装料,加工零部件（外壳、硅胶按键、标签等）,外购,14.00,,,1.00,,未上架
468-000560,YN812说明书-中文,,自动驾驶,pcs,个,原材料-包装料,印刷类,外购,7.00,,,1.00,4.199984,未上架
588-000580,YS506_V2_避障射频板_P0_S01_PCBA,YS506_V2_避障射频板_P0_S01_PCBA,无人机,pcs,个,原材料-半成品,已贴线路板,委外,13.00,,,1.00,,未上架
849-000610,M2*5_碳钢十字盘头平尾自攻螺丝,碳钢，银白色，镀三价彩锌，中性盐雾72小时，符合GB/T 945-2017,公用物料,pcs,个,原材料-组装料,五金件,外购,17.00,,,1.00,,未上架
539-000260,贴片电阻,"2K,1W,2512,1%",公用物料,pcs,个,原材料-电子料,电阻,外购,35.00,,,1.00,0.068026,未上架
725-000232,贴片陶瓷电容,"56pF,100V,0402,2%,NP0",公用物料,pcs,个,原材料-电子料,电容,外购,98.00,,,1.00,,未上架
812-000017,40*62魔术贴,尺寸规格：40mm*62mm,公用物料,zhang,张,原材料-组装料,胶合剂,外购,17.00,,,1.00,0.220011,未上架
165-002372,YN403_后壳,"205.5*160*29.6mm（带热熔螺母）,塑胶PC+ABS,黑色晒纹、丝印（不带物联终端接口）",自动驾驶,pcs,个,原材料-组装料,加工零部件（外壳、硅胶按键、标签等）,外购,35.00,,,1.00,,未上架
606-000933,YN418 预组装包装箱-国内中文版,,自动驾驶,pcs,个,原材料-包装料,包装材料,外购,14.00,,,1.00,2.369949,未上架
972-000153,DC-DC芯片,NP1602GTF-Z,公用物料,pcs,个,原材料-电子料,集成电路1（IC）,外购,112.00,,,1.00,,未上架
791-000014,YN406预组装包(插秧机),,自动驾驶,pcs,个,原材料-半成品,406整机,自制,1.00,,,1.00,,未上架
165-003404,水管C,内10mm*外14mm,无人车,pcs,个,原材料-组装料,加工零部件（外壳、硅胶按键、标签等）,外购,28.00,,,1.00,,未上架
358-000069,NMOS,KMSH1516AG-13,公用物料,pcs,个,原材料-电子料,晶体管,外购,84.00,,,1.00,1.819978,未上架
165-001854,YN580称重计面壳防水硅胶件,L*W*H：55*53*7mm；黑色/硅橡胶/硬度：40,无人机,pcs,个,原材料-组装料,加工零部件（外壳、硅胶按键、标签等）,外购,21.00,,,1.00,1.330010,未上架
165-003400,喷洒导风罩,M:QA12 C:新科技橙,无人车,pcs,个,原材料-组装料,加工零部件（外壳、硅胶按键、标签等）,外购,1.00,,,1.00,299.999971,未上架
539-000047,贴片电阻,"110K,0402,1%",公用物料,pcs,个,原材料-电子料,电阻,外购,98.00,,,1.00,0.001469,未上架
849-001389,M6*30_外六角法兰面螺栓,M6*20达克罗10.9级,无人车,pcs,个,原材料-组装料,五金件,外购,1.00,,,1.00,0.268036,未上架
849-001283,M20_弹性垫圈,M20 8.8级达克罗,无人车,pcs,个,原材料-组装料,五金件,外购,1.00,,,1.00,0.497991,未上架
554-000084,稳压二极管,CZD52C91,公用物料,pcs,个,原材料-电子料,稳压器,外购,0.00,,,1.00,0.087010,未上架
165-001894,701国产化显示屏支架（超雅）,L*W*H=108.7*70.4*8.6mm，预埋4颗M2.5铜螺母,监测终端,pcs,个,原材料-组装料,加工零部件（外壳、硅胶按键、标签等）,外购,28.00,,,1.00,,未上架
725-000499,贴片电容,"100UF,6.3V,1210,20%,X5R",无人机,pcs,个,原材料-电子料,电容,外购,84.00,,,1.00,,未上架
165-003226,580V3前碳管,外径55mm，壁厚3.0mm；长度920mm,无人机,pcs,个,原材料-组装料,加工零部件（外壳、硅胶按键、标签等）,外购,28.00,,,1.00,105.000052,未上架
725-000161,贴片陶瓷电容,"30pf,50v,0402,5%",公用物料,pcs,个,原材料-电子料,电容,外购,33.00,,,1.00,0.004520,未上架
849-000214,ST2.0*8自攻螺丝,圆头十字尖尾 ST2.0*8 铁镀镍,公用物料,pcs,个,原材料-组装料,五金件,外购,17.00,,,1.00,,未上架
725-000325,贴片陶瓷电容,"15pF,50V,0402,5%,NP0",公用物料,pcs,个,原材料-电子料,电容,外购,98.00,,,1.00,0.002486,未上架
539-000242,贴片电阻,"953K,0402,1%",公用物料,pcs,个,原材料-电子料,电阻,外购,98.00,,,1.00,0.001469,未上架
165-001161,YN501_散热支架,,自动驾驶,pcs,个,原材料-组装料,加工零部件（外壳、硅胶按键、标签等）,外购,35.00,,,1.00,,未上架
165-001350,YN540S-药箱盖本体,L*W*H：216*85*44；药箱盖本体材质：pp，限位钢片和螺丝：304不锈钢,无人机,pcs,个,原材料-组装料,加工零部件（外壳、硅胶按键、标签等）,外购,28.00,,,1.00,5.300039,未上架
539-000595,贴片电阻,15R，0805，1%,公用物料,pcs,个,原材料-电子料,电阻,外购,98.00,,,1.00,0.005311,未上架
454-000255,瞬态抑制二极管,JEB4V5D3U,公用物料,pcs,个,原材料-电子料,二极管,外购,56.00,,,1.00,0.105994,未上架
356-000233,FPC连接器,G0503WR-S-20P,公用物料,pcs,个,原材料-组装料,连接器1（电子）,外购,25.00,,,1.00,0.240012,未上架
165-001558,YN501_导电泡棉B,45mm*8mm*8mm,自动驾驶,pcs,个,原材料-组装料,加工零部件（外壳、硅胶按键、标签等）,外购,21.00,,,1.00,0.161025,未上架
539-000241,贴片电阻,"127K,0402,1%",公用物料,pcs,个,原材料-电子料,电阻,外购,98.00,,,1.00,0.001469,未上架
539-000096,贴片电阻,"226K,0402,1%",公用物料,pcs,个,原材料-电子料,电阻,外购,98.00,,,1.00,0.001469,未上架
454-000208,齐纳稳压二极管,CZD52C18,公用物料,pcs,个,原材料-电子料,二极管,外购,56.00,,,1.00,0.049946,未上架
972-000165,电压监控芯片,VM811SE,公用物料,pcs,个,原材料-电子料,集成电路1（IC）,外购,42.00,,,1.00,0.280014,未上架
165-001769,YS403双目前壳组件,"L*W*H：214.93*75.47*35.7mm；前壳组件，外壳压铸铝钝化颜色QANTONE4278C材料BDC12（前壳组件，外壳压铸铝钝化颜色QANTONE4278C材料BDC12  友农提供元橡左右FPC用量各1，(YS403元橡左FPCP1ROI_PCBA 235-000547,YS403元橡右FPCPIRO1PCBA135-000548)）",无人机,pcs,个,原材料-组装料,加工零部件（外壳、硅胶按键、标签等）,自制,28.00,,,1.00,,未上架
539-000062,贴片电阻,"62R,0402,1%",公用物料,pcs,个,原材料-电子料,电阻,外购,84.00,,,1.00,0.001921,未上架
539-000251,贴片电阻,"1R,1206,1%",公用物料,pcs,个,原材料-电子料,电阻,外购,35.00,,,1.00,0.010961,未上架
838-000161,光电编码读头,KE-2N19F-45,无人机,pcs,个,原材料-包装料,天线、传感器&摄像头,外购,180.00,,,1.00,7.200021,未上架
321-000484,YS508_机尾雷达_P1_PCB,YS508_Radar_FPGA_P1_PCB,无人机,pcs,个,原材料-电子料,印刷线路板,外购,90.00,,,1.00,21.999970,未上架
849-001254,10*10*M8_304不锈钢内六角塞打螺栓,10*10*M8,无人车,pcs,个,原材料-组装料,五金件,外购,1.00,,,1.00,1.609120,未上架
972-000492,以太网SWITCH,STL8305NBI-VB-CG,公用物料,pcs,个,原材料-电子料,集成电路1（IC）,外购,56.00,,,1.00,7.349972,未上架
725-000287,直插铝电解电容,ERS1KM121G20OT,公用物料,pcs,个,原材料-电子料,电容,外购,56.00,,,1.00,0.349961,未上架
539-000309,贴片电阻,"0R,0201,1%",公用物料,pcs,个,原材料-电子料,电阻,外购,84.00,,,1.00,0.002034,未上架
527-000011,贴片无源晶振,E3SB25E00000VE,公用物料,pcs,个,原材料-电子料,晶体振荡器,外购,70.00,,,1.00,,未上架
356-000255,M12防水3P板端公头1.2针,前锁面板式M12 TW17-28.3L,公用物料,pcs,个,原材料-组装料,连接器1（电子）,外购,42.00,,,1.00,3.959972,未上架
849-000743,M2.5*8_不锈钢十字盘头机牙螺丝_整圈耐落，带介,"304不锈钢，本色，强度等级：A2-70,第3到第10个螺牙要整圈涂耐落漆，中性盐雾72小时，介直径6mm,符合GB /T 9074.5 - 2004",公用物料,pcs,个,原材料-组装料,五金件,外购,17.00,,,1.00,,未上架
770-000074,801 8芯小板连接器,AL108L-8B3,公用物料,pcs,个,原材料-组装料,连接器2（非电子）,外购,35.00,,,1.00,,未上架
725-000172,贴片陶瓷电容,"220nF,±10%,50V,0805,X7R",公用物料,pcs,个,原材料-电子料,电容,外购,140.00,,,1.00,0.105203,未上架
733-000039,绕线贴片功率电感,TWPA4030S4R7MT,公用物料,pcs,个,原材料-电子料,电感,外购,28.00,,,1.00,0.180009,未上架
165-002085,YN580雷达导热垫1,"导热率8W,尺寸10*10*2mm",无人机,pcs,个,原材料-组装料,加工零部件（外壳、硅胶按键、标签等）,外购,14.00,,,1.00,,未上架
358-000029,PNP三极管,2N5401S-RTK/P,公用物料,pcs,个,原材料-电子料,晶体管,外购,140.00,,,1.00,0.115147,未上架
795-000781,电调电源屏蔽罩,洋白铜，厚0.3mm,无人机,pcs,个,原材料-组装料,通用机械零件,外购,21.00,,,1.00,0.649976,未上架
165-000735,YN501_USB堵头,"40.5*13.8*11.5mm，黑色,ABS+PC,晒纹",自动驾驶,pcs,个,原材料-组装料,加工零部件（外壳、硅胶按键、标签等）,外购,28.00,,,1.00,,未上架
972-000605,CAN收发器,UPT1042VQ-SO1R-S,公用物料,pcs,个,原材料-电子料,集成电路1（IC）,外购,168.00,,,1.00,,未上架
358-000178,P沟道MOS管,DJMP2011,公用物料,pcs,个,原材料-电子料,晶体管,外购,56.00,,,1.00,0.189953,未上架
849-001317,M6*26_外六角法兰面螺栓,M6*26  10.9级银色达克罗,无人车,pcs,个,原材料-组装料,五金件,外购,1.00,,,1.00,0.268036,未上架
994-000346,YN402_前壳按键小板转接线,2P连接线，线束绞线，两端1.25pitch连接器,无人机,pcs,个,原材料-组装料,线束（组装线束）,外购,35.00,,,1.00,,未上架
588-000581,YS506_V2_定高射频板_P1_S01_PCBA,YS506_V2_定高射频板_P1_S01_PCBA,无人机,pcs,个,原材料-半成品,已贴线路板,委外,13.00,,,1.00,,未上架
321-000550,YS506B_V2.1_定子板_P3_PCB,YS506B_V2.1_定子板_P3_PCB,无人机,pcs,个,原材料-电子料,印刷线路板,外购,45.00,,,1.00,,未上架
539-000475,贴片电阻,"31.6K,0402,0.5%",公用物料,pcs,个,原材料-电子料,电阻,外购,98.00,,,1.00,0.007345,未上架
165-001285,UA500上壳,105*42.3*30 黑色，QA66*30%GF，4级抗UV，阻燃等级V0,智能定位,pcs,个,原材料-组装料,加工零部件（外壳、硅胶按键、标签等）,外购,28.00,,,1.00,,未上架
539-000184,贴片电阻,"1K,0402,1%",公用物料,pcs,个,原材料-电子料,电阻,外购,42.00,,,1.00,0.001243,未上架
725-000171,贴片陶瓷电容,"10uF,±20%,10V,0603,X7R",公用物料,pcs,个,原材料-电子料,电容,外购,112.00,,,1.00,0.138990,未上架
165-001887,YN580电池连接器防水硅胶圈,55度黑色硅胶,无人机,pcs,个,原材料-组装料,加工零部件（外壳、硅胶按键、标签等）,外购,21.00,,,1.00,,未上架
849-001294,M35*1.5_R型径向精密锁紧螺母,R-M35-1.5P-62-12,无人车,pcs,个,原材料-组装料,五金件,外购,1.00,,,1.00,16.333585,未上架
454-000215,肖特基二极管,KSPX340A,公用物料,pcs,个,原材料-电子料,二极管,外购,56.00,,,1.00,0.113000,未上架
733-000043,绕线贴片功率电感,TWPA5040S100MT,公用物料,pcs,个,原材料-电子料,电感,外购,30.00,,,1.00,0.168031,未上架
588-000562,YN300E_801_U113_P3_S04_PCBA（906AMBD单北斗）,YN300E_801_U113_P3_S04_PCBA（906AMBD单北斗）,监测终端,pcs,个,原材料-半成品,已贴线路板,委外,10.00,,,1.00,,未上架
454-000184,瞬态电压抑制器TVS,BSB36CA,公用物料,pcs,个,原材料-电子料,二极管,外购,56.00,,,1.00,2.219998,未上架
838-000320,YN580称重计压力传感器,DZL928DR，线长70mm；TUS304,无人机,pcs,个,原材料-包装料,天线、传感器&摄像头,外购,28.00,,,1.00,,未上架
165-002303,YN525_称重计前壳压板,L*W*H：52*45.4*2mm；6061铝合金，表面阳极氧化黑色,无人机,pcs,个,原材料-组装料,加工零部件（外壳、硅胶按键、标签等）,外购,21.00,,,1.00,,未上架
725-000384,贴片陶瓷电容,"1uf,10v,0201,20%",公用物料,pcs,个,原材料-电子料,电容,外购,161.00,,,1.00,0.010961,未上架
812-000095,3M胶贴,尺寸：80mmX50mm，厚度2mm，9448A,公用物料,pcs,个,原材料-组装料,胶合剂,外购,10.00,,,1.00,0.175037,未上架
165-003385,离心喷头马达支架,"PA+30%GF,黑色",无人车,pcs,个,原材料-组装料,加工零部件（外壳、硅胶按键、标签等）,外购,1.00,,,1.00,75.000021,未上架
849-001299,M4*25_304不锈钢内六角圆柱头螺栓,M4*25  304不锈钢,无人车,pcs,个,原材料-组装料,五金件,外购,1.00,,,1.00,0.078196,未上架
454-000280,ESD二极管,KEB05D5,公用物料,pcs,个,原材料-电子料,二极管,外购,56.00,,,1.00,0.047008,未上架
725-000363,贴片陶瓷电容,100nF 50V 1402 10% X5R,公用物料,pcs,个,原材料-电子料,电容,外购,77.00,,,1.00,0.005198,未上架
165-002679,YN503_导电泡棉2,"15*10*6.5mm,包裹式低密度导电泡棉，4-R2.5",自动驾驶,pcs,个,原材料-组装料,加工零部件（外壳、硅胶按键、标签等）,外购,14.00,,,1.00,0.109949,未上架
895-000056,侧帖中龟轻触开关,LN4716B1-24H45-0PTR,公用物料,pcs,个,原材料-组装料,开关,外购,25.00,,,1.00,0.300015,未上架
539-000044,贴片电阻,"43K,0402,1%",公用物料,pcs,个,原材料-电子料,电阻,外购,84.00,,,1.00,0.001469,未上架
356-000227,T540 MMCX 底座,X10-2000-R0A,公用物料,pcs,个,原材料-组装料,连接器1（电子）,外购,35.00,,,1.00,2.640019,未上架
321-000525,YS506B_V2.1_定高射频板_P2_PCB,YS506B_V2.1_定高射频板_P2_PCB,无人机,pcs,个,原材料-电子料,印刷线路板,外购,90.00,,,1.00,56.438980,未上架
165-001965,YN580感应线圈接收端,圆形，外径21.6mm，高度5.6mm，线束长度103mm,无人机,pcs,个,原材料-组装料,加工零部件（外壳、硅胶按键、标签等）,外购,28.00,,,1.00,,未上架
994-000083,SMA天线,Φ6.2*11，线长50mm,监测终端,pcs,个,原材料-组装料,线束（组装线束）,外购,28.00,,,1.00,,未上架
972-000824,EMMC,GEMDNN064G-C9A61,公用物料,pcs,个,原材料-电子料,集成电路1（IC）,外购,72.00,,,1.00,,未上架
588-000883,YS221_P0_(B40S)S01_PCBA,YS221_P0_(B40S)S01_PCBA,自动驾驶,pcs,个,原材料-半成品,已贴线路板,委外,1.00,,,1.00,,未上架
454-000010,ESD二极管,ESD5Z3.3T1G,公用物料,pcs,个,原材料-电子料,二极管,外购,140.00,,,1.00,0.111192,未上架
165-001463,YN408_导航环形按键,透明PC，表面颜色PT BLACK6C，喷哑光漆，需要镭雕字符,自动驾驶,pcs,个,原材料-组装料,加工零部件（外壳、硅胶按键、标签等）,外购,28.00,,,1.00,,未上架
165-002061,YS508机尾雷达SIM卡盖,黑色QA66+30%GF，外观面抛光800,无人机,pcs,个,原材料-组装料,加工零部件（外壳、硅胶按键、标签等）,外购,28.00,,,1.00,,未上架
994-000384,通用S转接线,天海连接器0434701 DS-M8-6F,智能定位,pcs,个,原材料-组装料,线束（组装线束）,外购,35.00,,,1.00,,未上架
588-000267,801_7芯转接板_P3_S01_PCBA,801_7CONNECTOR_P3_S01_PCBA,监测终端,pcs,个,原材料-半成品,已贴线路板,委外,17.00,,,1.00,,未上架
364-000046,贴片自恢复保险丝,TMD1206P050TF/16,公用物料,pcs,个,原材料-电子料,保险丝&蜂鸣器类,外购,28.00,,,1.00,,未上架
994-000531,UA400线束A（整条）,"BWG24六芯护套线，线长120mm; 连接器：B2004HB-2X7P；另一端包含天海连接器，型号：QP1530301,新外置天线（229-000364）",智能定位,pcs,个,原材料-组装料,线束（组装线束）,外购,35.00,,,1.00,,未上架
725-000152,贴片陶瓷电容,"150pF,50V,0603,5%",公用物料,pcs,个,原材料-电子料,电容,外购,84.00,,,1.00,,未上架
795-000928,YC403航电散热硅胶垫3,6W导热硅胶，17*16*1mm，浅灰色,无人机,pcs,个,原材料-组装料,通用机械零件,外购,14.00,,,1.00,0.348944,未上架
165-002337,YN525分电板物料组件包,包含如下物料：YN525分电板电池通讯线束*1；YN525分电板动力线束 *4；YN525分电板接口板电源线束*1；YN525分电板铜板_左*1；YN525分电板铜板_右*1；分电灌封胶*适量；YN525分电板挡胶片*1（无需客供）,无人机,pcs,个,原材料-组装料,加工零部件（外壳、硅胶按键、标签等）,外购,45.00,,,1.00,,未上架
165-003437,前车铜排5-电机B正,T2,无人车,pcs,个,原材料-组装料,加工零部件（外壳、硅胶按键、标签等）,外购,1.00,,,1.00,85.499981,未上架
321-000560,YN580分电板信号小板P2_PCB,YN580_BAT_SCON_P2_PCB,无人机,pcs,个,原材料-电子料,印刷线路板,外购,35.00,,,1.00,,未上架
849-000011,贴片螺母,TMTSO3020CTS,公用物料,pcs,个,原材料-组装料,五金件,外购,25.00,,,1.00,,未上架
356-000162,TYPE-C母头-24pin,VB3309-024S1-TAGF,公用物料,pcs,个,原材料-组装料,连接器1（电子）,外购,24.00,,,1.00,1.999987,未上架
994-000537,YN525_电调信号连接线(前),,无人机,pcs,个,原材料-组装料,线束（组装线束）,外购,35.00,,,1.00,,未上架
849-000794,ST2.6*8十字沉头不锈钢螺丝,ST2.6*8十字沉头螺丝 ，304不锈钢,公用物料,pcs,个,原材料-组装料,五金件,外购,17.00,,,1.00,,未上架
165-001859,YN580探照灯下盖,L*W*H：108.6*62.4*27.4mm；BDC12铝合金，表面黑色喷粉,无人机,pcs,个,原材料-组装料,加工零部件（外壳、硅胶按键、标签等）,外购,28.00,,,1.00,16.820050,未上架
358-000100,N沟道MOS管,CSS138,公用物料,pcs,个,原材料-电子料,晶体管,外购,30.00,,,1.00,0.048025,未上架
972-000229,闪迪EMMC,SDINBDG4-8G-XI1,公用物料,pcs,个,原材料-电子料,集成电路1（IC）,外购,59.00,,,1.00,26.415219,未上架
791-000003,YN403（406）整机,不带互联终端接口,自动驾驶,pcs,个,原材料-半成品,406整机,自制,1.00,,,1.00,,未上架
539-000124,贴片电阻,"100K,0603,1%",公用物料,pcs,个,原材料-电子料,电阻,外购,84.00,,,1.00,0.003616,未上架
849-001350,M8称重计连接件,,无人车,pcs,个,原材料-组装料,五金件,外购,28.00,,,1.00,52.000001,未上架
165-001045,UB200导电泡棉,14*9*8 包裹式导电泡棉,智能大屏,pcs,个,原材料-组装料,加工零部件（外壳、硅胶按键、标签等）,外购,14.00,,,1.00,,未上架
165-003450,F100正极插座-螺柱式,F100-GPJ120,无人车,pcs,个,原材料-组装料,加工零部件（外壳、硅胶按键、标签等）,外购,28.00,,,1.00,39.809900,未上架
972-000130,EEPROM存储器,M93C66-WMN6TP,公用物料,pcs,个,原材料-电子料,集成电路1（IC）,外购,1.00,,,1.00,,未上架
725-000341,贴片铝电解电容,VP1H221M4105000CE0,公用物料,pcs,个,原材料-电子料,电容,外购,30.00,,,1.00,0.693029,未上架
165-002673,YN503散热支架防水硅胶圈,"尺寸：217.8*123.3*3.5mm；暗红色，硅胶50±5, 硫化消光   暗红色，硅胶50±5, 硫化消光",自动驾驶,pcs,个,原材料-组装料,加工零部件（外壳、硅胶按键、标签等）,外购,35.00,,,1.00,3.699959,未上架
454-000328,TVS二极管,TMAJ15CA,公用物料,pcs,个,原材料-电子料,二极管,外购,30.00,,,1.00,0.140007,未上架
725-000417,贴片陶瓷电容,"3.3nf,25V,0201,10%,X7R",公用物料,pcs,个,原材料-电子料,电容,外购,112.00,,,1.00,0.012995,未上架
849-000221,喇叭固定支架,85*29*1，R235材质，电镀,公用物料,pcs,个,原材料-组装料,五金件,外购,28.00,,,1.00,,未上架
733-000075,贴片磁珠,NPZ1608S601ATD25,公用物料,pcs,个,原材料-电子料,电感,外购,112.00,,,1.00,0.134922,未上架
165-002595,探照灯透镜黏贴3M双面背胶片,厚度0.2mm，尺寸70mm*8mm，型号：3M9469,无人机,pcs,个,原材料-组装料,加工零部件（外壳、硅胶按键、标签等）,外购,21.00,,,1.00,,未上架
321-000238,YN408_SIM卡板_P1_PCB,YN408_SIM_P1_PCB,自动驾驶,pcs,个,原材料-电子料,印刷线路板,外购,45.00,,,1.00,1.559965,未上架
165-002623,YN580_后碳管B,3.0壁厚,无人机,pcs,个,原材料-组装料,加工零部件（外壳、硅胶按键、标签等）,外购,28.00,,,1.00,,未上架
356-000562,双排排针 DIP 2.0Pitch 2X7pin,QM202B20A-07V20-115-1BA,自动驾驶,pcs,个,原材料-组装料,连接器1（电子）,外购,25.00,,,1.00,0.349961,未上架
725-000042,贴片陶瓷电容,"100nF,250V,1206,10%",公用物料,pcs,个,原材料-电子料,电容,外购,217.00,,,1.00,0.114017,未上架
165-003344,580V3后喷头吊杆,,无人机,pcs,个,原材料-组装料,加工零部件（外壳、硅胶按键、标签等）,外购,28.00,,,1.00,13.279986,未上架
321-000367,YN402 遥控器外置电池充电器 P0 PCB,YN402_CHARGE_P0_PCB,无人机,pcs,个,原材料-电子料,印刷线路板,外购,35.00,,,1.00,4.330047,未上架
539-000028,贴片电阻,"100R,0402,1%",公用物料,pcs,个,原材料-电子料,电阻,外购,84.00,,,1.00,0.001921,未上架
321-000435,YN580_自研电调_P4_PCB,YN580_自研电调_P4_PCB,无人机,pcs,个,原材料-电子料,印刷线路板,外购,30.00,,,1.00,88.320800,未上架
690-000056,发光二极管,L-D150WDT-SH3,公用物料,pcs,个,原材料-电子料,发光二极管,外购,33.00,,,1.00,0.120006,未上架
972-000426,单路运放,TGM721XN5/TR,公用物料,pcs,个,原材料-电子料,集成电路1（IC）,外购,42.00,,,1.00,1.049996,未上架
733-000153,贴片共模电感,TFT7060F-701,公用物料,pcs,个,原材料-电子料,电感,外购,28.00,,,1.00,0.800040,未上架
165-001405,YN402_挂绳挂钩,压铸铝合金，喷砂，钝化，喷银色漆,无人机,pcs,个,原材料-组装料,加工零部件（外壳、硅胶按键、标签等）,外购,35.00,,,1.00,,未上架
795-001184,轴套2,25*30*17.5（内径*外径*高度，mm）,无人车,pcs,个,原材料-组装料,通用机械零件,外购,28.00,,,1.00,2.192200,未上架
733-000234,贴片功率电感,NWTC201610SR47MT,公用物料,pcs,个,原材料-电子料,电感,外购,98.00,,,1.00,,未上架
733-000202,功率电感,DSEB1090-330M,公用物料,pcs,个,原材料-电子料,电感,外购,31.00,,,1.00,6.499986,未上架
725-000182,贴片陶瓷电容,"22uF,6.3V,0603,20%,X5R",公用物料,pcs,个,原材料-电子料,电容,外购,161.00,,,1.00,0.065653,未上架
165-003382,水箱本体,PE 半透明白色  容积300L,无人车,pcs,个,原材料-组装料,加工零部件（外壳、硅胶按键、标签等）,外购,1.00,,,1.00,864.999971,未上架
725-000178,贴片陶瓷电容,"33pF,50V,0402,5%,NP0",公用物料,pcs,个,原材料-电子料,电容,外购,98.00,,,1.00,0.002373,未上架
165-001420,YN402_CPU散热硅胶垫,6W导热硅胶垫，浅灰色，40*40*1mm,无人机,pcs,个,原材料-组装料,加工零部件（外壳、硅胶按键、标签等）,外购,14.00,,,1.00,,未上架
972-000576,百兆以太网PHY,ZT8512H,公用物料,pcs,个,原材料-电子料,集成电路1（IC）,外购,42.00,,,1.00,2.199997,未上架
733-000208,功率电感,NWSA0402S-S47MT,公用物料,pcs,个,原材料-电子料,电感,外购,77.00,,,1.00,0.360018,未上架
849-000505,M3*20_不锈钢十字圆头机牙螺丝_整圈耐落,"304不锈钢，本色，强度等级：A2-70,第3到第10个螺牙要整圈涂耐落漆，中性盐雾72小时，符合GB/T 918-2016",公用物料,pcs,个,原材料-组装料,五金件,外购,18.00,,,1.00,,未上架
539-000282,贴片电阻,"36K,0402,1%",公用物料,pcs,个,原材料-电子料,电阻,外购,84.00,,,1.00,0.001469,未上架
165-003433,前车铜排1-电池正,T2,无人车,pcs,个,原材料-组装料,加工零部件（外壳、硅胶按键、标签等）,外购,1.00,,,1.00,117.900019,未上架
165-002513,150电调MOS面导热垫2,材质:8W导热硅胶，厚度1.8mm,无人机,pcs,个,原材料-组装料,加工零部件（外壳、硅胶按键、标签等）,外购,14.00,,,1.00,0.149951,未上架
539-000410,贴片电阻,"100R,1206,5%",公用物料,pcs,个,原材料-电子料,电阻,外购,98.00,,,1.00,0.011413,未上架
838-000257,UA500GPS天线,38.74*30.27mm，同轴线长度60mm，一代ipex端子,智能定位,pcs,个,原材料-包装料,天线、传感器&摄像头,外购,23.00,,,1.00,,未上架
795-000784,电调铜条2,T2紫铜，30*3*0.8,无人机,pcs,个,原材料-组装料,通用机械零件,外购,33.00,,,1.00,0.216169,未上架
588-000583,YS506_V2_避障FPC_40PIN_P0_S01_PCBA,YS506_V2_避障FPC_40PIN_P0_S01_PCBA,无人机,pcs,个,原材料-半成品,已贴线路板,委外,13.00,,,1.00,,未上架
849-000442,M2*8_不锈钢十字扁平头机牙螺丝_整圈耐落,"304不锈钢，本色，强度等级：A2-70,第3到第10个螺牙要整圈涂耐落漆，中性盐雾72小时",公用物料,pcs,个,原材料-组装料,五金件,外购,33.00,,,1.00,,未上架
795-000442,YN540pro旋转雷达定子导热硅胶片,环形，外径37.4mm，内径23.4mm，厚度1.2mm,无人机,pcs,个,原材料-组装料,通用机械零件,外购,14.00,,,1.00,,未上架
972-000686,USB转以太网芯片,BX88772CLI,公用物料,pcs,个,原材料-电子料,集成电路1（IC）,外购,56.00,,,1.00,16.900054,未上架
725-000294,贴片陶瓷电容,"100pF,50V,0402",公用物料,pcs,个,原材料-电子料,电容,外购,98.00,,,1.00,0.002599,未上架
539-000173,贴片电阻,"120R,1206,1%",公用物料,pcs,个,原材料-电子料,电阻,外购,112.00,,,1.00,0.018645,未上架
849-001170,前驱动桥总成,电机规格:72V1.2KW 减速器:速比23.2,无人车,pcs,个,原材料-组装料,五金件,外购,42.00,,,1.00,1949.999981,未上架
972-000324,SS485收发器,CL3085(J47),公用物料,pcs,个,原材料-电子料,集成电路1（IC）,外购,42.00,,,1.00,0.360018,未上架
849-001314,M5_304不锈钢六角法兰面尼龙防松螺母,M5  304不锈钢,无人车,pcs,个,原材料-组装料,五金件,外购,1.00,,,1.00,0.160008,未上架
358-000155,NMOS,KMTL3134K,公用物料,pcs,个,原材料-电子料,晶体管,外购,56.00,,,1.00,0.500025,未上架
795-000748,YN580药箱控制盒导热硅胶垫02,6W导热硅胶，L*W*H：21.8*5.5*2mm；灰色，6w.mk,无人机,pcs,个,原材料-组装料,通用机械零件,外购,14.00,,,1.00,0.200010,未上架
539-000462,贴片电阻,"100R,1206,1%",公用物料,pcs,个,原材料-电子料,电阻,外购,56.00,,,1.00,0.009040,未上架
791-000007,YN406B方向盘组件（拖拉机）,带本体、盖板、LOGO、方向盘、电机等,自动驾驶,pcs,个,原材料-半成品,406整机,自制,1.00,,,1.00,,未上架
454-000206,稳压二极管,S-MBZT52C18T1G,公用物料,pcs,个,原材料-电子料,二极管,外购,105.00,,,1.00,0.064862,未上架
733-000040,绕线贴片功率电感,TWPA4030S3R3MT,公用物料,pcs,个,原材料-电子料,电感,外购,28.00,,,1.00,0.144979,未上架
356-000485,GPC05016-43200-FPC卧式全包 （H=2.0mm) 上接16pin连接器,13.65*5.81*2.0；FPC卧式全包 （H=2.0mm) 上接16pin连接器,公用物料,pcs,个,原材料-组装料,连接器1（电子）,外购,30.00,,,1.00,1.150001,未上架
321-000677,601C倾角&机具P6_PCB,601C_MODULE_P6_PCB,监测终端,pcs,个,原材料-电子料,印刷线路板,外购,50.00,,,1.00,1.772518,未上架
725-000073,贴片陶瓷电容,"33uF,10v,1210,20%,X5R",公用物料,pcs,个,原材料-电子料,电容,外购,154.00,,,1.00,0.687040,未上架
795-001177,搭扣,B119B-2,无人车,pcs,个,原材料-组装料,通用机械零件,外购,28.00,,,1.00,33.674000,未上架
364-000048,YN501_喇叭,30X20X5，引线长度88mm，接头：长江-B1501H-2P,公用物料,pcs,个,原材料-电子料,保险丝&蜂鸣器类,外购,10.00,,,1.00,,未上架
972-000020,逻辑芯片,NC74VHC1G08DFT2G,公用物料,pcs,个,原材料-电子料,集成电路1（IC）,外购,1.00,,,1.00,1.121186,未上架
972-000254,IC 数据缓冲器,TN74LVC2G34DBVR,公用物料,pcs,个,原材料-电子料,集成电路1（IC）,外购,42.00,,,1.00,0.752580,未上架
358-000077,MOSFET,KMTL3401A,公用物料,pcs,个,原材料-电子料,晶体管,外购,84.00,,,1.00,0.084976,未上架
795-000479,YN540pro旋转雷达避障漏铜区导热硅胶片,L*W*H=16*4*3mm，6W,无人机,pcs,个,原材料-组装料,通用机械零件,外购,14.00,,,1.00,,未上架
725-000400,贴片陶瓷电容,33nF，50V，0603，10%，X7R,公用物料,pcs,个,原材料-电子料,电容,外购,84.00,,,1.00,0.007345,未上架
356-000277,2.54mm间距双排排针,ZZK1325-204SG0A11501,公用物料,pcs,个,原材料-组装料,连接器1（电子）,外购,25.00,,,1.00,0.115034,未上架
539-000366,贴片电阻,"40.2K,0603,1%",公用物料,pcs,个,原材料-电子料,电阻,外购,84.00,,,1.00,0.003616,未上架
725-000130,贴片陶瓷电容,"220nF,6.3v,0402,10%",公用物料,pcs,个,原材料-电子料,电容,外购,28.00,,,1.00,,未上架
849-001191,外侧轴承挡圈,"R235,哑光黑RAL 9011",无人车,pcs,个,原材料-组装料,五金件,外购,1.00,,,1.00,8.999998,未上架
505-000023,小终端3.5寸屏,智芯未来ZX3.5TFT-320480-50-5,监测终端,pcs,个,原材料-组装料,显示屏&板卡,外购,35.00,,,1.00,23.000020,未上架
795-000779,电调MCU屏蔽罩1,洋白铜，厚0.3mm,无人机,pcs,个,原材料-组装料,通用机械零件,外购,21.00,,,1.00,0.620031,未上架
972-000453,LED背光驱动器,TGM3749YTN6G/TR,公用物料,pcs,个,原材料-电子料,集成电路1（IC）,外购,64.00,,,1.00,0.620031,未上架
539-000589,贴片电阻,"4.7K,0201,1%",公用物料,pcs,个,原材料-电子料,电阻,外购,98.00,,,1.00,0.002034,未上架
454-000233,TVS二极管,5.0SMDJ85CA,公用物料,pcs,个,原材料-电子料,二极管,外购,56.00,,,1.00,0.887954,未上架
690-000016,贴片发光二极管,"BLUE,29-31-B6C-EP1Q2SZ-3T(GN)",公用物料,pcs,个,原材料-电子料,发光二极管,外购,28.00,,,1.00,0.100005,未上架
606-000012,4号自封袋,4号自封袋，加厚,公用物料,pcs,个,原材料-包装料,包装材料,外购,10.00,,,1.00,,未上架
733-000172,功率电感,NWLA0502S-100MT,公用物料,pcs,个,原材料-电子料,电感,外购,56.00,,,1.00,0.517992,未上架
588-000461,YN402遥控器 后壳小板P1_ PCBA,YN402_BACK_KEY_P1,无人机,pcs,个,原材料-半成品,已贴线路板,委外,33.00,,,1.00,,未上架
838-000337,YN580 数传天线转接线,HX-DUX611A-JG011,无人机,pcs,个,原材料-包装料,天线、传感器&摄像头,外购,35.00,,,1.00,,未上架
549-000320,YN540S_离心喷头电机,L*W*H：89.6*63*63mm;黑色,无人机,pcs,个,原材料-包装料,外购设备类,外购,42.00,,,1.00,,未上架
454-000200,肖特基二极管,MBAS40-04LT1G,公用物料,pcs,个,原材料-电子料,二极管,外购,84.00,,,1.00,0.048251,未上架
588-000488,YC402_SK3568PWR_P2_S01_PCBA,YC402_SK3568PWR_P2_S01_PCBA,无人机,pcs,个,原材料-半成品,已贴线路板,委外,33.00,,,1.00,,未上架
972-000204,DC-DC芯片,NP3302DJ-LF-Z,公用物料,pcs,个,原材料-电子料,集成电路1（IC）,外购,112.00,,,1.00,,未上架
838-000276,YN402 LORA天线,YN402 530-450MHZ 黑色平头刀锋天线,无人机,pcs,个,原材料-包装料,天线、传感器&摄像头,外购,35.00,,,1.00,,未上架
454-000253,肖特基二极管,KSTDF140A,公用物料,pcs,个,原材料-电子料,二极管,外购,56.00,,,1.00,0.042036,未上架
527-000034,贴片晶振,UZ3420E,公用物料,pcs,个,原材料-电子料,晶体振荡器,外购,126.00,,,1.00,0.495053,未上架
895-000059,5.2x5.2超薄按键,LN5252A1-25H15-OPTR,公用物料,pcs,个,原材料-组装料,开关,外购,25.00,,,1.00,0.109949,未上架
539-000083,贴片电阻,"5.11R,0603,1%",公用物料,pcs,个,原材料-电子料,电阻,外购,98.00,,,1.00,0.009831,未上架
363-000546,前接口板负极线束,10A 1.5平方,无人车,pcs,个,原材料-包装料,线束（包装线束）,外购,35.00,,,1.00,1.223790,未上架
321-000254,YS504_雷达转子板_P2.1_PCB,YS504_雷达转子板_P2.1_PCB,无人机,pcs,个,原材料-电子料,印刷线路板,外购,30.00,,,1.00,6.563040,未上架
725-000367,贴片陶瓷电容,56pF 50V 1402 5% C0G,公用物料,pcs,个,原材料-电子料,电容,外购,77.00,,,1.00,0.002486,未上架
795-000762,YN580电调MOS导热垫,材质：8W导热垫,无人机,pcs,个,原材料-组装料,通用机械零件,外购,14.00,,,1.00,6.750055,未上架
363-000584,左前驱动器供电线束,,无人车,pcs,个,原材料-电子料,线束（包装线束）,外购,35.00,,,1.00,,未上架
588-000297,YS504_雷达光电编码板_P2_S01_PCBA,YS504_雷达光电编码板_P2_S01_PCBA,无人机,pcs,个,原材料-半成品,已贴线路板,委外,33.00,,,1.00,,未上架
588-000577,UB200L_MAIN_KY_P1_S2_PCBA,UB200L_MAIN_KY_P1_S2_PCBA,智能大屏,pcs,个,原材料-半成品,已贴线路板,委外,10.00,,,1.00,,未上架
539-000271,贴片电阻,"510K,0402,1%",公用物料,pcs,个,原材料-电子料,电阻,外购,98.00,,,1.00,0.001921,未上架
165-003204,580V3圆柱分电铜板左右,材料：3mm厚度紫铜镀锡，含左右对称铜板,无人机,pcs,个,原材料-组装料,加工零部件（外壳、硅胶按键、标签等）,外购,28.00,,,1.00,,未上架
356-000365,16PIN 双排立插排母2.0pitch,ZZK2243-208SG0ABNUT1,公用物料,pcs,个,原材料-组装料,连接器1（电子）,外购,25.00,,,1.00,0.569972,未上架
972-000284,磁力计,JST8310,公用物料,pcs,个,原材料-电子料,集成电路1（IC）,外购,63.00,,,1.00,5.999961,未上架
895-000091,MOS继电器,G3VM-61VY2-TR,公用物料,pcs,个,原材料-组装料,开关,外购,112.00,,,1.00,3.149988,未上架
165-002946,I632 喷头导热硅胶贴片,规格：31mm*16.47mm*2mm 8W导热硅胶，自带粘性,无人机,pcs,个,原材料-组装料,加工零部件（外壳、硅胶按键、标签等）,外购,14.00,,,1.00,0.680034,未上架
165-003387,离心喷头PCBA下盖,BDC12，T5黑色阳极氧化,无人车,pcs,个,原材料-组装料,加工零部件（外壳、硅胶按键、标签等）,外购,1.00,,,1.00,80.000045,未上架
849-000410,PCB板接地弹片-S型弹片,SMD-8-0129013025；0.12*9.0*13.0*2.5MM,公用物料,pcs,个,原材料-组装料,五金件,外购,20.00,,,1.00,,未上架
539-000476,热敏电阻,DMFD103F3900HANT,公用物料,pcs,个,原材料-电子料,电阻,外购,35.00,,,1.00,0.089948,未上架
972-000659,MCU,BMT630HV100,公用物料,pcs,个,原材料-电子料,集成电路1（IC）,外购,56.00,,,1.00,27.869981,未上架
795-000780,电调MCU屏蔽罩2,洋白铜，厚0.3mm,无人机,pcs,个,原材料-组装料,通用机械零件,外购,21.00,,,1.00,0.440022,未上架
539-000380,贴片电阻,"6.8R,0402,1%",公用物料,pcs,个,原材料-电子料,电阻,外购,112.00,,,1.00,0.004633,未上架
849-000544,701帝硕七芯八芯连接器螺母,对角20，5/8英寸 -27UNS，厚度4mm,公用物料,pcs,个,原材料-组装料,五金件,外购,24.00,,,1.00,0.200010,未上架
895-000057,总高5.0mm正贴轻触开关,LN6060A1-20H50-0PTR,公用物料,pcs,个,原材料-组装料,开关,外购,28.00,,,1.00,0.124978,未上架
690-000048,贴片发光二极管,29-217/BHC-ZL1M2RY/6T,公用物料,pcs,个,原材料-电子料,发光二极管,外购,35.00,,,1.00,0.058986,未上架
725-000180,贴片陶瓷电容,"47nF,50V,0402,10%,X7R",公用物料,pcs,个,原材料-电子料,电容,外购,98.00,,,1.00,0.005989,未上架
994-000328,UA500线束,连接器型号：TE 1-1418479-1，连接器型号：杨展康  ZZKA1002H-8P，150mm八芯BWG28护套线,智能定位,pcs,个,原材料-组装料,线束（组装线束）,外购,35.00,,,1.00,,未上架
165-003378,180电调上盖,材质：BDC12，尺寸：L*W*H：168.7*96.5*28.5mm,无人机,pcs,个,原材料-组装料,加工零部件（外壳、硅胶按键、标签等）,外购,28.00,,,1.00,29.269486,未上架
795-000764,701防水硅胶圈（超雅）,硬度40/黑色,监测终端,pcs,个,原材料-组装料,通用机械零件,外购,28.00,,,1.00,3.360055,未上架
795-000354,φ12*φ7白色防水透气棉,φ12*φ7白色防水透气棉（0.15防水透气棉+0.15高粘性防水背胶）,无人机,pcs,个,原材料-组装料,通用机械零件,外购,14.00,,,1.00,,未上架
165-001684,YN501_硅胶圈(JL),277.6*184.6*9.7mm；黑色，硅胶，30度±5，消光；,自动驾驶,pcs,个,原材料-组装料,加工零部件（外壳、硅胶按键、标签等）,外购,21.00,,,1.00,4.299989,未上架
690-000041,红外发射管,JR26-21C/M110/CT,公用物料,pcs,个,原材料-电子料,发光二极管,外购,112.00,,,1.00,0.169952,未上架
358-000172,NMOS,TMT12T01AHTL,公用物料,pcs,个,原材料-电子料,晶体管,外购,120.00,,,1.00,3.850023,未上架
994-000456,YN580电调信号线束电调板端_H,,无人机,pcs,个,原材料-组装料,线束（组装线束）,外购,35.00,,,1.00,,未上架
725-000035,贴片陶瓷电容,"1nF,50V,0603,10%",公用物料,pcs,个,原材料-电子料,电容,外购,126.00,,,1.00,0.006554,未上架
454-000310,肖特基二极管,TS34F,公用物料,pcs,个,原材料-电子料,二极管,外购,42.00,,,1.00,0.117972,未上架
539-000449,贴片电阻,"806K,0402,1%",公用物料,pcs,个,原材料-电子料,电阻,外购,98.00,,,1.00,0.001921,未上架
588-000299,YS504_定高雷达板77G_P1_S01_PCBA,YS504_定高雷达板77G_P1_S01_PCBA,无人机,pcs,个,原材料-半成品,已贴线路板,委外,33.00,,,1.00,,未上架
358-000140,P沟道MOS管,KMTV210P02A,公用物料,pcs,个,原材料-电子料,晶体管,外购,91.00,,,1.00,0.214022,未上架
725-000408,陶瓷电容,"82pF,50V,0201,C0G",公用物料,pcs,个,原材料-电子料,电容,外购,98.00,,,1.00,0.008475,未上架
308-000031,YN525旋转雷达组件B,,无人机,pcs,个,原材料-半成品,HD525整机,自制,1.00,,,1.00,,未上架
725-000334,贴片陶瓷电容,"100nF,50V,0402,10%",公用物料,pcs,个,原材料-电子料,电容,外购,98.00,,,1.00,0.004972,未上架
363-000569,作业分电盒负极线束,,无人车,pcs,个,原材料-包装料,线束（包装线束）,外购,35.00,,,1.00,92.004600,未上架
972-000635,BUCK 控制器,Hi9103,公用物料,pcs,个,原材料-电子料,集成电路1（IC）,外购,28.00,,,1.00,1.299952,未上架
358-000135,PNP三极管,NMBT5401,公用物料,pcs,个,原材料-电子料,晶体管,外购,24.00,,,1.00,0.049946,未上架
165-001971,YN580雷达外罩,圆柱形，外径101.2mm，高度138.1，拔模0.5°；QA66/黑色,无人机,pcs,个,原材料-组装料,加工零部件（外壳、硅胶按键、标签等）,外购,35.00,,,1.00,,未上架
165-003004,150电调正负极堵盖垫片,L*W*H：25*9*2mm，透明PC,无人机,pcs,个,原材料-组装料,加工零部件（外壳、硅胶按键、标签等）,外购,21.00,,,1.00,,未上架
363-000585,右前驱动器供电线束,,无人车,pcs,个,原材料-电子料,线束（包装线束）,外购,35.00,,,1.00,,未上架
849-000929,贴片螺母,TMTSO3060CTJ,公用物料,pcs,个,原材料-组装料,五金件,外购,25.00,,,1.00,,未上架
165-000759,SMA防水胶套,直径5.5mm，长15mm，黑色橡胶套,公用物料,pcs,个,原材料-组装料,加工零部件（外壳、硅胶按键、标签等）,外购,14.00,,,1.00,,未上架
165-001419,YN402_顶部按键防水硅胶,40度黑色硅胶，方形，表面消光,无人机,pcs,个,原材料-组装料,加工零部件（外壳、硅胶按键、标签等）,外购,35.00,,,1.00,,未上架
527-000005,贴片无源晶振,XDMCZLNDDF-32.768KHZ,公用物料,pcs,个,原材料-电子料,晶体振荡器,外购,98.00,,,1.00,,未上架
733-000173,贴片磁珠,IPZ1608D221-1R5TF,公用物料,pcs,个,原材料-电子料,电感,外购,42.00,,,1.00,0.049946,未上架
539-000035,贴片电阻,"4.99K,0402,1%",公用物料,pcs,个,原材料-电子料,电阻,外购,84.00,,,1.00,0.002034,未上架
795-000666,YN540S-E14止回阀接头,"密封圈外径24.5*45mm；""QA66+30GF,黑色""",无人机,pcs,个,原材料-组装料,通用机械零件,外购,35.00,,,1.00,,未上架
725-000062,贴片陶瓷电容,"100nF,50V,0402,10%",公用物料,pcs,个,原材料-电子料,电容,外购,161.00,,,1.00,0.017854,未上架
165-002904,701底板组件（东徕硕）,黑色PC，L*W*H=179.8*119.8*25.2mm，预埋两颗M6铜螺母,监测终端,pcs,个,原材料-组装料,加工零部件（外壳、硅胶按键、标签等）,外购,28.00,,,1.00,7.829996,未上架
972-000859,定位模块,B40S-BDS,公用物料,pcs,个,原材料-电子料,集成电路1（IC）,外购,18.00,,,1.00,279.999988,未上架
454-000355,稳压二极管,CZT52C15,公用物料,pcs,个,原材料-电子料,二极管,外购,30.00,,,1.00,0.051980,未上架
795-000824,YN580雷达定子板屏蔽罩底座,材质：洋白铜，厚度0.2,无人机,pcs,个,原材料-组装料,通用机械零件,外购,21.00,,,1.00,0.420021,未上架
165-003444,插栓式保险片150A,XCPF0150A-30HV,无人车,pcs,个,原材料-组装料,加工零部件（外壳、硅胶按键、标签等）,外购,1.00,,,1.00,7.729991,未上架
606-000676,TB系列包装材料-洋马大包装纸箱,450*350*180mm三层瓦楞纸,智能大屏,pcs,个,原材料-包装料,包装材料,外购,14.00,,,1.00,4.780013,未上架
165-003428,WH300电调板TOP面导热垫2,8w.导热硅胶,无人车,pcs,个,原材料-组装料,加工零部件（外壳、硅胶按键、标签等）,外购,14.00,,,1.00,3.839966,未上架
725-000169,贴片陶瓷电容,"2.2uF,±10%,10V,0603,X7R",公用物料,pcs,个,原材料-电子料,电容,外购,56.00,,,1.00,0.030962,未上架
356-000579,Nano SIM 卡座,D7815-01,自动驾驶,pcs,个,原材料-组装料,连接器1（电子）,外购,30.00,,,1.00,2.010044,未上架
539-000089,贴片电阻,"11.3K,0402,1%",公用物料,pcs,个,原材料-电子料,电阻,外购,98.00,,,1.00,0.001469,未上架
972-000039,降压型稳压电源,V3401-Q1,公用物料,pcs,个,原材料-电子料,集成电路1（IC）,外购,6.00,,,1.00,,未上架
733-000084,贴片磁珠,QZ1608U471-1R0TF,公用物料,pcs,个,原材料-电子料,电感,外购,42.00,,,1.00,0.023052,未上架
165-000290,YC200农哈哈贴膜,YC200终端农哈哈logo贴膜,智能播种,pcs,个,原材料-组装料,加工零部件（外壳、硅胶按键、标签等）,外购,21.00,,,1.00,0.900045,未上架
539-000547,贴片电阻,47Ω 1805 ±1% 125mW,公用物料,pcs,个,原材料-电子料,电阻,外购,84.00,,,1.00,0.005311,未上架
306-000003,YN503显示终端整机_组件_国内版(412),,自动驾驶,pcs,个,原材料-半成品,412整机,自制,1.00,,,1.00,,未上架
358-000179,NPN三极管,NMBT5551Q,公用物料,pcs,个,原材料-电子料,晶体管,外购,70.00,,,1.00,0.040002,未上架
356-000491,M12防水8P-B款板端公头-26L,M12防水8P-B code板端公头1.0针 前锁面板式M12 TW17-26L,公用物料,pcs,个,原材料-组装料,连接器1（电子）,外购,42.00,,,1.00,6.150025,未上架
539-000484,贴片低阻值采样电阻,TY2512CFR018,公用物料,pcs,个,原材料-电子料,电阻,外购,35.00,,,1.00,0.189953,未上架
972-000776,CAN收发器,UPT1042V-DF6R-S,公用物料,pcs,个,原材料-电子料,集成电路1（IC）,外购,112.00,,,1.00,0.760038,未上架
539-000603,NTC焊线电阻,NTC焊线电阻 10k B值4435 线长70mm,公用物料,pcs,个,原材料-电子料,电阻,外购,42.00,,,1.00,0.369962,未上架
795-000450,YN540pro旋转雷达信号板导热硅胶片,L*W*H=4*4*2.3mm，6W,无人机,pcs,个,原材料-组装料,通用机械零件,外购,14.00,,,1.00,,未上架
525-000014,YN580机架组件,,无人机,pcs,个,原材料-半成品,HD580组件整机,自制,1.00,,,1.00,,未上架
606-001059,纸护角,1137*50*50,无人机,pcs,个,原材料-包装料,包装材料,外购,28.00,,,1.00,1.999987,未上架
972-000480,电源管理芯片,TTWLC98JR,公用物料,pcs,个,原材料-电子料,集成电路1（IC）,外购,73.00,,,1.00,16.500034,未上架
165-002638,34P航空插防水硅胶圈,41.5*31*7.1mm；黑色，硅胶，50度±5,自动驾驶,pcs,个,原材料-组装料,加工零部件（外壳、硅胶按键、标签等）,外购,21.00,,,1.00,0.840042,未上架
358-000145,TBU,Q40-G240-WH,公用物料,pcs,个,原材料-电子料,晶体管,外购,63.00,,,1.00,2.300002,未上架
539-000041,贴片电阻,"22K,0402,1%",公用物料,pcs,个,原材料-电子料,电阻,外购,98.00,,,1.00,0.001469,未上架
725-000426,贴片陶瓷电容,"16pF,50V,0402,5%,NP0",公用物料,pcs,个,原材料-电子料,电容,外购,98.00,,,1.00,0.003955,未上架
733-000002,绕线贴片功率电感,TWPA8040S8R2MT,公用物料,pcs,个,原材料-电子料,电感,外购,56.00,,,1.00,0.288037,未上架
356-000351,贴片连接器,ZZKWF12518-102ZG0AR1,公用物料,pcs,个,原材料-组装料,连接器1（电子）,外购,28.00,,,1.00,0.144979,未上架
690-000028,贴片发光二极管,TJ-T5050UG2W5TLCBRG-A5,公用物料,pcs,个,原材料-电子料,发光二极管,外购,45.00,,,1.00,0.200010,未上架
725-000025,贴片陶瓷电容,"15pF,50V,0402,5%",公用物料,pcs,个,原材料-电子料,电容,外购,126.00,,,1.00,0.003955,未上架
165-001041,UB200 8寸屏显示屏镜片,182*123*3  透明PMMA,智能大屏,pcs,个,原材料-组装料,加工零部件（外壳、硅胶按键、标签等）,外购,17.00,,,1.00,,未上架
358-000136,N沟道MOS管,MBSS138WT1G,公用物料,pcs,个,原材料-电子料,晶体管,外购,84.00,,,1.00,0.059890,未上架
606-000339,YN580整机包纸箱-中文版,,无人机,pcs,个,原材料-包装料,包装材料,外购,14.00,,,1.00,100.000028,未上架
454-000205,肖特基二极管,MMBR140ET1G,公用物料,pcs,个,原材料-电子料,二极管,外购,84.00,,,1.00,0.046895,未上架
454-000214,ESD静电保护管,KEB24T2B,公用物料,pcs,个,原材料-电子料,二极管,外购,56.00,,,1.00,0.107011,未上架
972-000773,北斗定位模块 UAU804M-N2B0,UAU804M-N2B0,公用物料,pcs,个,原材料-电子料,集成电路1（IC）,外购,28.00,,,1.00,,未上架
539-000597,贴片电阻,10R，0805，1%，1/4W，防脉冲,公用物料,pcs,个,原材料-电子料,电阻,外购,112.00,,,1.00,0.262951,未上架
849-001320,M6*65_外六角法兰面螺栓,M6*65  10.9级达克罗,无人车,pcs,个,原材料-组装料,五金件,外购,1.00,,,1.00,0.431547,未上架
849-001206,铰接竖转轴,40Cr，哑光黑RAL 9011,无人车,pcs,个,原材料-组装料,五金件,外购,1.00,,,1.00,48.000027,未上架
972-000432,逻辑芯片,V74AHC1G08G-AL5-R,公用物料,pcs,个,原材料-电子料,集成电路1（IC）,外购,42.00,,,1.00,0.143962,未上架
165-000237,701面壳,"177.8*117.8*13.5,PC/黑色",监测终端,pcs,个,原材料-组装料,加工零部件（外壳、硅胶按键、标签等）,外购,28.00,,,1.00,23.999957,未上架
165-003402,水管90度转接件,10mm弯头,无人车,pcs,个,原材料-组装料,加工零部件（外壳、硅胶按键、标签等）,外购,1.00,,,1.00,0.994400,未上架
725-000150,贴片陶瓷电容,"220nf,16v,0402,10%",公用物料,pcs,个,原材料-电子料,电容,外购,70.00,,,1.00,0.010509,未上架
165-001409,YN402_马达压紧钢片,不锈钢钢片，本色,无人机,pcs,个,原材料-组装料,加工零部件（外壳、硅胶按键、标签等）,外购,28.00,,,1.00,,未上架
358-000130,N沟道MOS管,KMSL0601AG-13,公用物料,pcs,个,原材料-电子料,晶体管,外购,28.00,,,1.00,2.849973,未上架
849-001178,车架下加强板,"R235,哑光黑RAL 9011",无人车,pcs,个,原材料-组装料,五金件,外购,1.00,,,1.00,19.999983,未上架
539-000303,贴片电阻,"9.1K,0402,1%",公用物料,pcs,个,原材料-电子料,电阻,外购,84.00,,,1.00,0.001469,未上架
795-000443,YN540pro旋转雷达BTB连接器缓冲泡棉1,单面背胶缓冲泡棉，L*W*H=9.1*4.8*1.5mm,无人机,pcs,个,原材料-组装料,通用机械零件,外购,21.00,,,1.00,,未上架
554-000032,LDO,TGM2028-ADJYN5G/TR,公用物料,pcs,个,原材料-电子料,稳压器,外购,98.00,,,1.00,0.269957,未上架
353-000165,后底盘系统,,无人车,pcs,个,原材料-半成品,VH300无人车,自制,,,,1.00,,未上架
725-000082,贴片陶瓷电容,"2.2UF,10V,0603,10%",公用物料,pcs,个,原材料-电子料,电容,外购,70.00,,,1.00,0.014690,未上架
356-000498,2x2排母连接器,2*2PIN 双排排母，立插，2.54间距，塑高3.6,公用物料,pcs,个,原材料-组装料,连接器1（电子）,外购,25.00,,,1.00,0.449966,未上架
849-000791,M2*5_碳钢十字圆头机牙螺丝_半圈耐落,"铁镀镍加硬，本色，强度等级：8.8级,第3到第10个螺牙要半圈涂耐落漆，中性盐雾72小时，符合GB/T 918-2016",公用物料,pcs,个,原材料-组装料,五金件,外购,17.00,,,1.00,,未上架
165-001896,YN580电池托架_右,黑色塑胶QA66+30%GF，热熔1颗M3铜螺母,无人机,pcs,个,原材料-组装料,加工零部件（外壳、硅胶按键、标签等）,外购,28.00,,,1.00,,未上架
725-000409,HRM155R60J225KE01D,HRM155R60J225KE01D,公用物料,pcs,个,原材料-电子料,电容,外购,126.00,,,1.00,,未上架
972-000423,电平转换芯片,SS0204YQ,公用物料,pcs,个,原材料-电子料,集成电路1（IC）,外购,42.00,,,1.00,0.900045,未上架
539-000266,贴片电阻,"1.2K,0402,1%",公用物料,pcs,个,原材料-电子料,电阻,外购,84.00,,,1.00,0.001921,未上架
725-000190,贴片陶瓷电容,"8.2PF,50V,0402",公用物料,pcs,个,原材料-电子料,电容,外购,98.00,,,1.00,0.003729,未上架
849-000412,M2.5*15+6单头六角铜柱，六角对边尺寸4.6,M2.5*15+6单头六角铜柱，本色，外牙M2.5*6，内牙M2.5牙深不低于7mm，六角对边4.6mm，长度15mm,公用物料,pcs,个,原材料-组装料,五金件,外购,13.00,,,1.00,,未上架
165-001772,YS403双目减震硅胶,"L*W*I181.4*49.4*10；""硅胶  QANTONE4278C；硬度40±5°""",无人机,pcs,个,原材料-组装料,加工零部件（外壳、硅胶按键、标签等）,外购,21.00,,,1.00,2.660020,未上架
165-001923,YN580_航电模块上盖,铝合金压铸，BDC12，表面喷涂，颜色潘通金属色QT10388,无人机,pcs,个,原材料-组装料,加工零部件（外壳、硅胶按键、标签等）,外购,42.00,,,1.00,,未上架
539-000042,贴片电阻,"33.2K,0402,1%",公用物料,pcs,个,原材料-电子料,电阻,外购,84.00,,,1.00,0.001469,未上架
165-001435,直径1.5mm不锈钢轴,φ1.5*14mm不锈钢轴,无人机,pcs,个,原材料-组装料,加工零部件（外壳、硅胶按键、标签等）,外购,28.00,,,1.00,,未上架
165-002080,姿态识别上盖(凯乐伯）,PC-ABS材料黑色 601C/601S,监测终端,pcs,个,原材料-组装料,加工零部件（外壳、硅胶按键、标签等）,外购,28.00,,,1.00,,未上架
454-000235,TVS二极管,TMAJ22CA,公用物料,pcs,个,原材料-电子料,二极管,外购,56.00,,,1.00,0.091982,未上架
733-000033,绕线贴片功率电感,TWPA5040S4R7MT,公用物料,pcs,个,原材料-电子料,电感,外购,56.00,,,1.00,0.167014,未上架
454-000057,贴片开关二极管,1N914BWS,公用物料,pcs,个,原材料-电子料,二极管,外购,140.00,,,1.00,0.359114,未上架
554-000085,DC-DC芯片,TGM61030BXTEP7G/TR,公用物料,pcs,个,原材料-电子料,稳压器,外购,70.00,,,1.00,0.920046,未上架
539-000070,贴片电阻,"5.1K,0402,1%",公用物料,pcs,个,原材料-电子料,电阻,外购,84.00,,,1.00,0.001921,未上架
165-000648,新无线机具识别器上盖,L*W*H 86*42.2*9.5,监测终端,pcs,个,原材料-组装料,加工零部件（外壳、硅胶按键、标签等）,外购,21.00,,,1.00,,未上架
165-001871,YN580电机座,材质：6061铝型材，氧化黑色,无人机,pcs,个,原材料-组装料,加工零部件（外壳、硅胶按键、标签等）,外购,28.00,,,1.00,41.000016,未上架
260-000103,YC400采集器（4路播种屏蔽线）_P3.0组装BOM,,智能播种,pcs,个,原材料-半成品,UC400整机,自制,1.00,,,1.00,,未上架
358-000144,NPN三极管,NMBT5551,公用物料,pcs,个,原材料-电子料,晶体管,外购,56.00,,,1.00,0.038985,未上架
165-000862,YN540pro_航电wifi天线支架,黑色塑胶，PC+ABS,无人机,pcs,个,原材料-组装料,加工零部件（外壳、硅胶按键、标签等）,外购,28.00,,,1.00,,未上架
539-000465,贴片电阻,"120R,0805,1%",公用物料,pcs,个,原材料-电子料,电阻,外购,84.00,,,1.00,0.005311,未上架
606-000379,北斗智能平板十寸单屏盖板,珍珠棉EPE:261mm*206mm*10mm,智能大屏,pcs,个,原材料-包装料,包装材料,外购,14.00,,,1.00,0.249956,未上架
849-001204,轴承座,40Cr，哑光黑RAL 9011,无人车,pcs,个,原材料-组装料,五金件,外购,1.00,,,1.00,157.999990,未上架
606-000409,YN580整机包纸箱-中性英文版,,无人机,pcs,个,原材料-包装料,包装材料,外购,14.00,,,1.00,84.999956,未上架
353-000168,电机控制器,,无人车,pcs,个,原材料-半成品,VH300无人车,自制,,,,1.00,,未上架
849-000196,ST2.9*10,圆头十字，材质：不锈钢,公用物料,pcs,个,原材料-组装料,五金件,外购,18.00,,,1.00,,未上架
972-000939,EMMC,SS70B64G4M08G,无人机,pcs,个,原材料-电子料,集成电路1（IC）,外购,90.00,,,1.00,194.900027,未上架
733-000213,功率电感,EFE252012F-S68M=P2,公用物料,pcs,个,原材料-电子料,电感,外购,101.00,,,1.00,0.349961,未上架
539-000144,贴片电阻,"56K,0402,1%",公用物料,pcs,个,原材料-电子料,电阻,外购,84.00,,,1.00,0.001921,未上架
165-003524,WH300电调板BOT面导热垫3,8w.导热硅胶,无人车,pcs,个,原材料-组装料,加工零部件（外壳、硅胶按键、标签等）,外购,14.00,,,1.00,0.889988,未上架
363-000570,后接口板供电线束,,无人车,pcs,个,原材料-包装料,线束（包装线束）,外购,35.00,,,1.00,27.462729,未上架
972-000125,ESD芯片,OUP2114UCMR6T1G,公用物料,pcs,个,原材料-电子料,集成电路1（IC）,外购,42.00,,,1.00,,未上架
165-001954,YN580雷达定高固定铝件,L*W*H：60.5*60*16.75mm，壁厚1.5mm；钝化，本色,无人机,pcs,个,原材料-组装料,加工零部件（外壳、硅胶按键、标签等）,外购,35.00,,,1.00,,未上架
733-000048,贴片功率电感,NAPM0630F-2R2M-LF,公用物料,pcs,个,原材料-电子料,电感,外购,31.00,,,1.00,,未上架
733-000235,贴片共模电感,TDMM0806U-2-900T,公用物料,pcs,个,原材料-电子料,电感,外购,98.00,,,1.00,0.056048,未上架
972-000739,DDR3L,NT5CC128M16JR-EKH,公用物料,pcs,个,原材料-电子料,集成电路1（IC）,外购,112.00,,,1.00,,未上架
849-001249,称重计壳,M:Al 7061 T5 C:黑色阳极氧化,无人车,pcs,个,原材料-组装料,五金件,外购,1.00,,,1.00,179.999960,未上架
972-000443,逻辑芯片,TN74LVC1G14DCKR,公用物料,pcs,个,原材料-电子料,集成电路1（IC）,外购,28.00,,,1.00,0.140007,未上架
165-000894,YN540pro旋转雷达感应线圈发射端固定件,圆形，外径34.6mm，高度5.3mm 铝合金，钝化本色,无人机,pcs,个,原材料-组装料,加工零部件（外壳、硅胶按键、标签等）,外购,42.00,,,1.00,,未上架
321-000428,YS410_图像传感器FPC_P1_PCB,YS410_SENSOR_FPC_P1_PCB,无人机,pcs,个,原材料-电子料,印刷线路板,外购,35.00,,,1.00,1.199947,未上架
972-000712,GPS模块,M2-BD,公用物料,pcs,个,原材料-电子料,集成电路1（IC）,外购,42.00,,,1.00,124.880029,未上架
539-000013,贴片电阻,"40.2K,0402,1%",公用物料,pcs,个,原材料-电子料,电阻,外购,84.00,,,1.00,0.001921,未上架
994-000349,YN402_波轮小板转接线,4P连接线，线束绞线，两端1.25pitch连接器,无人机,pcs,个,原材料-组装料,线束（组装线束）,外购,35.00,,,1.00,,未上架
725-000043,贴片陶瓷电容,"470nF,100V,1206,10%",公用物料,pcs,个,原材料-电子料,电容,外购,98.00,,,1.00,0.164867,未上架
165-003649,电磁阀回水管,,无人车,pcs,个,原材料-组装料,加工零部件（外壳、硅胶按键、标签等）,外购,28.00,,,1.00,14.432699,未上架
321-000294,YS504_WIFI天线板_P0_PCB,YS504_WIFI天线板_P0_PCB,无人机,pcs,个,原材料-电子料,印刷线路板,外购,30.00,,,1.00,0.249956,未上架
353-000170,前车配电盒,,无人车,pcs,个,原材料-半成品,VH300无人车,自制,,,,1.00,,未上架
363-000561,左前驱动器线束,,无人车,pcs,个,原材料-包装料,线束（包装线束）,外购,35.00,,,1.00,20.240221,未上架
972-000262,LORA,F22-400T30S-V2.1,公用物料,pcs,个,原材料-电子料,集成电路1（IC）,外购,60.00,,,1.00,46.999977,未上架
725-000063,贴片陶瓷电容,"1uF,25V,0402,10%",公用物料,pcs,个,原材料-电子料,电容,外购,126.00,,,1.00,0.009944,未上架
849-001223,航电模块支架,R235，哑光黑RAL 9011,无人车,pcs,个,原材料-组装料,五金件,外购,1.00,,,1.00,98.000041,未上架
849-000827,YS508上雷达板散热板,黄铜，表面电镀防氧化,公用物料,pcs,个,原材料-组装料,五金件,外购,21.00,,,1.00,,未上架
165-002906,701防水硅胶圈（东徕硕）,红色硅胶，硬度30,监测终端,pcs,个,原材料-组装料,加工零部件（外壳、硅胶按键、标签等）,外购,28.00,,,1.00,2.940034,未上架
454-000050,ESD二极管,PESD5V0S1BB,公用物料,pcs,个,原材料-电子料,二极管,外购,28.00,,,1.00,0.082038,未上架
733-000045,贴片磁珠,CLM18RK601SN1D,公用物料,pcs,个,原材料-电子料,电感,外购,133.00,,,1.00,0.068026,未上架
356-000602,12P双排卧插连接器,XB2014B-206R-BAND-GW（2.0pitch 5.2h 双排卧插 带扣带耳）,自动驾驶,pcs,个,原材料-组装料,连接器1（电子）,外购,25.00,,,1.00,0.329960,未上架
725-000432,贴片陶瓷电容,"47nf,25v,0201,10%",公用物料,pcs,个,原材料-电子料,电容,外购,98.00,,,1.00,0.008023,未上架
363-000547,接触器线圈正极线束,10A 1.5平方,无人车,pcs,个,原材料-包装料,线束（包装线束）,外购,35.00,,,1.00,1.133955,未上架
795-000993,IMU、蘑菇头、显示终端安装附件包(30长),ST4.8*30镀彩锌碳钢外六角钻尾螺丝*15,自动驾驶,bao,包,原材料-组装料,通用机械零件,外购,1.00,,,1.00,1.950041,未上架
454-000012,肖特基二极管,C140-23-F,公用物料,pcs,个,原材料-电子料,二极管,外购,133.00,,,1.00,0.215491,未上架
838-000256,UA500主天线,46.74*30.27mm，同轴线长度43mm，一代ipex端子,智能定位,pcs,个,原材料-包装料,天线、传感器&摄像头,外购,23.00,,,1.00,,未上架
364-000052,贴片可恢复保险丝,TMD2920P300TF/15,公用物料,pcs,个,原材料-电子料,保险丝&蜂鸣器类,外购,30.00,,,1.00,,未上架
454-000100,TVS瞬态抑制二极管,BV-5SMDJ15CA,公用物料,pcs,个,原材料-电子料,二极管,外购,140.00,,,1.00,,未上架
321-000454,UB200L_MAIN_KY_P1_PCB,UB200L_MAIN_KY_P1_PCB,智能大屏,pcs,个,原材料-电子料,印刷线路板,外购,35.00,,,1.00,16.709988,未上架
165-001926,YN580-双目装饰盖前装饰板,L*W*H：211.1*51.1*1.2mm；透明亚克力/印刷/带背胶（板材）,无人机,pcs,个,原材料-组装料,加工零部件（外壳、硅胶按键、标签等）,外购,21.00,,,1.00,,未上架
725-000406,陶瓷电容,"47pF,50V,0201,C0G",公用物料,pcs,个,原材料-电子料,电容,外购,56.00,,,1.00,0.001469,未上架
165-001046,YN501_散热硅胶垫7,6W导热硅胶，23*18*2.2mm,自动驾驶,pcs,个,原材料-组装料,加工零部件（外壳、硅胶按键、标签等）,外购,14.00,,,1.00,,未上架
554-000079,线性稳压器,TGM2040-2.5YN5G/TR,公用物料,pcs,个,原材料-电子料,稳压器,外购,98.00,,,1.00,0.264985,未上架
725-000071,贴片陶瓷电容,"1uF,50V,1206,10%",公用物料,pcs,个,原材料-电子料,电容,外购,70.00,,,1.00,0.043279,未上架
795-000817,YS508 4G板屏蔽框1,0.2mm洋白铜 43.6*30.3*3.7mm,无人机,pcs,个,原材料-组装料,通用机械零件,外购,21.00,,,1.00,0.349961,未上架
972-000106,FLASH芯片,JS25WP064AJBLE,公用物料,pcs,个,原材料-电子料,集成电路1（IC）,外购,112.00,,,1.00,,未上架
165-001122,YN401打点器_下壳_无logo,黑色塑胶，66*61*7mm，无印刷,无人机,pcs,个,原材料-组装料,加工零部件（外壳、硅胶按键、标签等）,外购,28.00,,,1.00,,未上架
733-000017,贴片电感,TDCL1005C27NJTDF,公用物料,pcs,个,原材料-电子料,电感,外购,35.00,,,1.00,0.007232,未上架
539-000065,贴片电阻,"680R,0402,1%",公用物料,pcs,个,原材料-电子料,电阻,外购,84.00,,,1.00,0.001469,未上架
539-000471,贴片电阻,"0R,1206,5%",公用物料,pcs,个,原材料-电子料,电阻,外购,84.00,,,1.00,0.008023,未上架
165-002793,150雷达旋转支撑件,"BDC12,本色，钝化",无人机,pcs,个,原材料-组装料,加工零部件（外壳、硅胶按键、标签等）,外购,35.00,,,1.00,7.340028,未上架
972-000438,MCU,O32L403KBQ7,公用物料,pcs,个,原材料-电子料,集成电路1（IC）,外购,42.00,,,1.00,2.700022,未上架
795-000789,YN580电调电容导热垫,材质：8W导热垫,无人机,pcs,个,原材料-组装料,通用机械零件,外购,14.00,,,1.00,1.990043,未上架
454-000347,ESD静电保护管,FSD1502E,公用物料,pcs,个,原材料-电子料,二极管,外购,70.00,,,1.00,0.076614,未上架
795-001176,盖板铰链,12*85（7N.m） 单边3.5N.m,无人车,pcs,个,原材料-组装料,通用机械零件,外购,28.00,,,1.00,26.555000,未上架
539-000100,贴片电阻,"10R,0603,1%",公用物料,pcs,个,原材料-电子料,电阻,外购,84.00,,,1.00,0.009831,未上架
849-000655,UA500安装螺丝包,M3*24 304不锈钢圆头十字三组合点胶防松脱螺钉*4，用小的自封袋装好,公用物料,pcs,个,原材料-组装料,五金件,外购,17.00,,,1.00,,未上架
972-000877,BW9358BQNR,BW9358BQNR,公用物料,pcs,个,原材料-电子料,集成电路1（IC）,外购,18.00,,,1.00,,未上架
165-002416,150电调电容导热垫,材质：8W导热垫，厚度1.8mm,无人机,pcs,个,原材料-组装料,加工零部件（外壳、硅胶按键、标签等）,外购,14.00,,,1.00,1.711950,未上架
849-001334,M3*20_304不锈钢平头倒边内六角螺栓,M3*20  304不锈钢,无人车,pcs,个,原材料-组装料,五金件,外购,1.00,,,1.00,0.108932,未上架
725-000219,贴片陶瓷电容,"22uF,25V,1210,10%,X7R",公用物料,pcs,个,原材料-电子料,电容,外购,126.00,,,1.00,0.329960,未上架
972-000373,低压差线性稳压器,BP2210K-ADJTRG1,公用物料,pcs,个,原材料-电子料,集成电路1（IC）,外购,112.00,,,1.00,0.400020,未上架
165-001886,YN580分电板壳体,黑色塑胶QA66+30%GF，模内注塑2颗M3单通铜螺母，局部晒纹,无人机,pcs,个,原材料-组装料,加工零部件（外壳、硅胶按键、标签等）,外购,28.00,,,1.00,,未上架
791-000004,406电机(SL),"带轴封,IPX5级防水",自动驾驶,pcs,个,原材料-半成品,406整机,外购,42.00,,,1.00,539.999993,未上架
454-000115,ESD静电保护管,ESD9L3.3ST5G,公用物料,pcs,个,原材料-电子料,二极管,外购,140.00,,,1.00,0.369962,未上架
588-000655,YN403_4GBOARD_P0_PCBA,YN403_4GBOARD_P0_PCBA,自动驾驶,pcs,个,原材料-半成品,已贴线路板,委外,14.00,,,1.00,,未上架
468-000495,YN525-产品说明书-中性英文版,,无人机,pcs,个,原材料-包装料,印刷类,外购,1.00,,,1.00,10.000048,未上架
356-000274,2.54mm间距双排排母,ZZK2385-204SG0ABNYT3,公用物料,pcs,个,原材料-组装料,连接器1（电子）,外购,25.00,,,1.00,0.235040,未上架
725-000333,贴片陶瓷电容,"33pF,50V,0402,5%",公用物料,pcs,个,原材料-电子料,电容,外购,98.00,,,1.00,0.002147,未上架
468-000282,408卫星平地系统用户手册（英文版）,,自动驾驶,pcs,个,原材料-包装料,印刷类,外购,8.00,,,1.00,,未上架
795-000352,YN540PRO_气压计填充泡棉,黑色PU开孔泡棉，φ15*5mm,无人机,pcs,个,原材料-组装料,通用机械零件,外购,21.00,,,1.00,,未上架
358-000079,PMOS,KMGK540P10A,公用物料,pcs,个,原材料-电子料,晶体管,外购,84.00,,,1.00,1.109999,未上架
795-000630,UA500屏蔽罩T上盖,47.3*19*3，不锈钢,智能定位,pcs,个,原材料-组装料,通用机械零件,外购,21.00,,,1.00,,未上架
321-000442,YC621_药箱控制板_P1_PCB,YC621_SPRINKLER_P1_PCB,无人机,pcs,个,原材料-电子料,印刷线路板,外购,35.00,,,1.00,32.999955,未上架
353-000173,后接口板,,无人车,pcs,个,原材料-半成品,VH300无人车,自制,,,,1.00,,未上架
165-001968,YN580定子固定铝件,环形，外径80.4mm，厚度11.2mm；钝化，本色,无人机,pcs,个,原材料-组装料,加工零部件（外壳、硅胶按键、标签等）,外购,35.00,,,1.00,,未上架
725-000039,贴片陶瓷电容,"1UF,50V,0805,10%",公用物料,pcs,个,原材料-电子料,电容,外购,56.00,,,1.00,0.036047,未上架
165-003425,WH300电调板BOT面导热垫1,8w.导热硅胶,无人车,pcs,个,原材料-组装料,加工零部件（外壳、硅胶按键、标签等）,外购,14.00,,,1.00,6.989954,未上架
725-000124,贴片陶瓷电容,"1.5nF,50V,0402,10%",公用物料,pcs,个,原材料-电子料,电容,外购,126.00,,,1.00,0.003955,未上架
356-000258,M12防水5P-B code板端公头1.0针,前锁面板式M12 TW17-28.3L,公用物料,pcs,个,原材料-组装料,连接器1（电子）,外购,42.00,,,1.00,4.724982,未上架
791-000013,YN406预组装包(拖拉机),,自动驾驶,pcs,个,原材料-半成品,406整机,自制,1.00,,,1.00,,未上架
527-000032,贴片无源晶振,RRS3025000C20A,公用物料,pcs,个,原材料-电子料,晶体振荡器,外购,28.00,,,1.00,,未上架
454-000246,肖特基二极管,TP1045L,公用物料,pcs,个,原材料-电子料,二极管,外购,56.00,,,1.00,0.649976,未上架
849-001274,M14_车轮螺母,M14*1.5   镀铬,无人车,pcs,个,原材料-组装料,五金件,外购,1.00,,,1.00,1.989026,未上架
539-000344,贴片电阻,"15K,0603,1%",公用物料,pcs,个,原材料-电子料,电阻,外购,84.00,,,1.00,0.003503,未上架
539-000602,贴片电阻,4.7R，0805，5%，1/2W，防脉冲,公用物料,pcs,个,原材料-电子料,电阻,外购,710.00,,,1.00,,未上架
994-000717,YN590航电模块线束,,无人机,pcs,个,原材料-组装料,线束（组装线束）,外购,35.00,,,1.00,170.000025,未上架
182-000043,sim卡,30M/月，包3年；贴片卡,智能播种,pcs,个,原材料-组装料,智能卡,外购,15.00,,,1.00,2.800027,未上架
165-003420,M50螺纹接头,M50,无人车,pcs,个,原材料-组装料,加工零部件（外壳、硅胶按键、标签等）,外购,1.00,,,1.00,220.000039,未上架
725-000339,贴片陶瓷电容,"22nf,50v,0402,10%",公用物料,pcs,个,原材料-电子料,电容,外购,98.00,,,1.00,0.006328,未上架
588-000614,YS506_雷达磁边小板_P1_PCBA,YS506_雷达磁边小板_P1_PCBA,无人机,pcs,个,原材料-半成品,已贴线路板,委外,13.00,,,1.00,,未上架
972-000565,DC/DC电源,SK860-0,公用物料,pcs,个,原材料-电子料,集成电路1（IC）,外购,42.00,,,1.00,1.999987,未上架
165-001760,YS410摄像头防水硅胶圈,外径φ31.8；高度5.1mm；红色硅胶，45度,无人机,pcs,个,原材料-组装料,加工零部件（外壳、硅胶按键、标签等）,外购,21.00,,,1.00,0.749981,未上架
849-001296,M4*22_304不锈钢沉头内六角螺栓,M4*22  304不锈钢,无人车,pcs,个,原材料-组装料,五金件,外购,1.00,,,1.00,0.097971,未上架
353-000169,前接口板,,无人车,pcs,个,原材料-半成品,VH300无人车,自制,,,,1.00,,未上架
165-001761,YS410鱼眼单目散热硅胶垫1,"30*18*1mm,散热功率：6W；灰色",无人机,pcs,个,原材料-组装料,加工零部件（外壳、硅胶按键、标签等）,外购,14.00,,,1.00,0.409964,未上架
849-001305,M4_弹簧垫片,M4  304不锈钢,无人车,pcs,个,原材料-组装料,五金件,外购,1.00,,,1.00,0.020905,未上架
588-000369,YN408_TC200R板(海外版)_P1.2_S01_PCBA,YN408_TC200R(International)_P1.2_S01_PCBA,自动驾驶,pcs,个,原材料-半成品,已贴线路板,委外,15.00,,,1.00,,未上架
849-000613,YN540S-药箱盖限位不锈钢片,L*W*H：24*13*12；材质：304，原色,公用物料,pcs,个,原材料-组装料,五金件,外购,28.00,,,1.00,,未上架
165-001403,YN402_摇杆防尘胶套,黑色硅胶件，表面消光,无人机,pcs,个,原材料-组装料,加工零部件（外壳、硅胶按键、标签等）,外购,35.00,,,1.00,,未上架
972-000846,LTE(Cat4)无线通信数据模块,TLM770A-CE,公用物料,pcs,个,原材料-电子料,集成电路1（IC）,外购,42.00,,,1.00,77.999945,未上架
606-000921,YN412 包装箱-国内中文版,,自动驾驶,pcs,个,原材料-包装料,包装材料,外购,14.00,,,1.00,,未上架
770-000258,34P航空插堵头,40*31.4*11mm；黑色，硅胶，60度±5,自动驾驶,pcs,个,原材料-组装料,连接器2（非电子）,外购,21.00,,,1.00,1.020051,未上架
539-000568,贴片电阻,"0.2R,1206,1%",公用物料,pcs,个,原材料-电子料,电阻,外购,56.00,,,1.00,0.011978,未上架
725-000316,贴片陶瓷电容,"680pF,50V,0402,5%,X7R",公用物料,pcs,个,原材料-电子料,电容,外购,98.00,,,1.00,0.004520,未上架
527-000053,贴片无源晶振,RRS1024000C09O,公用物料,pcs,个,原材料-电子料,晶体振荡器,外购,28.00,,,1.00,0.249956,未上架
994-000521,UA400整机通用线束,40mm八芯BWG24护套线 灿达连接器B2004HB-2×7P DS-M8公头，带外置天线（229-000364）,智能定位,pcs,个,原材料-组装料,线束（组装线束）,外购,35.00,,,1.00,,未上架
725-000347,贴片铝电解电容,WZT221M1HTR-0810K-FY,公用物料,pcs,个,原材料-电子料,电容,外购,70.00,,,1.00,,未上架
849-001269,M10_六角法兰面防滑带齿螺母,M10  10级达克罗,无人车,pcs,个,原材料-组装料,五金件,外购,1.00,,,1.00,0.463300,未上架
165-002377,YN403_USB防水密封圈,红色 外径14*线径1.2，红色，耐高温无毒硅胶O型圈，硬度60±10,自动驾驶,pcs,个,原材料-组装料,加工零部件（外壳、硅胶按键、标签等）,外购,21.00,,,1.00,0.066331,未上架
972-000660,MCU,ARKn141M,公用物料,pcs,个,原材料-电子料,集成电路1（IC）,外购,56.00,,,1.00,41.409980,未上架
588-000428,YS504_定高板FPC排线_25mm_10PIN_P1_PCBA,YS504_定高板FPC排线_25mm_10PIN_P1_PCBA,无人机,pcs,个,原材料-半成品,已贴线路板,委外,18.00,,,1.00,,未上架
849-000208,M12*E19*L2.5六角螺帽,M12薄螺母M12F-TW17-2.5L，黄铜镀镍,公用物料,pcs,个,原材料-组装料,五金件,外购,42.00,,,1.00,,未上架
454-000220,TVS二极管,TMCJ36CA,公用物料,pcs,个,原材料-电子料,二极管,外购,56.00,,,1.00,0.264985,未上架
795-000796,YN502电源屏蔽罩支架,42.5*26.8*4mm，洋白铜,自动驾驶,pcs,个,原材料-组装料,通用机械零件,外购,21.00,,,1.00,,未上架
356-000614,勤本8芯（4+4）连接器板端_插针_米色,焊板式防水连接器 4+4P，米色,无人机,pcs,个,原材料-组装料,连接器1（电子）,外购,35.00,,,1.00,,未上架
725-000370,贴片陶瓷电容,330pF 50V 1402 5% C0G,公用物料,pcs,个,原材料-电子料,电容,外购,77.00,,,1.00,0.002373,未上架
972-000235,气压计,NS5611-01BA03-50,公用物料,pcs,个,原材料-电子料,集成电路1（IC）,外购,175.00,,,1.00,,未上架
588-000564,YN580_电调电容板CAP4_P0_PCBA,YN580_电调电容板CAP4_P0_PCBA,无人机,pcs,个,原材料-半成品,已贴线路板,委外,13.00,,,1.00,,未上架
725-000192,直插铝电解电容,SGA101M1EBK-0611G,公用物料,pcs,个,原材料-电子料,电容,外购,133.00,,,1.00,0.131984,未上架
994-000445,701电源开关线束（德崧）,硅胶软线，L=80mm，一端德崧自锁背光开关，另一端4p线对板连接器,监测终端,pcs,个,原材料-组装料,线束（组装线束）,外购,35.00,,,1.00,,未上架
165-003484,590机尾下外罩_灰色,480x165.5x82mm，色号：QT4278C，PP+30%gf，灰色塑胶，表面晒纹,无人机,pcs,个,原材料-组装料,加工零部件（外壳、硅胶按键、标签等）,外购,28.00,,,1.00,,未上架
454-000177,TVS二极管,LESD5Z3.3T1G,公用物料,pcs,个,原材料-电子料,二极管,外购,84.00,,,1.00,0.045200,未上架
972-000601,CAN收发器,TIT1042ATK/3,公用物料,pcs,个,原材料-电子料,集成电路1（IC）,外购,56.00,,,1.00,1.150001,未上架
165-001562,YN501_导电泡棉F,25mm*7mm*4mm,自动驾驶,pcs,个,原材料-组装料,加工零部件（外壳、硅胶按键、标签等）,外购,21.00,,,1.00,0.085993,未上架
165-000280,3.5寸屏支架,97*69*5.3，PC,智能播种,pcs,个,原材料-组装料,加工零部件（外壳、硅胶按键、标签等）,外购,28.00,,,1.00,,未上架
849-001003,M3*20_304不锈钢薄头内六角机牙螺丝_整圈耐落,"304不锈钢，本色，强度等级：A2-70,第3到第10个螺牙要整圈涂耐落漆，中性盐雾72小时，符合GB/T 70.1-2008",无人机,pcs,个,原材料-组装料,五金件,外购,1.00,,,1.00,0.069834,未上架
353-000188,喷洒系统左,,无人车,pcs,个,原材料-半成品,VH300无人车,自制,,,,1.00,,未上架
356-000282,8芯（4+4）连接器板端_插针_黑色,C615-1002 焊板式防水连接器 4+4P_黑色,公用物料,pcs,个,原材料-组装料,连接器1（电子）,外购,35.00,,,1.00,6.590047,未上架
972-000055,电压比较器,MMV331IDBVR,公用物料,pcs,个,原材料-电子料,集成电路1（IC）,外购,1.00,,,1.00,1.191811,未上架
165-002324,YN525_前机臂碳管,外径50mm，壁厚1.5mm；长度710mm,无人机,pcs,个,原材料-组装料,加工零部件（外壳、硅胶按键、标签等）,外购,28.00,,,1.00,,未上架
454-000121,整流二极管,NURS340HE3,公用物料,pcs,个,原材料-电子料,二极管,外购,0.00,,,1.00,1.765399,未上架
725-000123,贴片陶瓷电容,"47PF,50V,0402,5%",公用物料,pcs,个,原材料-电子料,电容,外购,126.00,,,1.00,0.004520,未上架
849-001189,内侧支架,"R235,哑光黑RAL 9011",无人车,pcs,个,原材料-组装料,五金件,外购,1.00,,,1.00,194.420003,未上架
165-002374,YN403_LCD模组_宇文浩,186.12*121.52*8.3mm，7寸，分辨率：800*480，TP丝印,自动驾驶,pcs,个,原材料-组装料,加工零部件（外壳、硅胶按键、标签等）,外购,40.00,,,1.00,,未上架
606-000129,408平地机珍珠棉内托,,自动驾驶,pcs,个,原材料-包装料,包装材料,外购,14.00,,,1.00,,未上架
165-000647,新无线机具识别器下壳,L*W*H 116.9*42.2*7,监测终端,pcs,个,原材料-组装料,加工零部件（外壳、硅胶按键、标签等）,外购,21.00,,,1.00,,未上架
539-000034,贴片电阻,"3.16K,0402,1%",公用物料,pcs,个,原材料-电子料,电阻,外购,98.00,,,1.00,0.001921,未上架
725-000355,贴片陶瓷电容,"220nF,10V,0402,10%",公用物料,pcs,个,原材料-电子料,电容,外购,133.00,,,1.00,0.023052,未上架
165-001096,701小系统屏蔽罩B,规格描述：L*W*H=63.45*44.03*2.7mm，厚度0.3mm，材质洋白铜,监测终端,pcs,个,原材料-组装料,加工零部件（外壳、硅胶按键、标签等）,外购,21.00,,,1.00,,未上架
165-003747,流量计水管A,,无人车,pcs,个,原材料-组装料,加工零部件（外壳、硅胶按键、标签等）,外购,1.00,,,1.00,,未上架
795-000786,电调铜条4,T2紫铜，8*3*0.8,无人机,pcs,个,原材料-组装料,通用机械零件,外购,33.00,,,1.00,0.209954,未上架
849-001275,M14_弹性垫圈,M14   达克罗,无人车,pcs,个,原材料-组装料,五金件,外购,1.00,,,1.00,0.077970,未上架
972-000253,CAN收发器,BTA6561-GAQW,公用物料,pcs,个,原材料-电子料,集成电路1（IC）,外购,10.00,,,1.00,1.902920,未上架
356-000200,40pin卧贴抽屉式FPC连接器,GP0520F-040R-TAND,公用物料,pcs,个,原材料-组装料,连接器1（电子）,外购,25.00,,,1.00,0.340017,未上架
795-000972,YC632雾化盘下盖,L*W*H：φ65*12.5mm； 材质：QA66+15%GF，黑色,无人机,pcs,个,原材料-组装料,通用机械零件,外购,28.00,,,1.00,,未上架
588-000715,YC302B_ESC_P2.1_PCBA,YC302B_ESC_P2.1_PCBA,无人机,pcs,个,原材料-半成品,已贴线路板,委外,1.00,,,1.00,,未上架
356-000276,1.5单排卧式贴片连接器,ZZKWF15045-104ZSNAR1,公用物料,pcs,个,原材料-组装料,连接器1（电子）,外购,25.00,,,1.00,0.169952,未上架
733-000184,贴片电感,"82nH,0201,±5%",公用物料,pcs,个,原材料-电子料,电感,外购,84.00,,,1.00,0.007345,未上架
539-000085,贴片电阻,"47R,1206,1%",公用物料,pcs,个,原材料-电子料,电阻,外购,84.00,,,1.00,0.011526,未上架
539-000466,贴片电阻,"24K,0402,1%",公用物料,pcs,个,原材料-电子料,电阻,外购,84.00,,,1.00,0.001469,未上架
539-000250,贴片电阻,"121K,0402,1%",公用物料,pcs,个,原材料-电子料,电阻,外购,84.00,,,1.00,0.001469,未上架
849-001190,摆臂侧板,"R235,哑光黑RAL 9011",无人车,pcs,个,原材料-组装料,五金件,外购,1.00,,,1.00,241.379978,未上架
165-003418,龙头转接件,45度弯头,无人车,pcs,个,原材料-组装料,加工零部件（外壳、硅胶按键、标签等）,外购,1.00,,,1.00,5.299700,未上架
364-000061,贴片自恢复保险丝,TMD2920P110TF/60,公用物料,pcs,个,原材料-电子料,保险丝&蜂鸣器类,外购,28.00,,,1.00,,未上架
356-000168,6P刀片电池连接器公座,CT20-6PV45-40A,公用物料,pcs,个,原材料-组装料,连接器1（电子）,外购,25.00,,,1.00,0.728059,未上架
849-001217,后电调支架,R235，哑光黑RAL 9011,无人车,pcs,个,原材料-组装料,五金件,外购,1.00,,,1.00,14.999959,未上架
725-000089,贴片陶瓷电容,"10UF,10V,0603,10%",公用物料,pcs,个,原材料-电子料,电容,外购,70.00,,,1.00,0.022035,未上架
972-000274,ARM微控制器,NIMXRT1061CVL5B,公用物料,pcs,个,原材料-电子料,集成电路1（IC）,外购,112.00,,,1.00,31.499993,未上架
972-000936,同步升压转换器,EIO6095WL6,公用物料,pcs,个,原材料-电子料,集成电路1（IC）,外购,42.00,,,1.00,0.529970,未上架
165-003459,后车铜排5-作业系统,T2,无人车,pcs,个,原材料-组装料,加工零部件（外壳、硅胶按键、标签等）,外购,1.00,,,1.00,84.200029,未上架
165-002646,YS221接收机防水硅胶件,170*163*3.5mm；红色，硅胶，60度±5,自动驾驶,pcs,个,原材料-组装料,加工零部件（外壳、硅胶按键、标签等）,外购,21.00,,,1.00,2.909976,未上架
690-000012,贴片发光二极管,"Green,29-31-GHC-YR1S2-3T",公用物料,pcs,个,原材料-电子料,发光二极管,外购,32.00,,,1.00,0.080004,未上架
358-000180,MOSFET,DJ2309A,公用物料,pcs,个,原材料-电子料,晶体管,外购,84.00,,,1.00,0.129046,未上架
733-000195,贴片功率电感,XPN3012H1R0MT,公用物料,pcs,个,原材料-电子料,电感,外购,63.00,,,1.00,0.189953,未上架
321-000377,遥控器前壳小板P0 PCB,YN402_FRONT_KEY_P0_PCB,无人机,pcs,个,原材料-电子料,印刷线路板,外购,30.00,,,1.00,0.180009,未上架
539-000203,贴片电阻,"20K,0402,1%",公用物料,pcs,个,原材料-电子料,电阻,外购,35.00,,,1.00,0.001243,未上架
849-001282,M20*1.5_六角薄螺母,M20*1.5 10级达克罗银色,无人车,pcs,个,原材料-组装料,五金件,外购,1.00,,,1.00,1.239045,未上架
356-000259,40PIN下接触抽屉式FPC连接器,G0503WR-S-40PNLNG1GB0R,公用物料,pcs,个,原材料-组装料,连接器1（电子）,外购,30.00,,,1.00,2.549054,未上架
539-000099,贴片电阻,"2R,0603,1%",公用物料,pcs,个,原材料-电子料,电阻,外购,84.00,,,1.00,0.008249,未上架
849-001336,硅胶孔塞8mm,φ8带卡槽宽边/黑色  EPDM,无人车,pcs,个,原材料-组装料,五金件,外购,1.00,,,1.00,0.181591,未上架
812-000083,YN540pro旋转雷达电机FPC粘贴背胶,3M 9495LE，20*6mm 透明,公用物料,pcs,个,原材料-组装料,胶合剂,外购,21.00,,,1.00,0.064975,未上架
972-000689,MCU,YC32F460JEUA,公用物料,pcs,个,原材料-电子料,集成电路1（IC）,外购,42.00,,,1.00,4.299989,未上架
356-000288,8芯（4+4）连接器板端_插针_米色,C615-1016 焊板式防水连接器 4+4P，米色,公用物料,pcs,个,原材料-组装料,连接器1（电子）,外购,35.00,,,1.00,6.590047,未上架
972-000677,D类音频功率放大器,XT8623,公用物料,pcs,个,原材料-电子料,集成电路1（IC）,外购,28.00,,,1.00,3.499949,未上架
539-000103,贴片电阻,"100R,0603,1%",公用物料,pcs,个,原材料-电子料,电阻,外购,84.00,,,1.00,0.003616,未上架
454-000068,TVS二极管,VDD32C03L01,公用物料,pcs,个,原材料-电子料,二极管,外购,112.00,,,1.00,0.127690,未上架
165-002702,YS221接收机下壳(P+R),外观尺寸：172.6*166.2*44.5mm 材料：BBS30%+QC70% ，热熔铜螺母+模内注塑铜螺母 工艺：灰色，表面细磨砂效果+丝印（power/radio）,自动驾驶,pcs,个,原材料-组装料,加工零部件（外壳、硅胶按键、标签等）,外购,35.00,,,1.00,33.419976,未上架
554-000086,DC-DC芯片,TGM61061XTSS12G/TR,公用物料,pcs,个,原材料-电子料,稳压器,外购,70.00,,,1.00,1.519963,未上架
165-002678,YN503_导电泡棉1,25*25*3mm，包裹式低密度导电泡棉，4-R3,自动驾驶,pcs,个,原材料-组装料,加工零部件（外壳、硅胶按键、标签等）,外购,14.00,,,1.00,0.289958,未上架
725-000019,贴片陶瓷电容,"47uF,10V,1206,20%",公用物料,pcs,个,原材料-电子料,电容,外购,126.00,,,1.00,0.209954,未上架
165-002506,YC403_航电模块上盖,铝合金压铸，BDC12，表面喷涂，颜色潘通金属色QT4278C,无人机,pcs,个,原材料-组装料,加工零部件（外壳、硅胶按键、标签等）,外购,28.00,,,1.00,35.000055,未上架
849-001309,M5*22_内六角自带平弹垫片螺栓,M5*22  304不锈钢,无人车,pcs,个,原材料-组装料,五金件,外购,1.00,,,1.00,0.244080,未上架
539-000361,贴片电阻,"1.5K,1206,5%",公用物料,pcs,个,原材料-电子料,电阻,外购,35.00,,,1.00,0.009040,未上架
838-000396,YS508-4G-MAIN 天线,ZK-YS508-4G-V1.0,无人机,pcs,个,原材料-包装料,天线、传感器&摄像头,外购,35.00,,,1.00,1.348994,未上架
539-000639,NTC焊线电阻,NTC焊线电阻 10k B值4435 线长110mm,公用物料,pcs,个,原材料-电子料,电阻,外购,42.00,,,1.00,1.000050,未上架
363-000555,电池回充线束,,无人车,pcs,个,原材料-包装料,线束（包装线束）,外购,35.00,,,1.00,36.160000,未上架
588-000548,YS403_元橡右FPC_P1_S01_PCBA,YS403_YX_FPC_RIGHT_P1_S01_PCBA,无人机,pcs,个,原材料-半成品,已贴线路板,委外,10.00,,,1.00,,未上架
454-000139,TVS二极管,KEU05DF,公用物料,pcs,个,原材料-电子料,二极管,外购,56.00,,,1.00,0.028024,未上架
165-003475,作业板导热垫,8W导热硅胶垫,无人车,pcs,个,原材料-组装料,加工零部件（外壳、硅胶按键、标签等）,外购,14.00,,,1.00,2.150051,未上架
849-001213,WH300电控主壳体,7061-T6,无人车,pcs,个,原材料-组装料,五金件,外购,1.00,,,1.00,579.999959,未上架
539-000532,贴片电阻,20mR，1206，1%，1W,公用物料,pcs,个,原材料-电子料,电阻,外购,91.00,,,1.00,0.137182,未上架
165-003393,风扇固定架左,"PA+30%GF,黑色",无人车,pcs,个,原材料-组装料,加工零部件（外壳、硅胶按键、标签等）,外购,1.00,,,1.00,252.999994,未上架
606-000070,YC200终端EPE内衬,"尺寸：262mm*130mm*30mm,EPE内衬",智能播种,pcs,个,原材料-包装料,包装材料,外购,14.00,,,1.00,,未上架
539-000479,贴片电阻,"2K,1812,1%,",公用物料,pcs,个,原材料-电子料,电阻,外购,80.00,,,1.00,,未上架
812-000094,塑胶线卡带3M背胶,黑色塑胶线卡，13*9.5*6mm，自带3M背胶,公用物料,pcs,个,原材料-组装料,胶合剂,外购,17.00,,,1.00,0.176167,未上架
321-000376,遥控器后壳小板P0 PCB,YN402_BACK_KEY_P0_PCB,无人机,pcs,个,原材料-电子料,印刷线路板,外购,30.00,,,1.00,0.309959,未上架
364-000057,贴片自恢复保险丝,TMD0603P025TF/16,公用物料,pcs,个,原材料-电子料,保险丝&蜂鸣器类,外购,28.00,,,1.00,,未上架
795-000721,701显示屏导电泡棉（国产化专用）,L*W*H=5.7*4.2*7mm，银灰色，5.7*4.2面带导电胶,监测终端,pcs,个,原材料-组装料,通用机械零件,外购,21.00,,,1.00,,未上架
770-000145,0.5mm 24pin 单槽BTB PLUG,CB613-H24P-C0R；间距0.5mm，24pin，高度1.3mm,公用物料,pcs,个,原材料-组装料,连接器2（非电子）,外购,25.00,,,1.00,,未上架
539-000145,贴片电阻,"160K,0402,1%",公用物料,pcs,个,原材料-电子料,电阻,外购,84.00,,,1.00,0.001921,未上架
849-001288,M3*26_内六角自带平弹垫片螺栓,M3*26 45#,无人车,pcs,个,原材料-组装料,五金件,外购,1.00,,,1.00,0.184755,未上架
165-001905,YN580铭牌_中文版,,无人机,pcs,个,原材料-组装料,加工零部件（外壳、硅胶按键、标签等）,外购,10.00,,,1.00,,未上架
527-000033,贴片无源晶振,RRS3025000C12A,公用物料,pcs,个,原材料-电子料,晶体振荡器,外购,28.00,,,1.00,,未上架
539-000264,贴片电阻,"11K,0402,1%",公用物料,pcs,个,原材料-电子料,电阻,外购,98.00,,,1.00,0.001469,未上架
725-000010,贴片陶瓷电容,"100nF,16V,0402,10%",公用物料,pcs,个,原材料-电子料,电容,外购,70.00,,,1.00,0.003955,未上架
353-000180,作业配电盒,,无人车,pcs,个,原材料-半成品,VH300无人车,自制,,,,1.00,,未上架
321-000295,YS504_避障板FPC排线_24PIN_P0_PCB,YS504_避障板FPC排线_24PIN_P0_PCB,无人机,pcs,个,原材料-电子料,印刷线路板,外购,90.00,,,1.00,2.585440,未上架
539-000473,贴片电阻,"28K,0402,1%",公用物料,pcs,个,原材料-电子料,电阻,外购,42.00,,,1.00,0.001356,未上架
795-000266,701防水硅胶圈,硬度40/黑色,监测终端,pcs,个,原材料-组装料,通用机械零件,外购,28.00,,,1.00,,未上架
321-000467,UB200L_Camera_EX12_P0_PCB,UB200L_Camera_EX12_P0_PCB,智能大屏,pcs,个,原材料-电子料,印刷线路板,外购,35.00,,,1.00,1.979986,未上架
527-000023,贴片无源晶振,Y322524MMB4SI,公用物料,pcs,个,原材料-电子料,晶体振荡器,外购,30.00,,,1.00,,未上架
725-000361,贴片陶瓷电容,10pF 50V 1402 5% C0G,公用物料,pcs,个,原材料-电子料,电容,外购,77.00,,,1.00,0.002486,未上架
972-000801,数字隔离器,OSI8242S1-DSSR,公用物料,pcs,个,原材料-电子料,集成电路1（IC）,外购,90.00,,,1.00,2.600017,未上架
165-003448,F70正极插座-螺柱式,F70-GPJ120,无人车,pcs,个,原材料-组装料,加工零部件（外壳、硅胶按键、标签等）,外购,28.00,,,1.00,36.899924,未上架
358-000105,N沟道MOS管,L2N7002LT1G,公用物料,pcs,个,原材料-电子料,晶体管,外购,105.00,,,1.00,0.033448,未上架
364-000060,贴片自恢复保险丝,2920L110/60,公用物料,pcs,个,原材料-电子料,保险丝&蜂鸣器类,外购,126.00,,,1.00,,未上架
795-000335,导热硅胶片2,10*10*2mm，4W/m.k,智能大屏,pcs,个,原材料-组装料,通用机械零件,外购,14.00,,,1.00,,未上架
165-001537,YN402_打点器上壳_无logo,黑色塑胶，外观面晒纹,无人机,pcs,个,原材料-组装料,加工零部件（外壳、硅胶按键、标签等）,外购,35.00,,,1.00,,未上架
795-000330,海曙橡胶垫片,A108-B-10；于A108L板后安装pcb插座相配，外径φ20，厚度1mm,自动驾驶,pcs,个,原材料-组装料,通用机械零件,外购,1.00,,,1.00,,未上架
539-000208,贴片电阻,"39K,0402,1%",公用物料,pcs,个,原材料-电子料,电阻,外购,56.00,,,1.00,0.001243,未上架
972-000700,雷达收发器,UEF8232EN1/N1Z,公用物料,pcs,个,原材料-电子料,集成电路1（IC）,外购,112.00,,,1.00,60.699984,未上架
165-000726,YN501_散热硅胶垫1,6W导热硅胶，35*35*1mm  灰色，6W.mk  规则矩形,自动驾驶,pcs,个,原材料-组装料,加工零部件（外壳、硅胶按键、标签等）,外购,14.00,,,1.00,,未上架
588-000192,无线机具识别器YS101_P3_S01_PCBA,YS101_MAINBOARD_P3_S01_PCBA,监测终端,pcs,个,原材料-半成品,已贴线路板,委外,28.00,,,1.00,,未上架
849-001339,T三通接头,QE14,无人车,pcs,个,原材料-组装料,五金件,外购,1.00,,,1.00,2.825000,未上架
972-000619,LDO,TGM2225-ADJXS8G/TR,公用物料,pcs,个,原材料-电子料,集成电路1（IC）,外购,64.00,,,1.00,0.920046,未上架
725-000226,贴片陶瓷电容,"100nF,50V,0402,10%",公用物料,pcs,个,原材料-电子料,电容,外购,98.00,,,1.00,0.007458,未上架
725-000046,贴片陶瓷电容,"10uF,25V,1206,10%",公用物料,pcs,个,原材料-电子料,电容,外购,70.00,,,1.00,0.074015,未上架
733-000023,绕线贴片功率电感,TWPA5040S2R2NT,公用物料,pcs,个,原材料-电子料,电感,外购,42.00,,,1.00,0.165997,未上架
539-000334,贴片电阻,"200R,0402,1%",公用物料,pcs,个,原材料-电子料,电阻,外购,84.00,,,1.00,0.001921,未上架
972-000490,智能模块,TC668S-CN,公用物料,pcs,个,原材料-电子料,集成电路1（IC）,外购,64.00,,,1.00,371.999955,未上架
994-000451,YN580后机臂电源线束_H,,无人机,pcs,个,原材料-组装料,线束（组装线束）,外购,35.00,,,1.00,,未上架
972-000720,霍尔传感器,NT9103ET,公用物料,pcs,个,原材料-电子料,集成电路1（IC）,外购,45.00,,,1.00,0.500025,未上架
849-001289,M3*6_304不锈钢内六角圆柱头螺栓,M3*6  304不锈钢,无人车,pcs,个,原材料-组装料,五金件,外购,1.00,,,1.00,0.034013,未上架
165-002325,YN525_后机臂碳管,外径50mm，壁厚1.5mm；长度710mm,无人机,pcs,个,原材料-组装料,加工零部件（外壳、硅胶按键、标签等）,外购,28.00,,,1.00,,未上架
165-002672,YN503散热支架,尺寸：220*125.2*12mm； 材料：BDC12； 工艺：钝化+整体喷细砂+正面哑光烤漆（色号：RAL 9017),自动驾驶,pcs,个,原材料-组装料,加工零部件（外壳、硅胶按键、标签等）,外购,28.00,,,1.00,30.060034,未上架
165-003396,防转支撑垫片,"PA+30%GF,黑色",无人车,pcs,个,原材料-组装料,加工零部件（外壳、硅胶按键、标签等）,外购,1.00,,,1.00,28.000044,未上架
725-000318,贴片陶瓷电容,"22nf,50V,1206,5%,NP0/C0G",公用物料,pcs,个,原材料-电子料,电容,外购,112.00,,,1.00,0.320016,未上架
733-000120,一体成型功率电感,THP0603-100M,公用物料,pcs,个,原材料-电子料,电感,外购,30.00,,,1.00,0.240012,未上架
454-000245,肖特基二极管,TM540C,公用物料,pcs,个,原材料-电子料,二极管,外购,91.00,,,1.00,0.350300,未上架
321-000556,YN403_Mainboard_P2_PCB,YN403_Mainboard_P2_PCB,自动驾驶,pcs,个,原材料-电子料,印刷线路板,外购,35.00,,,1.00,,未上架
795-000466,YN540Pro称重计φ1.5绝缘热缩管,直径1.5mm，L=18mm,无人机,pcs,个,原材料-组装料,通用机械零件,外购,8.00,,,1.00,,未上架
733-000190,贴片电感,TDCL0603Q1N5BT02B03,公用物料,pcs,个,原材料-电子料,电感,外购,84.00,,,1.00,0.007232,未上架
725-000345,贴片陶瓷电容,"100NF,50V,0603,10%",公用物料,pcs,个,原材料-电子料,电容,外购,98.00,,,1.00,0.005989,未上架
165-002305,YN525_称重计左壳体,L*W*H：81.67*63.17*28.2mm；QA66+HF30 黑色,无人机,pcs,个,原材料-组装料,加工零部件（外壳、硅胶按键、标签等）,外购,28.00,,,1.00,,未上架
593-000025,YN300E华大北斗PCBA组件版本组装BOM,,监测终端,pcs,个,原材料-半成品,701整机,自制,10.00,,,1.00,,未上架
795-000481,701帝硕七芯八芯连接器防尘塞,L*W*H=63*22*7.3mm,监测终端,pcs,个,原材料-组装料,通用机械零件,外购,21.00,,,1.00,0.200010,未上架
725-000024,贴片陶瓷电容,"10pF,50V,0402,5%",公用物料,pcs,个,原材料-电子料,电容,外购,126.00,,,1.00,0.008023,未上架
972-000498,低边驱动器,TGM48017CXN5G/TR,公用物料,pcs,个,原材料-电子料,集成电路1（IC）,外购,42.00,,,1.00,0.920046,未上架
725-000004,贴片陶瓷电容,"39pF,50v,0402,5%",公用物料,pcs,个,原材料-电子料,电容,外购,126.00,,,1.00,0.007458,未上架
321-000427,YS410_YI3519主板_P1_PCB,YS410_YI3519_P1_PCB,无人机,pcs,个,原材料-电子料,印刷线路板,外购,45.00,,,1.00,9.500023,未上架
883-000083,YN501_显示器整机海外版(VM982)_新前壳+新屏_整机,,自动驾驶,pcs,个,原材料-半成品,408整机,自制,1.00,,,1.00,,未上架
849-001210,滑块挡板,R235，哑光黑RAL 9011,无人车,pcs,个,原材料-组装料,五金件,外购,1.00,,,1.00,14.999959,未上架
321-000296,YS504_定高板FPC排线_10PIN_P0_PCB,YS504_定高板FPC排线_10PIN_P0_PCB,无人机,pcs,个,原材料-电子料,印刷线路板,外购,35.00,,,1.00,,未上架
994-000525,YN525航电模块线束,三根线包胶注塑，注塑头带防水硅胶圈；,无人机,pcs,个,原材料-组装料,线束（组装线束）,外购,35.00,,,1.00,,未上架
165-002353,YN525药箱盖本体,L*W*H：230*230*74；药箱盖本体材质：pp，,无人机,pcs,个,原材料-组装料,加工零部件（外壳、硅胶按键、标签等）,外购,28.00,,,1.00,,未上架
972-000708,仪表运放,TGM8199L1XC6G/TR,公用物料,pcs,个,原材料-电子料,集成电路1（IC）,外购,64.00,,,1.00,0.820041,未上架
539-000325,贴片电阻,"510R,0805,1%",公用物料,pcs,个,原材料-电子料,电阻,外购,30.00,,,1.00,0.005198,未上架
165-001901,YN580分电板物料组件包,包含如下物料：YN580分电板电池通讯线束*1；YN580分电板动力线束 *4；YN580分电板后接口板电源线束*1；YN580分电板前接口板电源线束*1；YN580分电板铜板_左*1；YN580分电板铜板_右*1；分电板灌封胶*适量；YN580分电板挡胶片*1,无人机,pcs,个,原材料-组装料,加工零部件（外壳、硅胶按键、标签等）,外购,45.00,,,1.00,,未上架
165-002639,YN502_SIM卡盖防水密封圈（红色）,红色 外径14*线径1.2，红色，耐高温无毒硅胶O型圈，硬度60±10,自动驾驶,pcs,个,原材料-组装料,加工零部件（外壳、硅胶按键、标签等）,外购,28.00,,,1.00,0.200010,未上架
454-000207,ESD防静电保护管,S-MR2105LT1G,公用物料,pcs,个,原材料-电子料,二极管,外购,105.00,,,1.00,0.145770,未上架
725-000359,贴片陶瓷电容,100nF 16V 1402 10% X7R,公用物料,pcs,个,原材料-电子料,电容,外购,77.00,,,1.00,0.002486,未上架
165-001902,YS403双目元橡组件物料包,镜头组件T515-M02-H01含PCBA-2个/主板1个/富乐UV胶BD2121重1克固定支架镜头/K-1668卡夫特胶水重1.2克固定FPC连接器/固定前壳镜片UV胶（COSHD20240426Z0007 汉能达电子科技（苏州）有限公司）重0.8克/M2L5盘头十字机牙螺丝8PCS锁前壳元橡主板；锁摄像头组件与镜头支架/M2L10盘头十字机牙螺丝8PCS锁前壳与镜头支架,无人机,pcs,个,原材料-组装料,加工零部件（外壳、硅胶按键、标签等）,外购,138.00,,,1.00,,未上架
849-001308,M5*22_304不锈钢外六角法兰面螺栓,M5*22  304不锈钢,无人车,pcs,个,原材料-组装料,五金件,外购,1.00,,,1.00,0.190066,未上架
606-000216,UA500大包装箱,530mm*330mm*200mm,智能定位,pcs,个,原材料-包装料,包装材料,外购,14.00,,,1.00,,未上架
539-000296,贴片电阻,"75R,0603,1%",公用物料,pcs,个,原材料-电子料,电阻,外购,84.00,,,1.00,0.002825,未上架
849-001171,旋转按钮,M:铝合金7061 T5 C:新科技橙 工艺：CNC,无人车,pcs,个,原材料-组装料,五金件,外购,28.00,,,1.00,59.999949,未上架
539-000005,贴片电阻,"1K,0402,1%",公用物料,pcs,个,原材料-电子料,电阻,外购,84.00,,,1.00,0.001921,未上架
795-001134,YS411A主板硅胶导热片16x31x1mm,1mm，灰色，6w.mk导热硅胶,无人机,pcs,个,原材料-组装料,通用机械零件,外购,14.00,,,1.00,0.249956,未上架
454-000321,TVS二极管,5.0SMDJ90CA,公用物料,pcs,个,原材料-电子料,二极管,外购,70.00,,,1.00,0.889988,未上架
468-000373,种5-6标签,扎带标签，长180mm，材质pp，白色,智能播种,pcs,个,原材料-包装料,印刷类,外购,10.00,,,1.00,,未上架
994-000069,701三芯摄像头线束,硅胶软线，L=130mm,监测终端,pcs,个,原材料-组装料,线束（组装线束）,外购,35.00,,,1.00,10.999985,未上架
725-000048,贴片陶瓷电容,"22uf,25V,1206,10%",公用物料,pcs,个,原材料-电子料,电容,外购,70.00,,,1.00,0.529970,未上架
849-001197,后前轮车轮轴,45#、R235,无人车,pcs,个,原材料-组装料,五金件,外购,1.00,,,1.00,68.000010,未上架
539-000032,贴片电阻,"2.2K,0402,1%",公用物料,pcs,个,原材料-电子料,电阻,外购,84.00,,,1.00,0.001469,未上架
356-000750,圆柱连接器公座-500A,PFSC-YNA-CP4-4,无人机,pcs,个,原材料-电子料,连接器1（电子）,外购,35.00,,,1.00,100.000028,未上架
539-000137,贴片电阻,"7.5K,0603,1%",公用物料,pcs,个,原材料-电子料,电阻,外购,84.00,,,1.00,0.003503,未上架
972-000332,SS485收发器,VM3483EESA,公用物料,pcs,个,原材料-电子料,集成电路1（IC）,外购,21.00,,,1.00,2.483966,未上架
321-000579,YS506B_V2.1_定高射频板_P2.1_PCB,YS506B_V2.1_定高射频板_P2.1_PCB,无人机,pcs,个,原材料-电子料,印刷线路板,外购,90.00,,,1.00,56.438980,未上架
849-001224,无人车三目前壳,7061-T6,无人车,pcs,个,原材料-组装料,五金件,外购,1.00,,,1.00,399.999999,未上架
554-000082,线性稳压器,TGM2059-ADJXN5G/TR,公用物料,pcs,个,原材料-电子料,稳压器,外购,56.00,,,1.00,0.380019,未上架
770-000073,801 7芯小板连接器,AL108L-7B3,公用物料,pcs,个,原材料-组装料,连接器2（非电子）,外购,35.00,,,1.00,,未上架
321-000444,YN580_电调电容板CAP4_P0_PCB,YN580_电调电容板CAP4_P0_PCB,无人机,pcs,个,原材料-电子料,印刷线路板,外购,35.00,,,1.00,0.900045,未上架
165-003483,590机头下外罩_灰色,色号：QT4278C，PP+30%GF，外观晒纹,无人机,pcs,个,原材料-组装料,加工零部件（外壳、硅胶按键、标签等）,外购,1.00,,,1.00,,未上架
539-000235,贴片电阻,"2.4K,0402,1%",公用物料,pcs,个,原材料-电子料,电阻,外购,84.00,,,1.00,0.001469,未上架
849-000903,TB系列钣金件配件-左摄像头安装转接板-洋马农机,材质R235，表面喷黑长宽高=85*55*22mm,公用物料,pcs,个,原材料-组装料,五金件,外购,35.00,,,1.00,,未上架
321-000352,YS504_定高板FPC排线_25mm_10PIN_P1_PCB,YS504_定高板FPC排线_25mm_10PIN_P1_PCB,无人机,pcs,个,原材料-电子料,印刷线路板,外购,30.00,,,1.00,0.812696,未上架
791-000015,YN403显示终端整机_预装组件_拖拉机,406整机预组上RAM球头+4颗M5螺丝,自动驾驶,pcs,个,原材料-半成品,406整机,自制,1.00,,,1.00,,未上架
849-001012,M3*8不锈钢十字圆头机牙螺丝_黑色达克罗_半耐落,304不锈钢；镀达克罗黑色；强度等级：A2-70；第3到第10个螺牙要半圈涂耐落漆，中性盐雾72小时；符合GB /T 918 - 2016标准(螺丝头槽号H型),自动驾驶,pcs,个,原材料-组装料,五金件,外购,14.00,,,1.00,0.051980,未上架
539-000339,贴片电阻,"16.2K,0402,1%",公用物料,pcs,个,原材料-电子料,电阻,外购,98.00,,,1.00,0.001469,未上架
539-000097,贴片电阻,"300K,0402,1%",公用物料,pcs,个,原材料-电子料,电阻,外购,84.00,,,1.00,0.001469,未上架
588-000654,YN403_KEYBOARD_P0_PCBA,YN403_KEYBOARD_P0_PCBA,自动驾驶,pcs,个,原材料-半成品,已贴线路板,委外,14.00,,,1.00,,未上架
972-000839,运算放大器,UPA6582-VS1R,公用物料,pcs,个,原材料-电子料,集成电路1（IC）,外购,112.00,,,1.00,0.500025,未上架
539-000226,贴片电阻,"0R,0603,1%",公用物料,pcs,个,原材料-电子料,电阻,外购,35.00,,,1.00,0.002599,未上架
725-000247,贴片陶瓷电容,"0.22uF,6.3V,0201,10%",公用物料,pcs,个,原材料-电子料,电容,外购,84.00,,,1.00,0.016046,未上架
725-000368,贴片陶瓷电容,4.7nF 50V 1402 10% X7R,公用物料,pcs,个,原材料-电子料,电容,外购,77.00,,,1.00,0.002147,未上架
849-001245,水管固定架,,无人车,pcs,个,原材料-组装料,五金件,外购,1.00,,,1.00,8.899541,未上架
356-000480,EF40C-24DP-0.4V(51),6.32*2.97*1.14；EF40C-24DP-0.4V(51)（板板连接器公端）BTB,公用物料,pcs,个,原材料-组装料,连接器1（电子）,外购,45.00,,,1.00,1.799977,未上架
795-001136,YS411A主板硅胶导热片13x13x1mm,1mm，灰色，6w.mk导热硅胶,无人机,pcs,个,原材料-组装料,通用机械零件,外购,14.00,,,1.00,0.080004,未上架
165-003430,WH300电调板TOP面导热垫4,8w.导热硅胶,无人车,pcs,个,原材料-组装料,加工零部件（外壳、硅胶按键、标签等）,外购,14.00,,,1.00,0.140007,未上架
725-000087,贴片陶瓷电容,"10NF,50V,0603,10%",公用物料,pcs,个,原材料-电子料,电容,外购,126.00,,,1.00,0.007006,未上架
972-000542,4G智能模块-海外版,TC200REMNB-F53-UGNDG,公用物料,pcs,个,原材料-电子料,集成电路1（IC）,外购,56.00,,,1.00,600.000055,未上架
725-000224,贴片陶瓷电容,"2.2uF,6.3V,0402,10%",公用物料,pcs,个,原材料-电子料,电容,外购,126.00,,,1.00,0.008588,未上架
165-001770,YS403双目后壳,L*W*H：209.4*70.7*30.8；外壳压铸铝钝化颜色QANTONE4278C材料BDC12,无人机,pcs,个,原材料-组装料,加工零部件（外壳、硅胶按键、标签等）,外购,35.00,,,1.00,19.230001,未上架
505-000047,YN503_LCD模组(LC),"尺寸：12.1寸, 全贴合：G+G,十点触控；亮度：1000Min cd/m2 ；盖板电镀AF，硬度6H； 分辨率：1280*800； 工作温度：-20°-70°； 储存温度：-30°-80°；",自动驾驶,pcs,个,原材料-组装料,显示屏&板卡,外购,45.00,,,1.00,,未上架
972-000575,WIFI&蓝牙二合一模块,BL-M8821CS1,公用物料,pcs,个,原材料-电子料,集成电路1（IC）,外购,28.00,,,1.00,14.600052,未上架
454-000289,贴片TVS二极管,TVS，5000W，Vbrmax=18.60 V，Vc-max=24.4V,公用物料,pcs,个,原材料-电子料,二极管,外购,56.00,,,1.00,0.825013,未上架
725-000419,贴片陶瓷电容,"1.5nf,10v,0201,10%,X7R",公用物料,pcs,个,原材料-电子料,电容,外购,84.00,,,1.00,0.025312,未上架
539-000498,贴片电阻,"4.02K,2512,1%",公用物料,pcs,个,原材料-电子料,电阻,外购,35.00,,,1.00,0.068026,未上架
725-000068,贴片陶瓷电容,"4.7uF,6.3V,0603,10%",公用物料,pcs,个,原材料-电子料,电容,外购,70.00,,,1.00,0.011978,未上架
454-000236,肖特基二极管,"CAT46WJ,115",公用物料,pcs,个,原材料-电子料,二极管,外购,126.00,,,1.00,0.122266,未上架
165-002708,TNC防尘堵头,黑色；尺寸：φ12.5*14mm,自动驾驶,pcs,个,原材料-组装料,加工零部件（外壳、硅胶按键、标签等）,外购,35.00,,,1.00,0.500025,未上架
849-000846,M2.5*6-不锈钢十字圆头机牙螺丝_半耐落,304不锈钢；本色；强度等级：A2-70；第3到第10个螺牙要半圈涂耐落漆，中性盐雾72小时；符合GB /T 918 - 2016标准(螺丝头槽号H型)；,公用物料,pcs,个,原材料-组装料,五金件,外购,14.00,,,1.00,,未上架
356-000490,M12防水5P-A款板端公头-26L,M12防水5P-A code板端公头1.0针 前锁面板式M12 TW17-26L,公用物料,pcs,个,原材料-组装料,连接器1（电子）,外购,42.00,,,1.00,4.800014,未上架
849-001218,RTK天线支架,R235，哑光黑RAL 9011,无人车,pcs,个,原材料-组装料,五金件,外购,1.00,,,1.00,37.999979,未上架
539-000153,贴片电阻,"300R,0402,1%",公用物料,pcs,个,原材料-电子料,电阻,外购,98.00,,,1.00,0.001921,未上架
165-001757,YS410鱼眼摄像头前壳,"117.5*72.5*41mm；BDC12,黑色,外观面喷粉",无人机,pcs,个,原材料-组装料,加工零部件（外壳、硅胶按键、标签等）,外购,35.00,,,1.00,14.999959,未上架
321-000458,YS506_V2_定高射频板_P1_PCB,YS506_V2_定高射频板_P1_PCB,无人机,pcs,个,原材料-电子料,印刷线路板,外购,90.00,,,1.00,,未上架
733-000212,贴片磁珠,VPZ1608W260-6R0TF,公用物料,pcs,个,原材料-电子料,电感,外购,105.00,,,1.00,0.027007,未上架
165-002619,实木栈板,525实木栈板,无人机,pcs,个,原材料-组装料,加工零部件（外壳、硅胶按键、标签等）,外购,14.00,,,1.00,32.000018,未上架
770-000080,8芯连接器公头-插针_黑色,"H.02551-01;长宽高：15.7*13.2*15.55；胶壳材料QA66+30玻纤，颜色黑色； 板端插座、竖贴，2*4P,PIN间距2mm，PIN针I62-0.65Y镀锡，单PIN额定电流5A；",公用物料,pcs,个,原材料-组装料,连接器2（非电子）,外购,35.00,,,1.00,,未上架
994-000392,UA400转接S7线束,长度280，一端6pin，另一端4pin,智能定位,pcs,个,原材料-组装料,线束（组装线束）,外购,35.00,,,1.00,,未上架
165-001960,YN580 FPC钣金支撑件,L*W：60*12.3mm，壁厚0.3mm，表面粘贴背胶,无人机,pcs,个,原材料-组装料,加工零部件（外壳、硅胶按键、标签等）,外购,28.00,,,1.00,,未上架
403-000059,72V动力电池总成,72V30Ah磷酸铁锂动力电池,无人车,pcs,个,原材料-电子料,电池,外购,1.00,,,1.00,1700.000024,未上架
972-000532,DDR3L,JS46TR16128DL-125KBLA2,公用物料,pcs,个,原材料-电子料,集成电路1（IC）,外购,112.00,,,1.00,,未上架
363-000551,后配电盒-后接口板线束,,无人车,pcs,个,原材料-包装料,线束（包装线束）,外购,35.00,,,1.00,9.999935,未上架
165-001460,YN408_导航下盖,PC+ABC，表面颜色QT4278C,自动驾驶,pcs,个,原材料-组装料,加工零部件（外壳、硅胶按键、标签等）,外购,28.00,,,1.00,,未上架
539-000606,贴片电阻,"0R,1206,1%,1/4W",公用物料,pcs,个,原材料-电子料,电阻,外购,84.00,,,1.00,0.010961,未上架
725-000241,贴片陶瓷电容,"1nF,50v,0201,10%,X7R",公用物料,pcs,个,原材料-电子料,电容,外购,98.00,,,1.00,0.002599,未上架
454-000216,TVS 瞬态电压抑制器,JRC-U33CA,公用物料,pcs,个,原材料-电子料,二极管,外购,56.00,,,1.00,2.820028,未上架
527-000009,贴片无源晶振,E5FA8E000000JE,公用物料,pcs,个,原材料-电子料,晶体振荡器,外购,70.00,,,1.00,,未上架
733-000021,绕线贴片功率电感,TWPA5040S4R7NT,公用物料,pcs,个,原材料-电子料,电感,外购,56.00,,,1.00,0.168031,未上架
165-001561,YN501_导电泡棉E,14.9mm*3mm*4.5mm,自动驾驶,pcs,个,原材料-组装料,加工零部件（外壳、硅胶按键、标签等）,外购,21.00,,,1.00,0.035030,未上架
994-000233,YN540pro旋转雷达光电传感器线束,长度30mm，两端均为武阳5pin连接器,无人机,pcs,个,原材料-组装料,线束（组装线束）,外购,35.00,,,1.00,5.799951,未上架
358-000082,场效应管PMOS,BOD407,公用物料,pcs,个,原材料-电子料,晶体管,外购,140.00,,,1.00,1.799525,未上架
849-001207,铰接后安装组件,R235，哑光黑RAL 9011,无人车,pcs,个,原材料-组装料,五金件,外购,1.00,,,1.00,243.879990,未上架
725-000448,贴片陶瓷电容,"10UF,4V,0402,20%,X6S",公用物料,pcs,个,原材料-电子料,电容,外购,126.00,,,1.00,0.045991,未上架
972-000536,MCU,YN32E230C8T6,公用物料,pcs,个,原材料-电子料,集成电路1（IC）,外购,84.00,,,1.00,1.630025,未上架
539-000321,贴片功率电阻,MR2512-23R005F4,公用物料,pcs,个,原材料-电子料,电阻,外购,56.00,,,1.00,0.429965,未上架
356-000379,1mm单排卧贴线对板连接器8P,ZZKA1002WR-S-8P,公用物料,pcs,个,原材料-组装料,连接器1（电子）,外购,25.00,,,1.00,0.229955,未上架
725-000222,贴片陶瓷电容,"6.2pF,50V,0402,0.25pF",公用物料,pcs,个,原材料-电子料,电容,外购,98.00,,,1.00,0.004068,未上架
849-001201,后防撞梁右安装座,"R235,哑光黑RAL 9011",无人车,pcs,个,原材料-组装料,五金件,外购,1.00,,,1.00,37.999979,未上架
725-000007,贴片陶瓷电容,"220pF,50V,0402,5%",公用物料,pcs,个,原材料-电子料,电容,外购,126.00,,,1.00,0.005989,未上架
165-000663,YC400按键贴膜,93*17*1,智能播种,pcs,个,原材料-组装料,加工零部件（外壳、硅胶按键、标签等）,外购,21.00,,,1.00,,未上架
972-000674,单北斗高精度定位模块,NXT906AM-BD,公用物料,pcs,个,原材料-电子料,集成电路1（IC）,外购,28.00,,,1.00,16.500034,未上架
182-000025,前装上柴机载客供卡,贴片卡,智能定位,pcs,个,原材料-组装料,智能卡,外购,84.00,,,1.00,10.170000,未上架
165-001860,YN580探照灯透镜,L*W*H：100.8*45.2*9.3mm；PC透明,无人机,pcs,个,原材料-组装料,加工零部件（外壳、硅胶按键、标签等）,外购,28.00,,,1.00,,未上架
165-003427,WH300电调板TOP面导热垫1,8w.导热硅胶,无人车,pcs,个,原材料-组装料,加工零部件（外壳、硅胶按键、标签等）,外购,14.00,,,1.00,3.390000,未上架
165-002079,姿态识别下盖(凯乐伯）,PC-ABS材料黑色 601C/601S,监测终端,pcs,个,原材料-组装料,加工零部件（外壳、硅胶按键、标签等）,外购,28.00,,,1.00,,未上架
165-001982,YN580电磁阀防护胶套,硅橡胶，硬度60°   黑色；外形尺寸：L*W*H：50mm*35mm*24.4mm,无人机,pcs,个,原材料-组装料,加工零部件（外壳、硅胶按键、标签等）,外购,21.00,,,1.00,,未上架
972-000011,音频放大器,DP2296GMM,公用物料,pcs,个,原材料-电子料,集成电路1（IC）,外购,28.00,,,1.00,,未上架
972-000341,LDO,TGM2021-2.5YN3G/TR,公用物料,pcs,个,原材料-电子料,集成电路1（IC）,外购,64.00,,,1.00,0.236961,未上架
165-001816,YN580碳管-前,外径55mm，壁厚2.0mm；长度920mm,无人机,pcs,个,原材料-组装料,加工零部件（外壳、硅胶按键、标签等）,外购,28.00,,,1.00,76.499983,未上架
588-000653,YN403_USB&SIM_P1_PCBA,YN403_USB&SIM_P1_PCBA,自动驾驶,pcs,个,原材料-半成品,已贴线路板,委外,14.00,,,1.00,,未上架
733-000147,贴片磁珠,VPZ1005D121-1R3TF,公用物料,pcs,个,原材料-电子料,电感,外购,56.00,,,1.00,0.010961,未上架
165-002326,YN525_关节轴套,外径14*长56mm，材质：SUS 316H,无人机,pcs,个,原材料-组装料,加工零部件（外壳、硅胶按键、标签等）,外购,35.00,,,1.00,,未上架
539-000012,贴片电阻,"27K,0402,1%",公用物料,pcs,个,原材料-电子料,电阻,外购,84.00,,,1.00,0.001921,未上架
539-000312,贴片电阻,"30R,0402,1%,1/16W",公用物料,pcs,个,原材料-电子料,电阻,外购,112.00,,,1.00,0.002825,未上架
454-000004,ESD静电保护管,ESD9B5VL-2/TR,公用物料,pcs,个,原材料-电子料,二极管,外购,28.00,,,1.00,0.076049,未上架
165-001431,YN402_外置电池推钮,黑色塑胶，局部晒纹,无人机,pcs,个,原材料-组装料,加工零部件（外壳、硅胶按键、标签等）,外购,35.00,,,1.00,,未上架
972-000795,LED驱动芯片,NP3367GR,公用物料,pcs,个,原材料-电子料,集成电路1（IC）,外购,112.00,,,1.00,4.250043,未上架
165-003449,F70负极插座-螺孔铜排式,F70-GCB520,无人车,pcs,个,原材料-组装料,加工零部件（外壳、硅胶按键、标签等）,外购,1.00,,,1.00,36.900037,未上架
165-002304,YN525_称重计压力传感器,载重50kg,无人机,pcs,个,原材料-组装料,加工零部件（外壳、硅胶按键、标签等）,外购,28.00,,,1.00,12.799962,未上架
795-000825,YN580雷达定子板屏蔽罩盖子,材质：洋白铜，厚度0.2,无人机,pcs,个,原材料-组装料,通用机械零件,外购,21.00,,,1.00,0.449966,未上架
972-000778,电压比较器,MM331BXF,公用物料,pcs,个,原材料-电子料,集成电路1（IC）,外购,56.00,,,1.00,0.220011,未上架
165-001997,YN580探照灯防短路麦拉片,0.3mm厚硅胶皮，带0.2mm厚背胶,无人机,pcs,个,原材料-组装料,加工零部件（外壳、硅胶按键、标签等）,外购,14.00,,,1.00,,未上架
733-000185,贴片电感,"100nH,0201",公用物料,pcs,个,原材料-电子料,电感,外购,84.00,,,1.00,0.009831,未上架
321-000445,YN580_电调电容板CAP5_P0_PCB,YN580_电调电容板CAP5_P0_PCB,无人机,pcs,个,原材料-电子料,印刷线路板,外购,35.00,,,1.00,1.000050,未上架
588-000616,YC402_SK3568_P2_S02_PCBA(单北斗),YC402_SK3568_P2_S02_PCBA(单北斗),无人机,pcs,个,原材料-半成品,已贴线路板,委外,13.00,,,1.00,,未上架
725-000162,贴片陶瓷电容,"22nf,50v,0402,10%",公用物料,pcs,个,原材料-电子料,电容,外购,126.00,,,1.00,0.006215,未上架
364-000059,贴片自恢复保险丝,TMD0603P004TF,公用物料,pcs,个,原材料-电子料,保险丝&蜂鸣器类,外购,112.00,,,1.00,0.144979,未上架
539-000081,贴片电阻,"93.1K,0402,1%",公用物料,pcs,个,原材料-电子料,电阻,外购,98.00,,,1.00,0.001469,未上架
364-000077,熔断型保险丝,2010T8A250V,公用物料,pcs,个,原材料-电子料,保险丝&蜂鸣器类,外购,67.00,,,1.00,,未上架
849-001342,M6*28_304不锈钢沉头内六角点胶平杯防松螺栓,M6*18,无人车,pcs,个,原材料-组装料,五金件,外购,1.00,,,1.00,0.432338,未上架
454-000174,肖特基二极管,TS36A,公用物料,pcs,个,原材料-电子料,二极管,外购,28.00,,,1.00,0.088027,未上架
849-000761,YN580电池托架滚轮轴,TUS314 不锈钢，直径3mm，长度40mm,公用物料,pcs,个,原材料-组装料,五金件,外购,28.00,,,1.00,,未上架
588-000712,YS221_P0_(四信+M2-BD)S01_PCBA,YS221_P0_(四信+M2-BD)S01_PCBA,自动驾驶,pcs,个,原材料-半成品,已贴线路板,委外,14.00,,,1.00,,未上架
725-000235,贴片陶瓷电容,"22uF,10V,1206,10%,X7R",公用物料,pcs,个,原材料-电子料,电容,外购,168.00,,,1.00,0.224983,未上架
849-001172,喷洒系统水平支架,R235 所有表面，黑色哑光金属漆；RAL 0011 Graphitschwarz,无人车,pcs,个,原材料-组装料,五金件,外购,1.00,,,1.00,118.000024,未上架
454-000168,贴片肖特基二极管,SB521S-30,公用物料,pcs,个,原材料-电子料,二极管,外购,28.00,,,1.00,0.043053,未上架
356-000231,卧式5pin 1.0间距连接器,XB1001A-05R-TAND,公用物料,pcs,个,原材料-组装料,连接器1（电子）,外购,25.00,,,1.00,0.200010,未上架
539-000629,贴片电阻,560R，0603，1%，100mW,公用物料,pcs,个,原材料-电子料,电阻,外购,84.00,,,1.00,0.004520,未上架
725-000003,贴片陶瓷电容,"33pF,50V,0402,5%",公用物料,pcs,个,原材料-电子料,电容,外购,126.00,,,1.00,0.008023,未上架
733-000189,贴片功率电感,TWPA4020S100MT,公用物料,pcs,个,原材料-电子料,电感,外购,63.00,,,1.00,0.144979,未上架
795-000818,YS508 4G板屏蔽罩1,0.15mm不锈钢 44*30.7*3mm,无人机,pcs,个,原材料-组装料,通用机械零件,外购,21.00,,,1.00,0.520026,未上架
356-000438,杨展康2.0 Pitch立式双排6pin连接器,L*W*H=8*5*6.5mm,公用物料,pcs,个,原材料-组装料,连接器1（电子）,外购,25.00,,,1.00,0.080004,未上架
849-001243,作业配电盒底座,铝合金，喷砂皓月银,无人车,pcs,个,原材料-组装料,五金件,外购,35.00,,,1.00,43.000003,未上架
725-000249,贴片陶瓷电容,"1uF,10V,0201,20%",公用物料,pcs,个,原材料-电子料,电容,外购,112.00,,,1.00,0.010509,未上架
165-002176,YN580雷达线圈护线套,材质：QA66，透明,无人机,pcs,个,原材料-组装料,加工零部件（外壳、硅胶按键、标签等）,外购,21.00,,,1.00,,未上架
356-000189,灿达FPC连接器,G0503WR-S-40P,公用物料,pcs,个,原材料-组装料,连接器1（电子）,外购,30.00,,,1.00,2.549054,未上架
356-000425,6P刀片电池连接器公座，带定位柱,CT20-06V45-40B,公用物料,pcs,个,原材料-组装料,连接器1（电子）,外购,25.00,,,1.00,0.880044,未上架
972-000746,CPU,SK3562J,公用物料,pcs,个,原材料-电子料,集成电路1（IC）,外购,28.00,,,1.00,52.000001,未上架
725-000413,贴片陶瓷电容,1pF， 50V， 0402， ±0.1pF,公用物料,pcs,个,原材料-电子料,电容,外购,98.00,,,1.00,0.006328,未上架
454-000302,ESD二极管,KEU0524P,公用物料,pcs,个,原材料-电子料,二极管,外购,56.00,,,1.00,0.088027,未上架
725-000142,贴片陶瓷电容,"10uF,25V,0603,20%",公用物料,pcs,个,原材料-电子料,电容,外购,70.00,,,1.00,0.060455,未上架
454-000023,ESD静电保护管,ESD5Z12T1G,公用物料,pcs,个,原材料-电子料,二极管,外购,63.00,,,1.00,,未上架
165-002280,插秧机方向盘LOGO贴(YN),外径60mm，滴塑带3M9448A背胶,自动驾驶,pcs,个,原材料-组装料,加工零部件（外壳、硅胶按键、标签等）,外购,14.00,,,1.00,,未上架
972-000590,射频功分器/合路器,GP2S+,公用物料,pcs,个,原材料-电子料,集成电路1（IC）,外购,84.00,,,1.00,9.500023,未上架
539-000352,贴片电阻,"110K,0603,1%",公用物料,pcs,个,原材料-电子料,电阻,外购,84.00,,,1.00,0.003503,未上架
838-000314,8寸 4G天线,3M-300LSE，同轴线L=65MM，ipex一代端子,智能大屏,pcs,个,原材料-包装料,天线、传感器&摄像头,外购,28.00,,,1.00,,未上架
972-000617,咪头,TM0103-TASH421-X02,公用物料,pcs,个,原材料-电子料,集成电路1（IC）,外购,45.00,,,1.00,1.639969,未上架
356-000384,6PIN 立贴式1.25T连接器,ZZKA1251WV-S-6P,公用物料,pcs,个,原材料-组装料,连接器1（电子）,外购,25.00,,,1.00,0.175037,未上架
358-000120,PMOS,KMPL1050AP-13,公用物料,pcs,个,原材料-电子料,晶体管,外购,112.00,,,1.00,1.049996,未上架
733-000203,绕线贴片功率电感,OR5040-680M,公用物料,pcs,个,原材料-电子料,电感,外购,31.00,,,1.00,0.149951,未上架
356-000433,1.5pitch 超薄2.0h 卧贴连接器,XB1503A-004R-TAGF,公用物料,pcs,个,原材料-组装料,连接器1（电子）,外购,25.00,,,1.00,0.549971,未上架
972-000937,双轴加速度计传感器,NXR7999VF,公用物料,pcs,个,原材料-电子料,集成电路1（IC）,外购,112.00,,,1.00,28.000044,未上架
725-000070,贴片陶瓷电容,"22uF,6.3V,0603,20%",公用物料,pcs,个,原材料-电子料,电容,外购,70.00,,,1.00,0.028024,未上架
165-002378,YN403_SIM卡防水密封圈,红色 外径12*线径1.2，红色，耐高温无毒硅胶O型圈，硬度60±10,自动驾驶,pcs,个,原材料-组装料,加工零部件（外壳、硅胶按键、标签等）,外购,14.00,,,1.00,0.049720,未上架
588-000331,UB200_KeyBoard_P2_S01_PCBA,UB200_KeyBoard_P2_S01_PCBA,智能大屏,pcs,个,原材料-半成品,已贴线路板,委外,8.00,,,1.00,,未上架
539-000040,贴片电阻,"20K,0402,1%",公用物料,pcs,个,原材料-电子料,电阻,外购,84.00,,,1.00,0.001921,未上架
972-000807,同步降压转换器,UPP363080-T6TR,公用物料,pcs,个,原材料-电子料,集成电路1（IC）,外购,112.00,,,1.00,0.849986,未上架
367-000102,625 农业无人飞机,YN525农业无人飞机（YN525 Agricultural Drone)，中性英文(G),无人机,pcs,个,库存商品-产成品,无人机包装成品,自制,1.00,,,1.00,,未上架
972-000802,Cat.1模块,M511C-2C：S2-I4065,公用物料,pcs,个,原材料-电子料,集成电路1（IC）,外购,28.00,,,1.00,12.200045,未上架
725-000084,贴片陶瓷电容,"10UF,16V,0603,10%",公用物料,pcs,个,原材料-电子料,电容,外购,126.00,,,1.00,0.049833,未上架
539-000541,贴片电阻,13K，0402，1%,公用物料,pcs,个,原材料-电子料,电阻,外购,84.00,,,1.00,0.001469,未上架
353-000186,称重系统_后,,无人车,pcs,个,原材料-组装料,VH300无人车,自制,1.00,,,1.00,,未上架
725-000329,贴片陶瓷电容,"10nF,50V,0402,10%",公用物料,pcs,个,原材料-电子料,电容,外购,98.00,,,1.00,0.002599,未上架
539-000063,贴片电阻,"240R,0402,1%",公用物料,pcs,个,原材料-电子料,电阻,外购,84.00,,,1.00,0.001921,未上架
165-001423,YN402_风扇压紧泡棉,硅胶泡棉，单面带背胶,无人机,pcs,个,原材料-组装料,加工零部件（外壳、硅胶按键、标签等）,外购,14.00,,,1.00,,未上架
725-000246,贴片陶瓷电容,"10uF,10V,0805,10%,X7R",公用物料,pcs,个,原材料-电子料,电容,外购,126.00,,,1.00,0.044974,未上架
165-001934,YN580助降灯镜片,φ7.5mm*2    2mm厚钢化玻璃带0.2mm厚背胶,无人机,pcs,个,原材料-组装料,加工零部件（外壳、硅胶按键、标签等）,外购,28.00,,,1.00,,未上架
994-000154,无线机具电池,DR2477电池，线长60mm，2芯连接器，引脚间距1.50mm,监测终端,pcs,个,原材料-组装料,线束（组装线束）,外购,1.00,,,1.00,3.419945,未上架
849-001266,M10*65_外六角法兰面螺栓,M10*65  10.9级黑色达克罗,无人车,pcs,个,原材料-组装料,五金件,外购,1.00,,,1.00,1.808000,未上架
725-000407,钽电容,"VDC 25V,10UF,-55~105°%20",公用物料,pcs,个,原材料-电子料,电容,外购,56.00,,,1.00,1.150001,未上架
725-000165,法拉电容,BWS5R5474V,公用物料,pcs,个,原材料-电子料,电容,外购,42.00,,,1.00,1.330010,未上架
539-000075,贴片电阻,"16.9K,0402,1%",公用物料,pcs,个,原材料-电子料,电阻,外购,98.00,,,1.00,0.001921,未上架
849-001290,M3*6_304不锈钢十字圆头点胶螺栓,M3x6  304不锈钢,无人车,pcs,个,原材料-组装料,五金件,外购,1.00,,,1.00,0.078196,未上架
358-000075,MOSFET,KMTL3407A,公用物料,pcs,个,原材料-电子料,晶体管,外购,84.00,,,1.00,0.095033,未上架
165-003436,前车铜排4-电机A正,T2,无人车,pcs,个,原材料-组装料,加工零部件（外壳、硅胶按键、标签等）,外购,1.00,,,1.00,85.499981,未上架
725-000138,贴片陶瓷电容,"220nF,25v,0402,10%",公用物料,pcs,个,原材料-电子料,电容,外购,126.00,,,1.00,0.012995,未上架
454-000337,TVS二极管,SMBJ6.5CA,公用物料,pcs,个,原材料-电子料,二极管,外购,70.00,,,1.00,0.134018,未上架
165-000758,天线弹片,818000377,智能定位,pcs,个,原材料-组装料,加工零部件（外壳、硅胶按键、标签等）,外购,21.00,,,1.00,,未上架
356-000610,勤本14P连接器板端_插针0.64mm_黑色,焊板式防水连接器 14P插针，插针规格直径0.64mm，黑色,无人机,pcs,个,原材料-组装料,连接器1（电子）,外购,35.00,,,1.00,1.299952,未上架
972-000623,WIFI&BLE模组,BL-M8821CS2-VI,公用物料,pcs,个,原材料-电子料,集成电路1（IC）,外购,60.00,,,1.00,19.000046,未上架
849-001315,M6*12*1.2_304不锈钢平垫片,M6*12*1.2 304不锈钢,无人车,pcs,个,原材料-组装料,五金件,外购,1.00,,,1.00,0.046104,未上架
165-002674,YN503_SIM卡盖板,尺寸：86.9*15.45*10.88mm，黑色； 工艺：表⾯细纹mt11510，字符抛光,自动驾驶,pcs,个,原材料-组装料,加工零部件（外壳、硅胶按键、标签等）,外购,35.00,,,1.00,0.820041,未上架
838-000403,YS221-TNC转IPEX连接线,"关注频段500-440MHZ，2100-1600MHZ的T11和T21参数，线长75mm,线径1.37mm,黑线",自动驾驶,pcs,个,原材料-包装料,天线、传感器&摄像头,外购,35.00,,,1.00,4.099979,未上架
165-001207,YN540PRO_飞控板屏蔽框7,0.2mm洋白铜30.55*20.5*3.9m,无人机,pcs,个,原材料-组装料,加工零部件（外壳、硅胶按键、标签等）,外购,21.00,,,1.00,,未上架
972-000743,LED驱动,TGM3766YTN5G/TR,公用物料,pcs,个,原材料-电子料,集成电路1（IC）,外购,64.00,,,1.00,,未上架
539-000428,贴片电阻,"1.4R,1206,1%",公用物料,pcs,个,原材料-电子料,电阻,外购,112.00,,,1.00,0.029041,未上架
849-000005,M2.5*6 机丝,沉头十字  M2.5*6机制螺钉  不锈钢,公用物料,pcs,个,原材料-组装料,五金件,外购,13.00,,,1.00,,未上架
539-000009,贴片电阻,"10.2K,0402,1%",公用物料,pcs,个,原材料-电子料,电阻,外购,84.00,,,1.00,0.001469,未上架
165-000762,YN501主板屏蔽罩3,30.7*19.7*1.95，不锈钢,自动驾驶,pcs,个,原材料-组装料,加工零部件（外壳、硅胶按键、标签等）,外购,21.00,,,1.00,,未上架
403-000034,402遥控器内置18650电池-1,18650/32E,公用物料,pcs,个,原材料-电子料,电池,外购,33.00,,,1.00,37.000042,未上架
849-001175,喷盘固定套筒,7061 T6 颜色本色,无人车,pcs,个,原材料-组装料,五金件,外购,28.00,,,1.00,14.999959,未上架
358-000148,P沟道MOS管,Si2325DS -T1-E3,公用物料,pcs,个,原材料-电子料,晶体管,外购,140.00,,,1.00,1.650026,未上架
725-000133,贴片陶瓷电容,"470nF,50V,0603,10%",公用物料,pcs,个,原材料-电子料,电容,外购,126.00,,,1.00,0.160008,未上架
725-000047,贴片陶瓷电容,"10UF,50V,1206,10%",公用物料,pcs,个,原材料-电子料,电容,外购,56.00,,,1.00,0.124978,未上架
725-000014,贴片陶瓷电容,"1uF,25V,0603,10%",公用物料,pcs,个,原材料-电子料,电容,外购,56.00,,,1.00,0.021244,未上架
363-000574,作业接口板供电线束,,无人车,pcs,个,原材料-包装料,线束（包装线束）,外购,35.00,,,1.00,27.462729,未上架
733-000063,贴片电感,MQW18AN68NG80D,公用物料,pcs,个,原材料-电子料,电感,外购,140.00,,,1.00,0.250973,未上架
733-000211,贴片功率电感,TWPA4020SR47NT,公用物料,pcs,个,原材料-电子料,电感,外购,63.00,,,1.00,0.200010,未上架
733-000050,贴片共模电感,JCMEF112P900MFR,公用物料,pcs,个,原材料-电子料,电感,外购,28.00,,,1.00,0.129950,未上架
849-001215,左前电调支架,R235，哑光黑RAL 9011,无人车,pcs,个,原材料-组装料,五金件,外购,1.00,,,1.00,16.000009,未上架
972-000736,EMMC,GEMDNN032G-C9A55,公用物料,pcs,个,原材料-电子料,集成电路1（IC）,外购,72.00,,,1.00,195.000032,未上架
539-000025,贴片电阻,"1K,1206,1%",公用物料,pcs,个,原材料-电子料,电阻,外购,84.00,,,1.00,0.011978,未上架
165-003342,580V3单向阀,0.2Mpa的水压下，密封圈处不能有明显滴漏,无人机,pcs,个,原材料-组装料,加工零部件（外壳、硅胶按键、标签等）,外购,28.00,,,1.00,19.390009,未上架
972-000071,双轴加速度计传感器,NXA2500EL,公用物料,pcs,个,原材料-电子料,集成电路1（IC）,外购,84.00,,,1.00,,未上架
972-000476,开关芯片,FH211020-9EBD-4A70,公用物料,pcs,个,原材料-电子料,集成电路1（IC）,外购,13.00,,,1.00,,未上架
165-001439,YN402_电池充电座散热器,铝合金压铸，深色外观,无人机,pcs,个,原材料-组装料,加工零部件（外壳、硅胶按键、标签等）,外购,35.00,,,1.00,,未上架
588-000608,UA400_BDYW_P5_PCBA,UA400_BDYW_P5_PCBA,智能定位,pcs,个,原材料-半成品,已贴线路板,委外,18.00,,,1.00,,未上架
359-000034,接近开关-HJL18,HJL18-081PA,无人车,pcs,个,原材料-电子料,通用电气零件,外购,1.00,,,1.00,17.999996,未上架
895-000085,直柱五向开关,JQ-TS-D021,公用物料,pcs,个,原材料-组装料,开关,外购,25.00,,,1.00,1.359955,未上架
849-000025,M3X6+4单头六角铜柱，六角对边尺寸4.6,M3*6+4mm单头六角铜柱，本色，外牙M3*4，内牙M3牙深不低于5mm，六角对边4.6mm，长度6mm,公用物料,pcs,个,原材料-组装料,五金件,外购,15.00,,,1.00,,未上架
165-000766,YN501_屏蔽罩外盖1,20.55*14.55*3.35，不锈钢,自动驾驶,pcs,个,原材料-组装料,加工零部件（外壳、硅胶按键、标签等）,外购,21.00,,,1.00,,未上架
972-000238,降压芯片,EIO6012CST6,公用物料,pcs,个,原材料-电子料,集成电路1（IC）,外购,42.00,,,1.00,0.449966,未上架
588-000466,YC540S_SPRINKLER_P0_S02_PCBA,YC540S_SPRINKLER_P0_S02_PCBA,无人机,pcs,个,原材料-半成品,已贴线路板,委外,33.00,,,1.00,,未上架
795-000906,YC403航电主控板屏蔽框,0.2mm洋白铜 22*15*2.7mm,无人机,pcs,个,原材料-组装料,通用机械零件,外购,21.00,,,1.00,0.300015,未上架
849-001219,图传天线支架,R235，哑光黑RAL 9011,无人车,pcs,个,原材料-组装料,五金件,外购,1.00,,,1.00,55.000038,未上架
795-001174,气弹簧,中心距120，行程33，两端M8球头，压力5kg,无人车,pcs,个,原材料-组装料,通用机械零件,外购,28.00,,,1.00,20.136600,未上架
356-000236,双排卧贴插座,B2004WRB-2X7P,公用物料,pcs,个,原材料-组装料,连接器1（电子）,外购,30.00,,,1.00,,未上架
795-000516,YN300E-801-V3主天线导电泡棉,L*W*H=13*13*20mm，高度方向单面导电背胶,自动驾驶,pcs,个,原材料-组装料,通用机械零件,外购,14.00,,,1.00,,未上架
165-003403,水管B,10mm弯头,无人车,pcs,个,原材料-组装料,加工零部件（外壳、硅胶按键、标签等）,外购,1.00,,,1.00,,未上架
539-000043,贴片电阻,"37.4K,0402,1%",公用物料,pcs,个,原材料-电子料,电阻,外购,84.00,,,1.00,0.001469,未上架
733-000118,绕线贴片功率电感,OR4030-4R7M,公用物料,pcs,个,原材料-电子料,电感,外购,30.00,,,1.00,0.113000,未上架
356-000559,双排排母 立贴 2.0Pitch 2X5pin,QF202A62B-05V043-1TR,自动驾驶,pcs,个,原材料-组装料,连接器1（电子）,外购,25.00,,,1.00,0.649976,未上架
588-000447,YC602_V2-A板_P1_S01_PCBA,YC602_V2-A板_P1_S01_PCBA,无人机,pcs,个,原材料-半成品,已贴线路板,委外,33.00,,,1.00,,未上架
795-000478,YN540pro旋转雷达定高漏铜区导热硅胶片,L*W*H=24*5*3mm，6W,无人机,pcs,个,原材料-组装料,通用机械零件,外购,14.00,,,1.00,,未上架
358-000112,P沟道MOS管,KMTJ210P02A,公用物料,pcs,个,原材料-电子料,晶体管,外购,84.00,,,1.00,0.120006,未上架
356-000479,V23005-01,9.3*4*7.6；Type-c(高6.5，配合深度4.45）,公用物料,pcs,个,原材料-组装料,连接器1（电子）,外购,30.00,,,1.00,1.899982,未上架
606-001069,YN580_V3_整机包装内衬,白色EPE,无人机,pcs,个,原材料-包装料,包装材料,外购,14.00,,,1.00,270.000053,未上架
733-000007,一体成型功率电感,NAPM0630F-100M-LF,公用物料,pcs,个,原材料-电子料,电感,外购,28.00,,,1.00,0.489968,未上架
165-003392,风扇固定架右,"PA+30%GF,黑色",无人车,pcs,个,原材料-组装料,加工零部件（外壳、硅胶按键、标签等）,外购,1.00,,,1.00,252.999994,未上架
353-000189,喷洒系统右,,无人车,pcs,个,原材料-半成品,VH300无人车,自制,,,,1.00,,未上架
725-000015,贴片陶瓷电容,"4.7uF,10V,0603,10%",公用物料,pcs,个,原材料-电子料,电容,外购,56.00,,,1.00,0.012995,未上架
725-000436,贴片陶瓷电容,1.5nF，16V，0201，±10%，X7R,公用物料,pcs,个,原材料-电子料,电容,外购,98.00,,,1.00,0.003051,未上架
972-000225,MCU,GS32R274KSK2MMM,公用物料,pcs,个,原材料-电子料,集成电路1（IC）,外购,363.00,,,1.00,,未上架
554-000074,线性稳压器,TGM2040-1.8YN5G/TR,公用物料,pcs,个,原材料-电子料,稳压器,外购,70.00,,,1.00,0.264985,未上架
358-000074,N沟道MOS管,KMSH1004AE-13,公用物料,pcs,个,原材料-电子料,晶体管,外购,84.00,,,1.00,2.079991,未上架
539-000451,贴片电阻,"33R,0603,1%",公用物料,pcs,个,原材料-电子料,电阻,外购,84.00,,,1.00,0.020001,未上架
994-000506,UA400通用-I线束,430mm六芯BWG24护套线 天海连接器0434701 DS-M8母头,智能定位,pcs,个,原材料-组装料,线束（组装线束）,外购,35.00,,,1.00,,未上架
165-003408,前接口板壳体,QA66+30GF,无人车,pcs,个,原材料-组装料,加工零部件（外壳、硅胶按键、标签等）,外购,1.00,,,1.00,200.000056,未上架
725-000008,贴片陶瓷电容,"6.8nF,50V,0402,10%",公用物料,pcs,个,原材料-电子料,电容,外购,126.00,,,1.00,0.005989,未上架
849-000793,M2.5*8+6_单头不锈钢六角柱，六角对边尺寸4.5,M2.5*8+6_不锈钢单头六角柱，304不锈钢，本色，中性盐雾72小时；外M2.5*6，内牙M2.5牙深不低于6mm，六角对边4.5mm，长度8mm,公用物料,pcs,个,原材料-组装料,五金件,外购,21.00,,,1.00,,未上架
849-001394,M2贴片螺母,TMTSO2020CTJ，M2贴片螺母，高度2mm，外径4.35mm，引脚高度1.1mm,无人机,pcs,个,原材料-组装料,五金件,外购,1.00,,,1.00,,未上架
358-000010,N沟道MOS管,TI2304DDS-T1-GE3,公用物料,pcs,个,原材料-电子料,晶体管,外购,140.00,,,1.00,0.685797,未上架
165-003085,YS411A双目摄像头镜片(带背胶),1.8mm铝硅玻璃钢化处理，AF，AR镀膜，反面黑色丝印,无人机,pcs,个,原材料-组装料,加工零部件（外壳、硅胶按键、标签等）,外购,28.00,,,1.00,9.500023,未上架
165-001417,YN402_正面按键防水硅胶,40度黑色硅胶，圆形，表面消光,无人机,pcs,个,原材料-组装料,加工零部件（外壳、硅胶按键、标签等）,外购,35.00,,,1.00,,未上架
165-002307,YN525_称重计中壳体,L*W*H：75*57.7*23.5mm；QA66+HF30 黑色,无人机,pcs,个,原材料-组装料,加工零部件（外壳、硅胶按键、标签等）,外购,28.00,,,1.00,,未上架
539-000015,贴片电阻,"53.6K,0402,1%",公用物料,pcs,个,原材料-电子料,电阻,外购,98.00,,,1.00,0.001469,未上架
588-000464,YC402_SK3568_P2_S01_PCBA,YC402_SK3568_P2_S01_PCBA,无人机,pcs,个,原材料-半成品,已贴线路板,委外,33.00,,,1.00,,未上架
358-000013,N沟道MOS管,CSS138LT1G,公用物料,pcs,个,原材料-电子料,晶体管,外购,140.00,,,1.00,,未上架
972-000672,定位模块,NC280M-B0,公用物料,pcs,个,原材料-电子料,集成电路1（IC）,外购,28.00,,,1.00,16.000009,未上架
725-000083,贴片陶瓷电容,"2.2UF,25V,0603,10%",公用物料,pcs,个,原材料-电子料,电容,外购,70.00,,,1.00,0.020453,未上架
321-000364,YC602_V2-A板_P1_PCB,YC602_V2-A板_P1_PCB,无人机,pcs,个,原材料-电子料,印刷线路板,外购,40.00,,,1.00,11.279999,未上架
733-000095,贴片磁珠,CLM18SG700TN1D,公用物料,pcs,个,原材料-电子料,电感,外购,140.00,,,1.00,0.109949,未上架
795-000661,1027扁平振动马达,1027扁平震动马达，一面背胶，一面泡棉，带引线，尾部2P 1.25pitch连接器,无人机,pcs,个,原材料-组装料,通用机械零件,外购,35.00,,,1.00,,未上架
539-000291,贴片电阻,"2K,0805,1%",公用物料,pcs,个,原材料-电子料,电阻,外购,112.00,,,1.00,0.011978,未上架
725-000032,贴片陶瓷电容,"47nF,50V,0402,10%",公用物料,pcs,个,原材料-电子料,电容,外购,126.00,,,1.00,0.023956,未上架
972-000328,定位导航模块,NXT906AM,公用物料,pcs,个,原材料-电子料,集成电路1（IC）,外购,28.00,,,1.00,16.500034,未上架
733-000236,贴片功率电感,TWPA6028S4R7NT,公用物料,pcs,个,原材料-电子料,电感,外购,42.00,,,1.00,0.233006,未上架
539-000110,贴片电阻,"1K,0603,1%",公用物料,pcs,个,原材料-电子料,电阻,外购,84.00,,,1.00,0.003616,未上架
165-001967,YN580码盘压板,环形，内径28mm，外径45.8mm，厚度0.5mm；TUS304,无人机,pcs,个,原材料-组装料,加工零部件（外壳、硅胶按键、标签等）,外购,28.00,,,1.00,,未上架
849-001286,M3*20_304不锈钢盘头内六角防水螺栓,M3*20  304不锈钢,无人车,pcs,个,原材料-组装料,五金件,外购,1.00,,,1.00,0.807950,未上架
539-000024,贴片电阻,"10R,1206,1%",公用物料,pcs,个,原材料-电子料,电阻,外购,84.00,,,1.00,0.025990,未上架
543-000044,UA400整机BOM（线束A),"UA400线束A（整条,208-000531,），新天线（229-000364）",智能定位,pcs,个,原材料-半成品,TA400整机,自制,1.00,,,1.00,,未上架
972-000448,MCU电源监控芯片,TGM809-SXN3L/TR,公用物料,pcs,个,原材料-电子料,集成电路1（IC）,外购,64.00,,,1.00,0.169952,未上架
539-000382,贴片电阻,"49.9K,0402,1%",公用物料,pcs,个,原材料-电子料,电阻,外购,84.00,,,1.00,0.001921,未上架
165-001427,YN402_备用键按键,黑色塑胶，外观晒纹,无人机,pcs,个,原材料-组装料,加工零部件（外壳、硅胶按键、标签等）,外购,35.00,,,1.00,,未上架
539-000252,贴片电阻,"240K,0402,1%",公用物料,pcs,个,原材料-电子料,电阻,外购,84.00,,,1.00,0.001469,未上架
725-000405,贴片陶瓷电容,"2.2uf,6.3v,0402,10%",公用物料,pcs,个,原材料-电子料,电容,外购,98.00,,,1.00,0.016046,未上架
554-000019,电压监控芯片,VM805RE,公用物料,pcs,个,原材料-电子料,稳压器,外购,42.00,,,1.00,0.400020,未上架
549-001642,YS410_PS04A10摄像头模组V1.1,"""摄像头：防水JP67，工作温度-30-85度； 水平视角：217.8º;垂直视角：114.5º;对角视角：217.8º;""",无人机,pcs,个,原材料-包装料,外购设备类,外购,1.00,,,1.00,272.000040,未上架
539-000019,贴片电阻,"162K,0402,1%",公用物料,pcs,个,原材料-电子料,电阻,外购,98.00,,,1.00,0.001921,未上架
972-000520,SPI NOR FLASH,YT25F128FSSIGT-W,公用物料,pcs,个,原材料-电子料,集成电路1（IC）,外购,56.00,,,1.00,3.399944,未上架
972-000381,栅极驱动器,TLM21867CA-DG,公用物料,pcs,个,原材料-电子料,集成电路1（IC）,外购,45.00,,,1.00,2.590864,未上架
849-001194,电机支架,"R235,哑光黑RAL 9011",无人车,pcs,个,原材料-组装料,五金件,外购,1.00,,,1.00,68.000010,未上架
795-000618,航电V2散热硅胶垫4,6W导热硅胶，54.3*47.5*1mm，浅灰色,无人机,pcs,个,原材料-组装料,通用机械零件,外购,14.00,,,1.00,,未上架
165-001428,YN402_备用按键防水硅胶,40度黑色硅胶，表面消光,无人机,pcs,个,原材料-组装料,加工零部件（外壳、硅胶按键、标签等）,外购,35.00,,,1.00,,未上架
849-000783,M1.6*3_不锈钢十字扁平头机牙螺丝_整圈耐落,"304不锈钢，本色，强度等级：A2-70,第3到第10个螺牙要整圈涂耐落漆，中性盐雾72小时",公用物料,pcs,个,原材料-组装料,五金件,外购,17.00,,,1.00,,未上架
165-002220,UB200 8寸底壳-HX12 4孔,216.2*180.6*28.8,智能大屏,pcs,个,原材料-组装料,加工零部件（外壳、硅胶按键、标签等）,外购,35.00,,,1.00,,未上架
795-001175,黑色包胶安全绳,1.5mm黑色包胶 L=120mm,无人车,pcs,个,原材料-组装料,通用机械零件,外购,28.00,,,1.00,2.270735,未上架
454-000181,贴片开关二极管,1N4148W,公用物料,pcs,个,原材料-电子料,二极管,外购,28.00,,,1.00,0.024973,未上架
725-000362,贴片陶瓷电容,470nF 25V 1402 10% X5R,公用物料,pcs,个,原材料-电子料,电容,外购,77.00,,,1.00,0.024973,未上架
972-000196,视频解码器,SN6752V1GQW,公用物料,pcs,个,原材料-电子料,集成电路1（IC）,外购,84.00,,,1.00,,未上架
549-000880,方向盘本体_铭牌_杭州明日,方向盘直径φ410，方向盘来料时需铆压好产品和二维码空白铭牌；,自动驾驶,pcs,个,原材料-包装料,外购设备类,外购,35.00,,,1.00,,未上架
539-000146,贴片电阻,"180K,0402,1%",公用物料,pcs,个,原材料-电子料,电阻,外购,84.00,,,1.00,0.001469,未上架
165-001891,YN580外关节4号,"""L*W*H：964.5*61.8*85.4mm，材质：QA66+30%CF,内嵌不锈钢关节轴套。模内注塑：外径54.6mm，壁厚1.8mm碳管""",无人机,pcs,个,原材料-组装料,加工零部件（外壳、硅胶按键、标签等）,外购,42.00,,,1.00,,未上架
554-000043,低压差线性稳压器,TGM2019-ADJYN5G/TR,公用物料,pcs,个,原材料-电子料,稳压器,外购,98.00,,,1.00,0.175037,未上架
838-000312,UB202L SMA天线,Φ6.25xΦ13x1.37，线长65mm,智能大屏,pcs,个,原材料-包装料,天线、传感器&摄像头,外购,35.00,,,1.00,,未上架
539-000079,贴片电阻,"64.9K,0402,1%",公用物料,pcs,个,原材料-电子料,电阻,外购,98.00,,,1.00,0.001469,未上架
849-001297,M4*24_304不锈钢内六角耐脱螺丝,M4*24  304不锈钢,无人车,pcs,个,原材料-组装料,五金件,外购,1.00,,,1.00,0.197750,未上架
725-000210,贴片陶瓷电容,"100UF,6.3V,1210,20%",公用物料,pcs,个,原材料-电子料,电容,外购,126.00,,,1.00,0.508048,未上架
588-000460,YN402遥控器 前壳小板P1_ PCBA,YN402_FRONT_KEY_P1,无人机,pcs,个,原材料-半成品,已贴线路板,委外,33.00,,,1.00,,未上架
356-000386,2PIN 卧贴式1.25T连接器,ZZKA1251WR-S-2P,公用物料,pcs,个,原材料-组装料,连接器1（电子）,外购,25.00,,,1.00,0.120006,未上架
838-000284,YN402 内置定位天线,YN402 GPS陶瓷内置天线，Ipex-1代RF∅1.37黑色线,无人机,pcs,个,原材料-包装料,天线、传感器&摄像头,外购,35.00,,,1.00,,未上架
165-001961,YN580感应线圈屏蔽壳,环形，φ50mm，高度35.65mm；钝化，本色,无人机,pcs,个,原材料-组装料,加工零部件（外壳、硅胶按键、标签等）,外购,35.00,,,1.00,,未上架
725-000331,贴片陶瓷电容,"130pF,50V,0603,5%",公用物料,pcs,个,原材料-电子料,电容,外购,84.00,,,1.00,0.011978,未上架
165-001858,YN580探照灯上盖,"L*W*H：112.8*66,5*14.7mm；BDC12铝合金，表面黑色喷粉",无人机,pcs,个,原材料-组装料,加工零部件（外壳、硅胶按键、标签等）,外购,28.00,,,1.00,,未上架
356-000588,2x2排母连接器,2x2pin,无人机,pcs,个,原材料-组装料,连接器1（电子）,外购,25.00,,,1.00,0.420021,未上架
321-000360,YC540S_药箱控制板_P0_PCB,YC540S_SPRINKLER_P0_PCB,无人机,pcs,个,原材料-电子料,印刷线路板,外购,30.00,,,1.00,13.034550,未上架
539-000147,贴片电阻,"200K,0402,1%",公用物料,pcs,个,原材料-电子料,电阻,外购,84.00,,,1.00,0.001921,未上架
321-000303,YS504_旋转雷达_定子板_P3_PCB,YS504_旋转雷达_定子板_P3_PCB,无人机,pcs,个,原材料-电子料,印刷线路板,外购,30.00,,,1.00,13.752100,未上架
795-000971,YC632雾化盘上盖,L*W*H：φ82.8*14mm； 材质：QA66+15%GF，黑色,无人机,pcs,个,原材料-组装料,通用机械零件,外购,28.00,,,1.00,1.799977,未上架
165-000896,YN540pro旋转雷达底盖,圆形，外径φ104mm，高度19.6mm 铝合金，钝化本色,无人机,pcs,个,原材料-组装料,加工零部件（外壳、硅胶按键、标签等）,外购,42.00,,,1.00,,未上架
549-001016,YN580离心喷头电磁阀,L*W*H：83.5*48.8*75；黑色,智能灌溉,pcs,个,原材料-包装料,外购设备类,外购,35.00,,,1.00,,未上架
733-000124,贴片功率电感,OR4030-1R0N,公用物料,pcs,个,原材料-电子料,电感,外购,30.00,,,1.00,0.108028,未上架
454-000322,肖特基二极管,C5819WS,公用物料,pcs,个,原材料-电子料,二极管,外购,30.00,,,1.00,0.060794,未上架
795-000609,雷达泡棉,T6.0*L5.5*W7mm,无人机,pcs,个,原材料-组装料,通用机械零件,外购,14.00,,,1.00,,未上架
165-000893,YN540pro旋转雷达感应线圈接收端固定件,圆形，外径25.6mm，高度10.3mm 铝合金，钝化本色,无人机,pcs,个,原材料-组装料,加工零部件（外壳、硅胶按键、标签等）,外购,42.00,,,1.00,,未上架
363-000537,离心电机线束A,PE 半透明白色,无人车,pcs,个,原材料-包装料,线束（包装线束）,外购,35.00,,,1.00,52.829986,未上架
972-000077,运算放大器,TGM358YS/TR,公用物料,pcs,个,原材料-电子料,集成电路1（IC）,外购,64.00,,,1.00,0.529970,未上架
972-000496,MCU,YN32F427RET6,公用物料,pcs,个,原材料-电子料,集成电路1（IC）,外购,64.00,,,1.00,13.399992,未上架
501-000001,EP5 变压器,IH087-EP5-001,公用物料,pcs,个,原材料-电子料,变压器,外购,45.00,,,1.00,2.828729,未上架
356-000521,10PIN 双排卧插线对板连接器2.0pitch,ZZKA2006WR-2x5P,公用物料,pcs,个,原材料-组装料,连接器1（电子）,外购,25.00,,,1.00,0.164980,未上架
725-000344,贴片陶瓷电容,"10nF,25V,0402,10%",公用物料,pcs,个,原材料-电子料,电容,外购,98.00,,,1.00,0.002486,未上架
539-000362,贴片电阻,"68K,0402,1%",公用物料,pcs,个,原材料-电子料,电阻,外购,98.00,,,1.00,0.001469,未上架
795-001200,电源开关标识,亚克力 紧急停止 外径45MM,无人车,pcs,个,原材料-组装料,通用机械零件,外购,28.00,,,1.00,0.731788,未上架
784-000243,YN402_遥控器整机_无Logo_欧洲版,,无人机,pcs,个,原材料-半成品,HD540PRO整机,自制,1.00,,,1.00,,未上架
165-001863,YN580电调上盖,材质：材质：BDC12，喷漆灰色,无人机,pcs,个,原材料-组装料,加工零部件（外壳、硅胶按键、标签等）,外购,35.00,,,1.00,28.080048,未上架
321-000233,801_8芯转接板_P3_PCB,801_8CONNECTOR_P3_PCB,监测终端,pcs,个,原材料-电子料,印刷线路板,外购,35.00,,,1.00,0.609974,未上架
165-001774,YS403双目绝缘泡棉2,∅4*1；绝缘泡棉带背胶,无人机,pcs,个,原材料-组装料,加工零部件（外壳、硅胶按键、标签等）,外购,14.00,,,1.00,0.049946,未上架
972-000564,CPU__带CAN功能修复,SK3568J,公用物料,pcs,个,原材料-电子料,集成电路1（IC）,外购,42.00,,,1.00,102.999952,未上架
733-000174,熔断型保险丝,2010T10A250V,公用物料,pcs,个,原材料-电子料,电感,外购,56.00,,,1.00,0.135035,未上架
849-001038,M2*7十字平尾自攻不锈钢螺丝,银白色、平尾、十字自攻牙、不锈钢螺丝M2*7,无人机,pcs,个,原材料-组装料,五金件,外购,1.00,,,1.00,,未上架
795-000439,YN540pro旋转雷达雷达板导热硅胶片1,L*W*H=14*14*1.2mm，6W,无人机,pcs,个,原材料-组装料,通用机械零件,外购,14.00,,,1.00,,未上架
525-000183,580V3机架组件,,无人机,pcs,个,原材料-半成品,HD580组件整机,自制,1.00,,,1.00,,未上架
588-000726,YN403_MAINBOARD_P2_PCBA,YN403_MAINBOARD_P2_PCBA,自动驾驶,pcs,个,原材料-半成品,已贴线路板,委外,14.00,,,1.00,,未上架
165-003470,插栓式保险片20A,20A,无人车,pcs,个,原材料-组装料,加工零部件（外壳、硅胶按键、标签等）,外购,28.00,,,1.00,1.159041,未上架
358-000162,P沟道MOS管,Si2325DS-T1-GE3,公用物料,pcs,个,原材料-电子料,晶体管,外购,84.00,,,1.00,1.277013,未上架
795-000444,YN540pro旋转雷达BTB连接器缓冲泡棉2,单面背胶缓冲泡棉，L*W*H=5.6*4.8*1.5mm,无人机,pcs,个,原材料-组装料,通用机械零件,外购,21.00,,,1.00,,未上架
725-000304,贴片陶瓷电容,"10pF,50V,0402,1%,C0G",公用物料,pcs,个,原材料-电子料,电容,外购,112.00,,,1.00,0.043053,未上架
733-000216,贴片功率电感,OR4030-2R2M,公用物料,pcs,个,原材料-电子料,电感,外购,30.00,,,1.00,0.120006,未上架
539-000404,贴片电阻,"6.8R,0402,1%",公用物料,pcs,个,原材料-电子料,电阻,外购,98.00,,,1.00,0.004859,未上架
321-000572,YC580_前接口板_P3_PCB,YC580_FRONT_RACK_CONTAOL_BOARD_P3_PCB,无人机,pcs,个,原材料-电子料,印刷线路板,外购,35.00,,,1.00,30.999968,未上架
725-000105,贴片陶瓷电容,"22uF,10V,0603,20%",公用物料,pcs,个,原材料-电子料,电容,外购,70.00,,,1.00,0.041019,未上架
588-000487,YN402_MAIN_P2_PCBA,YN402_MAIN_P2_PCBA,无人机,pcs,个,原材料-半成品,已贴线路板,委外,13.00,,,1.00,,未上架
849-001019,M3*6不锈钢扁平头十字机牙螺丝,304不锈钢，本色，头厚度1.5mm，强度等级A2-70；螺丝要求：第3到第10个螺牙00-180度耐落漆；中性盐雾72小时；,自动驾驶,pcs,个,原材料-组装料,五金件,外购,14.00,,,1.00,0.085315,未上架
554-000003,低压差线性稳压芯片,BMS1117-ADJ,公用物料,pcs,个,原材料-电子料,稳压器,外购,84.00,,,1.00,0.249956,未上架
539-000156,贴片压敏电阻 ,NLVS0603K11,公用物料,pcs,个,原材料-电子料,电阻,外购,30.00,,,1.00,0.049946,未上架
165-002630,YN580摇摆桨基座-10,L*W*H：123*67.3*28mm，6061铝合金-T6，黑色阳极氧化,无人机,pcs,个,原材料-组装料,加工零部件（外壳、硅胶按键、标签等）,外购,28.00,,,1.00,,未上架
165-002064,YS508机尾雷达散热片1,6W导热硅胶垫，尺寸：7*7*2mm,无人机,pcs,个,原材料-组装料,加工零部件（外壳、硅胶按键、标签等）,外购,14.00,,,1.00,,未上架
725-000292,贴片陶瓷电容,"4.7nF,50V,0402",公用物料,pcs,个,原材料-电子料,电容,外购,126.00,,,1.00,,未上架
539-000470,贴片电阻,"127K,0603,1%",公用物料,pcs,个,原材料-电子料,电阻,外购,98.00,,,1.00,0.003616,未上架
363-000568,作业分电盒正极线束,,无人车,pcs,个,原材料-包装料,线束（包装线束）,外购,35.00,,,1.00,92.004600,未上架
165-001493,YN540S离心喷头电调上下盖密封圈,外径60mm，线径1.5mm   硅橡胶/60度，黑色,无人机,pcs,个,原材料-组装料,加工零部件（外壳、硅胶按键、标签等）,外购,17.00,,,1.00,,未上架
454-000341,肖特基二极管,C1040A2,公用物料,pcs,个,原材料-电子料,二极管,外购,30.00,,,1.00,0.044974,未上架
356-000007,贴片推弹式SIM卡座,D7053-03,公用物料,pcs,个,原材料-组装料,连接器1（电子）,外购,30.00,,,1.00,1.276900,未上架
165-001465,YN408_密封挡片,透明PC片，自带0.1mm透明背胶,自动驾驶,pcs,个,原材料-组装料,加工零部件（外壳、硅胶按键、标签等）,外购,21.00,,,1.00,,未上架
972-000653,北斗定位模块,BTGM332D-6N-22,公用物料,pcs,个,原材料-电子料,集成电路1（IC）,外购,28.00,,,1.00,,未上架
363-000571,后驱动器线束,,无人车,pcs,个,原材料-包装料,线束（包装线束）,外购,35.00,,,1.00,20.240673,未上架
165-002354,YN525药箱盖密封圈,L*W*H：φ207.8*5.6；黑色硅胶，60度,无人机,pcs,个,原材料-组装料,加工零部件（外壳、硅胶按键、标签等）,外购,21.00,,,1.00,,未上架
321-000523,YS506_V2_光电编码板_P4_PCB,YS506_V2_光电编码板_P4_PCB,无人机,pcs,个,原材料-电子料,印刷线路板,外购,45.00,,,1.00,14.320038,未上架
725-000276,贴片陶瓷电容,"22uf,25V,1210,20%,X7R1210",公用物料,pcs,个,原材料-电子料,电容,外购,105.00,,,1.00,0.549971,未上架
849-001271,M12*45_外六角法兰面螺栓,M12*45  10.9级银色达克罗,无人车,pcs,个,原材料-组装料,五金件,外购,1.00,,,1.00,1.388770,未上架
165-001433,YN402_电池盖组件,灰色塑胶件，组装泡棉,无人机,pcs,个,原材料-组装料,加工零部件（外壳、硅胶按键、标签等）,外购,35.00,,,1.00,,未上架
588-000637,YN402_MAIN_P2_PCBA(删除SAR功能版本),YN402_MAIN_P2_PCBA(删除SAR功能版本),无人机,pcs,个,原材料-半成品,已贴线路板,委外,13.00,,,1.00,,未上架
972-000499,锂电池电量计芯片,DW2017BAAD,公用物料,pcs,个,原材料-电子料,集成电路1（IC）,外购,28.00,,,1.00,1.850036,未上架
539-000293,贴片电阻,"10mR,1206,1%,1W",公用物料,pcs,个,原材料-电子料,电阻,外购,56.00,,,1.00,0.109949,未上架
972-000488,三相独立半桥驱动芯片,FG2124,公用物料,pcs,个,原材料-电子料,集成电路1（IC）,外购,28.00,,,1.00,0.800040,未上架
795-000176,308终端防水透气膜,外观尺寸：26*16*0.6 单面背胶、黑色,自动驾驶,pcs,个,原材料-组装料,通用机械零件,外购,14.00,,,1.00,,未上架
165-001977,YN580旋转雷达BTB连接器压片1,不锈钢片，L*W*H=24.5*5*0.3mm,无人机,pcs,个,原材料-组装料,加工零部件（外壳、硅胶按键、标签等）,外购,28.00,,,1.00,,未上架
795-001132,YS411A单目FPC保护泡棉9x12x0.5mm,黑色泡棉厚度0.5mm，单面带背胶,无人机,pcs,个,原材料-组装料,通用机械零件,外购,14.00,,,1.00,0.180009,未上架
972-000534,移位寄存器,V74HC595AG-S16-R,公用物料,pcs,个,原材料-电子料,集成电路1（IC）,外购,42.00,,,1.00,0.349961,未上架
725-000307,贴片陶瓷电容,"10uF,10V,0603,10%,X7R",公用物料,pcs,个,原材料-电子料,电容,外购,112.00,,,1.00,0.120006,未上架
165-003422,称重计防水硅胶盖,M:硅胶 40度 C:黑色,无人车,pcs,个,原材料-组装料,加工零部件（外壳、硅胶按键、标签等）,外购,21.00,,,1.00,3.887200,未上架
454-000353,ESD二极管,0524PL,公用物料,pcs,个,原材料-电子料,二极管,外购,70.00,,,1.00,0.187467,未上架
356-000135,701pro双排直插式14pin公端,HP26-2020WV-2x7P-2A-H5.0；双排直插式14pin公端，2.0pitch，塑胶尺寸14*4*5,公用物料,pcs,个,原材料-组装料,连接器1（电子）,外购,30.00,,,1.00,0.460023,未上架
356-000560,双排排针 DIP 2.0Pitch 2X4pin,QM202B30A-04V38-115-1BA,自动驾驶,pcs,个,原材料-组装料,连接器1（电子）,外购,25.00,,,1.00,0.320016,未上架
308-000021,YN525集成药箱B组件,,无人机,pcs,个,原材料-半成品,HD525整机,自制,1.00,,,1.00,,未上架
733-000016,一体成型功率电感,DSAB0730-4R7M,公用物料,pcs,个,原材料-电子料,电感,外购,28.00,,,1.00,0.400020,未上架
972-000333,限流负载开关,TY6280AAC,公用物料,pcs,个,原材料-电子料,集成电路1（IC）,外购,56.00,,,1.00,0.342051,未上架
356-000059,2.00mm间距双排排针,2X12P，双排2.00mm间距2x12pin插针,公用物料,pcs,个,原材料-组装料,连接器1（电子）,外购,25.00,,,1.00,0.449966,未上架
539-000287,贴片电阻,"15.8K,0402,1%",公用物料,pcs,个,原材料-电子料,电阻,外购,98.00,,,1.00,0.001921,未上架
165-003447,F50负极插座-螺孔铜排式,F50-GCB520,无人车,pcs,个,原材料-组装料,加工零部件（外壳、硅胶按键、标签等）,外购,1.00,,,1.00,35.910044,未上架
454-000056,稳压二极管,NMSZ5258BT1G,公用物料,pcs,个,原材料-电子料,二极管,外购,140.00,,,1.00,0.296738,未上架
770-000084,4芯连接器公头-插针_黑色,"H.02547-01;长宽高：15.7*9.2*15.55；胶壳材料QA66+30玻纤，颜色黑色； 板端插座、竖贴，2*2P,PIN间距2mm，PIN针I62-0.65Y镀锡，单PIN额定电流5A",公用物料,pcs,个,原材料-组装料,连接器2（非电子）,外购,35.00,,,1.00,,未上架
588-000687,YS506B_V2.1_定子板_P2_PCBA,YS506B_V2.1_定子板_P2_PCBA,无人机,pcs,个,原材料-半成品,已贴线路板,委外,1.00,,,1.00,,未上架
454-000257,二极管,1N4148W,公用物料,pcs,个,原材料-电子料,二极管,外购,56.00,,,1.00,0.021018,未上架
725-000205,贴片陶瓷电容,"10nF,200V,0805,10%",公用物料,pcs,个,原材料-电子料,电容,外购,70.00,,,1.00,0.029945,未上架
838-000454,YS508-U-4G主天线,YS508-U-4G-Main,无人机,pcs,个,原材料-组装料,天线、传感器&摄像头,外购,35.00,,,1.00,1.348994,未上架
363-000511,TB系列视频线-洋马6118R-左侧,长度2.5米外套波纹管HX12-4P母头+HX12-4P公头,智能大屏,pcs,个,原材料-包装料,线束（包装线束）,外购,35.00,,,1.00,,未上架
690-000040,红外接收管,QT26-21B/CT,公用物料,pcs,个,原材料-电子料,发光二极管,外购,112.00,,,1.00,0.169952,未上架
454-000183,瞬态电压抑制器TVS,BSC36CA,公用物料,pcs,个,原材料-电子料,二极管,外购,56.00,,,1.00,,未上架
165-003419,水管龙头,,无人车,pcs,个,原材料-组装料,加工零部件（外壳、硅胶按键、标签等）,外购,1.00,,,1.00,3.044559,未上架
849-001306,M40*1.5_R型径向精密锁紧螺母,R-M40-1.5P-68-14,无人车,pcs,个,原材料-组装料,五金件,外购,1.00,,,1.00,17.999996,未上架
505-000049,YN403_LCD模组_桥左,186.12*121.52*8.3mm，7寸，分辨率：800*480，TP丝印,自动驾驶,pcs,个,原材料-组装料,显示屏&板卡,外购,28.00,,,1.00,,未上架
994-000540,YN525_后离心喷头直连线束,,无人机,pcs,个,原材料-组装料,线束（组装线束）,外购,35.00,,,1.00,,未上架
895-000023,轻触开关,DTSM-21N-S-V-T/R,公用物料,pcs,个,原材料-组装料,开关,外购,42.00,,,1.00,,未上架
539-000485,高精度贴片电阻,"47K,0402,0.1%",公用物料,pcs,个,原材料-电子料,电阻,外购,133.00,,,1.00,0.076049,未上架
725-000319,贴片陶瓷电容,"1nF,50V,0402,10%,X7R",公用物料,pcs,个,原材料-电子料,电容,外购,98.00,,,1.00,0.002486,未上架
356-000181,连接器,FPC-1.0-6P-A-A(上接触抽屉式),公用物料,pcs,个,原材料-组装料,连接器1（电子）,外购,1.00,,,1.00,0.322954,未上架
972-000494,4G数传模块,FC800MCNLC-J03-SNNDA,公用物料,pcs,个,原材料-电子料,集成电路1（IC）,外购,45.00,,,1.00,23.690676,未上架
725-000295,贴片陶瓷电容,"470nF,50V,0603,10%",公用物料,pcs,个,原材料-电子料,电容,外购,126.00,,,1.00,0.027911,未上架
588-000114,601C倾角P5_S01_PCBA,601C_MODULE2_P5_S01_PCBA,监测终端,pcs,个,原材料-半成品,已贴线路板,委外,17.00,,,1.00,,未上架
468-000699,YS221E固定标签(千寻),"72.5*17.5mm，PC片表面细磨砂效果；丝印，带背胶，背胶厚度0.1mm,耐60度以上高温",自动驾驶,pcs,个,原材料-包装料,印刷类,外购,21.00,,,1.00,,未上架
725-000085,贴片陶瓷电容,"100NF,16V,0603,10%",公用物料,pcs,个,原材料-电子料,电容,外购,84.00,,,1.00,0.025990,未上架
165-000892,YN540pro旋转雷达感应线圈发射端,圆形，外径21.6mm，高度5.6mm，线束长度40mm 磁石/黑色,无人机,pcs,个,原材料-组装料,加工零部件（外壳、硅胶按键、标签等）,外购,28.00,,,1.00,,未上架
733-000167,贴片功率电感,IPIM201610-S47M,公用物料,pcs,个,原材料-电子料,电感,外购,28.00,,,1.00,0.140007,未上架
725-000308,贴片陶瓷电容,"220nF,50V,0805,10%,X7R",公用物料,pcs,个,原材料-电子料,电容,外购,126.00,,,1.00,0.025990,未上架
588-000768,GPS模块B40S_BDS_P0_S01_PCBA,GPS_MODULE_B40S_BDS_P0_S01_PCBA,自动驾驶,pcs,个,原材料-半成品,已贴线路板,委外,1.00,,,1.00,,未上架
539-000516,贴片电阻,"1.62k,0201,1%",公用物料,pcs,个,原材料-电子料,电阻,外购,112.00,,,1.00,0.004972,未上架
849-001225,无人车三目后壳,7061-T6,无人车,pcs,个,原材料-组装料,五金件,外购,1.00,,,1.00,200.000056,未上架
454-000172,TVS二极管,SMAJ5.0CA,公用物料,pcs,个,原材料-电子料,二极管,外购,56.00,,,1.00,0.096954,未上架
165-001205,YN540PRO_主控板屏蔽框9,0.2mm洋白铜54.39*47.66*2.55mm,无人机,pcs,个,原材料-组装料,加工零部件（外壳、硅胶按键、标签等）,外购,21.00,,,1.00,,未上架
539-000088,贴片电阻,"49.9R,0402,1%",公用物料,pcs,个,原材料-电子料,电阻,外购,84.00,,,1.00,0.001921,未上架
165-003451,F100负极插座-螺孔铜排式,F100-GCB520,无人车,pcs,个,原材料-组装料,加工零部件（外壳、硅胶按键、标签等）,外购,1.00,,,1.00,39.810013,未上架
165-001289,YN540pro_航电上下壳防水圈,红色防水硅胶圈，55度,无人机,pcs,个,原材料-组装料,加工零部件（外壳、硅胶按键、标签等）,外购,21.00,,,1.00,,未上架
321-000502,YN403_KEYBOARD_P0_PCB,YN403_KEYBOARD_P0_PCB,自动驾驶,pcs,个,原材料-电子料,印刷线路板,外购,35.00,,,1.00,2.440009,未上架
588-000420,YN408_ST1061板(VM982)_P1.3_S01_PCBA,YN408_ST1061板(VM982)_P1.3_S01_PCBA,自动驾驶,pcs,个,原材料-半成品,已贴线路板,委外,30.00,,,1.00,,未上架
356-000495,YN580电调接线端子,M4紫铜,公用物料,pcs,个,原材料-组装料,连接器1（电子）,外购,20.00,,,1.00,0.464995,未上架
539-000550,贴片电阻,"36K,0805,1%",公用物料,pcs,个,原材料-电子料,电阻,外购,98.00,,,1.00,0.005311,未上架
972-000062,电平转换芯片,UXB0104PWR,公用物料,pcs,个,原材料-电子料,集成电路1（IC）,外购,1.00,,,1.00,4.996521,未上架
539-000247,贴片电阻,"13.3K,0402,1%",公用物料,pcs,个,原材料-电子料,电阻,外购,84.00,,,1.00,0.001469,未上架
321-000393,YC402_SK3568电源板_P2_PCB,YC402_SK3568PWR_P2_PCB,无人机,pcs,个,原材料-电子料,印刷线路板,外购,35.00,,,1.00,4.319990,未上架
539-000279,贴片电阻,"26.7K,0402,1%",公用物料,pcs,个,原材料-电子料,电阻,外购,98.00,,,1.00,0.001469,未上架
795-000819,YS508 4G板屏蔽框2,0.3mm洋白铜 57.6*44.5*3.8mm,无人机,pcs,个,原材料-组装料,通用机械零件,外购,21.00,,,1.00,1.359955,未上架
895-000055,总高6mm正贴轻触开关,LN6060A1-20H60-0PTR,公用物料,pcs,个,原材料-组装料,开关,外购,28.00,,,1.00,0.129950,未上架
972-000406,MCU,GS32R274KCK2MMM,公用物料,pcs,个,原材料-电子料,集成电路1（IC）,外购,1.00,,,1.00,,未上架
795-000795,YN502电源屏蔽罩,42.9*27.2*3.5mm，不锈钢,自动驾驶,pcs,个,原材料-组装料,通用机械零件,外购,21.00,,,1.00,,未上架
972-000724,模拟开关,SS2058XN,公用物料,pcs,个,原材料-电子料,集成电路1（IC）,外购,42.00,,,1.00,0.569972,未上架
165-001830,YN580机尾接口板支架,108.9X231X26mm；QA66+30%玻纤，黑色，表面晒纹，V0防火,无人机,pcs,个,原材料-组装料,加工零部件（外壳、硅胶按键、标签等）,外购,28.00,,,1.00,13.290043,未上架
539-000166,贴片电阻,"1.8K,0402,1%",公用物料,pcs,个,原材料-电子料,电阻,外购,98.00,,,1.00,0.002825,未上架
358-000107,P沟道MOS管,KMTM3415KL,公用物料,pcs,个,原材料-电子料,晶体管,外购,84.00,,,1.00,0.131193,未上架
972-000369,电源芯片,NP28167GQ-A-Z,公用物料,pcs,个,原材料-电子料,集成电路1（IC）,外购,112.00,,,1.00,3.499949,未上架
468-000094,701产品说明书,701产品说明书,监测终端,pcs,个,原材料-包装料,印刷类,外购,1.00,,,1.00,,未上架
795-000879,YN525动力套组件3号,,无人机,pcs,个,原材料-组装料,通用机械零件,外购,42.00,,,1.00,,未上架
356-000129,801_8pin排针,QZ254V-22-8P,公用物料,pcs,个,原材料-组装料,连接器1（电子）,外购,1.00,,,1.00,,未上架
838-000153,HX---定位蘑菇头天线,HPS300,自动驾驶,pcs,个,原材料-包装料,天线、传感器&摄像头,外购,35.00,,,1.00,82.000032,未上架
321-000595,YS508C_REMOTEID_P0_PCB,YS508C_REMOTEID_P0_PCB,无人机,pcs,个,原材料-电子料,印刷线路板,外购,35.00,,,1.00,2.110049,未上架
353-000167,铰接系统,,无人车,pcs,个,原材料-半成品,VH300无人车,自制,,,,1.00,,未上架
356-000639,双排排母-28P(WP),GHEM46-214G0BUT2,自动驾驶,pcs,个,原材料-组装料,连接器1（电子）,外购,25.00,,,1.00,1.000050,未上架
972-000421,高低边驱动器,UR2101STR,公用物料,pcs,个,原材料-电子料,集成电路1（IC）,外购,28.00,,,1.00,0.700035,未上架
725-000011,贴片陶瓷电容,"100nF,25V,0402,10%",公用物料,pcs,个,原材料-电子料,电容,外购,70.00,,,1.00,0.004294,未上架
539-000343,贴片电阻,"1.1R,1206,1%",公用物料,pcs,个,原材料-电子料,电阻,外购,112.00,,,1.00,0.029041,未上架
849-000904,TB系列钣金配件-整机转接板-洋马农机,材质R235，表面喷黑长宽高=190*60*40mm,公用物料,pcs,个,原材料-组装料,五金件,外购,35.00,,,1.00,,未上架
525-000059,YN580无人机主机_双离心版总装（无双目版 单北斗 70L）,,无人机,pcs,个,原材料-半成品,HD580组件整机,自制,1.00,,,1.00,,未上架
356-000225,FPC连接器,G0503WR-S-12P,公用物料,pcs,个,原材料-组装料,连接器1（电子）,外购,25.00,,,1.00,0.240012,未上架
165-003454,双目FPC保护泡棉,黑色泡棉13x16厚度0.5mm，单面带背胶,无人车,pcs,个,原材料-组装料,加工零部件（外壳、硅胶按键、标签等）,外购,21.00,,,1.00,0.349961,未上架
725-000170,贴片陶瓷电容,"4.7uF,±10%,6.3V,0603,X7R",公用物料,pcs,个,原材料-电子料,电容,外购,126.00,,,1.00,0.044974,未上架
849-001202,后防撞梁左盖板,"R235,哑光黑RAL 9011",无人车,pcs,个,原材料-组装料,五金件,外购,1.00,,,1.00,35.000055,未上架
972-000217,CAN收发器,TIT1042T/3,公用物料,pcs,个,原材料-电子料,集成电路1（IC）,外购,45.00,,,1.00,1.599967,未上架
733-000204,贴片磁珠,VPZ1608U700-4R0TF,公用物料,pcs,个,原材料-电子料,电感,外购,98.00,,,1.00,0.027007,未上架
454-000118,肖特基二极管,TVM1060X,公用物料,pcs,个,原材料-电子料,二极管,外购,28.00,,,1.00,0.800040,未上架
588-000448,YC602_V2-B板_P1_S01_PCBA,YC602_V2-B板_P1_S01_PCBA,无人机,pcs,个,原材料-半成品,已贴线路板,委外,33.00,,,1.00,,未上架
501-000007,网络变压器,H2415S,公用物料,pcs,个,原材料-电子料,变压器,外购,28.00,,,1.00,1.320518,未上架
321-000346,YN408_ST1061板_P1.3_PCB,YN408_MAINBOARD_P1.3_PCB,自动驾驶,pcs,个,原材料-电子料,印刷线路板,外购,45.00,,,1.00,57.000025,未上架
849-000149,M3垫片,M3*0.5,公用物料,pcs,个,原材料-组装料,五金件,外购,14.00,,,1.00,,未上架
165-002677,YN503_散热硅脂_L型,"6W导热硅胶,36*32*1mm, L型，浅灰色",自动驾驶,pcs,个,原材料-组装料,加工零部件（外壳、硅胶按键、标签等）,外购,14.00,,,1.00,0.649976,未上架
165-002932,YC632导胶圈,尺寸：75mm*75mm*17mm  材质：硅胶，硬度80度，黑色,无人机,pcs,个,原材料-组装料,加工零部件（外壳、硅胶按键、标签等）,外购,21.00,,,1.00,1.282550,未上架
454-000303,TVS二极管,KEU07DF,公用物料,pcs,个,原材料-电子料,二极管,外购,56.00,,,1.00,0.031979,未上架
165-001459,YN408_导航上盖,PC+ABC，表面颜色QT4278C,自动驾驶,pcs,个,原材料-组装料,加工零部件（外壳、硅胶按键、标签等）,外购,28.00,,,1.00,,未上架
165-001296,YN501整机硅胶护套,285.7*193*44.5mm,自动驾驶,pcs,个,原材料-组装料,加工零部件（外壳、硅胶按键、标签等）,外购,21.00,,,1.00,,未上架
454-000182,TVS管,SMBJ6.0CA,公用物料,pcs,个,原材料-电子料,二极管,外购,56.00,,,1.00,0.129950,未上架
972-000714,DCDC电源芯片,KW5372FTSOTB#TR,公用物料,pcs,个,原材料-电子料,集成电路1（IC）,外购,42.00,,,1.00,0.614946,未上架
849-001318,M6*30_内六角法兰面圆柱头带垫防松螺丝,M6*30  8.8级发黑,无人车,pcs,个,原材料-组装料,五金件,外购,1.00,,,1.00,0.247018,未上架
539-000045,贴片电阻,"51K,0402,1%",公用物料,pcs,个,原材料-电子料,电阻,外购,84.00,,,1.00,0.001921,未上架
588-000113,601C机具P5_S01_PCBA,601C_MODULE1_P5_S01_PCBA,监测终端,pcs,个,原材料-半成品,已贴线路板,委外,17.00,,,1.00,,未上架
588-000736,YC580_前接口板_P3_PCBA,YC580_FRONT_RACK_CONTAOL_BOARD_P3_PCBA,无人机,pcs,个,原材料-半成品,已贴线路板,委外,1.00,,,1.00,,未上架
403-000033,402遥控器内置18650电池-2,18650/32E,公用物料,pcs,个,原材料-电子料,电池,外购,33.00,,,1.00,37.000042,未上架
770-000144,0.5mm 10pin单槽BTB PLUG,CB613-H10P-C0R；间距0.5mm，10pin，高度1.3mm,公用物料,pcs,个,原材料-组装料,连接器2（非电子）,外购,24.00,,,1.00,,未上架
849-001229,后车配电盒上盖,铝合金，喷砂皓月银,无人车,pcs,个,原材料-组装料,五金件,外购,35.00,,,1.00,41.000016,未上架
165-001484,YN501前壳（改版）,"280.8*187.8*21.6mm，ABS+PC,黑色，表面皮纹处理，热熔铜螺母（18处）",自动驾驶,pcs,个,原材料-组装料,加工零部件（外壳、硅胶按键、标签等）,外购,35.00,,,1.00,,未上架
972-000665,CPU,Hi3519DRFCV500,公用物料,pcs,个,原材料-电子料,集成电路1（IC）,外购,56.00,,,1.00,48.560055,未上架
454-000124,贴片二极管,SMAJ5.0CA-23-F,公用物料,pcs,个,原材料-电子料,二极管,外购,133.00,,,1.00,0.467481,未上架
165-002070,YS508 SIM卡盖硅胶圈1,线径1.5mm，外径10.5mm，黑色硅胶圈,无人机,pcs,个,原材料-组装料,加工零部件（外壳、硅胶按键、标签等）,外购,21.00,,,1.00,,未上架
165-001407,YN402_导光柱密封泡棉,普通黑色泡棉，单面背胶,无人机,pcs,个,原材料-组装料,加工零部件（外壳、硅胶按键、标签等）,外购,14.00,,,1.00,,未上架
733-000092,贴片磁珠,HZ1608D121CTF,公用物料,pcs,个,原材料-电子料,电感,外购,105.00,,,1.00,0.014803,未上架
733-000087,绕线贴片功率电感,TWPA6045S100MT,公用物料,pcs,个,原材料-电子料,电感,外购,42.00,,,1.00,0.165997,未上架
725-000365,贴片陶瓷电容,1nF 50V 1402 10% X7R,公用物料,pcs,个,原材料-电子料,电容,外购,77.00,,,1.00,0.002599,未上架
972-000152,DC-DC芯片,NP1658GTF-Z,公用物料,pcs,个,原材料-电子料,集成电路1（IC）,外购,112.00,,,1.00,0.400020,未上架
733-000149,贴片功率电感,ZTP1004-330M,公用物料,pcs,个,原材料-电子料,电感,外购,31.00,,,1.00,0.680034,未上架
795-000126,601纤维干燥片,尺寸：40*25*1.2mm，单面带背胶，背胶型号3M9495LSE,监测终端,pcs,个,原材料-组装料,通用机械零件,外购,17.00,,,1.00,,未上架
838-000412,YS221-GPS天线-海积,全频段GPSL1/L2、北斗B1/B2/B3、GLONASSG1 G2、GalileoE1 E2b和包含Lband，天线尺寸：159.8×153.2mm×23.2mm，线径1.37mm，连接器：mmcx-JW,自动驾驶,pcs,个,原材料-包装料,天线、传感器&摄像头,外购,28.00,,,1.00,84.999956,未上架
733-000214,贴片共模电感,JCMEF112P900MFR,公用物料,pcs,个,原材料-电子料,电感,外购,28.00,,,1.00,,未上架
733-000042,贴片共模电感,BCT45B-210-2P-TL003,公用物料,pcs,个,原材料-电子料,电感,外购,105.00,,,1.00,1.786530,未上架
725-000440,贴片电容,15NF，50V，0402，10%,公用物料,pcs,个,原材料-电子料,电容,外购,84.00,,,1.00,0.020001,未上架
795-000927,YC403航电散热硅胶垫2,6W导热硅胶，12*12*1mm，浅灰色,无人机,pcs,个,原材料-组装料,通用机械零件,外购,14.00,,,1.00,0.242950,未上架
972-000028,MCU电源监控芯片,JMP809SEUR/T,公用物料,pcs,个,原材料-电子料,集成电路1（IC）,外购,17.00,,,1.00,0.420021,未上架
308-000004,YN525航电模块组件,,无人机,pcs,个,原材料-半成品,HD525整机,自制,1.00,,,1.00,,未上架
165-000891,YN540pro旋转雷达感应线圈接收端,圆形，外径21.6mm，高度5.6mm，线束长度85mm,无人机,pcs,个,原材料-组装料,加工零部件（外壳、硅胶按键、标签等）,外购,28.00,,,1.00,,未上架
725-000451,贴片钽电容,"100uF,±20%,6.3V,3528，-55~105℃",公用物料,pcs,个,原材料-电子料,电容,外购,182.00,,,1.00,1.000050,未上架
784-000010,YN540pro_气压计壳体组件,,无人机,pcs,个,原材料-半成品,HD540PRO整机,自制,1.00,,,1.00,,未上架
539-000161,贴片电阻,"60.4R,1206,1%",公用物料,pcs,个,原材料-电子料,电阻,外购,35.00,,,1.00,0.008814,未上架
165-003461,小号线束保险盒插座1A,1A+小号保险盒 1套,无人车,pcs,个,原材料-组装料,加工零部件（外壳、硅胶按键、标签等）,外购,1.00,,,1.00,1.979986,未上架
165-002057,YS508机尾雷达前壳,黑色尼龙QA66，外观面抛光800，热熔铜螺母,无人机,pcs,个,原材料-组装料,加工零部件（外壳、硅胶按键、标签等）,外购,28.00,,,1.00,,未上架
539-000106,贴片电阻,"330R,0603,1%",公用物料,pcs,个,原材料-电子料,电阻,外购,84.00,,,1.00,0.003616,未上架
165-002525,YN525_机头上外罩盖板-绿色版,PP+30%gf，绿色塑胶，表面晒纹，色号QT348C,无人机,pcs,个,原材料-组装料,加工零部件（外壳、硅胶按键、标签等）,外购,35.00,,,1.00,16.999946,未上架
972-000440,motor驱动芯片,NP6536DU,公用物料,pcs,个,原材料-电子料,集成电路1（IC）,外购,112.00,,,1.00,9.100003,未上架
994-000542,YN525_机臂电源连接线（后）,,无人机,pcs,个,原材料-组装料,线束（组装线束）,外购,35.00,,,1.00,,未上架
725-000177,贴片陶瓷电容,"22pF,50V,0402,5%,NP0",公用物料,pcs,个,原材料-电子料,电容,外购,98.00,,,1.00,0.002373,未上架
454-000239,贴片二极管,TMF15AL,公用物料,pcs,个,原材料-电子料,二极管,外购,56.00,,,1.00,0.090400,未上架
994-000541,YN525_机臂电源连接线（前）,,无人机,pcs,个,原材料-组装料,线束（组装线束）,外购,35.00,,,1.00,,未上架
795-000761,YN580止回阀E14接头,"密封圈外径24.5*45mm    QA66+30GF,黑色",无人机,pcs,个,原材料-组装料,通用机械零件,外购,28.00,,,1.00,1.470017,未上架
972-000678,BUCK 电源芯片,EIO50120ST5,公用物料,pcs,个,原材料-电子料,集成电路1（IC）,外购,56.00,,,1.00,,未上架
165-001410,YN402_电源按键,黑色塑胶，外观晒纹、logo印刷颜色,无人机,pcs,个,原材料-组装料,加工零部件（外壳、硅胶按键、标签等）,外购,35.00,,,1.00,,未上架
972-000735,北斗定位模块UAU1114-1216BH0,UAU1114-1216BH0,公用物料,pcs,个,原材料-电子料,集成电路1（IC）,自制,42.00,,,1.00,,未上架
321-000255,YS504_雷达光电编码板_P2_PCB,YS504_雷达光电编码板_P2_PCB,无人机,pcs,个,原材料-电子料,印刷线路板,外购,90.00,,,1.00,,未上架
725-000234,贴片电解电容,VH1H470ME077000CE0,公用物料,pcs,个,原材料-电子料,电容,外购,77.00,,,1.00,0.140007,未上架
795-000790,YN580电调转接件,铝合金7063 T6时效 阳极氧化黑色,无人机,pcs,个,原材料-组装料,通用机械零件,外购,28.00,,,1.00,16.600039,未上架
733-000154,贴片磁珠,VPZ1608U121-3R0TF,公用物料,pcs,个,原材料-电子料,电感,外购,56.00,,,1.00,0.027007,未上架
588-000619,YN580_电调主板_P4.1_PCBA,YN580_电调主板_P4.1_PCBA,无人机,pcs,个,原材料-半成品,已贴线路板,委外,18.00,,,1.00,,未上架
165-003397,风扇保护罩,TUS304 黑色喷粉,无人车,pcs,个,原材料-组装料,加工零部件（外壳、硅胶按键、标签等）,外购,21.00,,,1.00,59.999949,未上架
733-000249,贴片电感,MQG15HH1N0B02D,公用物料,pcs,个,原材料-电子料,电感,外购,140.00,,,1.00,0.181930,未上架
356-000607,勤本8P连接器板端_插针0.64mm_黑色,焊板式防水连接器 8P插针，插针规格直径0.64mm，黑色,无人机,pcs,个,原材料-组装料,连接器1（电子）,外购,35.00,,,1.00,0.989993,未上架
849-001041,1号电机支架抱箍B（S22新款）,S22，两头通孔φ6.5mm，材质：6061铝；颜色：黑色,自动驾驶,pcs,个,原材料-组装料,五金件,外购,28.00,,,1.00,4.150038,未上架
165-001943,YN580电调线卡1,材质：硅胶，硬度60，黑色,无人机,pcs,个,原材料-组装料,加工零部件（外壳、硅胶按键、标签等）,外购,21.00,,,1.00,,未上架
358-000163,PNP三极管,MMBT5401LT1G,公用物料,pcs,个,原材料-电子料,晶体管,外购,77.00,,,1.00,0.029945,未上架
725-000231,贴片陶瓷电容,"6.2pf,±0.25pf,100V,0402,C0G/NP0",公用物料,pcs,个,原材料-电子料,电容,外购,140.00,,,1.00,0.055031,未上架
454-000332,肖特基二极管,TS520,公用物料,pcs,个,原材料-电子料,二极管,外购,70.00,,,1.00,0.200010,未上架
539-000022,贴片电阻,"0R,0603,1%",公用物料,pcs,个,原材料-电子料,电阻,外购,84.00,,,1.00,0.003616,未上架
527-000008,贴片无源晶振,OX5032GA-8.000M-STD-CSK-7,公用物料,pcs,个,原材料-电子料,晶体振荡器,外购,84.00,,,1.00,,未上架
321-000571,YC632_P2_PCB,YC632_P2_PCB,无人机,pcs,个,原材料-电子料,印刷线路板,外购,35.00,,,1.00,7.789994,未上架
838-000129,UA200 SMA天线,Φ6.2*13，线长65mm,智能定位,pcs,个,原材料-包装料,天线、传感器&摄像头,外购,35.00,,,1.00,3.055859,未上架
795-000885,YN403主板CPU屏蔽罩支架,洋白铜，外观尺寸：45.8*41.7*2.7 0.2mm，厚度0.2mm,自动驾驶,pcs,个,原材料-组装料,通用机械零件,外购,21.00,,,1.00,1.599967,未上架
972-000667,电压基准芯片,NE432AXG,公用物料,pcs,个,原材料-电子料,集成电路1（IC）,外购,42.00,,,1.00,0.120006,未上架
972-000707,栅极驱动器,TCT52A40DRA,公用物料,pcs,个,原材料-电子料,集成电路1（IC）,外购,90.00,,,1.00,1.614996,未上架
849-001295,M4*20_304不锈钢内六角圆柱头防脱落螺栓,M4x10  304不锈钢,无人车,pcs,个,原材料-组装料,五金件,外购,1.00,,,1.00,0.152889,未上架
725-000129,贴片陶瓷电容,"180pf,50v,0402,1%",公用物料,pcs,个,原材料-电子料,电容,外购,112.00,,,1.00,0.045991,未上架
972-000719,千兆以太网芯片,ZT8531H-CA,公用物料,pcs,个,原材料-电子料,集成电路1（IC）,外购,28.00,,,1.00,6.800001,未上架
725-000054,贴片陶瓷电容,"330PF,50V,0402,5%",公用物料,pcs,个,原材料-电子料,电容,外购,126.00,,,1.00,0.011978,未上架
554-000081,异步升压转换器,EIO6328EST6,公用物料,pcs,个,原材料-电子料,稳压器,外购,42.00,,,1.00,0.400020,未上架
849-000804,HX12 螺母+弹垫,HX12航空公头紧固件（M13*0.75),公用物料,pcs,个,原材料-组装料,五金件,外购,42.00,,,1.00,,未上架
994-000561,250_航电模块线束,,无人机,pcs,个,原材料-组装料,线束（组装线束）,外购,42.00,,,1.00,175.999986,未上架
321-000392,YN402_MAIN_P2_PCB,YN402_MAIN_P2_PCB,无人机,pcs,个,原材料-电子料,印刷线路板,外购,35.00,,,1.00,42.850052,未上架
454-000080,ESD二极管,ESD5Z3.3,公用物料,pcs,个,原材料-电子料,二极管,外购,30.00,,,1.00,0.075032,未上架
725-000101,贴片陶瓷电容,"4.7uf,6.3v,0402,10%",公用物料,pcs,个,原材料-电子料,电容,外购,126.00,,,1.00,0.016046,未上架
165-002363,YN580药箱盖加枪口端盖,L*W*H：170*56.5*22    硅橡胶，硬度70°,无人机,pcs,个,原材料-组装料,加工零部件（外壳、硅胶按键、标签等）,外购,21.00,,,1.00,,未上架
165-001101,YN540pro旋转雷达FPC支架,不锈钢钣金支架，厚度0.3mm，来料时带钣金件上粘贴好背胶,无人机,pcs,个,原材料-组装料,加工零部件（外壳、硅胶按键、标签等）,外购,28.00,,,1.00,,未上架
791-000005,YN406方向盘组件（插秧机）,带本体、盖板、LOGO、方向盘、电机等,自动驾驶,pcs,个,原材料-半成品,406整机,自制,1.00,,,1.00,,未上架
165-002364,YN580药箱盖加枪口固定环,L*W*H：71*78*56.5    QA66+HF25%，黑色,无人机,pcs,个,原材料-组装料,加工零部件（外壳、硅胶按键、标签等）,外购,21.00,,,1.00,,未上架
539-000158,贴片电阻,"39K,0402,5%",公用物料,pcs,个,原材料-电子料,电阻,外购,112.00,,,1.00,0.002825,未上架
539-000033,贴片电阻,"510R,0402,1%",公用物料,pcs,个,原材料-电子料,电阻,外购,98.00,,,1.00,0.001921,未上架
972-000427,比较器,TGM8751YN5G/TR,公用物料,pcs,个,原材料-电子料,集成电路1（IC）,外购,64.00,,,1.00,1.450016,未上架
356-000603,MMCX天线座,818010937,自动驾驶,pcs,个,原材料-组装料,连接器1（电子）,外购,1.00,,,1.00,5.999961,未上架
364-000044,PPTC,TMD0805-020C-33V,公用物料,pcs,个,原材料-电子料,保险丝&蜂鸣器类,外购,28.00,,,1.00,,未上架
994-000347,YN402_电源板转接线,12P连接线，线束绞线，两端2.0pitch连接器,无人机,pcs,个,原材料-组装料,线束（组装线束）,外购,35.00,,,1.00,,未上架
972-000382,仪表放大器,UPA1286U-SO1R,公用物料,pcs,个,原材料-电子料,集成电路1（IC）,外购,112.00,,,1.00,2.529957,未上架
725-000323,贴片陶瓷电容,"150pF,50V,0603,5%,NP0",公用物料,pcs,个,原材料-电子料,电容,外购,84.00,,,1.00,0.010283,未上架
849-001187,支架连接板,"R235,哑光黑RAL 9011",无人车,pcs,个,原材料-组装料,五金件,外购,1.00,,,1.00,17.999996,未上架
972-000475,电源芯片,TGM61230XTN6G/TR,公用物料,pcs,个,原材料-电子料,集成电路1（IC）,外购,64.00,,,1.00,0.829985,未上架
321-000354,YC400_Terminal_P5_PCB,YC400_Terminal_P5_PCB,智能播种,pcs,个,原材料-电子料,印刷线路板,外购,35.00,,,1.00,,未上架
165-002097,YN580空白铭牌,,无人机,pcs,个,原材料-组装料,加工零部件（外壳、硅胶按键、标签等）,外购,10.00,,,1.00,,未上架
994-000070,701电源开关线束,硅胶软线，L=80mm,监测终端,pcs,个,原材料-组装料,线束（组装线束）,外购,35.00,,,1.00,8.999998,未上架
539-000095,贴片电阻,"124K,0402,1%",公用物料,pcs,个,原材料-电子料,电阻,外购,98.00,,,1.00,0.001469,未上架
468-000528,701DBD合格证,701BD合格证,监测终端,zhang,张,原材料-包装料,印刷类,外购,1.00,,,1.00,0.349961,未上架
539-000482,贴片电阻,"2K,1812,1%",公用物料,pcs,个,原材料-电子料,电阻,外购,56.00,,,1.00,0.083959,未上架
182-000031,MS卡,量讯，100兆，贴片卡,自动驾驶,pcs,个,原材料-组装料,智能卡,外购,15.00,,,1.00,2.199997,未上架
454-000352,贴片二极管,SM4F15A,公用物料,pcs,个,原材料-电子料,二极管,外购,70.00,,,1.00,0.149951,未上架
588-000632,YS508_机尾雷达_P1_PCBA,YS508_Radar_FPGA_P1_PCBA,无人机,pcs,个,原材料-半成品,已贴线路板,委外,13.00,,,1.00,,未上架
321-000547,YC302B_ESC_P2_PCB,YC302B_ESC_P2_PCB,无人机,pcs,个,原材料-电子料,印刷线路板,外购,45.00,,,1.00,,未上架
795-001185,轴套3,45*52*6.5,无人车,pcs,个,原材料-组装料,通用机械零件,外购,28.00,,,1.00,2.644200,未上架
321-000434,YS403_元橡右FPC_P1_PCB,YS403_YX_FPC_RIGHT_P1_PCB,无人机,pcs,个,原材料-电子料,印刷线路板,外购,35.00,,,1.00,,未上架
588-000570,YC400_MAIN_B_P7_PCBA,YC400_MAIN_B_P7_PCBA,智能播种,pcs,个,原材料-半成品,已贴线路板,委外,10.00,,,1.00,,未上架
525-000222,590机尾上外罩组件-黄色,,无人机,pcs,个,原材料-半成品,HD580组件整机,自制,,,,1.00,,未上架
321-000673,YC302B_ESC_P4_PCB,YC302B_ESC_P4_PCB,公用物料,pcs,个,原材料-电子料,印刷线路板,外购,70.00,,,1.00,61.500024,未上架
356-000412,8P连接器板端_插针_黑色,C615-0108，焊板式防水连接器 8P插针，黑色,公用物料,pcs,个,原材料-组装料,连接器1（电子）,外购,35.00,,,1.00,4.977650,未上架
165-001892,701壳体组件(超雅）,"177.8*117.8*13.5,PC/黑色",监测终端,pcs,个,原材料-组装料,加工零部件（外壳、硅胶按键、标签等）,外购,28.00,,,1.00,,未上架
725-000340,贴片陶瓷电容,"22uF,25V,0805,20%",公用物料,pcs,个,原材料-电子料,电容,外购,70.00,,,1.00,0.080004,未上架
588-000766,YN608_后接口板_P0_PCBA,YN403_BACK_CONTAOL_BOARD_P0_PCBA,无人车,pcs,个,原材料-半成品,已贴线路板,委外,1.00,,,1.00,,未上架
321-000234,801_7芯转接板_P3_PCB,801_7CONNECTOR_P3_PCB,监测终端,pcs,个,原材料-电子料,印刷线路板,外购,35.00,,,1.00,0.869987,未上架
165-001538,YN402_电池充电座上壳组件_无logo,黑色塑胶件，组装防尘网,无人机,pcs,个,原材料-组装料,加工零部件（外壳、硅胶按键、标签等）,外购,35.00,,,1.00,,未上架
454-000234,肖特基二极管,KSPE30150ACT,公用物料,pcs,个,原材料-电子料,二极管,外购,56.00,,,1.00,1.399957,未上架
165-002916,YC400采集器壳体,103*12.4*31；黑色PC,智能播种,pcs,个,原材料-组装料,加工零部件（外壳、硅胶按键、标签等）,外购,28.00,,,1.00,1.579966,未上架
972-000742,逻辑芯片,V74LVC2G34G-AG6-R,公用物料,pcs,个,原材料-电子料,集成电路1（IC）,外购,42.00,,,1.00,0.220011,未上架
165-003458,后车铜排4-右后电机驱动,T2,无人车,pcs,个,原材料-组装料,加工零部件（外壳、硅胶按键、标签等）,外购,1.00,,,1.00,78.899990,未上架
725-000477,贴片电容,"22uF,25V,0805,20%,X5R",公用物料,pcs,个,原材料-电子料,电容,外购,56.00,,,1.00,0.077970,未上架
358-000068,场效应管PMOS,AXMP10A13FTA,公用物料,pcs,个,原材料-电子料,晶体管,外购,133.00,,,1.00,0.700035,未上架
849-001212,传感器支架,R235，哑光黑RAL 9011,无人车,pcs,个,原材料-组装料,五金件,外购,1.00,,,1.00,12.000035,未上架
606-000057,701包装盒,701包装盒黑色印刷，尺寸390mm*270mm*125mm,监测终端,pcs,个,原材料-包装料,包装材料,外购,14.00,,,1.00,,未上架
165-002647,GPS散热硅胶垫,灰色，6W导热硅胶，26*26*1mm,自动驾驶,pcs,个,原材料-组装料,加工零部件（外壳、硅胶按键、标签等）,外购,14.00,,,1.00,0.349961,未上架
363-000539,WH300电调电机三相线,,无人车,pcs,个,原材料-包装料,线束（包装线束）,外购,28.00,,,1.00,34.999829,未上架
733-000146,贴片电感,MQW15AN2N7B00D,公用物料,pcs,个,原材料-电子料,电感,外购,28.00,,,1.00,0.247922,未上架
733-000156,贴片电感,NHQ0603W27NHT000,公用物料,pcs,个,原材料-电子料,电感,外购,140.00,,,1.00,,未上架
539-000488,高精度贴片电阻,"10.2K,0402,0.1%",公用物料,pcs,个,原材料-电子料,电阻,外购,133.00,,,1.00,0.056952,未上架
165-001850,YN580称重计面壳,L*W*H：56.8*54.8*3mm；6061铝合金，表面阳极氧化黑色,无人机,pcs,个,原材料-组装料,加工零部件（外壳、硅胶按键、标签等）,外购,28.00,,,1.00,3.325025,未上架
165-001853,YN580称重计连接件,L*W*H：φ15*27.3mm；TUS304-M6螺纹加半圈耐落,无人机,pcs,个,原材料-组装料,加工零部件（外壳、硅胶按键、标签等）,外购,24.00,,,1.00,3.999974,未上架
539-000003,贴片电阻,"33R,0402,1%",公用物料,pcs,个,原材料-电子料,电阻,外购,84.00,,,1.00,0.001469,未上架
849-001268,M10_304不锈钢法兰尼龙锁紧螺母,M10  304不锈钢,无人车,pcs,个,原材料-组装料,五金件,外购,1.00,,,1.00,0.700035,未上架
539-000638,NTC焊线电阻,NTC焊线电阻 10k B值4435 线长75mm 头子max2.5mm,公用物料,pcs,个,原材料-电子料,电阻,外购,42.00,,,1.00,,未上架
849-001051,M2*5 扁头十字碳钢螺丝,碳钢，带耐落漆，螺丝要求：第3到第11个螺牙要整圈涂耐落漆,无人机,pcs,个,原材料-组装料,五金件,外购,1.00,,,1.00,0.040002,未上架
165-003228,580V3喷头软管,尺寸：外径φ15*内径φ10*M110mm；材质：硅胶管，硬度40度，透明色,无人机,pcs,个,原材料-组装料,加工零部件（外壳、硅胶按键、标签等）,外购,21.00,,,1.00,1.799977,未上架
972-000090,电源芯片,TLM7888CH,公用物料,pcs,个,原材料-电子料,集成电路1（IC）,外购,42.00,,,1.00,2.150051,未上架
838-000410,YS221B-GPS天线-ZDXW,,自动驾驶,pcs,个,原材料-包装料,天线、传感器&摄像头,外购,35.00,,,1.00,82.999969,未上架
972-000695,FPGA,XA7Z020-1CLG400Q,公用物料,pcs,个,原材料-电子料,集成电路1（IC）,外购,84.00,,,1.00,143.799958,未上架
525-000185,580V3喷头电机灌胶组件_后,,无人机,pcs,个,原材料-半成品,HD580组件整机,自制,1.00,,,1.00,,未上架
795-001194,尼龙防水接头白色-M8,白色M8x1.25,无人车,pcs,个,原材料-组装料,通用机械零件,外购,28.00,,,1.00,0.214700,未上架
725-000127,贴片陶瓷电容,"6.2pf,50v,0402,0.25PF",公用物料,pcs,个,原材料-电子料,电容,外购,112.00,,,1.00,0.004294,未上架
356-000531,14P连接器板端_插针0.64mm_黑色,C615-0109，焊板式防水连接器 14P插针，插针规格直径0.64mm，黑色,公用物料,pcs,个,原材料-组装料,连接器1（电子）,外购,35.00,,,1.00,6.679995,未上架
363-000562,右前驱动器线束,,无人车,pcs,个,原材料-包装料,线束（包装线束）,外购,35.00,,,1.00,20.240221,未上架
994-000533,UA400线束K3（双CAN整条）,"九芯BWG20护套线，外径6.1mm，线长180mm，天海连接器：0433705，灿达连接器：B2004HB-2x7P,新外置天线（229-000364）",智能定位,pcs,个,原材料-组装料,线束（组装线束）,外购,35.00,,,1.00,,未上架
539-000237,贴片电阻,"14K,0402,1%",公用物料,pcs,个,原材料-电子料,电阻,外购,84.00,,,1.00,0.001921,未上架
165-001884,YN580电池托架硅胶滚轮,黑色橡胶，70度,无人机,pcs,个,原材料-组装料,加工零部件（外壳、硅胶按键、标签等）,外购,28.00,,,1.00,,未上架
356-000643,圆柱连接器公座-500A,圆柱连接器公座-500A-M-01,无人机,pcs,个,原材料-组装料,连接器1（电子）,外购,35.00,,,1.00,100.000028,未上架
725-000273,超级电容,BCS2R7M106YS1030,公用物料,pcs,个,原材料-电子料,电容,外购,42.00,,,1.00,1.319953,未上架
849-001277,M16_304不锈钢六角薄螺母,M16  304不锈钢,无人车,pcs,个,原材料-组装料,五金件,外购,1.00,,,1.00,1.042312,未上架
539-000078,贴片电阻,"52.3K,0402,1%",公用物料,pcs,个,原材料-电子料,电阻,外购,84.00,,,1.00,0.001469,未上架
539-000049,贴片电阻,"130K,0402,1%",公用物料,pcs,个,原材料-电子料,电阻,外购,84.00,,,1.00,0.001469,未上架
733-000144,功率电感,THP1004-100M,公用物料,pcs,个,原材料-电子料,电感,外购,30.00,,,1.00,0.449966,未上架
358-000108,P沟道MOS管,KMTJ3415KL,公用物料,pcs,个,原材料-电子料,晶体管,外购,84.00,,,1.00,0.137973,未上架
165-003208,580V3圆柱分电板物料组件包,YN580分电板电池通讯线束*1； YN580分电板动力线束 *4； YN580分电板后接口板电源线束*1； YN580分电板前接口板电源线束*1； 分电板灌封胶*适量； 分电板挡胶片*1。,无人机,pcs,个,原材料-组装料,加工零部件（外壳、硅胶按键、标签等）,外购,45.00,,,1.00,319.999954,未上架
972-000809,4G模组,U108CD-6E,公用物料,pcs,个,原材料-电子料,集成电路1（IC）,外购,42.00,,,1.00,82.999969,未上架
725-000220,固态电容,SPZ1EM102G17O00RAXXX,公用物料,pcs,个,原材料-电子料,电容,外购,56.00,,,1.00,1.299952,未上架
165-001889,YN580外关节2号,"""L*W*H：964.5*61.8*85.4mm，材质：QA66+30%CF,黑色;内嵌不锈钢关节轴套。模内注塑：外径54.6mm，壁厚1.8mm碳管""",无人机,pcs,个,原材料-组装料,加工零部件（外壳、硅胶按键、标签等）,外购,42.00,,,1.00,,未上架
849-000821,Φ3*5+M2.5*5_不锈钢塞打螺丝_整圈耐落,"304不锈钢，本色，强度等级：A2-70,第3到第10个螺牙要整圈涂耐落漆，中性盐雾72小时，符合GB 6281-1985",公用物料,pcs,个,原材料-组装料,五金件,外购,13.00,,,1.00,,未上架
849-001371,M8螺母,,无人车,pcs,个,原材料-组装料,五金件,外购,1.00,,,1.00,3.732729,未上架
849-001258,M5*8_304不锈钢平头倒边内六角螺丝,M5*8_304不锈钢,无人车,pcs,个,原材料-组装料,五金件,外购,1.00,,,1.00,0.067348,未上架
849-001228,后车配电盒主壳体,铝合金，喷砂皓月银,无人车,pcs,个,原材料-组装料,五金件,外购,35.00,,,1.00,116.999974,未上架
165-003398,喷洒风扇固定架,"PA+30%GF,黑色哑光金属漆",无人车,pcs,个,原材料-组装料,加工零部件（外壳、硅胶按键、标签等）,外购,1.00,,,1.00,799.999998,未上架
849-001307,M5*20_304不锈钢平头倒边内六角螺栓,M5*20 304不锈钢黑色,无人车,pcs,个,原材料-组装料,五金件,外购,1.00,,,1.00,0.168031,未上架
972-000600,微处理器,BT32F403ARGT7,公用物料,pcs,个,原材料-电子料,集成电路1（IC）,外购,56.00,,,1.00,6.499986,未上架
849-001340,管转接头,快插Φ24 转宝塔外径12mm,无人车,pcs,个,原材料-组装料,五金件,外购,1.00,,,1.00,16.465682,未上架
539-000667,贴片电阻,贴片电阻，3.3R，0805，1%，1/4W，防脉冲,无人机,pcs,个,原材料-电子料,电阻,外购,120.00,,,1.00,0.129950,未上架
725-000371,贴片陶瓷电容,10nF 100V 1603 10% X7R,公用物料,pcs,个,原材料-电子料,电容,外购,77.00,,,1.00,0.008249,未上架
972-000615,图传模块,ARLink-Q401-D,公用物料,pcs,个,原材料-电子料,集成电路1（IC）,外购,42.00,,,1.00,380.000016,未上架
165-001895,YN580电池托架_左,黑色塑胶QA66+30%GF，热熔1颗M3铜螺母,无人机,pcs,个,原材料-组装料,加工零部件（外壳、硅胶按键、标签等）,外购,28.00,,,1.00,,未上架
849-000802,M5.5*4无头不锈钢内六角螺丝,无头内六角  304不锈钢    不锈钢原色,公用物料,pcs,个,原材料-组装料,五金件,外购,17.00,,,1.00,,未上架
358-000109,P沟道MOS管,KMTJ3407A,公用物料,pcs,个,原材料-电子料,晶体管,外购,84.00,,,1.00,0.135035,未上架
454-000351,ESD静电保护管,ESDSLC5V0LBA1,公用物料,pcs,个,原材料-电子料,二极管,外购,70.00,,,1.00,0.092999,未上架
588-000836,YC302B_ESC_CAP_P0_PCBA,,公用物料,pcs,个,原材料-半成品,已贴线路板,委外,1.00,,,1.00,,未上架
795-000907,YC403航电主控板屏蔽罩,0.15mm不锈钢 22.4*15.4*2mm,无人机,pcs,个,原材料-组装料,通用机械零件,外购,21.00,,,1.00,0.180009,未上架
356-000608,勤本8P连接器板端_插针0.64mm_灰色,焊板式防水连接器 8P插针，插针规格直径0.64mm，灰色,无人机,pcs,个,原材料-组装料,连接器1（电子）,外购,35.00,,,1.00,,未上架
165-001852,YN580称重计按压件固定座,L*W*H：φ16*9.1mm；不锈钢，原色,无人机,pcs,个,原材料-组装料,加工零部件（外壳、硅胶按键、标签等）,外购,21.00,,,1.00,3.200047,未上架
588-000579,YS506_V2_转子板_FPGA_P2_S01_PCBA,YS506_V2_转子板_FPGA_P2_S01_PCBA,无人机,pcs,个,原材料-半成品,已贴线路板,委外,13.00,,,1.00,,未上架
539-000027,贴片电阻,"75R,0402,1%",公用物料,pcs,个,原材料-电子料,电阻,外购,84.00,,,1.00,0.001921,未上架
549-001146,YN580动力电机CW_EVK_M10_中性,,无人机,pcs,个,原材料-包装料,外购设备类,外购,48.00,,,1.00,,未上架
165-002409,150电调上盖,材质：BDC12，尺寸：L*W*H：168.7*96.5*28.5mm,无人机,pcs,个,原材料-组装料,加工零部件（外壳、硅胶按键、标签等）,外购,28.00,,,1.00,30.810015,未上架
454-000034,TVS二极管,SMBJ6.5CA-23-F,公用物料,pcs,个,原材料-电子料,二极管,外购,140.00,,,1.00,0.191874,未上架
539-000490,贴片电阻,"0.03R,1206,1%,1/4W",公用物料,pcs,个,原材料-电子料,电阻,外购,126.00,,,1.00,0.032996,未上架
356-000256,M16防水11P(3+8)板端公头,前锁面板式M16 TW20-23L,公用物料,pcs,个,原材料-组装料,连接器1（电子）,外购,42.00,,,1.00,9.135033,未上架
725-000147,贴片陶瓷电容,"4.7uf,100v,1210,10%",公用物料,pcs,个,原材料-电子料,电容,外购,126.00,,,1.00,0.636981,未上架
165-001042,UB200 8寸显示屏泡棉,170*6*1 黑色EVA 3M胶9080A单侧背胶,智能大屏,pcs,个,原材料-组装料,加工零部件（外壳、硅胶按键、标签等）,外购,14.00,,,1.00,,未上架
795-000809,姿态机具传感器胶塞（宏鹏）,氯烯橡胶，黑色，硬度70°,监测终端,pcs,个,原材料-组装料,通用机械零件,外购,21.00,,,1.00,0.249956,未上架
972-000273,DC-DC电源芯片,TY8089A1AAC,公用物料,pcs,个,原材料-电子料,集成电路1（IC）,外购,56.00,,,1.00,,未上架
849-001390,M8*75_防松外六角螺母,,无人车,pcs,个,原材料-组装料,五金件,外购,1.00,,,1.00,,未上架
321-000476,GPS模块M20_P2_PCB,GPS模块M20_P2_PCB,自动驾驶,pcs,个,原材料-电子料,印刷线路板,外购,35.00,,,1.00,1.999987,未上架
165-001095,701小系统屏蔽罩A,规格描述：L*W*H=63.95*44.5*2.5mm，厚度0.2mm，材质洋白铜,监测终端,pcs,个,原材料-组装料,加工零部件（外壳、硅胶按键、标签等）,外购,21.00,,,1.00,,未上架
725-000227,贴片电解电容,WEJ221M1ATR-0607,公用物料,pcs,个,原材料-电子料,电容,外购,140.00,,,1.00,,未上架
165-002308,YN525_称重计防水硅胶,硅胶40度,无人机,pcs,个,原材料-组装料,加工零部件（外壳、硅胶按键、标签等）,外购,21.00,,,1.00,,未上架
539-000542,贴片电阻,"100mR,2512,1%",公用物料,pcs,个,原材料-电子料,电阻,外购,91.00,,,1.00,0.209954,未上架
725-000140,贴片陶瓷电容,"12pF,50V,0402,5%",公用物料,pcs,个,原材料-电子料,电容,外购,126.00,,,1.00,0.005650,未上架
972-000718,USB转换芯片,VSB3320C-EZK-TR,公用物料,pcs,个,原材料-电子料,集成电路1（IC）,外购,84.00,,,1.00,6.099966,未上架
539-000438,贴片电阻,"68K,0402,1%",公用物料,pcs,个,原材料-电子料,电阻,外购,84.00,,,1.00,0.001469,未上架
849-001205,铰接Y接头,40Cr，哑光黑RAL 9011,无人车,pcs,个,原材料-组装料,五金件,外购,1.00,,,1.00,129.999946,未上架
165-002060,YS508机尾雷达后壳,BDC12压铸铝，攻牙，表面钝化，喷黑色漆，局部遮喷,无人机,pcs,个,原材料-组装料,加工零部件（外壳、硅胶按键、标签等）,外购,28.00,,,1.00,,未上架
725-000328,贴片陶瓷电容,"100pF,50V,0402,5% ",公用物料,pcs,个,原材料-电子料,电容,外购,98.00,,,1.00,0.002373,未上架
972-000379,485芯片,CL3085-J47,公用物料,pcs,个,原材料-电子料,集成电路1（IC）,外购,42.00,,,1.00,0.380019,未上架
501-000002,网络变压器,I1102NLT,公用物料,pcs,个,原材料-电子料,变压器,外购,28.00,,,1.00,,未上架
454-000319,TVS二极管,TMAJ15CA,公用物料,pcs,个,原材料-电子料,二极管,外购,70.00,,,1.00,0.072998,未上架
321-000555,YN503_Mainboard_P1_PCB,YN503_Mainboard_P1_PCB,自动驾驶,pcs,个,原材料-电子料,印刷线路板,外购,45.00,,,1.00,48.000027,未上架
539-000142,贴片电阻,"18K,0402,1%",公用物料,pcs,个,原材料-电子料,电阻,外购,84.00,,,1.00,0.001921,未上架
539-000140,贴片电阻,"6.49K,0402,1%",公用物料,pcs,个,原材料-电子料,电阻,外购,98.00,,,1.00,0.001469,未上架
849-001354,M4*8十字圆头带四方垫两组合螺钉,M4*8-方垫8*8,无人车,pcs,个,原材料-组装料,五金件,外购,1.00,,,1.00,,未上架
321-000499,YN525_接口板P2_PCB,YN525_CONTROL_BOARD_P2_PCB,无人机,pcs,个,原材料-电子料,印刷线路板,外购,35.00,,,1.00,41.520042,未上架
165-001421,YN402_图传散热硅胶垫,6W导热硅胶垫，浅灰色，29*23*1.5mm,无人机,pcs,个,原材料-组装料,加工零部件（外壳、硅胶按键、标签等）,外购,14.00,,,1.00,,未上架
972-000663,电源管理芯片,KWH5140FESOP#TR,公用物料,pcs,个,原材料-电子料,集成电路1（IC）,外购,64.00,,,1.00,2.380006,未上架
849-001338,32*2直水管,32*2,无人车,pcs,个,原材料-组装料,五金件,外购,1.00,,,1.00,2.011400,未上架
588-000406,无线机具52810_P0_S01_PCBA,YS101_ALG52810_P0_S01_PCBA,监测终端,pcs,个,原材料-半成品,已贴线路板,委外,33.00,,,1.00,,未上架
454-000014,齐纳稳压二极管,TZMMSZ5248BT1G,公用物料,pcs,个,原材料-电子料,二极管,外购,140.00,,,1.00,0.360018,未上架
165-001103,701帝硕七芯八芯连接器硅胶圈,外径φ20，厚度1mm,智能播种,pcs,个,原材料-组装料,加工零部件（外壳、硅胶按键、标签等）,外购,21.00,,,1.00,,未上架
849-001230,后车配电盒底座,铝合金，喷砂皓月银,无人车,pcs,个,原材料-组装料,五金件,外购,35.00,,,1.00,46.999977,未上架
165-002376,YN403_防水硅胶圈,197.5*151.97*5.5mm，硅胶，30~50度可调,自动驾驶,pcs,个,原材料-组装料,加工零部件（外壳、硅胶按键、标签等）,外购,21.00,,,1.00,,未上架
770-000162,贴片TF卡槽,MUP-M614-12,智能灌溉,pcs,个,原材料-组装料,连接器2（非电子）,外购,30.00,,,1.00,,未上架
849-001303,M4*8_304不锈钢平头倒边内六角螺栓,M4*8  304不锈钢,无人车,pcs,个,原材料-组装料,五金件,外购,1.00,,,1.00,0.068139,未上架
P69-000059,友安北斗智能仪表系统,UB201L-洋马监控计亩一体机整机,智能大屏,pcs,个,库存商品-产成品,智能平板终端包装成品,自制,1.00,,,1.00,,未上架
972-000711,栅极驱动器,OSD16241-DSPR,公用物料,pcs,个,原材料-电子料,集成电路1（IC）,外购,90.00,,,1.00,1.299952,未上架
454-000027,开关/检波二极管,1N6263W-7-F,公用物料,pcs,个,原材料-电子料,二极管,外购,140.00,,,1.00,0.306682,未上架
454-000020,TVS二极管,QSR05-LF-T7,公用物料,pcs,个,原材料-电子料,二极管,外购,70.00,,,1.00,0.703538,未上架
539-000138,贴片电阻,"51R,0402,1%",公用物料,pcs,个,原材料-电子料,电阻,外购,84.00,,,1.00,0.001469,未上架
770-000146,micro 2.0连接器,GLF-MICRO-0330,公用物料,pcs,个,原材料-组装料,连接器2（非电子）,外购,25.00,,,1.00,,未上架
972-000684,GNSS模组,UAU1114-1216BB0,公用物料,pcs,个,原材料-电子料,集成电路1（IC）,外购,28.00,,,1.00,7.800051,未上架
454-000349,TVS二极管,ESDU5V0G3,公用物料,pcs,个,原材料-电子料,二极管,外购,30.00,,,1.00,0.135035,未上架
895-000012,701轻触开关,K2-6639SP-H4SC-04,公用物料,pcs,个,原材料-组装料,开关,外购,30.00,,,1.00,0.180009,未上架
358-000006,MOS管,"CSS84,215",公用物料,pcs,个,原材料-电子料,晶体管,外购,105.00,,,1.00,,未上架
733-000089,贴片磁珠,CLM18KG121TN1D,公用物料,pcs,个,原材料-电子料,电感,外购,1.00,,,1.00,0.064975,未上架
454-000070,肖特基二极管,TS36,公用物料,pcs,个,原材料-电子料,二极管,外购,28.00,,,1.00,0.178427,未上架
849-001176,水管卡箍,14mm黑色,无人车,pcs,个,原材料-组装料,五金件,外购,1.00,,,1.00,7.912147,未上架
733-000044,绕线贴片功率电感,TWPA4020S4R7MT,公用物料,pcs,个,原材料-电子料,电感,外购,42.00,,,1.00,0.169952,未上架
353-000174,后车配电盒,,无人车,pcs,个,原材料-半成品,VH300无人车,自制,,,,1.00,,未上架
165-003227,580V3后碳管,外径55mm，壁厚3.0mm；长度920mm,无人机,pcs,个,原材料-组装料,加工零部件（外壳、硅胶按键、标签等）,外购,28.00,,,1.00,105.000052,未上架
588-000600,YN580_前接口板_P2-1_自研电调__PCBA,YC580_FRONT_RACK_CONTAOL_BOARD_P2-1_自研电调_PCBA,无人机,pcs,个,原材料-半成品,已贴线路板,委外,10.00,,,1.00,,未上架
554-000057,LDO,TGM2033-ADJXN5G/TR,公用物料,pcs,个,原材料-电子料,稳压器,外购,70.00,,,1.00,0.289958,未上架
468-000431,YN580产品说明书-中文版,,无人机,pcs,个,原材料-包装料,印刷类,外购,17.00,,,1.00,,未上架
972-000392,LDO,ND53R33,公用物料,pcs,个,原材料-电子料,集成电路1（IC）,外购,43.00,,,1.00,0.310411,未上架
539-000300,贴片电阻,"20K,0805,1%",公用物料,pcs,个,原材料-电子料,电阻,外购,84.00,,,1.00,0.005311,未上架
165-001457,YC400 P5后壳,171*93.5*14.5；黑色PC,智能播种,pcs,个,原材料-组装料,加工零部件（外壳、硅胶按键、标签等）,外购,28.00,,,1.00,,未上架
356-000523,BTB连接器,CB615-H40S-COR,公用物料,pcs,个,原材料-组装料,连接器1（电子）,外购,25.00,,,1.00,1.610024,未上架
733-000233,贴片功率电感,TPM201610SR47MGCA,公用物料,pcs,个,原材料-电子料,电感,外购,30.00,,,1.00,0.134018,未上架
795-001182,橡胶防撞垫,50*30 M10*28,无人车,pcs,个,原材料-组装料,通用机械零件,外购,28.00,,,1.00,6.102000,未上架
454-000324,肖特基二极管,NBRB30150CT,公用物料,pcs,个,原材料-电子料,二极管,外购,70.00,,,1.00,1.100055,未上架
165-001815,YN580碳管-后,外径55mm，壁厚2.0mm；长度920mm,无人机,pcs,个,原材料-组装料,加工零部件（外壳、硅胶按键、标签等）,外购,28.00,,,1.00,,未上架
165-002078,机具识别上盖(凯乐伯）,PC-ABS材料灰色 601C/601S,监测终端,pcs,个,原材料-组装料,加工零部件（外壳、硅胶按键、标签等）,外购,28.00,,,1.00,,未上架
733-000171,功率电感,TPM5020T-100M-LR,公用物料,pcs,个,原材料-电子料,电感,外购,105.00,,,1.00,,未上架
838-000184,YN408-TNC转IPEX连接线,ZK-TNC-IPEX-M60,自动驾驶,pcs,个,原材料-包装料,天线、传感器&摄像头,外购,35.00,,,1.00,,未上架
539-000314,贴片电阻,"75R,0805,1%,1/8W",公用物料,pcs,个,原材料-电子料,电阻,外购,84.00,,,1.00,0.005311,未上架
165-001940,YS403右FPC泡棉2,82.56*43.0*1.1；黑色 EVA泡棉带背胶,无人机,pcs,个,原材料-组装料,加工零部件（外壳、硅胶按键、标签等）,外购,14.00,,,1.00,0.789983,未上架
849-001247,L型固定垫片,R235 所有表面，黑色哑光金属漆；RAL 0011 Graphitschwarz,无人车,pcs,个,原材料-组装料,五金件,外购,1.00,,,1.00,8.999998,未上架
733-000247,贴片共模电感,DM3225L-2-101TF,公用物料,pcs,个,原材料-电子料,电感,外购,30.00,,,1.00,0.375047,未上架
733-000196,贴片功率电感,XPN3012HR47MT,公用物料,pcs,个,原材料-电子料,电感,外购,63.00,,,1.00,0.189953,未上架
972-000378,MCU,NIMXRT1021CAG4A,公用物料,pcs,个,原材料-电子料,集成电路1（IC）,外购,1.00,,,1.00,22.262356,未上架
849-001321,M6*8_304不锈钢平头倒边内六角螺栓,M6x8  304不锈钢,无人车,pcs,个,原材料-组装料,五金件,外购,1.00,,,1.00,0.169839,未上架
356-000533,14P连接器板端_插针0.64mm_棕色,C615-0109，焊板式防水连接器 14P插针，插针规格直径0.64mm，棕色,公用物料,pcs,个,原材料-组装料,连接器1（电子）,外购,35.00,,,1.00,6.679995,未上架
606-000929,YN418 预组装包装内托,,自动驾驶,pcs,个,原材料-包装料,包装材料,外购,14.00,,,1.00,3.499949,未上架
454-000213,贴片开关二极管,MMDL914T1G,公用物料,pcs,个,原材料-电子料,二极管,外购,105.00,,,1.00,0.029945,未上架
972-000584,4G数传模块,FC800MCNLF-J03-SNNDA,公用物料,pcs,个,原材料-电子料,集成电路1（IC）,外购,42.00,,,1.00,19.100051,未上架
539-000276,贴片电阻,"0R,0805,1%",公用物料,pcs,个,原材料-电子料,电阻,外购,84.00,,,1.00,0.005311,未上架
593-000027,YN300E-华大-卡尔达,,监测终端,pcs,个,原材料-半成品,701整机,自制,1.00,,,1.00,,未上架
165-003452,双目FPC粘贴泡棉胶,黑色泡棉胶，0.5MM厚度,无人车,pcs,个,原材料-组装料,加工零部件（外壳、硅胶按键、标签等）,外购,21.00,,,1.00,2.239999,未上架
588-000825,YN608_ESC_P0_PCBA,,无人车,pcs,个,原材料-半成品,已贴线路板,委外,1.00,,,1.00,,未上架
358-000051,P沟道MOS管,GDC602P,公用物料,pcs,个,原材料-电子料,晶体管,外购,140.00,,,1.00,1.246616,未上架
165-002356,YN525药箱控制盒垫高块,L*W*H：19.6*16*10，6061材料，NC，原色,无人机,pcs,个,原材料-组装料,加工零部件（外壳、硅胶按键、标签等）,外购,21.00,,,1.00,,未上架
994-000632,YC400采集器下接一拖二线（2.7m）（屏蔽层版）,,智能播种,pcs,个,原材料-组装料,线束（组装线束）,外购,35.00,,,1.00,,未上架
321-000381,YC540S_SPRINKLER_P1_PCB,YC540S_SPRINKLER_P1_PCB,无人机,pcs,个,原材料-电子料,印刷线路板,外购,30.00,,,1.00,7.068828,未上架
356-000061,天线底座,MMCX-KE-27,公用物料,pcs,个,原材料-组装料,连接器1（电子）,外购,25.00,,,1.00,4.859000,未上架
165-001814,YN580外关节1号,"""L*W*H：964.5*61.8*85.4mm，材质：QA66+30%CF,内嵌不锈钢关节轴套。模内注塑：外径54.6mm，壁厚1.8mm碳管""",无人机,pcs,个,原材料-组装料,加工零部件（外壳、硅胶按键、标签等）,外购,21.00,,,1.00,,未上架
165-000465,YN401电池充电座_脚垫,脚垫带背胶，12.8*12.8*2.5mm，60度TPU,无人机,pcs,个,原材料-组装料,加工零部件（外壳、硅胶按键、标签等）,外购,21.00,,,1.00,0.700035,未上架
972-000221,CAN收发器,BTA6561-GAQW-N,公用物料,pcs,个,原材料-电子料,集成电路1（IC）,外购,90.00,,,1.00,3.174170,未上架
527-000062,贴片无源晶振,TX20Y040000BA1T005,公用物料,pcs,个,原材料-电子料,晶体振荡器,外购,42.00,,,1.00,0.209954,未上架
972-000626,DC-DC芯片,TGM61022XTDE8G/TR,公用物料,pcs,个,原材料-电子料,集成电路1（IC）,外购,64.00,,,1.00,0.880044,未上架
539-000179,贴片电阻,"33R,0402,1%",公用物料,pcs,个,原材料-电子料,电阻,外购,56.00,,,1.00,0.001243,未上架
454-000009,肖特基二极管,TS56C,公用物料,pcs,个,原材料-电子料,二极管,外购,28.00,,,1.00,0.220011,未上架
165-001464,YN408_密封硅胶圈,透明硅胶，45°,自动驾驶,pcs,个,原材料-组装料,加工零部件（外壳、硅胶按键、标签等）,外购,28.00,,,1.00,,未上架
165-003005,150电调三相电堵盖垫片,L*W*H：41*9*1mm，透明PC,无人机,pcs,个,原材料-组装料,加工零部件（外壳、硅胶按键、标签等）,外购,21.00,,,1.00,,未上架
972-000224,蓝牙模块,ALG9021P0-1-TC,公用物料,pcs,个,原材料-电子料,集成电路1（IC）,外购,31.00,,,1.00,,未上架
356-000578,Nano SIM 卡托,"D7815-31,黑色",自动驾驶,pcs,个,原材料-组装料,连接器1（电子）,外购,30.00,,,1.00,0.678000,未上架
725-000342,法拉电容,FH2R7L106X-O1025,公用物料,pcs,个,原材料-电子料,电容,外购,28.00,,,1.00,1.060053,未上架
165-002320,YN525_外关节1号,"""L*W*H：740*56*76mm，材质：QA66+30%CF,黑色;内嵌“YN525关节轴套”模内注塑：外径50mm，壁厚1.5mm碳管""",无人机,pcs,个,原材料-组装料,加工零部件（外壳、硅胶按键、标签等）,外购,42.00,,,1.00,,未上架
356-000260,40PIN双排2.0Pitch排针,QM202B30A-20V38-110-1BA,公用物料,pcs,个,原材料-组装料,连接器1（电子）,外购,25.00,,,1.00,0.700035,未上架
539-000658,贴片电阻,TR0805FR-4715RL,公用物料,pcs,个,原材料-电子料,电阻,外购,84.00,,,1.00,0.109949,未上架
356-000278,4pin电源连接器,3510-104RSNA01,公用物料,pcs,个,原材料-组装料,连接器1（电子）,外购,25.00,,,1.00,0.144979,未上架
690-000015,贴片发光二极管,"RED,29-31-R6C-FP1Q2L-3T",公用物料,pcs,个,原材料-电子料,发光二极管,外购,35.00,,,1.00,0.075032,未上架
539-000580,贴片电阻,1.3k，0402，1%,公用物料,pcs,个,原材料-电子料,电阻,外购,84.00,,,1.00,0.001469,未上架
795-000637,YN540S_离心喷头_散热硅胶垫3,6W导热硅胶，11*11*1mm;灰色，6w.mk,无人机,pcs,个,原材料-组装料,通用机械零件,外购,14.00,,,1.00,,未上架
165-000760,YN501主板屏蔽罩1,50.16*31.4*3.15，不锈钢,自动驾驶,pcs,个,原材料-组装料,加工零部件（外壳、硅胶按键、标签等）,外购,21.00,,,1.00,,未上架
321-000503,YN403_4GBOARD_P0_PCB,YN403_4GBOARD_P0_PCB,自动驾驶,pcs,个,原材料-电子料,印刷线路板,外购,35.00,,,1.00,1.699972,未上架
363-000157,4pin姿态机具连接线,昌骏M12防水4p线端公头，CJ-M12防水4A-M21-PG9,监测终端,pcs,个,原材料-包装料,线束（包装线束）,外购,35.00,,,1.00,4.900019,未上架
165-001606,密封圈外径16*2.4,密封圈外径16*2.4mm    黑色丁晴橡胶,公用物料,pcs,个,原材料-组装料,加工零部件（外壳、硅胶按键、标签等）,外购,10.00,,,1.00,0.108706,未上架
972-000340,极低功耗微处理器复位电路IC,DN803S,公用物料,pcs,个,原材料-电子料,集成电路1（IC）,外购,28.00,,,1.00,0.095033,未上架
454-000228,稳压二极管,CZT52C4V3,公用物料,pcs,个,原材料-电子料,二极管,外购,28.00,,,1.00,0.048025,未上架
725-000433,贴片陶瓷电容,"12pf,50v,0201,5%,NP0",公用物料,pcs,个,原材料-电子料,电容,外购,98.00,,,1.00,0.002373,未上架
165-000768,YN501_屏蔽罩外盖3,35.6*21.6*3.85，不锈钢,自动驾驶,pcs,个,原材料-组装料,加工零部件（外壳、硅胶按键、标签等）,外购,21.00,,,1.00,,未上架
725-000337,贴片陶瓷电容,"1nF,2KV,1206,10%",公用物料,pcs,个,原材料-电子料,电容,外购,105.00,,,1.00,0.042036,未上架
454-000335,TVS二极管,SMAJ5.0CA,公用物料,pcs,个,原材料-电子料,二极管,外购,70.00,,,1.00,0.075032,未上架
725-000086,贴片陶瓷电容,"100NF,50V,0603,10%",公用物料,pcs,个,原材料-电子料,电容,外购,56.00,,,1.00,0.008475,未上架
606-000218,UA500夹档,515mm*33mm（3根）318mm*33mm（4根），一箱配5付,智能定位,pcs,个,原材料-包装料,包装材料,外购,14.00,,,1.00,,未上架
165-000793,YN501_USB防水密封圈,外径E14*线径1.2；红色，耐高温无毒硅胶O型圈；硬度60±10,自动驾驶,pcs,个,原材料-组装料,加工零部件（外壳、硅胶按键、标签等）,外购,14.00,,,1.00,,未上架
972-000237,咪头,T15OT421-008,公用物料,pcs,个,原材料-电子料,集成电路1（IC）,外购,1.00,,,1.00,2.499899,未上架
725-000053,贴片铝电解电容,EEEFT1H221AP,公用物料,pcs,个,原材料-电子料,电容,外购,210.00,,,1.00,1.499962,未上架
849-001332,称重计快拆结构,7861-T6 单扣亮黑 夹管48-52mm，宽50mm,无人车,pcs,个,原材料-组装料,五金件,外购,1.00,,,1.00,28.250000,未上架
539-000365,贴片电阻,"3.9K,0603,1%",公用物料,pcs,个,原材料-电子料,电阻,外购,84.00,,,1.00,0.002825,未上架
725-000427,贴片陶瓷电容,"27nF,25V,0402,10%,X7R",公用物料,pcs,个,原材料-电子料,电容,外购,77.00,,,1.00,0.011978,未上架
539-000094,贴片电阻,"102K,0402,1%",公用物料,pcs,个,原材料-电子料,电阻,外购,84.00,,,1.00,0.001469,未上架
321-000455,YS506_V2_定子板_P2_PCB,YS506_V2_定子板_P2_PCB,无人机,pcs,个,原材料-电子料,印刷线路板,外购,30.00,,,1.00,22.490051,未上架
539-000011,贴片电阻,"15K,0402,1%",公用物料,pcs,个,原材料-电子料,电阻,外购,84.00,,,1.00,0.001921,未上架
321-000486,YS508_3T4R_80G_9232_P0_PCB,YS508_3T4R_80G_9232_P0_PCB,无人机,pcs,个,原材料-电子料,印刷线路板,外购,90.00,,,1.00,20.700018,未上架
539-000574,贴片低阻值采样电阻,"0.3mR,5W,3920,1%",公用物料,pcs,个,原材料-电子料,电阻,外购,42.00,,,1.00,0.689978,未上架
527-000003,贴片无源晶振,XXCCCLNANF-24M,公用物料,pcs,个,原材料-电子料,晶体振荡器,外购,98.00,,,1.00,,未上架
795-000929,YC403航电散热硅胶垫4,6W导热硅胶，15*10*1mm，浅灰色,无人机,pcs,个,原材料-组装料,通用机械零件,外购,14.00,,,1.00,0.229955,未上架
356-000262,白色贴片插座母座,XB1502A-004R-TAND,公用物料,pcs,个,原材料-组装料,连接器1（电子）,外购,25.00,,,1.00,0.162946,未上架
165-003412,减震橡胶件,EPDM，黑色,无人车,pcs,个,原材料-组装料,加工零部件（外壳、硅胶按键、标签等）,外购,35.00,,,1.00,0.463300,未上架
358-000124,P-MOS管,QJA3439-AU_R1_000A1,公用物料,pcs,个,原材料-电子料,晶体管,外购,153.00,,,1.00,0.169500,未上架
403-000035,无线机具电池,松下电芯 DR2477P/H,公用物料,pcs,个,原材料-电子料,电池,外购,1.00,,,1.00,,未上架
185-000008,大风力风扇,,无人车,pcs,个,原材料-组装料,风扇,外购,1.00,,,1.00,516.000036,未上架
358-000088,PMOS,KMTK050P03A,公用物料,pcs,个,原材料-电子料,晶体管,外购,84.00,,,1.00,1.107965,未上架
165-001759,YS410前后壳防水硅胶圈,107.7*63.2mm；线径1.5mm；红色硅胶，45度,无人机,pcs,个,原材料-组装料,加工零部件（外壳、硅胶按键、标签等）,外购,21.00,,,1.00,1.187517,未上架
972-000633,PMIC,IPU3501A01IQNXMA,公用物料,pcs,个,原材料-电子料,集成电路1（IC）,外购,64.00,,,1.00,7.849997,未上架
554-000021,线性稳压器,TPX1117M3-L/TR,公用物料,pcs,个,原材料-电子料,稳压器,外购,84.00,,,1.00,0.574379,未上架
895-000084,拨码开关,DHN-12-T-V-TR,公用物料,pcs,个,原材料-组装料,开关,外购,42.00,,,1.00,2.460010,未上架
165-002338,YN525分电板壳体,黑色塑胶QA66+30%GF，模内注塑2颗M3单通铜螺母，局部晒纹,无人机,pcs,个,原材料-组装料,加工零部件（外壳、硅胶按键、标签等）,外购,28.00,,,1.00,,未上架
606-001070,YN580_V3_整机包装箱_中性,五层加强瓦楞,无人机,pcs,个,原材料-包装料,包装材料,外购,14.00,,,1.00,86.700041,未上架
454-000031,肖特基二极管,C0540W-7-F,公用物料,pcs,个,原材料-电子料,二极管,外购,133.00,,,1.00,0.269957,未上架
454-000077,肖特基二极管,NBRS540,公用物料,pcs,个,原材料-电子料,二极管,外购,30.00,,,1.00,0.380019,未上架
972-000777,隔离电源芯片,MIE1W0505BGLVH-3R,公用物料,pcs,个,原材料-电子料,集成电路1（IC）,外购,112.00,,,1.00,3.914998,未上架
353-000182,作业系统线束,,无人车,pcs,个,原材料-半成品,VH300无人车,虚拟,,,,1.00,,未上架
539-000587,贴片电阻,3.3R，1206，1%，0.5W,公用物料,pcs,个,原材料-电子料,电阻,外购,56.00,,,1.00,0.034013,未上架
849-001316,M6*24_304不锈钢带齿外六角法兰面螺栓,M6*24  304不锈钢,无人车,pcs,个,原材料-组装料,五金件,外购,1.00,,,1.00,0.367024,未上架
554-000056,DC-DC芯片,KW5393SOTI#TR,公用物料,pcs,个,原材料-电子料,稳压器,外购,98.00,,,1.00,0.269957,未上架
527-000038,贴片无源晶振,RRS3027000C12A,公用物料,pcs,个,原材料-电子料,晶体振荡器,外购,28.00,,,1.00,0.260013,未上架
165-003214,580V3电池托架滚轮,70度灰色橡胶，色号：QT4278C,无人机,pcs,个,原材料-组装料,加工零部件（外壳、硅胶按键、标签等）,外购,21.00,,,1.00,0.549971,未上架
165-001485,YN501卡扣1,"28.9*15.5*9.7mm，ABS+PC,黑色，表面皮纹处理",自动驾驶,pcs,个,原材料-组装料,加工零部件（外壳、硅胶按键、标签等）,外购,35.00,,,1.00,,未上架
770-000129,武阳10pin BTB连接器,CB615-H10S-C0R,公用物料,pcs,个,原材料-组装料,连接器2（非电子）,外购,24.00,,,1.00,,未上架
468-000554,YN580北京农林科学院单北斗检测报告,型号3WWDZ-V60A、厘米级,无人机,pcs,个,原材料-包装料,印刷类,外购,1.00,,,1.00,2.500012,未上架
725-000430,直插铝电解电容,100V330uF 12.5*25,公用物料,pcs,个,原材料-电子料,电容,外购,42.00,,,1.00,0.867049,未上架
356-000157,插件式USB 2.0公座,U-G-04WD-W-02,公用物料,pcs,个,原材料-组装料,连接器1（电子）,外购,31.00,,,1.00,0.339000,未上架
165-003442,大号叉栓式汽车保险丝底座,CFR063-48-M6,无人车,pcs,个,原材料-组装料,加工零部件（外壳、硅胶按键、标签等）,外购,28.00,,,1.00,11.900030,未上架
539-000510,贴片电阻,"0.03R,1206,1%,1/4W",公用物料,pcs,个,原材料-电子料,电阻,外购,33.00,,,1.00,0.042036,未上架
849-001335,M4*8_304不锈钢内六角圆柱头防脱落螺栓,M4*8  304不锈钢,无人车,pcs,个,原材料-组装料,五金件,外购,1.00,,,1.00,0.161025,未上架
795-000880,YN525动力套组件4号,,无人机,pcs,个,原材料-组装料,通用机械零件,外购,42.00,,,1.00,,未上架
165-003406,磁铁固定座,ABS，哑光黑RAL 9011,无人车,pcs,个,原材料-组装料,加工零部件（外壳、硅胶按键、标签等）,外购,7.00,,,1.00,19.999983,未上架
606-000010,6号自封袋,6号自封袋，加厚六号，12×17,公用物料,pcs,个,原材料-包装料,包装材料,外购,10.00,,,1.00,,未上架
353-000181,作业接口板,,无人车,pcs,个,原材料-半成品,VH300无人车,自制,,,,1.00,,未上架
972-000478,异步升压转换器,TY7208ABC,公用物料,pcs,个,原材料-电子料,集成电路1（IC）,外购,56.00,,,1.00,0.756987,未上架
895-000088,轻触开关,US342A2P-WZ,公用物料,pcs,个,原材料-组装料,开关,外购,28.00,,,1.00,0.189953,未上架
454-000022,ESD静电保护管,ESD5Z5.0T1G,公用物料,pcs,个,原材料-电子料,二极管,外购,1.00,,,1.00,0.089383,未上架
795-001195,尼龙防水接头黑色-M8,黑色M8x1.25,无人车,pcs,个,原材料-组装料,通用机械零件,外购,28.00,,,1.00,0.206112,未上架
321-000382,YS504_V2_避障雷达板_P1_PCB,YS504_V2_避障雷达板_P1_PCB,无人机,pcs,个,原材料-电子料,印刷线路板,外购,90.00,,,1.00,23.391000,未上架
539-000017,贴片电阻,"51K,1206,1%",公用物料,pcs,个,原材料-电子料,电阻,外购,84.00,,,1.00,0.009040,未上架
849-001238,水泵支架-左,R235，哑光黑RAL 9011,无人车,pcs,个,原材料-组装料,五金件,外购,1.00,,,1.00,19.000046,未上架
165-000772,YN501_散热硅胶垫6,6W导热硅胶，47*11*1mm  灰色，6W.mk  规则矩形,自动驾驶,pcs,个,原材料-组装料,加工零部件（外壳、硅胶按键、标签等）,外购,14.00,,,1.00,,未上架
588-000777,YS410A_X5M_P0_S01_PCBA,YS410A_X5M_P0_S01_PCBA,无人机,pcs,个,原材料-半成品,已贴线路板,委外,1.00,,,1.00,,未上架
795-001179,挂钩总成,IFZ27-85双钩型,无人车,pcs,个,原材料-组装料,通用机械零件,外购,28.00,,,1.00,14.125000,未上架
527-000047,晶振,TX32Y008000B81T001,公用物料,pcs,个,原材料-电子料,晶体振荡器,外购,84.00,,,1.00,0.528049,未上架
165-001158,701显示屏面小系统屏蔽罩A,"L*W*H:70.3*63.95*2.4mm,材质TUS304",监测终端,pcs,个,原材料-组装料,加工零部件（外壳、硅胶按键、标签等）,外购,21.00,,,1.00,,未上架
725-000330,贴片陶瓷电容,"2.2uf,25V,0402,10%",公用物料,pcs,个,原材料-电子料,电容,外购,70.00,,,1.00,0.046443,未上架
539-000018,贴片电阻,"100K,0402,1%",公用物料,pcs,个,原材料-电子料,电阻,外购,84.00,,,1.00,0.001921,未上架
849-001237,作业电气支架,R235，哑光黑RAL 9011,无人车,pcs,个,原材料-组装料,五金件,外购,1.00,,,1.00,25.000007,未上架
454-000033,ESD防静电保护管,OUP2105LT1G,公用物料,pcs,个,原材料-电子料,二极管,外购,140.00,,,1.00,0.299789,未上架
539-000581,贴片低阻值采样电阻,"0.027R,2512,1%,3W",公用物料,pcs,个,原材料-电子料,电阻,外购,6.00,,,1.00,0.309959,未上架
849-000094,ST3.0*8自攻螺钉,圆头十字 M3.0*8，镀锌铁,公用物料,pcs,个,原材料-组装料,五金件,外购,14.00,,,1.00,,未上架
972-000316,电平转换芯片,VM3204Q,公用物料,pcs,个,原材料-电子料,集成电路1（IC）,外购,42.00,,,1.00,0.949991,未上架
358-000167,三极管,GMMT495,公用物料,pcs,个,原材料-电子料,晶体管,外购,42.00,,,1.00,,未上架
588-000829,YS508C_RADAR_FPGA_P1_VA_PCBA,YS508C_RADAR_FPGA_P1_VA_PCBA,无人机,pcs,个,原材料-半成品,已贴线路板,委外,1.00,,,1.00,,未上架
539-000104,贴片电阻,"200R,0603,1%",公用物料,pcs,个,原材料-电子料,电阻,外购,84.00,,,1.00,0.002825,未上架
849-001279,M2.5*6_不锈钢十字圆头机牙螺丝_整圈耐落,"304不锈钢，本色，强度等级：A2-70,第3到第10个螺牙要整圈涂耐落漆，中性盐雾72小时，符合GB/T 918-2016",无人车,pcs,个,原材料-组装料,五金件,外购,1.00,,,1.00,0.044974,未上架
725-000321,贴片陶瓷电容,"330nF,16V,0402,10%,X7R",公用物料,pcs,个,原材料-电子料,电容,外购,98.00,,,1.00,0.040002,未上架
994-000606,YS221_M16-12P信号转接线,硅胶软线，长度56±2mm（到接线端子头部)；12P公头焊线端，带胶圈； 连接器型号：XB2014A-206M-DW（线束端);,自动驾驶,pcs,个,原材料-组装料,线束（组装线束）,外购,35.00,,,1.00,18.800036,未上架
165-000761,YN501主板屏蔽罩支架1,49.76*31*3.4，洋白铜,自动驾驶,pcs,个,原材料-组装料,加工零部件（外壳、硅胶按键、标签等）,外购,21.00,,,1.00,,未上架
359-000038,LED指示灯,12V-24V通用12LED熏黑黄灯,无人车,pcs,个,原材料-组装料,通用电气零件,外购,1.00,,,1.00,10.509000,未上架
454-000040,稳压二极管,TZMMSZ5245BT1G,公用物料,pcs,个,原材料-电子料,二极管,外购,140.00,,,1.00,0.323745,未上架
539-000411,贴片电阻,"30.1k,0402,1%",公用物料,pcs,个,原材料-电子料,电阻,外购,84.00,,,1.00,0.001469,未上架
588-000835,YC302B_ESC_P4_PCBA,,公用物料,pcs,个,原材料-半成品,已贴线路板,委外,1.00,,,1.00,,未上架
690-000047,贴片发光二极管,29-217/GHC-YR1S2/3T,公用物料,pcs,个,原材料-电子料,发光二极管,外购,35.00,,,1.00,0.060003,未上架
165-000897,YN540pro旋转雷达外罩,外径104mm，高度96.5mm QA66，黑色,无人机,pcs,个,原材料-组装料,加工零部件（外壳、硅胶按键、标签等）,外购,28.00,,,1.00,,未上架
972-000535,CPU,U113-i,公用物料,pcs,个,原材料-电子料,集成电路1（IC）,外购,28.00,,,1.00,22.709949,未上架
994-000416,YN580旋转雷达线束,,无人机,pcs,个,原材料-组装料,线束（组装线束）,外购,35.00,,,1.00,,未上架
725-000450,贴片陶瓷电容,"1nF,250V,0805,10%,X7R",公用物料,pcs,个,原材料-电子料,电容,外购,112.00,,,1.00,0.023052,未上架
165-003472,绝缘子-20*35,20*35（直径*高度）,无人车,pcs,个,原材料-组装料,加工零部件（外壳、硅胶按键、标签等）,外购,28.00,,,1.00,1.808000,未上架
527-000054,有源晶振,OT2JI-211-33.3333M,公用物料,pcs,个,原材料-电子料,晶体振荡器,外购,42.00,,,1.00,1.399957,未上架
725-000434,贴片陶瓷电容,4.7uf，6.3v，0201，20%，X5R,公用物料,pcs,个,原材料-电子料,电容,外购,126.00,,,1.00,0.145544,未上架
539-000245,贴片电阻,"3.9K,0402,1%",公用物料,pcs,个,原材料-电子料,电阻,外购,84.00,,,1.00,0.001695,未上架
539-000225,贴片电阻,"1M,0402,1%",公用物料,pcs,个,原材料-电子料,电阻,外购,35.00,,,1.00,0.001243,未上架
165-002622,YN580_前碳管B,3.0壁厚,无人机,pcs,个,原材料-组装料,加工零部件（外壳、硅胶按键、标签等）,外购,28.00,,,1.00,,未上架
588-000704,YN502_CAT4_CN_P0_S01_PCBA,YN502_CAT4_CN_P0_S01_PCBA,自动驾驶,pcs,个,原材料-半成品,已贴线路板,委外,14.00,,,1.00,,未上架
725-000090,贴片陶瓷电容,"220nF,100V,0805,10%",公用物料,pcs,个,原材料-电子料,电容,外购,126.00,,,1.00,0.156053,未上架
321-000277,YN408_TC200R板_P1.2_PCB,YN408_TC200R_P1.2_PCB,自动驾驶,pcs,个,原材料-电子料,印刷线路板,外购,45.00,,,1.00,19.499958,未上架
454-000198,TVS二极管,SMBJ6.5CAS,公用物料,pcs,个,原材料-电子料,二极管,外购,56.00,,,1.00,0.109949,未上架
165-002282,YN525_接口板壳体,PA+30gf，热熔注塑螺母,无人机,pcs,个,原材料-组装料,加工零部件（外壳、硅胶按键、标签等）,外购,28.00,,,1.00,,未上架
306-000052,YN412方向盘组件_国内版,,自动驾驶,pcs,个,原材料-半成品,412整机,自制,1.00,,,1.00,,未上架
588-000702,YS506B_V2.1_定子板_P3_PCBA,YS506B_V2.1_定子板_P3_PCBA,无人机,pcs,个,原材料-半成品,已贴线路板,委外,1.00,,,1.00,,未上架
539-000515,贴片电阻,"120R,0201,1%",公用物料,pcs,个,原材料-电子料,电阻,外购,84.00,,,1.00,0.002034,未上架
165-002062,YS508 FPC连接器压紧泡棉,16*5*1mm黑色泡棉，单面背胶,无人机,pcs,个,原材料-组装料,加工零部件（外壳、硅胶按键、标签等）,外购,14.00,,,1.00,,未上架
539-000310,贴片电阻,"22R,0201,1%,1/20W",公用物料,pcs,个,原材料-电子料,电阻,外购,84.00,,,1.00,0.002034,未上架
725-000438,贴片陶瓷电容,1402 X7R 470nF ±10% 10V,公用物料,pcs,个,原材料-电子料,电容,外购,105.00,,,1.00,0.051980,未上架
849-000010,贴片螺母,TMTSO2520CTS,公用物料,pcs,个,原材料-组装料,五金件,外购,25.00,,,1.00,,未上架
795-001186,单排链齿总成,"5分10A17齿,内孔25mm，键槽8mm",无人车,pcs,个,原材料-组装料,通用机械零件,外购,28.00,,,1.00,20.326553,未上架
849-001185,电池支架总成,"R235,哑光黑RAL 9011",无人车,pcs,个,原材料-组装料,五金件,外购,1.00,,,1.00,432.080021,未上架
539-000397,贴片电阻,"8.2K,0201,1%",公用物料,pcs,个,原材料-电子料,电阻,外购,126.00,,,1.00,0.069947,未上架
356-000261,USB插座,VB20Q2-04V100-WPP-DF（立插 I10.0直边）,公用物料,pcs,个,原材料-组装料,连接器1（电子）,外购,25.00,,,1.00,0.169952,未上架
165-001970,YN580防水硅胶圈,"环形，内径96.75mm，外径99.64mm，厚度1.2mm,硬度40；红色",无人机,pcs,个,原材料-组装料,加工零部件（外壳、硅胶按键、标签等）,外购,21.00,,,1.00,,未上架
972-000368,电压基准芯片,BZ432ANTR-E1,公用物料,pcs,个,原材料-电子料,集成电路1（IC）,外购,112.00,,,1.00,0.529857,未上架
165-002726,YN503_散热支架导电泡棉,15*7*1.5mm，包裹式低密度导电泡棉，4-R0.75,自动驾驶,pcs,个,原材料-组装料,加工零部件（外壳、硅胶按键、标签等）,外购,14.00,,,1.00,0.089948,未上架
849-000943,M3*6十字薄头螺丝,"M3X6十字薄头机牙螺丝,头径φ6mm，头厚1mm, 不锈钢，螺丝要求：第3到第10个螺牙00-180度耐落漆",公用物料,pcs,个,原材料-组装料,五金件,外购,14.00,,,1.00,,未上架
733-000197,贴片电感,TDCL1005CR10JTDF,公用物料,pcs,个,原材料-电子料,电感,外购,84.00,,,1.00,0.009944,未上架
539-000167,贴片电阻,"3.3K,0402,1%",公用物料,pcs,个,原材料-电子料,电阻,外购,98.00,,,1.00,0.003051,未上架
321-000126,601C倾角&机具P5_PCB,601C_MODULE_P5,监测终端,pcs,个,原材料-电子料,印刷线路板,外购,30.00,,,1.00,0.720036,未上架
725-000144,贴片陶瓷电容,"6.8nf,50v,0402,10%",公用物料,pcs,个,原材料-电子料,电容,外购,98.00,,,1.00,0.002825,未上架
725-000216,贴片陶瓷电容,"100UF,6.3V,0805,20%",公用物料,pcs,个,原材料-电子料,电容,外购,112.00,,,1.00,1.359955,未上架
539-000014,贴片电阻,"47K,0402,1%",公用物料,pcs,个,原材料-电子料,电阻,外购,84.00,,,1.00,0.001469,未上架
454-000094,TVS二极管,OUP2105L,公用物料,pcs,个,原材料-电子料,二极管,外购,28.00,,,1.00,0.249956,未上架
505-000030,UB200 8寸显示屏,8寸，RZ080HD008A-V2,智能定位,pcs,个,原材料-组装料,显示屏&板卡,外购,42.00,,,1.00,,未上架
606-000922,YN412 包装内托,,自动驾驶,pcs,个,原材料-包装料,包装材料,外购,14.00,,,1.00,,未上架
356-000257,M12防水5P-A code板端公头1.0针,前锁面板式M12 TW17-28.3L,公用物料,pcs,个,原材料-组装料,连接器1（电子）,外购,42.00,,,1.00,4.275016,未上架
795-000730,UA400 P5 框,18.5x12.4x3mm,智能定位,pcs,个,原材料-组装料,通用机械零件,外购,21.00,,,1.00,0.234023,未上架
539-000582,贴片电阻,"180R,0402,1%",公用物料,pcs,个,原材料-电子料,电阻,外购,98.00,,,1.00,0.076049,未上架
733-000052,贴片磁珠,CLM21PG121SN1D,公用物料,pcs,个,原材料-电子料,电感,外购,28.00,,,1.00,0.109949,未上架
454-000212,稳压二极管,CZD52C36,公用物料,pcs,个,原材料-电子料,二极管,外购,56.00,,,1.00,0.049946,未上架
972-000250,CAN收发器,TIT1051T/3,公用物料,pcs,个,原材料-电子料,集成电路1（IC）,外购,33.00,,,1.00,1.049996,未上架
454-000254,稳压二级管,CZX884B15,公用物料,pcs,个,原材料-电子料,二极管,外购,24.00,,,1.00,0.060003,未上架
972-000530,带看门狗复位芯片,TGM823-SXN5G/TR,公用物料,pcs,个,原材料-电子料,集成电路1（IC）,外购,64.00,,,1.00,0.649976,未上架
733-000036,贴片共模电感,BCM7060-801-2PL-TL01,公用物料,pcs,个,原材料-电子料,电感,外购,112.00,,,1.00,2.989076,未上架
795-001193,轴承防尘盖,32007,无人车,pcs,个,原材料-组装料,通用机械零件,外购,28.00,,,1.00,2.938000,未上架
353-000191,水箱系统,,无人车,pcs,个,原材料-半成品,VH300无人车,自制,,,,1.00,,未上架
356-000119,34针连接器,2-6447232-3,公用物料,pcs,个,原材料-组装料,连接器1（电子）,外购,28.00,,,1.00,7.999948,未上架
972-000308,FLASH LED 驱动器,DP2156QN-A1,公用物料,pcs,个,原材料-电子料,集成电路1（IC）,外购,56.00,,,1.00,0.620031,未上架
849-001302,M4*8_304不锈钢扁平头内六角防脱落螺栓,M4x8  304不锈钢,无人车,pcs,个,原材料-组装料,五金件,外购,1.00,,,1.00,0.202835,未上架
539-000317,贴片电阻,"47R,0402,1%,1/16W",公用物料,pcs,个,原材料-电子料,电阻,外购,56.00,,,1.00,0.001243,未上架
795-000948,YN503视频解码屏蔽罩支架,洋白铜，外观尺寸：28.8*24.7*4mmmm，厚度0.2mm,自动驾驶,pcs,个,原材料-组装料,通用机械零件,外购,21.00,,,1.00,0.449966,未上架
588-000828,YS508C_RADAR_FPGA_P1_CE_PCBA,YS508C_RADAR_FPGA_P1_CE_PCBA,无人机,pcs,个,原材料-半成品,已贴线路板,委外,1.00,,,1.00,,未上架
165-003455,后车铜排1-后分电板正,T2,无人车,pcs,个,原材料-组装料,加工零部件（外壳、硅胶按键、标签等）,外购,1.00,,,1.00,150.000042,未上架
165-002675,YN503_前后壳防水硅胶圈,"尺寸：301.5*206.4*5.4mm；工艺：暗红色，硅胶50±5, 硫化消光""暗红色，硅胶50±5, 硫化消光",自动驾驶,pcs,个,原材料-组装料,加工零部件（外壳、硅胶按键、标签等）,外购,35.00,,,1.00,3.999974,未上架
554-000069,线性稳压器,TGM2225-3.3XK3G/TR,公用物料,pcs,个,原材料-电子料,稳压器,外购,98.00,,,1.00,0.820041,未上架
733-000170,功率电感,XPN201610U2R2MT,公用物料,pcs,个,原材料-电子料,电感,外购,42.00,,,1.00,0.117972,未上架
972-000806,同步降压转换器,KW5070TSOTB#TRPBF,公用物料,pcs,个,原材料-电子料,集成电路1（IC）,外购,56.00,,,1.00,0.520026,未上架
165-000737,YN501_SIM卡盖板,"71*20.7*5.8mm，黑色，PC+ABS,晒纹",自动驾驶,pcs,个,原材料-组装料,加工零部件（外壳、硅胶按键、标签等）,外购,28.00,,,1.00,,未上架
815-000002,UA500(上柴客供)整机,UA500(上柴客供)整机,智能定位,pcs,个,原材料-半成品,TA500整机,自制,1.00,,,1.00,,未上架
725-000176,贴片陶瓷电容,"10pF,50V,0402,5%,NP0",公用物料,pcs,个,原材料-电子料,电容,外购,98.00,,,1.00,0.002486,未上架
849-000258,st2x5自攻螺丝,圆头十字尖尾 ST2.0*5 铁黑锌,公用物料,pcs,个,原材料-组装料,五金件,外购,17.00,,,1.00,0.009944,未上架
454-000153,稳压二极管,CZD52C13,公用物料,pcs,个,原材料-电子料,二极管,外购,56.00,,,1.00,0.056500,未上架
588-000840,IVS400_DCAM_FPC_P0_S01_PCBA,IVS400_DCAM_FPC_P0_S01_PCBA,无人车,pcs,个,原材料-半成品,已贴线路板,委外,1.00,,,1.00,,未上架
165-001864,YN580电调下盖,材质：QA66+30%GF,无人机,pcs,个,原材料-组装料,加工零部件（外壳、硅胶按键、标签等）,外购,28.00,,,1.00,,未上架
364-000063,贴片熔断型保险丝,TMFF2410P1500,公用物料,pcs,个,原材料-电子料,保险丝&蜂鸣器类,外购,42.00,,,1.00,,未上架
972-000673,CAN收发器,TIT1051AT/3,公用物料,pcs,个,原材料-电子料,集成电路1（IC）,外购,56.00,,,1.00,0.600030,未上架
356-000385,4PIN 卧贴式1.25T连接器,ZZKA1251WR-S-4P,公用物料,pcs,个,原材料-组装料,连接器1（电子）,外购,25.00,,,1.00,0.149951,未上架
356-000584,电调焊接端子,T2紫铜，11*11*4，脚长1.8mm,无人机,pcs,个,原材料-组装料,连接器1（电子）,外购,21.00,,,1.00,5.699946,未上架
725-000103,贴片陶瓷电容,"220nF,10V,0402,10%",公用物料,pcs,个,原材料-电子料,电容,外购,126.00,,,1.00,0.009040,未上架
527-000017,贴片无源晶振,UZ1006AC,公用物料,pcs,个,原材料-电子料,晶体振荡器,外购,70.00,,,1.00,,未上架
165-001851,YN580称重计底壳,L*W*H：65.8*55.6*25mm；PA6+20%GF，黑色，预埋3颗M4X8六角螺母,无人机,pcs,个,原材料-组装料,加工零部件（外壳、硅胶按键、标签等）,外购,28.00,,,1.00,3.499949,未上架
972-000462,电池充电管理芯片,TGM40560-4.2XTDI6G/TR,公用物料,pcs,个,原材料-电子料,集成电路1（IC）,外购,64.00,,,1.00,0.625003,未上架
725-000275,贴片陶瓷电容,"33nf,50v,0402,10%,X7R",公用物料,pcs,个,原材料-电子料,电容,外购,98.00,,,1.00,0.005424,未上架
539-000322,贴片电阻,"1K,0805,1%",公用物料,pcs,个,原材料-电子料,电阻,外购,84.00,,,1.00,0.005311,未上架
725-000206,贴片陶瓷电容,"100nF,50V,0603,10%",公用物料,pcs,个,原材料-电子料,电容,外购,126.00,,,1.00,0.032544,未上架
588-000550,YN580_电调主板_P4_PCBA,YN580_电调主板_P4_PCBA,无人机,pcs,个,原材料-半成品,已贴线路板,委外,10.00,,,1.00,,未上架
588-000858,601C_MODULE2倾角识别_P6_S01_PCBA,601C_MODULE2倾角识别_P6_S01_PCBA,监测终端,pcs,个,原材料-半成品,已贴线路板,委外,1.00,,,1.00,,未上架
165-001942,YN580称重线硅胶压线片,L*W*H：25*13*2     2mm厚硅胶片，带背胶,无人机,pcs,个,原材料-组装料,加工零部件（外壳、硅胶按键、标签等）,外购,21.00,,,1.00,,未上架
165-003383,离心喷盘,"PP+GF,黑色",无人车,pcs,个,原材料-组装料,加工零部件（外壳、硅胶按键、标签等）,外购,28.00,,,1.00,8.499973,未上架
849-000215,1.37线径射频线夹,TPRFA93210081,公用物料,pcs,个,原材料-组装料,五金件,外购,25.00,,,1.00,,未上架
795-000895,铜条,T2紫铜，36*4*0.8,无人机,pcs,个,原材料-组装料,通用机械零件,外购,33.00,,,1.00,0.300354,未上架
358-000194,PMOS,DJAC30P10,公用物料,pcs,个,原材料-电子料,晶体管,外购,56.00,,,1.00,1.100055,未上架
525-000141,YN580集成药箱组件,YN580集成药箱组件_70L_加药枪版,无人机,pcs,个,原材料-半成品,HD580组件整机,自制,1.00,,,1.00,,未上架
165-001267,YN501防水硅胶圈1,,自动驾驶,pcs,个,原材料-组装料,加工零部件（外壳、硅胶按键、标签等）,外购,28.00,,,1.00,,未上架
972-000810,LPDDR4,K4F6E3S4HM-TFCL,公用物料,pcs,个,原材料-电子料,集成电路1（IC）,外购,112.00,,,1.00,299.999971,未上架
539-000665,贴片电阻,贴片电阻，3.3R，0805，1%，3/4W，防脉冲,公用物料,pcs,个,原材料-电子料,电阻,外购,120.00,,,1.00,,未上架
543-000043,UA400整机通用BOM,UA400整机通用BOM2,智能定位,pcs,个,原材料-半成品,TA400整机,自制,1.00,,,1.00,,未上架
321-000220,UB200按键板FPC_P0,黑色FPC，12PIN，50*6.5*0.121mm，12PIN转接FPC，异面软排线，双面屏蔽膜，印刷字体，屏蔽效能＞60db,智能大屏,pcs,个,原材料-电子料,印刷线路板,外购,35.00,,,1.00,,未上架
849-001267,M10*70_外六角法兰面螺栓,M10*70  10.9级达克罗,无人车,pcs,个,原材料-组装料,五金件,外购,1.00,,,1.00,2.589282,未上架
725-000114,贴片陶瓷电容,"1uF,250v,2220,10%,X7R",公用物料,pcs,个,原材料-电子料,电容,外购,77.00,,,1.00,0.780039,未上架
849-000928,贴片螺母,TMTSO3040CTJ,公用物料,pcs,个,原材料-组装料,五金件,外购,25.00,,,1.00,,未上架
606-000217,UA500衬板,318mm*515mm,智能定位,pcs,个,原材料-包装料,包装材料,外购,14.00,,,1.00,,未上架
539-000663,贴片电阻,贴片电阻，3.3R，0805，5%，1/2W，防脉冲,公用物料,pcs,个,原材料-电子料,电阻,外购,120.00,,,1.00,,未上架
972-000272,气压计,CMP388,公用物料,pcs,个,原材料-电子料,集成电路1（IC）,外购,140.00,,,1.00,12.999972,未上架
539-000598,贴片电阻,10R，0805，1%，1/2W，防脉冲,公用物料,pcs,个,原材料-电子料,电阻,外购,140.00,,,1.00,,未上架
356-000601,带切换的IPEX天线座,818024666_A,自动驾驶,pcs,个,原材料-组装料,连接器1（电子）,外购,1.00,,,1.00,0.220011,未上架
539-000182,贴片电阻,"470R,0402,1%",公用物料,pcs,个,原材料-电子料,电阻,外购,56.00,,,1.00,0.001243,未上架
725-000113,贴片陶瓷电容,"100PF,50V,0603,5%",公用物料,pcs,个,原材料-电子料,电容,外购,84.00,,,1.00,0.006554,未上架
795-000472,YN540pro旋转雷达定子板导热硅胶片2,L*W*H=4*4*1.2mm，6W,无人机,pcs,个,原材料-组装料,通用机械零件,外购,14.00,,,1.00,,未上架
321-000569,YC400_controler_P5_PCB,YC400_controler_P5_PCB,智能播种,pcs,个,原材料-电子料,印刷线路板,外购,35.00,,,1.00,1.729013,未上架
795-000931,YC403航电导电泡棉2,包裹式导电泡棉，银灰色，42*3*1mm，自然高度1mm，工作高度0.5mm,无人机,pcs,个,原材料-组装料,通用机械零件,外购,14.00,,,1.00,0.180009,未上架
454-000049,肖特基二极管,SB521S30T1G,公用物料,pcs,个,原材料-电子料,二极管,外购,140.00,,,1.00,0.324310,未上架
849-001200,后防撞梁左安装座,"R235,哑光黑RAL 9011",无人车,pcs,个,原材料-组装料,五金件,外购,1.00,,,1.00,37.999979,未上架
725-000350,贴片陶瓷电容,"10nF,200V,0805,10%",公用物料,pcs,个,原材料-电子料,电容,外购,98.00,,,1.00,0.025990,未上架
165-002065,YS508机尾雷达散热片2,6W导热硅胶垫，尺寸：14*14*2.4mm,无人机,pcs,个,原材料-组装料,加工零部件（外壳、硅胶按键、标签等）,外购,14.00,,,1.00,,未上架
539-000592,贴片电阻,"150mR,1206,1W",公用物料,pcs,个,原材料-电子料,电阻,外购,126.00,,,1.00,0.042036,未上架
733-000231,隔离变压器,TMDEP06-26UH,公用物料,pcs,个,原材料-电子料,电感,外购,45.00,,,1.00,3.499949,未上架
795-000732,YN402_散热风扇_新,40*40*8mm风扇,无人机,pcs,个,原材料-组装料,通用机械零件,外购,38.00,,,1.00,24.379976,未上架
306-000102,YN412预组装包_国内版,,自动驾驶,pcs,个,原材料-半成品,412整机,自制,1.00,,,1.00,,未上架
539-000267,贴片电阻,"60.4R,1206,1%",公用物料,pcs,个,原材料-电子料,电阻,外购,98.00,,,1.00,0.018984,未上架
972-000688,IMU,ICM-42688-P,公用物料,pcs,个,原材料-电子料,集成电路1（IC）,外购,210.00,,,1.00,10.699970,未上架
165-000769,YN501屏蔽罩支架3,35.2*21.2*4.2，洋白铜,自动驾驶,pcs,个,原材料-组装料,加工零部件（外壳、硅胶按键、标签等）,外购,21.00,,,1.00,,未上架
165-000806,YN540PRO_飞控板屏蔽罩3,0.15mm不锈钢 12.6*12.6*2.2mm,无人机,pcs,个,原材料-组装料,加工零部件（外壳、硅胶按键、标签等）,外购,21.00,,,1.00,,未上架
725-000420,贴片陶瓷电容,"1.2nf,25v,0201,10%,X7R",公用物料,pcs,个,原材料-电子料,电容,外购,112.00,,,1.00,0.017967,未上架
725-000309,贴片陶瓷电容,"22uF,25V,1210,10%,X7R",公用物料,pcs,个,原材料-电子料,电容,外购,126.00,,,1.00,0.329960,未上架
454-000173,ESD二极管,LESD5Z5.0T1G,公用物料,pcs,个,原材料-电子料,二极管,外购,84.00,,,1.00,0.045200,未上架
321-000580,YS506_V2_避障射频板_Q01_PCB,YS506_V2_避障射频板_Q01_PCB,无人机,pcs,个,原材料-电子料,印刷线路板,外购,90.00,,,1.00,55.220049,未上架
733-000070,贴片共模电感,JCMF062P900MFR,公用物料,pcs,个,原材料-电子料,电感,外购,28.00,,,1.00,0.069947,未上架
454-000178,稳压二极管,NMSZ5248B,公用物料,pcs,个,原材料-电子料,二极管,外购,28.00,,,1.00,0.047008,未上架
972-000650,LORA,F22-400T30S-V2,公用物料,pcs,个,原材料-电子料,集成电路1（IC）,外购,42.00,,,1.00,39.999966,未上架
849-000191,M16平垫片,M16*22*0.3mm 304不锈钢,公用物料,pcs,个,原材料-组装料,五金件,外购,13.00,,,1.00,,未上架
356-000389,沉板前插后贴式短款USB 2.0母座,VB20M1-04R038-BTR-GF,公用物料,pcs,个,原材料-组装料,连接器1（电子）,外购,25.00,,,1.00,0.280014,未上架
539-000039,贴片电阻,"12K,0402,1%",公用物料,pcs,个,原材料-电子料,电阻,外购,84.00,,,1.00,0.001469,未上架
733-000205,贴片磁珠,TZ1005K601CTF,公用物料,pcs,个,原材料-电子料,电感,外购,77.00,,,1.00,0.007006,未上架
358-000119,PNP三极管,NMBT3906,公用物料,pcs,个,原材料-电子料,晶体管,外购,56.00,,,1.00,0.024747,未上架
994-000411,YN580航电模块线束,,无人机,pcs,个,原材料-组装料,线束（组装线束）,外购,35.00,,,1.00,,未上架
972-000407,雷达收发器,UEF8102EN/N1Y,公用物料,pcs,个,原材料-电子料,集成电路1（IC）,外购,112.00,,,1.00,35.999992,未上架
454-000218,肖特基二极管,KSPD140A,公用物料,pcs,个,原材料-电子料,二极管,外购,56.00,,,1.00,0.050963,未上架
454-000311,肖特基二极管,KSPI3200A,公用物料,pcs,个,原材料-电子料,二极管,外购,45.00,,,1.00,0.122944,未上架
994-000415,YS403双目摄像头线束,,无人机,pcs,个,原材料-组装料,线束（组装线束）,外购,35.00,,,1.00,,未上架
972-000620,电阻式位置传感器,SDC503051A,公用物料,pcs,个,原材料-电子料,集成电路1（IC）,外购,140.00,,,1.00,1.799977,未上架
165-000767,YN501屏蔽罩支架1,20.15*14.15*3.7，洋白铜,自动驾驶,pcs,个,原材料-组装料,加工零部件（外壳、硅胶按键、标签等）,外购,21.00,,,1.00,,未上架
725-000059,贴片陶瓷电容,"10pF,25V,0402,10%",公用物料,pcs,个,原材料-电子料,电容,外购,98.00,,,1.00,0.002486,未上架
364-000070,蜂鸣器,BL-FMQ-12095-12V,公用物料,pcs,个,原材料-电子料,保险丝&蜂鸣器类,外购,28.00,,,1.00,,未上架
356-000478,GP0552K-030S-TAND,19.2*4.2*5.2；GP0552K-030S-TAND（ 30PIN 立式带凸扣 正脚位）,公用物料,pcs,个,原材料-组装料,连接器1（电子）,外购,25.00,,,1.00,0.629975,未上架
539-000448,贴片电阻,"430K,0402,1%",公用物料,pcs,个,原材料-电子料,电阻,外购,84.00,,,1.00,0.001469,未上架
165-001324,YN540pro雷达底盖,圆形，外径φ104mm，高度19.6mm，无透气膜孔,无人机,pcs,个,原材料-组装料,加工零部件（外壳、硅胶按键、标签等）,外购,42.00,,,1.00,,未上架
725-000317,贴片陶瓷电容,"100nf,50V,1206,5%,NP0/C0G",公用物料,pcs,个,原材料-电子料,电容,外购,112.00,,,1.00,0.306795,未上架
972-000501,充电管理IC,DN3702,公用物料,pcs,个,原材料-电子料,集成电路1（IC）,外购,42.00,,,1.00,1.250006,未上架
356-000207,4PIN 立贴式0.8T连接器,XB0801A-004S-TAGF,公用物料,pcs,个,原材料-组装料,连接器1（电子）,外购,25.00,,,1.00,0.300015,未上架
972-000588,限流开关,KW7112SOTB#TRPBF,公用物料,pcs,个,原材料-电子料,集成电路1（IC）,外购,112.00,,,1.00,0.320016,未上架
733-000085,贴片磁珠,CLM15PD121SN1D,公用物料,pcs,个,原材料-电子料,电感,外购,98.00,,,1.00,0.020905,未上架
358-000111,NPN三极管,NMBT3904,公用物料,pcs,个,原材料-电子料,晶体管,外购,56.00,,,1.00,0.022374,未上架
505-000046,YN503_LCD模组(YWH),"尺寸：12.1寸, 全贴合：G+G,十点触控；亮度：1000Min cd/m2 ；盖板电镀AF，硬度6H； 分辨率：1280*800； 工作温度：-20°-70°； 储存温度：-30°-80°；",自动驾驶,pcs,个,原材料-组装料,显示屏&板卡,外购,42.00,,,1.00,396.000025,未上架
321-000508,YC302B电调电容板CAP_P0_PCB,YC302B电调电容板CAP_P0_PCB,无人机,pcs,个,原材料-电子料,印刷线路板,外购,35.00,,,1.00,0.885016,未上架
165-000233,701pro密封圈（SIM盖）,E14*线径1.0，红色硅胶,自动驾驶,pcs,个,原材料-组装料,加工零部件（外壳、硅胶按键、标签等）,外购,21.00,,,1.00,0.039211,未上架
165-002327,YN525_关节转轴,轴径11*长70mm，材质：SUS 316H,无人机,pcs,个,原材料-组装料,加工零部件（外壳、硅胶按键、标签等）,外购,35.00,,,1.00,,未上架
588-000177,YN401_打点器P2_S01_PCBA,YN401_GNSS BOARD_P2_S01_PCBA,无人机,pcs,个,原材料-半成品,已贴线路板,委外,28.00,,,1.00,,未上架
733-000004,贴片功率电感,TDCL1005C33NJTDF,公用物料,pcs,个,原材料-电子料,电感,外购,98.00,,,1.00,0.007345,未上架
838-000405,YN503-WIFI 天线,YN503-WIFI-V1.0,自动驾驶,pcs,个,原材料-包装料,天线、传感器&摄像头,外购,35.00,,,1.00,1.850036,未上架
356-000272,18PIN 双排立插线对板连接器2.0pitch,XB2013A-209S-BAND-GW,公用物料,pcs,个,原材料-组装料,连接器1（电子）,外购,25.00,,,1.00,0.180009,未上架
165-001164,YC400喇叭,信荣达UD50SC1204-06M；带molex线端连接器51021-0200， terminal 50079-8000，线长35mm，BWG26，1正红2负黑,智能播种,pcs,个,原材料-组装料,加工零部件（外壳、硅胶按键、标签等）,外购,18.00,,,1.00,3.799964,未上架
165-003429,WH300电调板TOP面导热垫3,8w.导热硅胶,无人车,pcs,个,原材料-组装料,加工零部件（外壳、硅胶按键、标签等）,外购,14.00,,,1.00,0.580029,未上架
359-000031,电驱总成,电机72V1.2KW 减速器速比23.2,无人车,pcs,个,原材料-组装料,通用电气零件,外购,42.00,,,1.00,794.999974,未上架
725-000218,贴片陶瓷电容,"68nF,50V,0603,10%",公用物料,pcs,个,原材料-电子料,电容,外购,84.00,,,1.00,0.017854,未上架
165-001235,方向盘盖板（无logo）,,自动驾驶,pcs,个,原材料-组装料,加工零部件（外壳、硅胶按键、标签等）,外购,21.00,,,1.00,,未上架
972-000329,MCU电压监控芯片,DN809S,公用物料,pcs,个,原材料-电子料,集成电路1（IC）,外购,28.00,,,1.00,,未上架
733-000187,贴片电感,"100nH,0201",公用物料,pcs,个,原材料-电子料,电感,外购,77.00,,,1.00,0.009831,未上架
539-000554,贴片电阻,防脉冲电阻 49.9 Ohms ±1% 0.2W 0402,公用物料,pcs,个,原材料-电子料,电阻,外购,84.00,,,1.00,0.085089,未上架
849-000764,M2 E形卡簧,M2 E形卡簧，TUS314 不锈钢,公用物料,pcs,个,原材料-组装料,五金件,外购,17.00,,,1.00,,未上架
606-000065,YN100大纸箱格栅衬板,尺寸：650mm*45（3根 ）370mm*45（5根）一箱5层,智能定位,pcs,个,原材料-包装料,包装材料,外购,14.00,,,1.00,,未上架
165-000194,机具识别器下盖,PC-ABS材质 灰色 601C/601S,监测终端,pcs,个,原材料-组装料,加工零部件（外壳、硅胶按键、标签等）,外购,28.00,,,1.00,1.799977,未上架
165-003405,传感器上盖板,ABS，哑光黑RAL 9011,无人车,pcs,个,原材料-组装料,加工零部件（外壳、硅胶按键、标签等）,外购,7.00,,,1.00,30.000031,未上架
539-000324,贴片电阻,"100R,0805,1%",公用物料,pcs,个,原材料-电子料,电阻,外购,84.00,,,1.00,0.006215,未上架
725-000390,贯通型滤波器,"1UF,6.3V,2A,0603,20%",公用物料,pcs,个,原材料-电子料,电容,外购,112.00,,,1.00,0.175037,未上架
454-000158,TVS,KEB712M,公用物料,pcs,个,原材料-电子料,二极管,外购,56.00,,,1.00,0.164641,未上架
353-000176,电器线束系统,,无人车,pcs,个,原材料-半成品,VH300无人车,自制,,,,1.00,,未上架
588-000470,YS504_V2_避障雷达板_P1_S01_PCBA,YS504_V2_避障雷达板_P1_S01_PCBA,无人机,pcs,个,原材料-半成品,已贴线路板,委外,33.00,,,1.00,,未上架
972-000528,四信LORA 模组,F8L10C-10L1U,公用物料,pcs,个,原材料-电子料,集成电路1（IC）,外购,42.00,,,1.00,26.999994,未上架
725-000364,贴片陶瓷电容,22pF 50V 1402 5% C0G,公用物料,pcs,个,原材料-电子料,电容,外购,77.00,,,1.00,0.002147,未上架
725-000002,贴片陶瓷电容,"33pF,16V,0402,10%",公用物料,pcs,个,原材料-电子料,电容,外购,126.00,,,1.00,,未上架
165-001944,YN580电调线卡2,材质：硅胶，硬度60，黑色,无人机,pcs,个,原材料-组装料,加工零部件（外壳、硅胶按键、标签等）,外购,21.00,,,1.00,,未上架
849-001236,作业支架上盖板,R235，灰白哑光RAL 7047,无人车,pcs,个,原材料-组装料,五金件,外购,1.00,,,1.00,28.000044,未上架
849-001211,传感器轴承座,R235，哑光黑RAL 9011,无人车,pcs,个,原材料-组装料,五金件,外购,1.00,,,1.00,99.159986,未上架
527-000031,贴片晶振,E1SB24E00001JE,公用物料,pcs,个,原材料-电子料,晶体振荡器,外购,30.00,,,1.00,,未上架
588-000343,YS504_定高板FPC排线_10PIN_P0_S01_PCBA,YS504_定高板FPC排线_10PIN_P0_S01_PCBA,无人机,pcs,个,原材料-半成品,已贴线路板,委外,18.00,,,1.00,,未上架
849-001313,M5*8_外六角螺栓,M5*8  8.8级银色达克罗,无人车,pcs,个,原材料-组装料,五金件,外购,1.00,,,1.00,0.108480,未上架
539-000385,贴片电阻,"47K,0805,1%",公用物料,pcs,个,原材料-电子料,电阻,外购,84.00,,,1.00,0.006215,未上架
527-000043,贴片晶振,RRS1024000C10N,公用物料,pcs,个,原材料-电子料,晶体振荡器,外购,28.00,,,1.00,0.260013,未上架
554-000072,DCDC电源芯片,HBI1633SMAR,公用物料,pcs,个,原材料-电子料,稳压器,外购,42.00,,,1.00,1.534992,未上架
454-000185,肖特基二极管,TS26B,公用物料,pcs,个,原材料-电子料,二极管,外购,28.00,,,1.00,0.169952,未上架
454-000148,ESD静电保护管,KEB05LCDF,公用物料,pcs,个,原材料-电子料,二极管,外购,56.00,,,1.00,0.040002,未上架
454-000123,肖特基二极管,OSR0240MX2T5G,公用物料,pcs,个,原材料-电子料,二极管,外购,140.00,,,1.00,0.628054,未上架
539-000584,贴片电阻,820K，0402，1%,公用物料,pcs,个,原材料-电子料,电阻,外购,42.00,,,1.00,0.002034,未上架
539-000549,贴片电阻,620Ω，±1%，0603，100mW,公用物料,pcs,个,原材料-电子料,电阻,外购,84.00,,,1.00,0.003503,未上架
539-000329,贴片电阻,"110R,0402,1%",公用物料,pcs,个,原材料-电子料,电阻,外购,84.00,,,1.00,0.001469,未上架
849-001355,M3*10十字平头螺丝蓝胶防松,M3*20  304不锈钢,无人车,pcs,个,原材料-组装料,五金件,外购,1.00,,,1.00,0.106220,未上架
454-000219,肖特基二极管,KSPX140A,公用物料,pcs,个,原材料-电子料,二极管,外购,56.00,,,1.00,0.061246,未上架
454-000122,稳压二极管,CZT52B15LP-7B,公用物料,pcs,个,原材料-电子料,二极管,外购,140.00,,,1.00,0.169952,未上架
321-000604,GPS模块B40S_P0_PCB,GPS_MODULE_B40S_P0_PCB,自动驾驶,pcs,个,原材料-电子料,印刷线路板,外购,35.00,,,1.00,12.149986,未上架
539-000593,贴片电阻,18R，0402，1%,公用物料,pcs,个,原材料-电子料,电阻,外购,84.00,,,1.00,0.001469,未上架
849-001208,铰接滑块组件,R235，哑光黑RAL 9011,无人车,pcs,个,原材料-组装料,五金件,外购,1.00,,,1.00,39.000029,未上架
165-000005,金属盖板,67.5mm*35mm*2mm  201不锈钢,监测终端,pcs,个,原材料-组装料,加工零部件（外壳、硅胶按键、标签等）,外购,21.00,,,1.00,,未上架
733-000001,贴片磁珠,CLM18PG471SN1D,公用物料,pcs,个,原材料-电子料,电感,外购,63.00,,,1.00,0.034239,未上架
725-000012,贴片陶瓷电容,"100nF,50V,0402,10%",公用物料,pcs,个,原材料-电子料,电容,外购,126.00,,,1.00,0.011978,未上架
795-001173,后轮胎总成,430*120,无人车,pcs,个,原材料-组装料,通用机械零件,外购,1.00,,,1.00,105.000052,未上架
353-000172,WH300探照灯组件,,无人车,pcs,个,原材料-半成品,VH300无人车,自制,,,,1.00,,未上架
165-002659,YN503_前壳,307.5*212.4*13.65mm； 材料：PC+ABS，模内埋钉螺母 ； 工艺：黑色，表面细皮纹,自动驾驶,pcs,个,原材料-组装料,加工零部件（外壳、硅胶按键、标签等）,外购,35.00,,,1.00,20.469950,未上架
539-000472,贴片电阻,"16R,2512,1%,2W",公用物料,pcs,个,原材料-电子料,电阻,外购,112.00,,,1.00,0.229955,未上架
454-000225,ESD静电保护管,KEU15T2B,公用物料,pcs,个,原材料-电子料,二极管,外购,56.00,,,1.00,0.076049,未上架
994-000646,YC400终端线束_P5（屏蔽层+双绞版）,,智能播种,pcs,个,原材料-组装料,线束（组装线束）,外购,35.00,,,1.00,,未上架
549-002598,WH300喷洒电磁阀,,无人车,pcs,个,原材料-包装料,外购设备类,外购,1.00,,,1.00,,未上架
454-000222,TVS二极管,TMAJ15CA,公用物料,pcs,个,原材料-电子料,二极管,外购,56.00,,,1.00,0.088027,未上架
725-000322,贴片陶瓷电容,"22uF,10V,1206,10%,X7R",公用物料,pcs,个,原材料-电子料,电容,外购,126.00,,,1.00,0.209954,未上架
165-003440,大号4路插栓保险丝盒,"大号（带铜梁）不含保险片，适用负载72V/DC,200A:",无人车,pcs,个,原材料-组装料,加工零部件（外壳、硅胶按键、标签等）,外购,28.00,,,1.00,44.999990,未上架
770-000130,武阳24pin BTB连接器,CB615-H24S-C0R,公用物料,pcs,个,原材料-组装料,连接器2（非电子）,外购,25.00,,,1.00,,未上架
359-000037,直流接触器,RZJ200A常开 线圈电压72V 备注：带通断检测,无人车,pcs,个,原材料-电子料,通用电气零件,外购,1.00,,,1.00,149.160000,未上架
539-000180,贴片电阻,"100R,0402,1%",公用物料,pcs,个,原材料-电子料,电阻,外购,42.00,,,1.00,0.001695,未上架
849-001311,M5*30_304不锈钢平头倒边内六角螺栓,M5*30  304不锈钢,无人车,pcs,个,原材料-组装料,五金件,外购,1.00,,,1.00,0.308942,未上架
539-000207,贴片电阻,"33K,0402,1%",公用物料,pcs,个,原材料-电子料,电阻,外购,35.00,,,1.00,0.002034,未上架
849-001253,沉头固定螺母,M:TUS304  C:本色 工艺：CNC,无人车,pcs,个,原材料-组装料,五金件,外购,28.00,,,1.00,14.999959,未上架
478-000047,590止回阀弯通接头组件,,无人机,pcs,个,原材料-组装料,HD590组装半成品,自制,1.00,,,1.00,,未上架
539-000579,贴片电阻,56.2k，0402，1%,公用物料,pcs,个,原材料-电子料,电阻,外购,84.00,,,1.00,0.001469,未上架
356-000426,2.54mm 双排14pin 立贴排母,QF252A70A-07V085-1TR,公用物料,pcs,个,原材料-组装料,连接器1（电子）,外购,24.00,,,1.00,0.780039,未上架
321-000436,YN580_自研电调航灯_P1_PCB,YN580_自研电调航灯_P1_PCB,无人机,pcs,个,原材料-电子料,印刷线路板,外购,30.00,,,1.00,0.720036,未上架
403-000036,无线机具电池,亿纬（EVE）DR2477P/H,公用物料,pcs,个,原材料-电子料,电池,外购,1.00,,,1.00,,未上架
588-000633,YS508_1T4R_80G_9232_P0_PCBA,YS508_1T4R_80G_9232_P0_PCBA,无人机,pcs,个,原材料-半成品,已贴线路板,委外,13.00,,,1.00,,未上架
165-001872,YN580电调灯盖,材质：透明PC,无人机,pcs,个,原材料-组装料,加工零部件（外壳、硅胶按键、标签等）,外购,28.00,,,1.00,,未上架
725-000423,贴片电容,33pF，50V，0201，1%，NP0,公用物料,pcs,个,原材料-电子料,电容,外购,98.00,,,1.00,0.008023,未上架
972-000566,PMIC,SK809-5,公用物料,pcs,个,原材料-电子料,集成电路1（IC）,外购,42.00,,,1.00,7.000011,未上架
356-000583,电调焊接端子,T2紫铜，11*11*8，脚长1.8mm,无人机,pcs,个,原材料-组装料,连接器1（电子）,外购,21.00,,,1.00,5.699946,未上架
454-000331,双向TVS,SMAJ6.0CA,公用物料,pcs,个,原材料-电子料,二极管,外购,70.00,,,1.00,0.109949,未上架
165-001985,UB200 8寸屏硅胶按键,181.5*20*2.3       45度半透硅胶喷涂镭雕背胶（3M-9474LE),无人机,pcs,个,原材料-组装料,加工零部件（外壳、硅胶按键、标签等）,外购,28.00,,,1.00,,未上架
849-001168,高强度12.9级M2*7圆柱头内六角机牙螺钉,M2*7，高强度12.9级，圆柱头内六角，镀白镍，第3到第10个螺牙要半圈涂耐落漆,无人机,pcs,个,原材料-组装料,五金件,外购,1.00,,,1.00,0.078874,未上架
725-000380,纽扣式超级电容,FH5R5H474T,公用物料,pcs,个,原材料-电子料,电容,外购,56.00,,,1.00,1.899982,未上架
733-000232,贴片功率电感,TPM322512SR22MBCA,公用物料,pcs,个,原材料-电子料,电感,外购,30.00,,,1.00,0.320016,未上架
539-000370,贴片电阻,"200R,1206,1%",公用物料,pcs,个,原材料-电子料,电阻,外购,84.00,,,1.00,0.009040,未上架
725-000415,贴片陶瓷电容,"10nF,16V,0201,10%,X7R",公用物料,pcs,个,原材料-电子料,电容,外购,98.00,,,1.00,0.002599,未上架
165-002411,150电调灯盖,材质：PC，尺寸：L*W*H：88.6*19.9*6.1mm,无人机,pcs,个,原材料-组装料,加工零部件（外壳、硅胶按键、标签等）,外购,28.00,,,1.00,1.390013,未上架
539-000037,贴片电阻,"6.8K,0402,1%",公用物料,pcs,个,原材料-电子料,电阻,外购,84.00,,,1.00,0.001469,未上架
165-001349,YN540s药箱控制盒壳体,"L*W*H：201*52*63；PA6+HF20,黑色",无人机,pcs,个,原材料-组装料,加工零部件（外壳、硅胶按键、标签等）,外购,28.00,,,1.00,,未上架
733-000245,一体成型功率电感,THP0603-220M,公用物料,pcs,个,原材料-电子料,电感,外购,30.00,,,1.00,0.284986,未上架
725-000191,贴片陶瓷电容,"0.5PF,50V,0402,10%",公用物料,pcs,个,原材料-电子料,电容,外购,112.00,,,1.00,0.089948,未上架
358-000090,NPN三极管,GMMT495TA,公用物料,pcs,个,原材料-电子料,晶体管,外购,0.00,,,1.00,0.735517,未上架
364-000045,贴片自恢复保险丝,TMD1206P005TF,公用物料,pcs,个,原材料-电子料,保险丝&蜂鸣器类,外购,42.00,,,1.00,,未上架
321-000324,YN300E_801_U113_P3_PCB,YN300E_801_U113_P3_PCB,监测终端,pcs,个,原材料-电子料,印刷线路板,外购,35.00,,,1.00,14.120028,未上架
725-000497,直插铝电解电容,100ZLJ330M12.5X35,公用物料,pcs,个,原材料-电子料,电容,外购,84.00,,,1.00,5.600054,未上架
795-000886,YN403主板电源屏蔽罩,不锈钢304，外观尺寸：27.4*22.7*2.35mm，厚度0.15mm,自动驾驶,pcs,个,原材料-组装料,通用机械零件,外购,21.00,,,1.00,0.800040,未上架
454-000170,二极管,CZT52C4V7S,公用物料,pcs,个,原材料-电子料,二极管,外购,28.00,,,1.00,0.044974,未上架
539-000002,贴片电阻,"22R,0402,1%",公用物料,pcs,个,原材料-电子料,电阻,外购,84.00,,,1.00,0.001921,未上架
356-000254,M16防水8P(4+4)板端公头,前锁面板式M16 TW20-23L,公用物料,pcs,个,原材料-组装料,连接器1（电子）,外购,42.00,,,1.00,8.459971,未上架
165-001438,YN402_电池充电座_下壳,黑色塑胶，外观面晒纹,无人机,pcs,个,原材料-组装料,加工零部件（外壳、硅胶按键、标签等）,外购,35.00,,,1.00,,未上架
505-000032,YN402_6寸全贴合显示屏,UCXD060IBLMA-7，6寸全贴合屏，分辨率：1280*800；亮度：1100,无人机,pcs,个,原材料-组装料,显示屏&板卡,外购,45.00,,,1.00,156.249959,未上架
838-000402,YN503-4G-DIV 天线,YN503-DIV-V1.0,自动驾驶,pcs,个,原材料-包装料,天线、传感器&摄像头,外购,35.00,,,1.00,2.199997,未上架
733-000217,贴片功率电感,THP0603-3R3M,公用物料,pcs,个,原材料-电子料,电感,外购,30.00,,,1.00,0.240012,未上架
358-000091,NPN三极管,MMBT3904LT1G,公用物料,pcs,个,原材料-电子料,晶体管,外购,84.00,,,1.00,0.019549,未上架
725-000209,超级电容,BCS2R7S335YS0820,公用物料,pcs,个,原材料-电子料,电容,外购,42.00,,,1.00,0.620031,未上架
972-000315,USB切换开关,VM7222,公用物料,pcs,个,原材料-电子料,集成电路1（IC）,外购,42.00,,,1.00,0.500025,未上架
588-000730,YC400_controler_P5_PCBA,YC400_controler_P5_PCBA,智能播种,pcs,个,原材料-半成品,已贴线路板,委外,1.00,,,1.00,,未上架
849-001273,M12*70_外六角法兰面螺栓,M12*1.75*70  10.9级黑色达克罗,无人车,pcs,个,原材料-组装料,五金件,外购,1.00,,,1.00,2.966250,未上架
972-000240,磁力计,RMC5883P,公用物料,pcs,个,原材料-电子料,集成电路1（IC）,外购,33.00,,,1.00,3.799964,未上架
994-000605,MIC带线束,MIC尺寸：4.6*2mm；端子：1.35-2P超薄端子；黑红双绞线，红正黑负； 线长60±5mm;；黑红线,自动驾驶,pcs,个,原材料-组装料,线束（组装线束）,外购,1.00,,,1.00,1.470017,未上架
356-000293,双排插座,B2023-2X07AW,公用物料,pcs,个,原材料-组装料,连接器1（电子）,外购,25.00,,,1.00,0.309959,未上架
165-003523,WH300电调板电感导热垫,8w.导热硅胶,无人车,pcs,个,原材料-组装料,加工零部件（外壳、硅胶按键、标签等）,外购,14.00,,,1.00,0.109949,未上架
165-001487,YN402_屏幕接地导电泡棉,包裹式导电泡棉，银灰色，6.0*6.0*7.5mm，填充低密度泡棉,自动驾驶,pcs,个,原材料-组装料,加工零部件（外壳、硅胶按键、标签等）,外购,21.00,,,1.00,,未上架
606-000381,北斗智能平板十寸单屏小包盒,三层瓦楞纸箱:305mm*250mm*80mm,智能大屏,pcs,个,原材料-包装料,包装材料,外购,14.00,,,1.00,1.499962,未上架
725-000069,贴片陶瓷电容,"10uF,6.3V,0603,10%",公用物料,pcs,个,原材料-电子料,电容,外购,70.00,,,1.00,0.018984,未上架
165-000729,YN501_散热硅胶垫4,6W导热硅胶，60*11*1mm  灰色，6W.mk  规则矩形,自动驾驶,pcs,个,原材料-组装料,加工零部件（外壳、硅胶按键、标签等）,外购,14.00,,,1.00,,未上架
165-001370,YN540S_离心喷头电调下盖,L*W*H：65.2*59*23.2mm;BDC12，黑色哑光喷漆,无人机,pcs,个,原材料-组装料,加工零部件（外壳、硅胶按键、标签等）,外购,35.00,,,1.00,,未上架
795-000816,电调信号连接器硅胶护套,黑色，内径12mm*外径14mm *长度30mm,无人机,pcs,个,原材料-组装料,通用机械零件,外购,10.00,,,1.00,0.069495,未上架
165-002086,YN580雷达导热垫2,"导热率8W,尺寸14*8.5*2mm",无人机,pcs,个,原材料-组装料,加工零部件（外壳、硅胶按键、标签等）,外购,14.00,,,1.00,,未上架
849-000942,M3X9+4单头六角铜柱，六角对边尺寸4.6,M3*9+4mm单头六角铜柱，本色，外牙M3*4，内牙M3牙深不低于7mm，六角对边4.6mm，长度9mm,公用物料,pcs,个,原材料-组装料,五金件,外购,14.00,,,1.00,,未上架
539-000373,贴片电阻,"24.9K,0402,1%",公用物料,pcs,个,原材料-电子料,电阻,外购,98.00,,,1.00,0.001469,未上架
364-000068,YN501_喇叭带线束(DD),喇叭主体：30*20*5.4mm 线规格：线长90mm，VL1061-26号线；带1.5间距端子；,公用物料,pcs,个,原材料-电子料,保险丝&蜂鸣器类,外购,15.00,,,1.00,,未上架
606-000852,I406 预组装外箱,,自动驾驶,pcs,个,原材料-包装料,包装材料,外购,14.00,,,1.00,1.870037,未上架
454-000131,TVS二极管,TMBJ36CA,公用物料,pcs,个,原材料-电子料,二极管,外购,126.00,,,1.00,,未上架
165-003388,卡线夹左,"QA12,黑色",无人车,pcs,个,原材料-组装料,加工零部件（外壳、硅胶按键、标签等）,外购,1.00,,,1.00,14.999959,未上架
994-000712,580V3 3号4号离心喷头线束,,行业无人机,pcs,个,原材料-组装料,线束（组装线束）,外购,35.00,,,1.00,109.000026,未上架
165-003409,前车配电盒密封圈,EPDM,无人车,pcs,个,原材料-组装料,加工零部件（外壳、硅胶按键、标签等）,外购,35.00,,,1.00,10.000048,未上架
539-000578,贴片电阻,14.3k，0402，1%,公用物料,pcs,个,原材料-电子料,电阻,外购,84.00,,,1.00,0.001469,未上架
165-003431,WH300电调板TOP面导热垫5,8w.导热硅胶,无人车,pcs,个,原材料-组装料,加工零部件（外壳、硅胶按键、标签等）,外购,14.00,,,1.00,0.120006,未上架
725-000460,贴片陶瓷电容,"8.2nf,50V,0402,10%,X7R",公用物料,pcs,个,原材料-电子料,电容,外购,98.00,,,1.00,0.003051,未上架
972-000342,LPDDR4,NT53E1G32D2FW-046AIT:A,公用物料,pcs,个,原材料-电子料,集成电路1（IC）,外购,73.00,,,1.00,172.422406,未上架
454-000007,肖特基二极管,CAT54WS-7-F,公用物料,pcs,个,原材料-电子料,二极管,外购,133.00,,,1.00,0.099779,未上架
994-000414,YN580探照灯线束,附带2根22#线，长度26mm，两边剥皮上锡，剥皮上锡长度3mm,无人机,pcs,个,原材料-组装料,线束（组装线束）,外购,35.00,,,1.00,,未上架
165-001969,YN580雷达上盖,圆形，外径110.8mm，厚度27mm；喷漆/黑色,无人机,pcs,个,原材料-组装料,加工零部件（外壳、硅胶按键、标签等）,外购,35.00,,,1.00,,未上架
849-001227,三目相机支架,R235，哑光黑RAL 9011,无人车,pcs,个,原材料-组装料,五金件,外购,1.00,,,1.00,28.000044,未上架
165-001955,YN580雷达避障固定铝件,L*W*H：120*64.6*13.5mm，壁厚1.2mm；钝化，本色,无人机,pcs,个,原材料-组装料,加工零部件（外壳、硅胶按键、标签等）,外购,35.00,,,1.00,,未上架
539-000590,贴片电阻,80.6R，0402，1%,公用物料,pcs,个,原材料-电子料,电阻,外购,98.00,,,1.00,0.001469,未上架
454-000318,肖特基二极管,TS36A,公用物料,pcs,个,原材料-电子料,二极管,外购,70.00,,,1.00,0.289958,未上架
725-000439,贴片陶瓷电容,47NF，50V，1206，5%，NP0/C0G,公用物料,pcs,个,原材料-电子料,电容,外购,112.00,,,1.00,0.310750,未上架
165-003110,YN402_新波轮旋钮,,无人机,pcs,个,原材料-组装料,加工零部件（外壳、硅胶按键、标签等）,外购,35.00,,,1.00,0.449966,未上架
849-000411,ST2.5*10自攻,沉头十字平尾，ST2.5*10自攻，不锈钢,公用物料,pcs,个,原材料-组装料,五金件,外购,17.00,,,1.00,,未上架
795-000665,YN540S-L型宝塔接头,"L*W*H：46*32*12mm；""QA66+30GF,黑色""",无人机,pcs,个,原材料-组装料,通用机械零件,外购,35.00,,,1.00,,未上架
972-000434,MS卡,M2M-MS1；100M月/贴片；哈尔滨移动,公用物料,pcs,个,原材料-电子料,集成电路1（IC）,外购,1.00,,,1.00,,未上架
165-001408,YN402_喇叭压紧泡棉,硅胶泡棉，单面带背胶,无人机,pcs,个,原材料-组装料,加工零部件（外壳、硅胶按键、标签等）,外购,14.00,,,1.00,,未上架
849-001013,M2.5*6不锈钢十字圆头机牙螺丝_镀黑锌_半耐落,304不锈钢；镀黑锌；强度等级：A2-70；第3到第10个螺牙要半圈涂耐落漆，中性盐雾72小时；符合GB /T 918 - 2016标准(螺丝头槽号H型),自动驾驶,pcs,个,原材料-组装料,五金件,外购,14.00,,,1.00,0.050737,未上架
363-000582,喷洒系统供电线,,无人车,pcs,个,原材料-包装料,线束（包装线束）,外购,28.00,,,1.00,13.899000,未上架
527-000018,贴片无源晶振,UZ3313B,公用物料,pcs,个,原材料-电子料,晶体振荡器,外购,112.00,,,1.00,,未上架
454-000256,TVS二极管,JRC-U36CA,公用物料,pcs,个,原材料-电子料,二极管,外购,56.00,,,1.00,2.849973,未上架
733-000215,贴片磁珠,XPN252012HR68MT,公用物料,pcs,个,原材料-电子料,电感,外购,63.00,,,1.00,0.109949,未上架
554-000053,DC-DC降压稳压器,KWH5123SESOP#TRPBF,公用物料,pcs,个,原材料-电子料,稳压器,外购,98.00,,,1.00,1.750031,未上架
260-000065,YC400采集器（6路播种）_P3.0组装BOM,YC-DAC-D-06,智能播种,pcs,个,原材料-半成品,UC400整机,自制,1.00,,,1.00,,未上架
725-000159,贴片陶瓷电容,"3.3Pf,50v,0402",公用物料,pcs,个,原材料-电子料,电容,外购,126.00,,,1.00,0.020001,未上架
849-001097,M3*8沉头内六角点胶螺丝,"M3*8 内六角沉头 304不锈钢，本色，强度等级：A2-70,第3到第10个螺牙要整圈涂耐落漆，中性盐雾72小时，符合GB/T 70.1-2008",无人机,pcs,个,原材料-组装料,五金件,外购,1.00,,,1.00,0.044974,未上架
454-000238,肖特基二极管,KSPJ5200A,公用物料,pcs,个,原材料-电子料,二极管,外购,56.00,,,1.00,0.302953,未上架
791-000012,YN403_前壳预装组件_不带终端互联,前壳+屏幕（PUR点胶固定）,自动驾驶,pcs,个,原材料-半成品,406整机,自制,1.00,,,1.00,,未上架
770-000131,0.5 Pitch拉拔卧式3带下接（H=2.0）,GP0520F-009R-TAND,公用物料,pcs,个,原材料-组装料,连接器2（非电子）,外购,25.00,,,1.00,,未上架
539-000068,贴片电阻,"560R,0402,1%",公用物料,pcs,个,原材料-电子料,电阻,外购,84.00,,,1.00,0.001921,未上架
795-001256,TB系列螺丝包配件-洋马（加长),M5*18外六角防松组合螺母套装*5pcs; M5*12外六角防松组合螺母套装*15pcs; M8*20外六角不锈钢三组合螺栓*3pcs；U型螺栓螺母套装*1pcs；M6*10外六角防松组合螺母*1pcs；以上物料需满足中性盐雾72小时；强度等级：A2-70;附件包标签按友农模板(物料编码、物料名称中英文),监测终端,pcs,个,原材料-组装料,通用机械零件,外购,1.00,,,1.00,,未上架
321-000460,YS506_V2_避障FPC_40PIN_P0_PCB,YS506_V2_避障FPC_40PIN_P0_PCB,无人机,pcs,个,原材料-电子料,印刷线路板,外购,90.00,,,1.00,4.399994,未上架
972-000740,降压型稳压电源,V3500C,公用物料,pcs,个,原材料-电子料,集成电路1（IC）,外购,63.00,,,1.00,0.800040,未上架
165-003441,小号线束保险盒插座15A,15A+小号保险盒 1套,无人车,pcs,个,原材料-组装料,加工零部件（外壳、硅胶按键、标签等）,外购,1.00,,,1.00,1.979986,未上架
353-000190,称重系统_前,,无人车,pcs,个,原材料-半成品,VH300无人车,自制,,,,1.00,,未上架
165-001765,8寸屏上盖,215.8*179.8*13,智能大屏,pcs,个,原材料-组装料,加工零部件（外壳、硅胶按键、标签等）,外购,28.00,,,1.00,,未上架
165-002071,YS508 SIM卡盖硅胶圈2,线径1.8mm，外径20mm，黑色硅胶圈,无人机,pcs,个,原材料-组装料,加工零部件（外壳、硅胶按键、标签等）,外购,21.00,,,1.00,,未上架
182-000033,MS卡,量讯，30兆，贴片卡,智能定位,pcs,个,原材料-组装料,智能卡,外购,15.00,,,1.00,1.199947,未上架
165-003457,后车铜排3-左后电机驱动,T2,无人车,pcs,个,原材料-组装料,加工零部件（外壳、硅胶按键、标签等）,外购,1.00,,,1.00,78.899990,未上架
972-000292,降压转换器,MMR16030PDDAR,公用物料,pcs,个,原材料-电子料,集成电路1（IC）,外购,30.00,,,1.00,44.124805,未上架
733-000049,贴片电感,TWPA252010S4R7MT,公用物料,pcs,个,原材料-电子料,电感,外购,84.00,,,1.00,0.109949,未上架
733-000186,贴片电感,"82nH,0201,±5%",公用物料,pcs,个,原材料-电子料,电感,外购,77.00,,,1.00,,未上架
554-000035,线性稳压器,TGM2036-ADJYN5G/TR,公用物料,pcs,个,原材料-电子料,稳压器,外购,98.00,,,1.00,0.164980,未上架
363-000583,离心电机线束B,,无人车,pcs,个,原材料-包装料,线束（包装线束）,外购,35.00,,,1.00,42.030011,未上架
539-000640,贴片电阻,"100R,1206,1%,0.75W, AEC-R200, 防脉冲",公用物料,pcs,个,原材料-电子料,电阻,外购,140.00,,,1.00,0.170517,未上架
972-000727,MPU,TTM32MP255CAL3,公用物料,pcs,个,原材料-电子料,集成电路1（IC）,外购,87.00,,,1.00,70.520249,未上架
364-000041,贴片自恢复保险丝,TMD0805R050SF,公用物料,pcs,个,原材料-电子料,保险丝&蜂鸣器类,外购,1.00,,,1.00,,未上架
539-000227,贴片电阻,"330R,0603,1%",公用物料,pcs,个,原材料-电子料,电阻,外购,35.00,,,1.00,0.002373,未上架
539-000599,贴片电阻,10R，0805，1%，1/2W，防脉冲,公用物料,pcs,个,原材料-电子料,电阻,外购,119.00,,,1.00,0.073563,未上架
972-000548,保护芯片,ST1720GF,公用物料,pcs,个,原材料-电子料,集成电路1（IC）,外购,84.00,,,1.00,2.849973,未上架
972-000701,EEPROM,CL24C512A-PARC,公用物料,pcs,个,原材料-电子料,集成电路1（IC）,外购,42.00,,,1.00,0.680034,未上架
356-000609,勤本8P连接器板端_插针0.64mm_棕色,焊板式防水连接器 8P插针，插针规格直径0.64mm，棕色,无人机,pcs,个,原材料-组装料,连接器1（电子）,外购,35.00,,,1.00,,未上架
795-000970,YC632聚水环,L*W*H：87.8*65*42.5mm； 材质：QA66+15%GF，黑色,无人机,pcs,个,原材料-组装料,通用机械零件,外购,28.00,,,1.00,2.800027,未上架
358-000129,P沟道MOS管,KMTQ200P03A,公用物料,pcs,个,原材料-电子料,晶体管,外购,112.00,,,1.00,0.329960,未上架
795-000673,YN408_磁铁,30*20*5；O52，汝铁硼,自动驾驶,pcs,个,原材料-组装料,通用机械零件,外购,21.00,,,1.00,,未上架
321-000395,UA400_P5_PCB,UA400_P5_PCB,智能定位,pcs,个,原材料-电子料,印刷线路板,外购,35.00,,,1.00,6.490042,未上架
606-000032,YN-100纸箱（大）,纸箱尺寸：660mm*380mm*260mm,智能定位,pcs,个,原材料-包装料,包装材料,外购,14.00,,,1.00,,未上架
